# The Found bets band tables, one snapshot per day, every variant
# (webapp.band_log). pop: cards = counted cards at the feed's best,
# bets = his bets at the price paid; by: banded by the card's
# first-sight price or the price paid; floor: all prices or 1.20+;
# timing: all bets or pre-kickoff only. Declined cards left out.
# date	pop	by	side	floor	timing	band	n	hit	roi
2026-10-01	cards	card	all	all	all	10%+ under	171	83.6	-7.3
2026-10-01	cards	card	all	all	all	5–10% under	192	81.8	-6.4
2026-10-01	cards	card	all	all	all	3–5% under	55	76.4	-9.5
2026-10-01	cards	card	all	all	all	0–3% under	75	85.3	+4.5
2026-10-01	cards	card	all	all	all	0–3% over	10	90.0	+14.2
2026-10-01	cards	card	all	all	all	3–6% over	21	90.5	+17.7
2026-10-01	cards	card	all	all	all	6–10% over	38	76.3	+2.8
2026-10-01	cards	card	all	all	all	10%+ over	23	78.3	+11.4
2026-10-01	bets	card	all	all	all	10%+ under	10	60.0	-24.8
2026-10-01	bets	card	all	all	all	5–10% under	25	96.0	+25.9
2026-10-01	bets	card	all	all	all	3–5% under	7	57.1	-37.8
2026-10-01	bets	card	all	all	all	0–3% under	18	88.9	+10.2
2026-10-01	bets	card	all	all	all	0–3% over	5	100.0	+23.7
2026-10-01	bets	card	all	all	all	3–6% over	14	85.7	+6.3
2026-10-01	bets	card	all	all	all	6–10% over	24	75.0	-5.4
2026-10-01	bets	card	all	all	all	10%+ over	20	75.0	+3.4
2026-10-01	bets	card	all	all	pre	10%+ under	1	0.0	-100.0
2026-10-01	bets	card	all	all	pre	5–10% under	5	100.0	+24.7
2026-10-01	bets	card	all	all	pre	3–5% under	3	66.7	-23.6
2026-10-01	bets	card	all	all	pre	0–3% under	11	90.9	+10.6
2026-10-01	bets	card	all	all	pre	0–3% over	4	100.0	+22.9
2026-10-01	bets	card	all	all	pre	3–6% over	14	85.7	+6.3
2026-10-01	bets	card	all	all	pre	6–10% over	23	73.9	-7.3
2026-10-01	bets	card	all	all	pre	10%+ over	19	78.9	+8.8
2026-10-01	bets	paid	all	all	all	10%+ under	0		
2026-10-01	bets	paid	all	all	all	5–10% under	5	80.0	-3.7
2026-10-01	bets	paid	all	all	all	3–5% under	5	80.0	-4.1
2026-10-01	bets	paid	all	all	all	0–3% under	32	93.8	+15.4
2026-10-01	bets	paid	all	all	all	0–3% over	23	87.0	+7.8
2026-10-01	bets	paid	all	all	all	3–6% over	23	78.3	-0.3
2026-10-01	bets	paid	all	all	all	6–10% over	16	81.2	+9.5
2026-10-01	bets	paid	all	all	all	10%+ over	19	57.9	-16.4
2026-10-01	bets	paid	all	all	pre	10%+ under	0		
2026-10-01	bets	paid	all	all	pre	5–10% under	5	80.0	-3.7
2026-10-01	bets	paid	all	all	pre	3–5% under	2	50.0	-46.9
2026-10-01	bets	paid	all	all	pre	0–3% under	24	91.7	+13.0
2026-10-01	bets	paid	all	all	pre	0–3% over	17	88.2	+9.3
2026-10-01	bets	paid	all	all	pre	3–6% over	16	75.0	-4.5
2026-10-01	bets	paid	all	all	pre	6–10% over	10	70.0	-6.1
2026-10-01	bets	paid	all	all	pre	10%+ over	6	66.7	+5.3
2026-10-01	cards	card	all	1.20+	all	10%+ under	5	100.0	+21.2
2026-10-01	cards	card	all	1.20+	all	5–10% under	22	86.4	+6.1
2026-10-01	cards	card	all	1.20+	all	3–5% under	21	71.4	-11.6
2026-10-01	cards	card	all	1.20+	all	0–3% under	50	82.0	+3.4
2026-10-01	cards	card	all	1.20+	all	0–3% over	9	88.9	+13.7
2026-10-01	cards	card	all	1.20+	all	3–6% over	20	90.0	+17.7
2026-10-01	cards	card	all	1.20+	all	6–10% over	38	76.3	+2.8
2026-10-01	cards	card	all	1.20+	all	10%+ over	23	78.3	+11.4
2026-10-01	bets	card	all	1.20+	all	10%+ under	0		
2026-10-01	bets	card	all	1.20+	all	5–10% under	5	100.0	+35.0
2026-10-01	bets	card	all	1.20+	all	3–5% under	4	50.0	-44.3
2026-10-01	bets	card	all	1.20+	all	0–3% under	11	90.9	+15.6
2026-10-01	bets	card	all	1.20+	all	0–3% over	5	100.0	+23.7
2026-10-01	bets	card	all	1.20+	all	3–6% over	14	85.7	+6.3
2026-10-01	bets	card	all	1.20+	all	6–10% over	24	75.0	-5.4
2026-10-01	bets	card	all	1.20+	all	10%+ over	20	75.0	+3.4
2026-10-01	bets	card	all	1.20+	pre	10%+ under	0		
2026-10-01	bets	card	all	1.20+	pre	5–10% under	2	100.0	+27.8
2026-10-01	bets	card	all	1.20+	pre	3–5% under	2	50.0	-46.9
2026-10-01	bets	card	all	1.20+	pre	0–3% under	6	100.0	+25.3
2026-10-01	bets	card	all	1.20+	pre	0–3% over	4	100.0	+22.9
2026-10-01	bets	card	all	1.20+	pre	3–6% over	14	85.7	+6.3
2026-10-01	bets	card	all	1.20+	pre	6–10% over	23	73.9	-7.3
2026-10-01	bets	card	all	1.20+	pre	10%+ over	19	78.9	+8.8
2026-10-01	bets	paid	all	1.20+	all	10%+ under	0		
2026-10-01	bets	paid	all	1.20+	all	5–10% under	3	100.0	+24.1
2026-10-01	bets	paid	all	1.20+	all	3–5% under	4	75.0	-9.7
2026-10-01	bets	paid	all	1.20+	all	0–3% under	20	95.0	+18.5
2026-10-01	bets	paid	all	1.20+	all	0–3% over	16	81.2	+2.0
2026-10-01	bets	paid	all	1.20+	all	3–6% over	18	77.8	-0.6
2026-10-01	bets	paid	all	1.20+	all	6–10% over	12	75.0	+0.3
2026-10-01	bets	paid	all	1.20+	all	10%+ over	10	60.0	-7.5
2026-10-01	bets	paid	all	1.20+	pre	10%+ under	0		
2026-10-01	bets	paid	all	1.20+	pre	5–10% under	3	100.0	+24.1
2026-10-01	bets	paid	all	1.20+	pre	3–5% under	2	50.0	-46.9
2026-10-01	bets	paid	all	1.20+	pre	0–3% under	20	95.0	+18.5
2026-10-01	bets	paid	all	1.20+	pre	0–3% over	13	84.6	+5.5
2026-10-01	bets	paid	all	1.20+	pre	3–6% over	16	75.0	-4.5
2026-10-01	bets	paid	all	1.20+	pre	6–10% over	10	70.0	-6.1
2026-10-01	bets	paid	all	1.20+	pre	10%+ over	6	66.7	+5.3
2026-10-01	cards	card	o	all	all	10%+ under	72	86.1	-5.2
2026-10-01	cards	card	o	all	all	5–10% under	25	76.0	-11.8
2026-10-01	cards	card	o	all	all	3–5% under	18	72.2	-12.1
2026-10-01	cards	card	o	all	all	0–3% under	30	80.0	+1.1
2026-10-01	cards	card	o	all	all	0–3% over	1	100.0	+30.0
2026-10-01	cards	card	o	all	all	3–6% over	2	50.0	-35.5
2026-10-01	cards	card	o	all	all	6–10% over	15	80.0	+5.5
2026-10-01	cards	card	o	all	all	10%+ over	3	66.7	-11.3
2026-10-01	bets	card	o	all	all	10%+ under	3	66.7	-19.9
2026-10-01	bets	card	o	all	all	5–10% under	3	100.0	+46.9
2026-10-01	bets	card	o	all	all	3–5% under	3	33.3	-62.3
2026-10-01	bets	card	o	all	all	0–3% under	5	100.0	+29.5
2026-10-01	bets	card	o	all	all	0–3% over	1	100.0	+27.0
2026-10-01	bets	card	o	all	all	3–6% over	2	50.0	-39.0
2026-10-01	bets	card	o	all	all	6–10% over	6	83.3	+5.3
2026-10-01	bets	card	o	all	all	10%+ over	4	75.0	-2.7
2026-10-01	bets	card	o	all	pre	10%+ under	0		
2026-10-01	bets	card	o	all	pre	5–10% under	0		
2026-10-01	bets	card	o	all	pre	3–5% under	1	0.0	-100.0
2026-10-01	bets	card	o	all	pre	0–3% under	3	100.0	+26.3
2026-10-01	bets	card	o	all	pre	0–3% over	0		
2026-10-01	bets	card	o	all	pre	3–6% over	2	50.0	-39.0
2026-10-01	bets	card	o	all	pre	6–10% over	5	80.0	-0.6
2026-10-01	bets	card	o	all	pre	10%+ over	3	100.0	+29.7
2026-10-01	bets	paid	o	all	all	10%+ under	0		
2026-10-01	bets	paid	o	all	all	5–10% under	1	100.0	+24.0
2026-10-01	bets	paid	o	all	all	3–5% under	2	50.0	-37.0
2026-10-01	bets	paid	o	all	all	0–3% under	4	100.0	+24.4
2026-10-01	bets	paid	o	all	all	0–3% over	4	50.0	-36.7
2026-10-01	bets	paid	o	all	all	3–6% over	6	83.3	+5.7
2026-10-01	bets	paid	o	all	all	6–10% over	5	100.0	+32.6
2026-10-01	bets	paid	o	all	all	10%+ over	5	60.0	-19.2
2026-10-01	bets	paid	o	all	pre	10%+ under	0		
2026-10-01	bets	paid	o	all	pre	5–10% under	1	100.0	+24.0
2026-10-01	bets	paid	o	all	pre	3–5% under	1	0.0	-100.0
2026-10-01	bets	paid	o	all	pre	0–3% under	2	100.0	+22.0
2026-10-01	bets	paid	o	all	pre	0–3% over	2	50.0	-40.0
2026-10-01	bets	paid	o	all	pre	3–6% over	5	80.0	+1.4
2026-10-01	bets	paid	o	all	pre	6–10% over	3	100.0	+30.7
2026-10-01	bets	paid	o	all	pre	10%+ over	0		
2026-10-01	cards	card	o	1.20+	all	10%+ under	1	100.0	+20.0
2026-10-01	cards	card	o	1.20+	all	5–10% under	7	85.7	+6.6
2026-10-01	cards	card	o	1.20+	all	3–5% under	14	64.3	-20.9
2026-10-01	cards	card	o	1.20+	all	0–3% under	30	80.0	+1.1
2026-10-01	cards	card	o	1.20+	all	0–3% over	1	100.0	+30.0
2026-10-01	cards	card	o	1.20+	all	3–6% over	2	50.0	-35.5
2026-10-01	cards	card	o	1.20+	all	6–10% over	15	80.0	+5.5
2026-10-01	cards	card	o	1.20+	all	10%+ over	3	66.7	-11.3
2026-10-01	bets	card	o	1.20+	all	10%+ under	0		
2026-10-01	bets	card	o	1.20+	all	5–10% under	2	100.0	+44.0
2026-10-01	bets	card	o	1.20+	all	3–5% under	3	33.3	-62.3
2026-10-01	bets	card	o	1.20+	all	0–3% under	5	100.0	+29.5
2026-10-01	bets	card	o	1.20+	all	0–3% over	1	100.0	+27.0
2026-10-01	bets	card	o	1.20+	all	3–6% over	2	50.0	-39.0
2026-10-01	bets	card	o	1.20+	all	6–10% over	6	83.3	+5.3
2026-10-01	bets	card	o	1.20+	all	10%+ over	4	75.0	-2.7
2026-10-01	bets	card	o	1.20+	pre	10%+ under	0		
2026-10-01	bets	card	o	1.20+	pre	5–10% under	0		
2026-10-01	bets	card	o	1.20+	pre	3–5% under	1	0.0	-100.0
2026-10-01	bets	card	o	1.20+	pre	0–3% under	3	100.0	+26.3
2026-10-01	bets	card	o	1.20+	pre	0–3% over	0		
2026-10-01	bets	card	o	1.20+	pre	3–6% over	2	50.0	-39.0
2026-10-01	bets	card	o	1.20+	pre	6–10% over	5	80.0	-0.6
2026-10-01	bets	card	o	1.20+	pre	10%+ over	3	100.0	+29.7
2026-10-01	bets	paid	o	1.20+	all	10%+ under	0		
2026-10-01	bets	paid	o	1.20+	all	5–10% under	1	100.0	+24.0
2026-10-01	bets	paid	o	1.20+	all	3–5% under	2	50.0	-37.0
2026-10-01	bets	paid	o	1.20+	all	0–3% under	2	100.0	+22.0
2026-10-01	bets	paid	o	1.20+	all	0–3% over	4	50.0	-36.7
2026-10-01	bets	paid	o	1.20+	all	3–6% over	6	83.3	+5.7
2026-10-01	bets	paid	o	1.20+	all	6–10% over	5	100.0	+32.6
2026-10-01	bets	paid	o	1.20+	all	10%+ over	3	66.7	-2.3
2026-10-01	bets	paid	o	1.20+	pre	10%+ under	0		
2026-10-01	bets	paid	o	1.20+	pre	5–10% under	1	100.0	+24.0
2026-10-01	bets	paid	o	1.20+	pre	3–5% under	1	0.0	-100.0
2026-10-01	bets	paid	o	1.20+	pre	0–3% under	2	100.0	+22.0
2026-10-01	bets	paid	o	1.20+	pre	0–3% over	2	50.0	-40.0
2026-10-01	bets	paid	o	1.20+	pre	3–6% over	5	80.0	+1.4
2026-10-01	bets	paid	o	1.20+	pre	6–10% over	3	100.0	+30.7
2026-10-01	bets	paid	o	1.20+	pre	10%+ over	0		
2026-10-01	cards	card	u	all	all	10%+ under	99	81.8	-8.9
2026-10-01	cards	card	u	all	all	5–10% under	164	82.3	-5.9
2026-10-01	cards	card	u	all	all	3–5% under	36	77.8	-8.9
2026-10-01	cards	card	u	all	all	0–3% under	43	88.4	+6.2
2026-10-01	cards	card	u	all	all	0–3% over	9	88.9	+12.4
2026-10-01	cards	card	u	all	all	3–6% over	16	93.8	+24.2
2026-10-01	cards	card	u	all	all	6–10% over	23	73.9	+1.0
2026-10-01	cards	card	u	all	all	10%+ over	18	77.8	+16.4
2026-10-01	bets	card	u	all	all	10%+ under	7	57.1	-26.9
2026-10-01	bets	card	u	all	all	5–10% under	22	95.5	+23.4
2026-10-01	bets	card	u	all	all	3–5% under	4	75.0	-16.6
2026-10-01	bets	card	u	all	all	0–3% under	13	84.6	+2.7
2026-10-01	bets	card	u	all	all	0–3% over	4	100.0	+22.9
2026-10-01	bets	card	u	all	all	3–6% over	12	91.7	+14.3
2026-10-01	bets	card	u	all	all	6–10% over	18	72.2	-9.4
2026-10-01	bets	card	u	all	all	10%+ over	16	75.0	+4.9
2026-10-01	bets	card	u	all	pre	10%+ under	1	0.0	-100.0
2026-10-01	bets	card	u	all	pre	5–10% under	5	100.0	+24.7
2026-10-01	bets	card	u	all	pre	3–5% under	2	100.0	+19.3
2026-10-01	bets	card	u	all	pre	0–3% under	8	87.5	+4.5
2026-10-01	bets	card	u	all	pre	0–3% over	4	100.0	+22.9
2026-10-01	bets	card	u	all	pre	3–6% over	12	91.7	+14.3
2026-10-01	bets	card	u	all	pre	6–10% over	18	72.2	-9.4
2026-10-01	bets	card	u	all	pre	10%+ over	16	75.0	+4.9
2026-10-01	bets	paid	u	all	all	10%+ under	0		
2026-10-01	bets	paid	u	all	all	5–10% under	4	75.0	-10.8
2026-10-01	bets	paid	u	all	all	3–5% under	3	100.0	+21.6
2026-10-01	bets	paid	u	all	all	0–3% under	28	92.9	+14.2
2026-10-01	bets	paid	u	all	all	0–3% over	19	94.7	+18.2
2026-10-01	bets	paid	u	all	all	3–6% over	17	76.5	-2.5
2026-10-01	bets	paid	u	all	all	6–10% over	11	72.7	-0.9
2026-10-01	bets	paid	u	all	all	10%+ over	14	57.1	-15.4
2026-10-01	bets	paid	u	all	pre	10%+ under	0		
2026-10-01	bets	paid	u	all	pre	5–10% under	4	75.0	-10.8
2026-10-01	bets	paid	u	all	pre	3–5% under	1	100.0	+21.0
2026-10-01	bets	paid	u	all	pre	0–3% under	22	90.9	+12.1
2026-10-01	bets	paid	u	all	pre	0–3% over	15	93.3	+16.3
2026-10-01	bets	paid	u	all	pre	3–6% over	11	72.7	-7.3
2026-10-01	bets	paid	u	all	pre	6–10% over	7	57.1	-22.4
2026-10-01	bets	paid	u	all	pre	10%+ over	6	66.7	+5.3
2026-10-01	cards	card	u	1.20+	all	10%+ under	4	100.0	+21.5
2026-10-01	cards	card	u	1.20+	all	5–10% under	15	86.7	+5.9
2026-10-01	cards	card	u	1.20+	all	3–5% under	7	85.7	+7.0
2026-10-01	cards	card	u	1.20+	all	0–3% under	20	85.0	+6.7
2026-10-01	cards	card	u	1.20+	all	0–3% over	8	87.5	+11.6
2026-10-01	cards	card	u	1.20+	all	3–6% over	15	93.3	+24.6
2026-10-01	cards	card	u	1.20+	all	6–10% over	23	73.9	+1.0
2026-10-01	cards	card	u	1.20+	all	10%+ over	18	77.8	+16.4
2026-10-01	bets	card	u	1.20+	all	10%+ under	0		
2026-10-01	bets	card	u	1.20+	all	5–10% under	3	100.0	+28.6
2026-10-01	bets	card	u	1.20+	all	3–5% under	1	100.0	+21.0
2026-10-01	bets	card	u	1.20+	all	0–3% under	6	83.3	+3.6
2026-10-01	bets	card	u	1.20+	all	0–3% over	4	100.0	+22.9
2026-10-01	bets	card	u	1.20+	all	3–6% over	12	91.7	+14.3
2026-10-01	bets	card	u	1.20+	all	6–10% over	18	72.2	-9.4
2026-10-01	bets	card	u	1.20+	all	10%+ over	16	75.0	+4.9
2026-10-01	bets	card	u	1.20+	pre	10%+ under	0		
2026-10-01	bets	card	u	1.20+	pre	5–10% under	2	100.0	+27.8
2026-10-01	bets	card	u	1.20+	pre	3–5% under	1	100.0	+21.0
2026-10-01	bets	card	u	1.20+	pre	0–3% under	3	100.0	+24.1
2026-10-01	bets	card	u	1.20+	pre	0–3% over	4	100.0	+22.9
2026-10-01	bets	card	u	1.20+	pre	3–6% over	12	91.7	+14.3
2026-10-01	bets	card	u	1.20+	pre	6–10% over	18	72.2	-9.4
2026-10-01	bets	card	u	1.20+	pre	10%+ over	16	75.0	+4.9
2026-10-01	bets	paid	u	1.20+	all	10%+ under	0		
2026-10-01	bets	paid	u	1.20+	all	5–10% under	2	100.0	+24.1
2026-10-01	bets	paid	u	1.20+	all	3–5% under	2	100.0	+21.0
2026-10-01	bets	paid	u	1.20+	all	0–3% under	18	94.4	+18.0
2026-10-01	bets	paid	u	1.20+	all	0–3% over	12	91.7	+15.7
2026-10-01	bets	paid	u	1.20+	all	3–6% over	12	75.0	-3.8
2026-10-01	bets	paid	u	1.20+	all	6–10% over	7	57.1	-22.4
2026-10-01	bets	paid	u	1.20+	all	10%+ over	7	57.1	-9.7
2026-10-01	bets	paid	u	1.20+	pre	10%+ under	0		
2026-10-01	bets	paid	u	1.20+	pre	5–10% under	2	100.0	+24.1
2026-10-01	bets	paid	u	1.20+	pre	3–5% under	1	100.0	+21.0
2026-10-01	bets	paid	u	1.20+	pre	0–3% under	18	94.4	+18.0
2026-10-01	bets	paid	u	1.20+	pre	0–3% over	11	90.9	+14.3
2026-10-01	bets	paid	u	1.20+	pre	3–6% over	11	72.7	-7.3
2026-10-01	bets	paid	u	1.20+	pre	6–10% over	7	57.1	-22.4
2026-10-01	bets	paid	u	1.20+	pre	10%+ over	6	66.7	+5.3
2026-10-02	cards	card	all	all	all	10%+ under	172	83.7	-7.3
2026-10-02	cards	card	all	all	all	5–10% under	193	81.9	-6.2
2026-10-02	cards	card	all	all	all	3–5% under	55	76.4	-9.5
2026-10-02	cards	card	all	all	all	0–3% under	75	85.3	+4.5
2026-10-02	cards	card	all	all	all	0–3% over	12	91.7	+15.4
2026-10-02	cards	card	all	all	all	3–6% over	21	90.5	+17.7
2026-10-02	cards	card	all	all	all	6–10% over	39	76.9	+3.5
2026-10-02	cards	card	all	all	all	10%+ over	24	79.2	+12.6
2026-10-02	bets	card	all	all	all	10%+ under	10	60.0	-24.8
2026-10-02	bets	card	all	all	all	5–10% under	26	96.2	+26.1
2026-10-02	bets	card	all	all	all	3–5% under	7	57.1	-37.8
2026-10-02	bets	card	all	all	all	0–3% under	18	88.9	+10.2
2026-10-02	bets	card	all	all	all	0–3% over	5	100.0	+23.7
2026-10-02	bets	card	all	all	all	3–6% over	14	85.7	+6.3
2026-10-02	bets	card	all	all	all	6–10% over	24	75.0	-5.4
2026-10-02	bets	card	all	all	all	10%+ over	20	75.0	+3.4
2026-10-02	bets	card	all	all	pre	10%+ under	1	0.0	-100.0
2026-10-02	bets	card	all	all	pre	5–10% under	6	100.0	+25.6
2026-10-02	bets	card	all	all	pre	3–5% under	3	66.7	-23.6
2026-10-02	bets	card	all	all	pre	0–3% under	11	90.9	+10.6
2026-10-02	bets	card	all	all	pre	0–3% over	4	100.0	+22.9
2026-10-02	bets	card	all	all	pre	3–6% over	14	85.7	+6.3
2026-10-02	bets	card	all	all	pre	6–10% over	23	73.9	-7.3
2026-10-02	bets	card	all	all	pre	10%+ over	19	78.9	+8.8
2026-10-02	bets	paid	all	all	all	10%+ under	0		
2026-10-02	bets	paid	all	all	all	5–10% under	6	83.3	+2.1
2026-10-02	bets	paid	all	all	all	3–5% under	5	80.0	-4.1
2026-10-02	bets	paid	all	all	all	0–3% under	32	93.8	+15.4
2026-10-02	bets	paid	all	all	all	0–3% over	23	87.0	+7.8
2026-10-02	bets	paid	all	all	all	3–6% over	23	78.3	-0.3
2026-10-02	bets	paid	all	all	all	6–10% over	16	81.2	+9.5
2026-10-02	bets	paid	all	all	all	10%+ over	19	57.9	-16.4
2026-10-02	bets	paid	all	all	pre	10%+ under	0		
2026-10-02	bets	paid	all	all	pre	5–10% under	6	83.3	+2.1
2026-10-02	bets	paid	all	all	pre	3–5% under	2	50.0	-46.9
2026-10-02	bets	paid	all	all	pre	0–3% under	24	91.7	+13.0
2026-10-02	bets	paid	all	all	pre	0–3% over	17	88.2	+9.3
2026-10-02	bets	paid	all	all	pre	3–6% over	16	75.0	-4.5
2026-10-02	bets	paid	all	all	pre	6–10% over	10	70.0	-6.1
2026-10-02	bets	paid	all	all	pre	10%+ over	6	66.7	+5.3
2026-10-02	cards	card	all	1.20+	all	10%+ under	5	100.0	+21.2
2026-10-02	cards	card	all	1.20+	all	5–10% under	23	87.0	+7.2
2026-10-02	cards	card	all	1.20+	all	3–5% under	21	71.4	-11.6
2026-10-02	cards	card	all	1.20+	all	0–3% under	50	82.0	+3.4
2026-10-02	cards	card	all	1.20+	all	0–3% over	10	90.0	+14.7
2026-10-02	cards	card	all	1.20+	all	3–6% over	20	90.0	+17.7
2026-10-02	cards	card	all	1.20+	all	6–10% over	39	76.9	+3.5
2026-10-02	cards	card	all	1.20+	all	10%+ over	24	79.2	+12.6
2026-10-02	bets	card	all	1.20+	all	10%+ under	0		
2026-10-02	bets	card	all	1.20+	all	5–10% under	6	100.0	+34.2
2026-10-02	bets	card	all	1.20+	all	3–5% under	4	50.0	-44.3
2026-10-02	bets	card	all	1.20+	all	0–3% under	11	90.9	+15.6
2026-10-02	bets	card	all	1.20+	all	0–3% over	5	100.0	+23.7
2026-10-02	bets	card	all	1.20+	all	3–6% over	14	85.7	+6.3
2026-10-02	bets	card	all	1.20+	all	6–10% over	24	75.0	-5.4
2026-10-02	bets	card	all	1.20+	all	10%+ over	20	75.0	+3.4
2026-10-02	bets	card	all	1.20+	pre	10%+ under	0		
2026-10-02	bets	card	all	1.20+	pre	5–10% under	3	100.0	+28.6
2026-10-02	bets	card	all	1.20+	pre	3–5% under	2	50.0	-46.9
2026-10-02	bets	card	all	1.20+	pre	0–3% under	6	100.0	+25.3
2026-10-02	bets	card	all	1.20+	pre	0–3% over	4	100.0	+22.9
2026-10-02	bets	card	all	1.20+	pre	3–6% over	14	85.7	+6.3
2026-10-02	bets	card	all	1.20+	pre	6–10% over	23	73.9	-7.3
2026-10-02	bets	card	all	1.20+	pre	10%+ over	19	78.9	+8.8
2026-10-02	bets	paid	all	1.20+	all	10%+ under	0		
2026-10-02	bets	paid	all	1.20+	all	5–10% under	4	100.0	+25.7
2026-10-02	bets	paid	all	1.20+	all	3–5% under	4	75.0	-9.7
2026-10-02	bets	paid	all	1.20+	all	0–3% under	20	95.0	+18.5
2026-10-02	bets	paid	all	1.20+	all	0–3% over	16	81.2	+2.0
2026-10-02	bets	paid	all	1.20+	all	3–6% over	18	77.8	-0.6
2026-10-02	bets	paid	all	1.20+	all	6–10% over	12	75.0	+0.3
2026-10-02	bets	paid	all	1.20+	all	10%+ over	10	60.0	-7.5
2026-10-02	bets	paid	all	1.20+	pre	10%+ under	0		
2026-10-02	bets	paid	all	1.20+	pre	5–10% under	4	100.0	+25.7
2026-10-02	bets	paid	all	1.20+	pre	3–5% under	2	50.0	-46.9
2026-10-02	bets	paid	all	1.20+	pre	0–3% under	20	95.0	+18.5
2026-10-02	bets	paid	all	1.20+	pre	0–3% over	13	84.6	+5.5
2026-10-02	bets	paid	all	1.20+	pre	3–6% over	16	75.0	-4.5
2026-10-02	bets	paid	all	1.20+	pre	6–10% over	10	70.0	-6.1
2026-10-02	bets	paid	all	1.20+	pre	10%+ over	6	66.7	+5.3
2026-10-02	cards	card	o	all	all	10%+ under	73	86.3	-5.0
2026-10-02	cards	card	o	all	all	5–10% under	25	76.0	-11.8
2026-10-02	cards	card	o	all	all	3–5% under	18	72.2	-12.1
2026-10-02	cards	card	o	all	all	0–3% under	30	80.0	+1.1
2026-10-02	cards	card	o	all	all	0–3% over	3	100.0	+24.3
2026-10-02	cards	card	o	all	all	3–6% over	2	50.0	-35.5
2026-10-02	cards	card	o	all	all	6–10% over	16	81.2	+7.0
2026-10-02	cards	card	o	all	all	10%+ over	4	75.0	+1.5
2026-10-02	bets	card	o	all	all	10%+ under	3	66.7	-19.9
2026-10-02	bets	card	o	all	all	5–10% under	3	100.0	+46.9
2026-10-02	bets	card	o	all	all	3–5% under	3	33.3	-62.3
2026-10-02	bets	card	o	all	all	0–3% under	5	100.0	+29.5
2026-10-02	bets	card	o	all	all	0–3% over	1	100.0	+27.0
2026-10-02	bets	card	o	all	all	3–6% over	2	50.0	-39.0
2026-10-02	bets	card	o	all	all	6–10% over	6	83.3	+5.3
2026-10-02	bets	card	o	all	all	10%+ over	4	75.0	-2.7
2026-10-02	bets	card	o	all	pre	10%+ under	0		
2026-10-02	bets	card	o	all	pre	5–10% under	0		
2026-10-02	bets	card	o	all	pre	3–5% under	1	0.0	-100.0
2026-10-02	bets	card	o	all	pre	0–3% under	3	100.0	+26.3
2026-10-02	bets	card	o	all	pre	0–3% over	0		
2026-10-02	bets	card	o	all	pre	3–6% over	2	50.0	-39.0
2026-10-02	bets	card	o	all	pre	6–10% over	5	80.0	-0.6
2026-10-02	bets	card	o	all	pre	10%+ over	3	100.0	+29.7
2026-10-02	bets	paid	o	all	all	10%+ under	0		
2026-10-02	bets	paid	o	all	all	5–10% under	1	100.0	+24.0
2026-10-02	bets	paid	o	all	all	3–5% under	2	50.0	-37.0
2026-10-02	bets	paid	o	all	all	0–3% under	4	100.0	+24.4
2026-10-02	bets	paid	o	all	all	0–3% over	4	50.0	-36.7
2026-10-02	bets	paid	o	all	all	3–6% over	6	83.3	+5.7
2026-10-02	bets	paid	o	all	all	6–10% over	5	100.0	+32.6
2026-10-02	bets	paid	o	all	all	10%+ over	5	60.0	-19.2
2026-10-02	bets	paid	o	all	pre	10%+ under	0		
2026-10-02	bets	paid	o	all	pre	5–10% under	1	100.0	+24.0
2026-10-02	bets	paid	o	all	pre	3–5% under	1	0.0	-100.0
2026-10-02	bets	paid	o	all	pre	0–3% under	2	100.0	+22.0
2026-10-02	bets	paid	o	all	pre	0–3% over	2	50.0	-40.0
2026-10-02	bets	paid	o	all	pre	3–6% over	5	80.0	+1.4
2026-10-02	bets	paid	o	all	pre	6–10% over	3	100.0	+30.7
2026-10-02	bets	paid	o	all	pre	10%+ over	0		
2026-10-02	cards	card	o	1.20+	all	10%+ under	1	100.0	+20.0
2026-10-02	cards	card	o	1.20+	all	5–10% under	7	85.7	+6.6
2026-10-02	cards	card	o	1.20+	all	3–5% under	14	64.3	-20.9
2026-10-02	cards	card	o	1.20+	all	0–3% under	30	80.0	+1.1
2026-10-02	cards	card	o	1.20+	all	0–3% over	2	100.0	+27.0
2026-10-02	cards	card	o	1.20+	all	3–6% over	2	50.0	-35.5
2026-10-02	cards	card	o	1.20+	all	6–10% over	16	81.2	+7.0
2026-10-02	cards	card	o	1.20+	all	10%+ over	4	75.0	+1.5
2026-10-02	bets	card	o	1.20+	all	10%+ under	0		
2026-10-02	bets	card	o	1.20+	all	5–10% under	2	100.0	+44.0
2026-10-02	bets	card	o	1.20+	all	3–5% under	3	33.3	-62.3
2026-10-02	bets	card	o	1.20+	all	0–3% under	5	100.0	+29.5
2026-10-02	bets	card	o	1.20+	all	0–3% over	1	100.0	+27.0
2026-10-02	bets	card	o	1.20+	all	3–6% over	2	50.0	-39.0
2026-10-02	bets	card	o	1.20+	all	6–10% over	6	83.3	+5.3
2026-10-02	bets	card	o	1.20+	all	10%+ over	4	75.0	-2.7
2026-10-02	bets	card	o	1.20+	pre	10%+ under	0		
2026-10-02	bets	card	o	1.20+	pre	5–10% under	0		
2026-10-02	bets	card	o	1.20+	pre	3–5% under	1	0.0	-100.0
2026-10-02	bets	card	o	1.20+	pre	0–3% under	3	100.0	+26.3
2026-10-02	bets	card	o	1.20+	pre	0–3% over	0		
2026-10-02	bets	card	o	1.20+	pre	3–6% over	2	50.0	-39.0
2026-10-02	bets	card	o	1.20+	pre	6–10% over	5	80.0	-0.6
2026-10-02	bets	card	o	1.20+	pre	10%+ over	3	100.0	+29.7
2026-10-02	bets	paid	o	1.20+	all	10%+ under	0		
2026-10-02	bets	paid	o	1.20+	all	5–10% under	1	100.0	+24.0
2026-10-02	bets	paid	o	1.20+	all	3–5% under	2	50.0	-37.0
2026-10-02	bets	paid	o	1.20+	all	0–3% under	2	100.0	+22.0
2026-10-02	bets	paid	o	1.20+	all	0–3% over	4	50.0	-36.7
2026-10-02	bets	paid	o	1.20+	all	3–6% over	6	83.3	+5.7
2026-10-02	bets	paid	o	1.20+	all	6–10% over	5	100.0	+32.6
2026-10-02	bets	paid	o	1.20+	all	10%+ over	3	66.7	-2.3
2026-10-02	bets	paid	o	1.20+	pre	10%+ under	0		
2026-10-02	bets	paid	o	1.20+	pre	5–10% under	1	100.0	+24.0
2026-10-02	bets	paid	o	1.20+	pre	3–5% under	1	0.0	-100.0
2026-10-02	bets	paid	o	1.20+	pre	0–3% under	2	100.0	+22.0
2026-10-02	bets	paid	o	1.20+	pre	0–3% over	2	50.0	-40.0
2026-10-02	bets	paid	o	1.20+	pre	3–6% over	5	80.0	+1.4
2026-10-02	bets	paid	o	1.20+	pre	6–10% over	3	100.0	+30.7
2026-10-02	bets	paid	o	1.20+	pre	10%+ over	0		
2026-10-02	cards	card	u	all	all	10%+ under	99	81.8	-8.9
2026-10-02	cards	card	u	all	all	5–10% under	165	82.4	-5.6
2026-10-02	cards	card	u	all	all	3–5% under	36	77.8	-8.9
2026-10-02	cards	card	u	all	all	0–3% under	43	88.4	+6.2
2026-10-02	cards	card	u	all	all	0–3% over	9	88.9	+12.4
2026-10-02	cards	card	u	all	all	3–6% over	16	93.8	+24.2
2026-10-02	cards	card	u	all	all	6–10% over	23	73.9	+1.0
2026-10-02	cards	card	u	all	all	10%+ over	18	77.8	+16.4
2026-10-02	bets	card	u	all	all	10%+ under	7	57.1	-26.9
2026-10-02	bets	card	u	all	all	5–10% under	23	95.7	+23.7
2026-10-02	bets	card	u	all	all	3–5% under	4	75.0	-16.6
2026-10-02	bets	card	u	all	all	0–3% under	13	84.6	+2.7
2026-10-02	bets	card	u	all	all	0–3% over	4	100.0	+22.9
2026-10-02	bets	card	u	all	all	3–6% over	12	91.7	+14.3
2026-10-02	bets	card	u	all	all	6–10% over	18	72.2	-9.4
2026-10-02	bets	card	u	all	all	10%+ over	16	75.0	+4.9
2026-10-02	bets	card	u	all	pre	10%+ under	1	0.0	-100.0
2026-10-02	bets	card	u	all	pre	5–10% under	6	100.0	+25.6
2026-10-02	bets	card	u	all	pre	3–5% under	2	100.0	+19.3
2026-10-02	bets	card	u	all	pre	0–3% under	8	87.5	+4.5
2026-10-02	bets	card	u	all	pre	0–3% over	4	100.0	+22.9
2026-10-02	bets	card	u	all	pre	3–6% over	12	91.7	+14.3
2026-10-02	bets	card	u	all	pre	6–10% over	18	72.2	-9.4
2026-10-02	bets	card	u	all	pre	10%+ over	16	75.0	+4.9
2026-10-02	bets	paid	u	all	all	10%+ under	0		
2026-10-02	bets	paid	u	all	all	5–10% under	5	80.0	-2.4
2026-10-02	bets	paid	u	all	all	3–5% under	3	100.0	+21.6
2026-10-02	bets	paid	u	all	all	0–3% under	28	92.9	+14.2
2026-10-02	bets	paid	u	all	all	0–3% over	19	94.7	+18.2
2026-10-02	bets	paid	u	all	all	3–6% over	17	76.5	-2.5
2026-10-02	bets	paid	u	all	all	6–10% over	11	72.7	-0.9
2026-10-02	bets	paid	u	all	all	10%+ over	14	57.1	-15.4
2026-10-02	bets	paid	u	all	pre	10%+ under	0		
2026-10-02	bets	paid	u	all	pre	5–10% under	5	80.0	-2.4
2026-10-02	bets	paid	u	all	pre	3–5% under	1	100.0	+21.0
2026-10-02	bets	paid	u	all	pre	0–3% under	22	90.9	+12.1
2026-10-02	bets	paid	u	all	pre	0–3% over	15	93.3	+16.3
2026-10-02	bets	paid	u	all	pre	3–6% over	11	72.7	-7.3
2026-10-02	bets	paid	u	all	pre	6–10% over	7	57.1	-22.4
2026-10-02	bets	paid	u	all	pre	10%+ over	6	66.7	+5.3
2026-10-02	cards	card	u	1.20+	all	10%+ under	4	100.0	+21.5
2026-10-02	cards	card	u	1.20+	all	5–10% under	16	87.5	+7.4
2026-10-02	cards	card	u	1.20+	all	3–5% under	7	85.7	+7.0
2026-10-02	cards	card	u	1.20+	all	0–3% under	20	85.0	+6.7
2026-10-02	cards	card	u	1.20+	all	0–3% over	8	87.5	+11.6
2026-10-02	cards	card	u	1.20+	all	3–6% over	15	93.3	+24.6
2026-10-02	cards	card	u	1.20+	all	6–10% over	23	73.9	+1.0
2026-10-02	cards	card	u	1.20+	all	10%+ over	18	77.8	+16.4
2026-10-02	bets	card	u	1.20+	all	10%+ under	0		
2026-10-02	bets	card	u	1.20+	all	5–10% under	4	100.0	+29.0
2026-10-02	bets	card	u	1.20+	all	3–5% under	1	100.0	+21.0
2026-10-02	bets	card	u	1.20+	all	0–3% under	6	83.3	+3.6
2026-10-02	bets	card	u	1.20+	all	0–3% over	4	100.0	+22.9
2026-10-02	bets	card	u	1.20+	all	3–6% over	12	91.7	+14.3
2026-10-02	bets	card	u	1.20+	all	6–10% over	18	72.2	-9.4
2026-10-02	bets	card	u	1.20+	all	10%+ over	16	75.0	+4.9
2026-10-02	bets	card	u	1.20+	pre	10%+ under	0		
2026-10-02	bets	card	u	1.20+	pre	5–10% under	3	100.0	+28.6
2026-10-02	bets	card	u	1.20+	pre	3–5% under	1	100.0	+21.0
2026-10-02	bets	card	u	1.20+	pre	0–3% under	3	100.0	+24.1
2026-10-02	bets	card	u	1.20+	pre	0–3% over	4	100.0	+22.9
2026-10-02	bets	card	u	1.20+	pre	3–6% over	12	91.7	+14.3
2026-10-02	bets	card	u	1.20+	pre	6–10% over	18	72.2	-9.4
2026-10-02	bets	card	u	1.20+	pre	10%+ over	16	75.0	+4.9
2026-10-02	bets	paid	u	1.20+	all	10%+ under	0		
2026-10-02	bets	paid	u	1.20+	all	5–10% under	3	100.0	+26.3
2026-10-02	bets	paid	u	1.20+	all	3–5% under	2	100.0	+21.0
2026-10-02	bets	paid	u	1.20+	all	0–3% under	18	94.4	+18.0
2026-10-02	bets	paid	u	1.20+	all	0–3% over	12	91.7	+15.7
2026-10-02	bets	paid	u	1.20+	all	3–6% over	12	75.0	-3.8
2026-10-02	bets	paid	u	1.20+	all	6–10% over	7	57.1	-22.4
2026-10-02	bets	paid	u	1.20+	all	10%+ over	7	57.1	-9.7
2026-10-02	bets	paid	u	1.20+	pre	10%+ under	0		
2026-10-02	bets	paid	u	1.20+	pre	5–10% under	3	100.0	+26.3
2026-10-02	bets	paid	u	1.20+	pre	3–5% under	1	100.0	+21.0
2026-10-02	bets	paid	u	1.20+	pre	0–3% under	18	94.4	+18.0
2026-10-02	bets	paid	u	1.20+	pre	0–3% over	11	90.9	+14.3
2026-10-02	bets	paid	u	1.20+	pre	3–6% over	11	72.7	-7.3
2026-10-02	bets	paid	u	1.20+	pre	6–10% over	7	57.1	-22.4
2026-10-02	bets	paid	u	1.20+	pre	10%+ over	6	66.7	+5.3
2026-10-03	cards	card	all	all	all	10%+ under	177	83.6	-7.4
2026-10-03	cards	card	all	all	all	5–10% under	195	82.1	-6.1
2026-10-03	cards	card	all	all	all	3–5% under	52	78.8	-6.5
2026-10-03	cards	card	all	all	all	0–3% under	67	83.6	+2.3
2026-10-03	cards	card	all	all	all	0–3% over	13	92.3	+16.3
2026-10-03	cards	card	all	all	all	3–6% over	21	90.5	+17.7
2026-10-03	cards	card	all	all	all	6–10% over	40	77.5	+4.1
2026-10-03	cards	card	all	all	all	10%+ over	25	80.0	+13.8
2026-10-03	bets	card	all	all	all	10%+ under	10	60.0	-24.8
2026-10-03	bets	card	all	all	all	5–10% under	26	96.2	+26.1
2026-10-03	bets	card	all	all	all	3–5% under	7	71.4	-14.6
2026-10-03	bets	card	all	all	all	0–3% under	16	87.5	+8.6
2026-10-03	bets	card	all	all	all	0–3% over	5	100.0	+23.7
2026-10-03	bets	card	all	all	all	3–6% over	14	85.7	+6.3
2026-10-03	bets	card	all	all	all	6–10% over	25	76.0	-3.7
2026-10-03	bets	card	all	all	all	10%+ over	21	76.2	+4.9
2026-10-03	bets	card	all	all	pre	10%+ under	1	0.0	-100.0
2026-10-03	bets	card	all	all	pre	5–10% under	6	100.0	+25.6
2026-10-03	bets	card	all	all	pre	3–5% under	3	66.7	-23.6
2026-10-03	bets	card	all	all	pre	0–3% under	11	90.9	+10.6
2026-10-03	bets	card	all	all	pre	0–3% over	4	100.0	+22.9
2026-10-03	bets	card	all	all	pre	3–6% over	14	85.7	+6.3
2026-10-03	bets	card	all	all	pre	6–10% over	23	73.9	-7.3
2026-10-03	bets	card	all	all	pre	10%+ over	20	80.0	+10.2
2026-10-03	bets	paid	all	all	all	10%+ under	0		
2026-10-03	bets	paid	all	all	all	5–10% under	6	83.3	+2.1
2026-10-03	bets	paid	all	all	all	3–5% under	5	80.0	-4.1
2026-10-03	bets	paid	all	all	all	0–3% under	31	93.5	+15.3
2026-10-03	bets	paid	all	all	all	0–3% over	22	90.9	+13.3
2026-10-03	bets	paid	all	all	all	3–6% over	23	78.3	+0.1
2026-10-03	bets	paid	all	all	all	6–10% over	17	82.4	+11.2
2026-10-03	bets	paid	all	all	all	10%+ over	20	60.0	-13.6
2026-10-03	bets	paid	all	all	pre	10%+ under	0		
2026-10-03	bets	paid	all	all	pre	5–10% under	6	83.3	+2.1
2026-10-03	bets	paid	all	all	pre	3–5% under	2	50.0	-46.9
2026-10-03	bets	paid	all	all	pre	0–3% under	24	91.7	+13.0
2026-10-03	bets	paid	all	all	pre	0–3% over	17	88.2	+9.3
2026-10-03	bets	paid	all	all	pre	3–6% over	17	76.5	-2.1
2026-10-03	bets	paid	all	all	pre	6–10% over	10	70.0	-6.1
2026-10-03	bets	paid	all	all	pre	10%+ over	6	66.7	+5.3
2026-10-03	cards	card	all	1.20+	all	10%+ under	5	100.0	+21.2
2026-10-03	cards	card	all	1.20+	all	5–10% under	23	87.0	+7.2
2026-10-03	cards	card	all	1.20+	all	3–5% under	20	80.0	-1.1
2026-10-03	cards	card	all	1.20+	all	0–3% under	45	80.0	+0.8
2026-10-03	cards	card	all	1.20+	all	0–3% over	11	90.9	+15.8
2026-10-03	cards	card	all	1.20+	all	3–6% over	20	90.0	+17.7
2026-10-03	cards	card	all	1.20+	all	6–10% over	40	77.5	+4.1
2026-10-03	cards	card	all	1.20+	all	10%+ over	25	80.0	+13.8
2026-10-03	bets	card	all	1.20+	all	10%+ under	0		
2026-10-03	bets	card	all	1.20+	all	5–10% under	6	100.0	+34.2
2026-10-03	bets	card	all	1.20+	all	3–5% under	4	75.0	-4.9
2026-10-03	bets	card	all	1.20+	all	0–3% under	11	90.9	+15.6
2026-10-03	bets	card	all	1.20+	all	0–3% over	5	100.0	+23.7
2026-10-03	bets	card	all	1.20+	all	3–6% over	14	85.7	+6.3
2026-10-03	bets	card	all	1.20+	all	6–10% over	25	76.0	-3.7
2026-10-03	bets	card	all	1.20+	all	10%+ over	21	76.2	+4.9
2026-10-03	bets	card	all	1.20+	pre	10%+ under	0		
2026-10-03	bets	card	all	1.20+	pre	5–10% under	3	100.0	+28.6
2026-10-03	bets	card	all	1.20+	pre	3–5% under	2	50.0	-46.9
2026-10-03	bets	card	all	1.20+	pre	0–3% under	6	100.0	+25.3
2026-10-03	bets	card	all	1.20+	pre	0–3% over	4	100.0	+22.9
2026-10-03	bets	card	all	1.20+	pre	3–6% over	14	85.7	+6.3
2026-10-03	bets	card	all	1.20+	pre	6–10% over	23	73.9	-7.3
2026-10-03	bets	card	all	1.20+	pre	10%+ over	20	80.0	+10.2
2026-10-03	bets	paid	all	1.20+	all	10%+ under	0		
2026-10-03	bets	paid	all	1.20+	all	5–10% under	4	100.0	+25.7
2026-10-03	bets	paid	all	1.20+	all	3–5% under	4	75.0	-9.7
2026-10-03	bets	paid	all	1.20+	all	0–3% under	20	95.0	+18.5
2026-10-03	bets	paid	all	1.20+	all	0–3% over	15	86.7	+9.4
2026-10-03	bets	paid	all	1.20+	all	3–6% over	19	78.9	+1.4
2026-10-03	bets	paid	all	1.20+	all	6–10% over	13	76.9	+3.3
2026-10-03	bets	paid	all	1.20+	all	10%+ over	11	63.6	-3.6
2026-10-03	bets	paid	all	1.20+	pre	10%+ under	0		
2026-10-03	bets	paid	all	1.20+	pre	5–10% under	4	100.0	+25.7
2026-10-03	bets	paid	all	1.20+	pre	3–5% under	2	50.0	-46.9
2026-10-03	bets	paid	all	1.20+	pre	0–3% under	20	95.0	+18.5
2026-10-03	bets	paid	all	1.20+	pre	0–3% over	13	84.6	+5.5
2026-10-03	bets	paid	all	1.20+	pre	3–6% over	17	76.5	-2.1
2026-10-03	bets	paid	all	1.20+	pre	6–10% over	10	70.0	-6.1
2026-10-03	bets	paid	all	1.20+	pre	10%+ over	6	66.7	+5.3
2026-10-03	cards	card	o	all	all	10%+ under	73	86.3	-5.0
2026-10-03	cards	card	o	all	all	5–10% under	25	76.0	-11.8
2026-10-03	cards	card	o	all	all	3–5% under	17	82.4	+0.2
2026-10-03	cards	card	o	all	all	0–3% under	25	76.0	-3.8
2026-10-03	cards	card	o	all	all	0–3% over	4	100.0	+25.0
2026-10-03	cards	card	o	all	all	3–6% over	2	50.0	-35.5
2026-10-03	cards	card	o	all	all	6–10% over	17	82.4	+8.2
2026-10-03	cards	card	o	all	all	10%+ over	4	75.0	+1.5
2026-10-03	bets	card	o	all	all	10%+ under	3	66.7	-19.9
2026-10-03	bets	card	o	all	all	5–10% under	3	100.0	+46.9
2026-10-03	bets	card	o	all	all	3–5% under	3	66.7	-12.2
2026-10-03	bets	card	o	all	all	0–3% under	5	100.0	+29.5
2026-10-03	bets	card	o	all	all	0–3% over	1	100.0	+27.0
2026-10-03	bets	card	o	all	all	3–6% over	2	50.0	-39.0
2026-10-03	bets	card	o	all	all	6–10% over	7	85.7	+9.6
2026-10-03	bets	card	o	all	all	10%+ over	4	75.0	-2.7
2026-10-03	bets	card	o	all	pre	10%+ under	0		
2026-10-03	bets	card	o	all	pre	5–10% under	0		
2026-10-03	bets	card	o	all	pre	3–5% under	1	0.0	-100.0
2026-10-03	bets	card	o	all	pre	0–3% under	3	100.0	+26.3
2026-10-03	bets	card	o	all	pre	0–3% over	0		
2026-10-03	bets	card	o	all	pre	3–6% over	2	50.0	-39.0
2026-10-03	bets	card	o	all	pre	6–10% over	5	80.0	-0.6
2026-10-03	bets	card	o	all	pre	10%+ over	3	100.0	+29.7
2026-10-03	bets	paid	o	all	all	10%+ under	0		
2026-10-03	bets	paid	o	all	all	5–10% under	1	100.0	+24.0
2026-10-03	bets	paid	o	all	all	3–5% under	2	50.0	-37.0
2026-10-03	bets	paid	o	all	all	0–3% under	4	100.0	+24.4
2026-10-03	bets	paid	o	all	all	0–3% over	3	66.7	-14.7
2026-10-03	bets	paid	o	all	all	3–6% over	6	83.3	+5.7
2026-10-03	bets	paid	o	all	all	6–10% over	6	100.0	+33.6
2026-10-03	bets	paid	o	all	all	10%+ over	6	66.7	-9.2
2026-10-03	bets	paid	o	all	pre	10%+ under	0		
2026-10-03	bets	paid	o	all	pre	5–10% under	1	100.0	+24.0
2026-10-03	bets	paid	o	all	pre	3–5% under	1	0.0	-100.0
2026-10-03	bets	paid	o	all	pre	0–3% under	2	100.0	+22.0
2026-10-03	bets	paid	o	all	pre	0–3% over	2	50.0	-40.0
2026-10-03	bets	paid	o	all	pre	3–6% over	5	80.0	+1.4
2026-10-03	bets	paid	o	all	pre	6–10% over	3	100.0	+30.7
2026-10-03	bets	paid	o	all	pre	10%+ over	0		
2026-10-03	cards	card	o	1.20+	all	10%+ under	1	100.0	+20.0
2026-10-03	cards	card	o	1.20+	all	5–10% under	7	85.7	+6.6
2026-10-03	cards	card	o	1.20+	all	3–5% under	13	76.9	-5.4
2026-10-03	cards	card	o	1.20+	all	0–3% under	25	76.0	-3.8
2026-10-03	cards	card	o	1.20+	all	0–3% over	3	100.0	+27.0
2026-10-03	cards	card	o	1.20+	all	3–6% over	2	50.0	-35.5
2026-10-03	cards	card	o	1.20+	all	6–10% over	17	82.4	+8.2
2026-10-03	cards	card	o	1.20+	all	10%+ over	4	75.0	+1.5
2026-10-03	bets	card	o	1.20+	all	10%+ under	0		
2026-10-03	bets	card	o	1.20+	all	5–10% under	2	100.0	+44.0
2026-10-03	bets	card	o	1.20+	all	3–5% under	3	66.7	-12.2
2026-10-03	bets	card	o	1.20+	all	0–3% under	5	100.0	+29.5
2026-10-03	bets	card	o	1.20+	all	0–3% over	1	100.0	+27.0
2026-10-03	bets	card	o	1.20+	all	3–6% over	2	50.0	-39.0
2026-10-03	bets	card	o	1.20+	all	6–10% over	7	85.7	+9.6
2026-10-03	bets	card	o	1.20+	all	10%+ over	4	75.0	-2.7
2026-10-03	bets	card	o	1.20+	pre	10%+ under	0		
2026-10-03	bets	card	o	1.20+	pre	5–10% under	0		
2026-10-03	bets	card	o	1.20+	pre	3–5% under	1	0.0	-100.0
2026-10-03	bets	card	o	1.20+	pre	0–3% under	3	100.0	+26.3
2026-10-03	bets	card	o	1.20+	pre	0–3% over	0		
2026-10-03	bets	card	o	1.20+	pre	3–6% over	2	50.0	-39.0
2026-10-03	bets	card	o	1.20+	pre	6–10% over	5	80.0	-0.6
2026-10-03	bets	card	o	1.20+	pre	10%+ over	3	100.0	+29.7
2026-10-03	bets	paid	o	1.20+	all	10%+ under	0		
2026-10-03	bets	paid	o	1.20+	all	5–10% under	1	100.0	+24.0
2026-10-03	bets	paid	o	1.20+	all	3–5% under	2	50.0	-37.0
2026-10-03	bets	paid	o	1.20+	all	0–3% under	2	100.0	+22.0
2026-10-03	bets	paid	o	1.20+	all	0–3% over	3	66.7	-14.7
2026-10-03	bets	paid	o	1.20+	all	3–6% over	6	83.3	+5.7
2026-10-03	bets	paid	o	1.20+	all	6–10% over	6	100.0	+33.6
2026-10-03	bets	paid	o	1.20+	all	10%+ over	4	75.0	+7.1
2026-10-03	bets	paid	o	1.20+	pre	10%+ under	0		
2026-10-03	bets	paid	o	1.20+	pre	5–10% under	1	100.0	+24.0
2026-10-03	bets	paid	o	1.20+	pre	3–5% under	1	0.0	-100.0
2026-10-03	bets	paid	o	1.20+	pre	0–3% under	2	100.0	+22.0
2026-10-03	bets	paid	o	1.20+	pre	0–3% over	2	50.0	-40.0
2026-10-03	bets	paid	o	1.20+	pre	3–6% over	5	80.0	+1.4
2026-10-03	bets	paid	o	1.20+	pre	6–10% over	3	100.0	+30.7
2026-10-03	bets	paid	o	1.20+	pre	10%+ over	0		
2026-10-03	cards	card	u	all	all	10%+ under	104	81.7	-9.1
2026-10-03	cards	card	u	all	all	5–10% under	167	82.6	-5.5
2026-10-03	cards	card	u	all	all	3–5% under	34	76.5	-10.5
2026-10-03	cards	card	u	all	all	0–3% under	40	87.5	+5.3
2026-10-03	cards	card	u	all	all	0–3% over	9	88.9	+12.4
2026-10-03	cards	card	u	all	all	3–6% over	16	93.8	+24.2
2026-10-03	cards	card	u	all	all	6–10% over	23	73.9	+1.0
2026-10-03	cards	card	u	all	all	10%+ over	19	78.9	+17.8
2026-10-03	bets	card	u	all	all	10%+ under	7	57.1	-26.9
2026-10-03	bets	card	u	all	all	5–10% under	23	95.7	+23.7
2026-10-03	bets	card	u	all	all	3–5% under	4	75.0	-16.6
2026-10-03	bets	card	u	all	all	0–3% under	11	81.8	-1.0
2026-10-03	bets	card	u	all	all	0–3% over	4	100.0	+22.9
2026-10-03	bets	card	u	all	all	3–6% over	12	91.7	+14.3
2026-10-03	bets	card	u	all	all	6–10% over	18	72.2	-9.4
2026-10-03	bets	card	u	all	all	10%+ over	17	76.5	+6.7
2026-10-03	bets	card	u	all	pre	10%+ under	1	0.0	-100.0
2026-10-03	bets	card	u	all	pre	5–10% under	6	100.0	+25.6
2026-10-03	bets	card	u	all	pre	3–5% under	2	100.0	+19.3
2026-10-03	bets	card	u	all	pre	0–3% under	8	87.5	+4.5
2026-10-03	bets	card	u	all	pre	0–3% over	4	100.0	+22.9
2026-10-03	bets	card	u	all	pre	3–6% over	12	91.7	+14.3
2026-10-03	bets	card	u	all	pre	6–10% over	18	72.2	-9.4
2026-10-03	bets	card	u	all	pre	10%+ over	17	76.5	+6.7
2026-10-03	bets	paid	u	all	all	10%+ under	0		
2026-10-03	bets	paid	u	all	all	5–10% under	5	80.0	-2.4
2026-10-03	bets	paid	u	all	all	3–5% under	3	100.0	+21.6
2026-10-03	bets	paid	u	all	all	0–3% under	27	92.6	+14.0
2026-10-03	bets	paid	u	all	all	0–3% over	19	94.7	+18.2
2026-10-03	bets	paid	u	all	all	3–6% over	17	76.5	-2.0
2026-10-03	bets	paid	u	all	all	6–10% over	11	72.7	-0.9
2026-10-03	bets	paid	u	all	all	10%+ over	14	57.1	-15.4
2026-10-03	bets	paid	u	all	pre	10%+ under	0		
2026-10-03	bets	paid	u	all	pre	5–10% under	5	80.0	-2.4
2026-10-03	bets	paid	u	all	pre	3–5% under	1	100.0	+21.0
2026-10-03	bets	paid	u	all	pre	0–3% under	22	90.9	+12.1
2026-10-03	bets	paid	u	all	pre	0–3% over	15	93.3	+16.3
2026-10-03	bets	paid	u	all	pre	3–6% over	12	75.0	-3.6
2026-10-03	bets	paid	u	all	pre	6–10% over	7	57.1	-22.4
2026-10-03	bets	paid	u	all	pre	10%+ over	6	66.7	+5.3
2026-10-03	cards	card	u	1.20+	all	10%+ under	4	100.0	+21.5
2026-10-03	cards	card	u	1.20+	all	5–10% under	16	87.5	+7.4
2026-10-03	cards	card	u	1.20+	all	3–5% under	7	85.7	+7.0
2026-10-03	cards	card	u	1.20+	all	0–3% under	20	85.0	+6.7
2026-10-03	cards	card	u	1.20+	all	0–3% over	8	87.5	+11.6
2026-10-03	cards	card	u	1.20+	all	3–6% over	15	93.3	+24.6
2026-10-03	cards	card	u	1.20+	all	6–10% over	23	73.9	+1.0
2026-10-03	cards	card	u	1.20+	all	10%+ over	19	78.9	+17.8
2026-10-03	bets	card	u	1.20+	all	10%+ under	0		
2026-10-03	bets	card	u	1.20+	all	5–10% under	4	100.0	+29.0
2026-10-03	bets	card	u	1.20+	all	3–5% under	1	100.0	+21.0
2026-10-03	bets	card	u	1.20+	all	0–3% under	6	83.3	+3.6
2026-10-03	bets	card	u	1.20+	all	0–3% over	4	100.0	+22.9
2026-10-03	bets	card	u	1.20+	all	3–6% over	12	91.7	+14.3
2026-10-03	bets	card	u	1.20+	all	6–10% over	18	72.2	-9.4
2026-10-03	bets	card	u	1.20+	all	10%+ over	17	76.5	+6.7
2026-10-03	bets	card	u	1.20+	pre	10%+ under	0		
2026-10-03	bets	card	u	1.20+	pre	5–10% under	3	100.0	+28.6
2026-10-03	bets	card	u	1.20+	pre	3–5% under	1	100.0	+21.0
2026-10-03	bets	card	u	1.20+	pre	0–3% under	3	100.0	+24.1
2026-10-03	bets	card	u	1.20+	pre	0–3% over	4	100.0	+22.9
2026-10-03	bets	card	u	1.20+	pre	3–6% over	12	91.7	+14.3
2026-10-03	bets	card	u	1.20+	pre	6–10% over	18	72.2	-9.4
2026-10-03	bets	card	u	1.20+	pre	10%+ over	17	76.5	+6.7
2026-10-03	bets	paid	u	1.20+	all	10%+ under	0		
2026-10-03	bets	paid	u	1.20+	all	5–10% under	3	100.0	+26.3
2026-10-03	bets	paid	u	1.20+	all	3–5% under	2	100.0	+21.0
2026-10-03	bets	paid	u	1.20+	all	0–3% under	18	94.4	+18.0
2026-10-03	bets	paid	u	1.20+	all	0–3% over	12	91.7	+15.7
2026-10-03	bets	paid	u	1.20+	all	3–6% over	13	76.9	-0.7
2026-10-03	bets	paid	u	1.20+	all	6–10% over	7	57.1	-22.4
2026-10-03	bets	paid	u	1.20+	all	10%+ over	7	57.1	-9.7
2026-10-03	bets	paid	u	1.20+	pre	10%+ under	0		
2026-10-03	bets	paid	u	1.20+	pre	5–10% under	3	100.0	+26.3
2026-10-03	bets	paid	u	1.20+	pre	3–5% under	1	100.0	+21.0
2026-10-03	bets	paid	u	1.20+	pre	0–3% under	18	94.4	+18.0
2026-10-03	bets	paid	u	1.20+	pre	0–3% over	11	90.9	+14.3
2026-10-03	bets	paid	u	1.20+	pre	3–6% over	12	75.0	-3.6
2026-10-03	bets	paid	u	1.20+	pre	6–10% over	7	57.1	-22.4
2026-10-03	bets	paid	u	1.20+	pre	10%+ over	6	66.7	+5.3
2026-10-04	cards	card	all	all	all	10%+ under	174	85.1	-5.8
2026-10-04	cards	card	all	all	all	5–10% under	188	84.6	-2.7
2026-10-04	cards	card	all	all	all	3–5% under	71	74.6	-11.9
2026-10-04	cards	card	all	all	all	0–3% under	81	82.7	+1.6
2026-10-04	cards	card	all	all	all	0–3% over	12	91.7	+15.2
2026-10-04	cards	card	all	all	all	3–6% over	21	90.5	+17.7
2026-10-04	cards	card	all	all	all	6–10% over	41	78.0	+4.6
2026-10-04	cards	card	all	all	all	10%+ over	27	77.8	+10.5
2026-10-04	bets	card	all	all	all	10%+ under	10	60.0	-24.8
2026-10-04	bets	card	all	all	all	5–10% under	25	100.0	+29.3
2026-10-04	bets	card	all	all	all	3–5% under	11	72.7	-12.4
2026-10-04	bets	card	all	all	all	0–3% under	19	89.5	+12.6
2026-10-04	bets	card	all	all	all	0–3% over	5	100.0	+23.7
2026-10-04	bets	card	all	all	all	3–6% over	14	85.7	+6.3
2026-10-04	bets	card	all	all	all	6–10% over	25	76.0	-3.7
2026-10-04	bets	card	all	all	all	10%+ over	23	73.9	+2.7
2026-10-04	bets	card	all	all	pre	10%+ under	1	0.0	-100.0
2026-10-04	bets	card	all	all	pre	5–10% under	10	100.0	+27.1
2026-10-04	bets	card	all	all	pre	3–5% under	4	75.0	-7.5
2026-10-04	bets	card	all	all	pre	0–3% under	13	92.3	+13.9
2026-10-04	bets	card	all	all	pre	0–3% over	4	100.0	+22.9
2026-10-04	bets	card	all	all	pre	3–6% over	14	85.7	+6.3
2026-10-04	bets	card	all	all	pre	6–10% over	23	73.9	-7.3
2026-10-04	bets	card	all	all	pre	10%+ over	22	77.3	+7.4
2026-10-04	bets	paid	all	all	all	10%+ under	0		
2026-10-04	bets	paid	all	all	all	5–10% under	10	90.0	+13.1
2026-10-04	bets	paid	all	all	all	3–5% under	7	85.7	+6.5
2026-10-04	bets	paid	all	all	all	0–3% under	32	90.6	+12.3
2026-10-04	bets	paid	all	all	all	0–3% over	23	91.3	+12.9
2026-10-04	bets	paid	all	all	all	3–6% over	24	79.2	+1.3
2026-10-04	bets	paid	all	all	all	6–10% over	18	83.3	+12.8
2026-10-04	bets	paid	all	all	all	10%+ over	18	55.6	-18.1
2026-10-04	bets	paid	all	all	pre	10%+ under	0		
2026-10-04	bets	paid	all	all	pre	5–10% under	10	90.0	+13.1
2026-10-04	bets	paid	all	all	pre	3–5% under	4	75.0	-6.0
2026-10-04	bets	paid	all	all	pre	0–3% under	25	92.0	+14.0
2026-10-04	bets	paid	all	all	pre	0–3% over	17	88.2	+9.3
2026-10-04	bets	paid	all	all	pre	3–6% over	17	76.5	-2.1
2026-10-04	bets	paid	all	all	pre	6–10% over	10	70.0	-6.1
2026-10-04	bets	paid	all	all	pre	10%+ over	8	62.5	-1.0
2026-10-04	cards	card	all	1.20+	all	10%+ under	5	100.0	+23.0
2026-10-04	cards	card	all	1.20+	all	5–10% under	25	92.0	+16.4
2026-10-04	cards	card	all	1.20+	all	3–5% under	26	69.2	-14.0
2026-10-04	cards	card	all	1.20+	all	0–3% under	55	80.0	+1.4
2026-10-04	cards	card	all	1.20+	all	0–3% over	10	90.0	+14.4
2026-10-04	cards	card	all	1.20+	all	3–6% over	20	90.0	+17.7
2026-10-04	cards	card	all	1.20+	all	6–10% over	41	78.0	+4.6
2026-10-04	cards	card	all	1.20+	all	10%+ over	27	77.8	+10.5
2026-10-04	bets	card	all	1.20+	all	10%+ under	0		
2026-10-04	bets	card	all	1.20+	all	5–10% under	8	100.0	+34.1
2026-10-04	bets	card	all	1.20+	all	3–5% under	5	80.0	+4.4
2026-10-04	bets	card	all	1.20+	all	0–3% under	14	92.9	+19.5
2026-10-04	bets	card	all	1.20+	all	0–3% over	5	100.0	+23.7
2026-10-04	bets	card	all	1.20+	all	3–6% over	14	85.7	+6.3
2026-10-04	bets	card	all	1.20+	all	6–10% over	25	76.0	-3.7
2026-10-04	bets	card	all	1.20+	all	10%+ over	23	73.9	+2.7
2026-10-04	bets	card	all	1.20+	pre	10%+ under	0		
2026-10-04	bets	card	all	1.20+	pre	5–10% under	6	100.0	+30.7
2026-10-04	bets	card	all	1.20+	pre	3–5% under	3	66.7	-16.7
2026-10-04	bets	card	all	1.20+	pre	0–3% under	8	100.0	+26.9
2026-10-04	bets	card	all	1.20+	pre	0–3% over	4	100.0	+22.9
2026-10-04	bets	card	all	1.20+	pre	3–6% over	14	85.7	+6.3
2026-10-04	bets	card	all	1.20+	pre	6–10% over	23	73.9	-7.3
2026-10-04	bets	card	all	1.20+	pre	10%+ over	22	77.3	+7.4
2026-10-04	bets	paid	all	1.20+	all	10%+ under	0		
2026-10-04	bets	paid	all	1.20+	all	5–10% under	7	100.0	+28.8
2026-10-04	bets	paid	all	1.20+	all	3–5% under	6	83.3	+4.3
2026-10-04	bets	paid	all	1.20+	all	0–3% under	21	95.2	+19.5
2026-10-04	bets	paid	all	1.20+	all	0–3% over	14	85.7	+7.8
2026-10-04	bets	paid	all	1.20+	all	3–6% over	19	78.9	+1.4
2026-10-04	bets	paid	all	1.20+	all	6–10% over	14	78.6	+5.9
2026-10-04	bets	paid	all	1.20+	all	10%+ over	13	61.5	-6.2
2026-10-04	bets	paid	all	1.20+	pre	10%+ under	0		
2026-10-04	bets	paid	all	1.20+	pre	5–10% under	7	100.0	+28.8
2026-10-04	bets	paid	all	1.20+	pre	3–5% under	4	75.0	-6.0
2026-10-04	bets	paid	all	1.20+	pre	0–3% under	21	95.2	+19.5
2026-10-04	bets	paid	all	1.20+	pre	0–3% over	13	84.6	+5.5
2026-10-04	bets	paid	all	1.20+	pre	3–6% over	17	76.5	-2.1
2026-10-04	bets	paid	all	1.20+	pre	6–10% over	10	70.0	-6.1
2026-10-04	bets	paid	all	1.20+	pre	10%+ over	8	62.5	-1.0
2026-10-04	cards	card	o	all	all	10%+ under	73	86.3	-5.0
2026-10-04	cards	card	o	all	all	5–10% under	24	75.0	-13.5
2026-10-04	cards	card	o	all	all	3–5% under	17	82.4	+0.2
2026-10-04	cards	card	o	all	all	0–3% under	27	77.8	-2.1
2026-10-04	cards	card	o	all	all	0–3% over	3	100.0	+23.3
2026-10-04	cards	card	o	all	all	3–6% over	2	50.0	-35.5
2026-10-04	cards	card	o	all	all	6–10% over	18	83.3	+9.2
2026-10-04	cards	card	o	all	all	10%+ over	4	75.0	+1.5
2026-10-04	bets	card	o	all	all	10%+ under	3	66.7	-19.9
2026-10-04	bets	card	o	all	all	5–10% under	3	100.0	+46.9
2026-10-04	bets	card	o	all	all	3–5% under	3	66.7	-12.2
2026-10-04	bets	card	o	all	all	0–3% under	5	100.0	+29.5
2026-10-04	bets	card	o	all	all	0–3% over	1	100.0	+27.0
2026-10-04	bets	card	o	all	all	3–6% over	2	50.0	-39.0
2026-10-04	bets	card	o	all	all	6–10% over	7	85.7	+9.6
2026-10-04	bets	card	o	all	all	10%+ over	4	75.0	-2.7
2026-10-04	bets	card	o	all	pre	10%+ under	0		
2026-10-04	bets	card	o	all	pre	5–10% under	0		
2026-10-04	bets	card	o	all	pre	3–5% under	1	0.0	-100.0
2026-10-04	bets	card	o	all	pre	0–3% under	3	100.0	+26.3
2026-10-04	bets	card	o	all	pre	0–3% over	0		
2026-10-04	bets	card	o	all	pre	3–6% over	2	50.0	-39.0
2026-10-04	bets	card	o	all	pre	6–10% over	5	80.0	-0.6
2026-10-04	bets	card	o	all	pre	10%+ over	3	100.0	+29.7
2026-10-04	bets	paid	o	all	all	10%+ under	0		
2026-10-04	bets	paid	o	all	all	5–10% under	1	100.0	+24.0
2026-10-04	bets	paid	o	all	all	3–5% under	2	50.0	-37.0
2026-10-04	bets	paid	o	all	all	0–3% under	4	100.0	+24.4
2026-10-04	bets	paid	o	all	all	0–3% over	3	66.7	-14.7
2026-10-04	bets	paid	o	all	all	3–6% over	6	83.3	+5.7
2026-10-04	bets	paid	o	all	all	6–10% over	6	100.0	+33.6
2026-10-04	bets	paid	o	all	all	10%+ over	6	66.7	-9.2
2026-10-04	bets	paid	o	all	pre	10%+ under	0		
2026-10-04	bets	paid	o	all	pre	5–10% under	1	100.0	+24.0
2026-10-04	bets	paid	o	all	pre	3–5% under	1	0.0	-100.0
2026-10-04	bets	paid	o	all	pre	0–3% under	2	100.0	+22.0
2026-10-04	bets	paid	o	all	pre	0–3% over	2	50.0	-40.0
2026-10-04	bets	paid	o	all	pre	3–6% over	5	80.0	+1.4
2026-10-04	bets	paid	o	all	pre	6–10% over	3	100.0	+30.7
2026-10-04	bets	paid	o	all	pre	10%+ over	0		
2026-10-04	cards	card	o	1.20+	all	10%+ under	1	100.0	+20.0
2026-10-04	cards	card	o	1.20+	all	5–10% under	6	83.3	+3.0
2026-10-04	cards	card	o	1.20+	all	3–5% under	13	76.9	-5.4
2026-10-04	cards	card	o	1.20+	all	0–3% under	26	76.9	-2.8
2026-10-04	cards	card	o	1.20+	all	0–3% over	2	100.0	+25.5
2026-10-04	cards	card	o	1.20+	all	3–6% over	2	50.0	-35.5
2026-10-04	cards	card	o	1.20+	all	6–10% over	18	83.3	+9.2
2026-10-04	cards	card	o	1.20+	all	10%+ over	4	75.0	+1.5
2026-10-04	bets	card	o	1.20+	all	10%+ under	0		
2026-10-04	bets	card	o	1.20+	all	5–10% under	2	100.0	+44.0
2026-10-04	bets	card	o	1.20+	all	3–5% under	3	66.7	-12.2
2026-10-04	bets	card	o	1.20+	all	0–3% under	5	100.0	+29.5
2026-10-04	bets	card	o	1.20+	all	0–3% over	1	100.0	+27.0
2026-10-04	bets	card	o	1.20+	all	3–6% over	2	50.0	-39.0
2026-10-04	bets	card	o	1.20+	all	6–10% over	7	85.7	+9.6
2026-10-04	bets	card	o	1.20+	all	10%+ over	4	75.0	-2.7
2026-10-04	bets	card	o	1.20+	pre	10%+ under	0		
2026-10-04	bets	card	o	1.20+	pre	5–10% under	0		
2026-10-04	bets	card	o	1.20+	pre	3–5% under	1	0.0	-100.0
2026-10-04	bets	card	o	1.20+	pre	0–3% under	3	100.0	+26.3
2026-10-04	bets	card	o	1.20+	pre	0–3% over	0		
2026-10-04	bets	card	o	1.20+	pre	3–6% over	2	50.0	-39.0
2026-10-04	bets	card	o	1.20+	pre	6–10% over	5	80.0	-0.6
2026-10-04	bets	card	o	1.20+	pre	10%+ over	3	100.0	+29.7
2026-10-04	bets	paid	o	1.20+	all	10%+ under	0		
2026-10-04	bets	paid	o	1.20+	all	5–10% under	1	100.0	+24.0
2026-10-04	bets	paid	o	1.20+	all	3–5% under	2	50.0	-37.0
2026-10-04	bets	paid	o	1.20+	all	0–3% under	2	100.0	+22.0
2026-10-04	bets	paid	o	1.20+	all	0–3% over	3	66.7	-14.7
2026-10-04	bets	paid	o	1.20+	all	3–6% over	6	83.3	+5.7
2026-10-04	bets	paid	o	1.20+	all	6–10% over	6	100.0	+33.6
2026-10-04	bets	paid	o	1.20+	all	10%+ over	4	75.0	+7.1
2026-10-04	bets	paid	o	1.20+	pre	10%+ under	0		
2026-10-04	bets	paid	o	1.20+	pre	5–10% under	1	100.0	+24.0
2026-10-04	bets	paid	o	1.20+	pre	3–5% under	1	0.0	-100.0
2026-10-04	bets	paid	o	1.20+	pre	0–3% under	2	100.0	+22.0
2026-10-04	bets	paid	o	1.20+	pre	0–3% over	2	50.0	-40.0
2026-10-04	bets	paid	o	1.20+	pre	3–6% over	5	80.0	+1.4
2026-10-04	bets	paid	o	1.20+	pre	6–10% over	3	100.0	+30.7
2026-10-04	bets	paid	o	1.20+	pre	10%+ over	0		
2026-10-04	cards	card	u	all	all	10%+ under	101	84.2	-6.4
2026-10-04	cards	card	u	all	all	5–10% under	161	85.7	-1.3
2026-10-04	cards	card	u	all	all	3–5% under	53	71.7	-16.2
2026-10-04	cards	card	u	all	all	0–3% under	51	84.3	+2.5
2026-10-04	cards	card	u	all	all	0–3% over	9	88.9	+12.4
2026-10-04	cards	card	u	all	all	3–6% over	16	93.8	+24.2
2026-10-04	cards	card	u	all	all	6–10% over	23	73.9	+1.0
2026-10-04	cards	card	u	all	all	10%+ over	21	76.2	+13.2
2026-10-04	bets	card	u	all	all	10%+ under	7	57.1	-26.9
2026-10-04	bets	card	u	all	all	5–10% under	22	100.0	+27.3
2026-10-04	bets	card	u	all	all	3–5% under	8	75.0	-12.5
2026-10-04	bets	card	u	all	all	0–3% under	14	85.7	+6.5
2026-10-04	bets	card	u	all	all	0–3% over	4	100.0	+22.9
2026-10-04	bets	card	u	all	all	3–6% over	12	91.7	+14.3
2026-10-04	bets	card	u	all	all	6–10% over	18	72.2	-9.4
2026-10-04	bets	card	u	all	all	10%+ over	19	73.7	+3.9
2026-10-04	bets	card	u	all	pre	10%+ under	1	0.0	-100.0
2026-10-04	bets	card	u	all	pre	5–10% under	10	100.0	+27.1
2026-10-04	bets	card	u	all	pre	3–5% under	3	100.0	+26.0
2026-10-04	bets	card	u	all	pre	0–3% under	10	90.0	+10.0
2026-10-04	bets	card	u	all	pre	0–3% over	4	100.0	+22.9
2026-10-04	bets	card	u	all	pre	3–6% over	12	91.7	+14.3
2026-10-04	bets	card	u	all	pre	6–10% over	18	72.2	-9.4
2026-10-04	bets	card	u	all	pre	10%+ over	19	73.7	+3.9
2026-10-04	bets	paid	u	all	all	10%+ under	0		
2026-10-04	bets	paid	u	all	all	5–10% under	9	88.9	+11.8
2026-10-04	bets	paid	u	all	all	3–5% under	5	100.0	+25.9
2026-10-04	bets	paid	u	all	all	0–3% under	28	89.3	+10.6
2026-10-04	bets	paid	u	all	all	0–3% over	20	95.0	+17.6
2026-10-04	bets	paid	u	all	all	3–6% over	18	77.8	-0.3
2026-10-04	bets	paid	u	all	all	6–10% over	12	75.0	+2.4
2026-10-04	bets	paid	u	all	all	10%+ over	12	50.0	-22.2
2026-10-04	bets	paid	u	all	pre	10%+ under	0		
2026-10-04	bets	paid	u	all	pre	5–10% under	9	88.9	+11.8
2026-10-04	bets	paid	u	all	pre	3–5% under	3	100.0	+28.5
2026-10-04	bets	paid	u	all	pre	0–3% under	23	91.3	+13.3
2026-10-04	bets	paid	u	all	pre	0–3% over	15	93.3	+16.3
2026-10-04	bets	paid	u	all	pre	3–6% over	12	75.0	-3.6
2026-10-04	bets	paid	u	all	pre	6–10% over	7	57.1	-22.4
2026-10-04	bets	paid	u	all	pre	10%+ over	8	62.5	-1.0
2026-10-04	cards	card	u	1.20+	all	10%+ under	4	100.0	+23.8
2026-10-04	cards	card	u	1.20+	all	5–10% under	19	94.7	+20.6
2026-10-04	cards	card	u	1.20+	all	3–5% under	13	61.5	-22.6
2026-10-04	cards	card	u	1.20+	all	0–3% under	28	82.1	+4.4
2026-10-04	cards	card	u	1.20+	all	0–3% over	8	87.5	+11.6
2026-10-04	cards	card	u	1.20+	all	3–6% over	15	93.3	+24.6
2026-10-04	cards	card	u	1.20+	all	6–10% over	23	73.9	+1.0
2026-10-04	cards	card	u	1.20+	all	10%+ over	21	76.2	+13.2
2026-10-04	bets	card	u	1.20+	all	10%+ under	0		
2026-10-04	bets	card	u	1.20+	all	5–10% under	6	100.0	+30.7
2026-10-04	bets	card	u	1.20+	all	3–5% under	2	100.0	+30.5
2026-10-04	bets	card	u	1.20+	all	0–3% under	9	88.9	+13.8
2026-10-04	bets	card	u	1.20+	all	0–3% over	4	100.0	+22.9
2026-10-04	bets	card	u	1.20+	all	3–6% over	12	91.7	+14.3
2026-10-04	bets	card	u	1.20+	all	6–10% over	18	72.2	-9.4
2026-10-04	bets	card	u	1.20+	all	10%+ over	19	73.7	+3.9
2026-10-04	bets	card	u	1.20+	pre	10%+ under	0		
2026-10-04	bets	card	u	1.20+	pre	5–10% under	6	100.0	+30.7
2026-10-04	bets	card	u	1.20+	pre	3–5% under	2	100.0	+30.5
2026-10-04	bets	card	u	1.20+	pre	0–3% under	5	100.0	+27.2
2026-10-04	bets	card	u	1.20+	pre	0–3% over	4	100.0	+22.9
2026-10-04	bets	card	u	1.20+	pre	3–6% over	12	91.7	+14.3
2026-10-04	bets	card	u	1.20+	pre	6–10% over	18	72.2	-9.4
2026-10-04	bets	card	u	1.20+	pre	10%+ over	19	73.7	+3.9
2026-10-04	bets	paid	u	1.20+	all	10%+ under	0		
2026-10-04	bets	paid	u	1.20+	all	5–10% under	6	100.0	+29.6
2026-10-04	bets	paid	u	1.20+	all	3–5% under	4	100.0	+26.5
2026-10-04	bets	paid	u	1.20+	all	0–3% under	19	94.7	+19.2
2026-10-04	bets	paid	u	1.20+	all	0–3% over	11	90.9	+14.3
2026-10-04	bets	paid	u	1.20+	all	3–6% over	13	76.9	-0.7
2026-10-04	bets	paid	u	1.20+	all	6–10% over	8	62.5	-14.6
2026-10-04	bets	paid	u	1.20+	all	10%+ over	9	55.6	-12.0
2026-10-04	bets	paid	u	1.20+	pre	10%+ under	0		
2026-10-04	bets	paid	u	1.20+	pre	5–10% under	6	100.0	+29.6
2026-10-04	bets	paid	u	1.20+	pre	3–5% under	3	100.0	+28.5
2026-10-04	bets	paid	u	1.20+	pre	0–3% under	19	94.7	+19.2
2026-10-04	bets	paid	u	1.20+	pre	0–3% over	11	90.9	+14.3
2026-10-04	bets	paid	u	1.20+	pre	3–6% over	12	75.0	-3.6
2026-10-04	bets	paid	u	1.20+	pre	6–10% over	7	57.1	-22.4
2026-10-04	bets	paid	u	1.20+	pre	10%+ over	8	62.5	-1.0
2026-10-05	cards	card	all	all	all	10%+ under	176	85.2	-5.6
2026-10-05	cards	card	all	all	all	5–10% under	192	84.4	-3.0
2026-10-05	cards	card	all	all	all	3–5% under	73	74.0	-12.7
2026-10-05	cards	card	all	all	all	0–3% under	84	82.1	+0.7
2026-10-05	cards	card	all	all	all	0–3% over	9	88.9	+12.4
2026-10-05	cards	card	all	all	all	3–6% over	19	94.7	+23.3
2026-10-05	cards	card	all	all	all	6–10% over	41	78.0	+4.6
2026-10-05	cards	card	all	all	all	10%+ over	27	77.8	+10.5
2026-10-05	bets	card	all	all	all	10%+ under	10	60.0	-24.8
2026-10-05	bets	card	all	all	all	5–10% under	26	96.2	+24.1
2026-10-05	bets	card	all	all	all	3–5% under	12	66.7	-20.7
2026-10-05	bets	card	all	all	all	0–3% under	20	90.0	+13.2
2026-10-05	bets	card	all	all	all	0–3% over	4	100.0	+22.9
2026-10-05	bets	card	all	all	all	3–6% over	12	91.7	+14.3
2026-10-05	bets	card	all	all	all	6–10% over	25	76.0	-3.7
2026-10-05	bets	card	all	all	all	10%+ over	23	73.9	+2.7
2026-10-05	bets	card	all	all	pre	10%+ under	1	0.0	-100.0
2026-10-05	bets	card	all	all	pre	5–10% under	11	90.9	+15.2
2026-10-05	bets	card	all	all	pre	3–5% under	5	60.0	-26.9
2026-10-05	bets	card	all	all	pre	0–3% under	14	92.9	+14.6
2026-10-05	bets	card	all	all	pre	0–3% over	4	100.0	+22.9
2026-10-05	bets	card	all	all	pre	3–6% over	12	91.7	+14.3
2026-10-05	bets	card	all	all	pre	6–10% over	23	73.9	-7.3
2026-10-05	bets	card	all	all	pre	10%+ over	22	77.3	+7.4
2026-10-05	bets	paid	all	all	all	10%+ under	0		
2026-10-05	bets	paid	all	all	all	5–10% under	10	90.0	+13.1
2026-10-05	bets	paid	all	all	all	3–5% under	7	85.7	+6.5
2026-10-05	bets	paid	all	all	all	0–3% under	31	90.3	+12.0
2026-10-05	bets	paid	all	all	all	0–3% over	24	87.5	+7.8
2026-10-05	bets	paid	all	all	all	3–6% over	23	82.6	+5.7
2026-10-05	bets	paid	all	all	all	6–10% over	19	78.9	+6.6
2026-10-05	bets	paid	all	all	all	10%+ over	18	55.6	-18.1
2026-10-05	bets	paid	all	all	pre	10%+ under	0		
2026-10-05	bets	paid	all	all	pre	5–10% under	10	90.0	+13.1
2026-10-05	bets	paid	all	all	pre	3–5% under	4	75.0	-6.0
2026-10-05	bets	paid	all	all	pre	0–3% under	24	91.7	+13.7
2026-10-05	bets	paid	all	all	pre	0–3% over	18	83.3	+2.9
2026-10-05	bets	paid	all	all	pre	3–6% over	17	82.4	+5.4
2026-10-05	bets	paid	all	all	pre	6–10% over	11	63.6	-14.8
2026-10-05	bets	paid	all	all	pre	10%+ over	8	62.5	-1.0
2026-10-05	cards	card	all	1.20+	all	10%+ under	5	100.0	+23.0
2026-10-05	cards	card	all	1.20+	all	5–10% under	25	92.0	+16.4
2026-10-05	cards	card	all	1.20+	all	3–5% under	27	66.7	-17.2
2026-10-05	cards	card	all	1.20+	all	0–3% under	56	78.6	-0.4
2026-10-05	cards	card	all	1.20+	all	0–3% over	8	87.5	+11.6
2026-10-05	cards	card	all	1.20+	all	3–6% over	18	94.4	+23.6
2026-10-05	cards	card	all	1.20+	all	6–10% over	41	78.0	+4.6
2026-10-05	cards	card	all	1.20+	all	10%+ over	27	77.8	+10.5
2026-10-05	bets	card	all	1.20+	all	10%+ under	0		
2026-10-05	bets	card	all	1.20+	all	5–10% under	8	100.0	+34.1
2026-10-05	bets	card	all	1.20+	all	3–5% under	6	66.7	-14.4
2026-10-05	bets	card	all	1.20+	all	0–3% under	14	92.9	+19.5
2026-10-05	bets	card	all	1.20+	all	0–3% over	4	100.0	+22.9
2026-10-05	bets	card	all	1.20+	all	3–6% over	12	91.7	+14.3
2026-10-05	bets	card	all	1.20+	all	6–10% over	25	76.0	-3.7
2026-10-05	bets	card	all	1.20+	all	10%+ over	23	73.9	+2.7
2026-10-05	bets	card	all	1.20+	pre	10%+ under	0		
2026-10-05	bets	card	all	1.20+	pre	5–10% under	6	100.0	+30.7
2026-10-05	bets	card	all	1.20+	pre	3–5% under	4	50.0	-38.8
2026-10-05	bets	card	all	1.20+	pre	0–3% under	8	100.0	+26.9
2026-10-05	bets	card	all	1.20+	pre	0–3% over	4	100.0	+22.9
2026-10-05	bets	card	all	1.20+	pre	3–6% over	12	91.7	+14.3
2026-10-05	bets	card	all	1.20+	pre	6–10% over	23	73.9	-7.3
2026-10-05	bets	card	all	1.20+	pre	10%+ over	22	77.3	+7.4
2026-10-05	bets	paid	all	1.20+	all	10%+ under	0		
2026-10-05	bets	paid	all	1.20+	all	5–10% under	7	100.0	+28.8
2026-10-05	bets	paid	all	1.20+	all	3–5% under	6	83.3	+4.3
2026-10-05	bets	paid	all	1.20+	all	0–3% under	20	95.0	+19.3
2026-10-05	bets	paid	all	1.20+	all	0–3% over	15	80.0	+0.3
2026-10-05	bets	paid	all	1.20+	all	3–6% over	17	82.4	+5.9
2026-10-05	bets	paid	all	1.20+	all	6–10% over	14	78.6	+5.9
2026-10-05	bets	paid	all	1.20+	all	10%+ over	13	61.5	-6.2
2026-10-05	bets	paid	all	1.20+	pre	10%+ under	0		
2026-10-05	bets	paid	all	1.20+	pre	5–10% under	7	100.0	+28.8
2026-10-05	bets	paid	all	1.20+	pre	3–5% under	4	75.0	-6.0
2026-10-05	bets	paid	all	1.20+	pre	0–3% under	20	95.0	+19.3
2026-10-05	bets	paid	all	1.20+	pre	0–3% over	14	78.6	-2.4
2026-10-05	bets	paid	all	1.20+	pre	3–6% over	16	81.2	+4.2
2026-10-05	bets	paid	all	1.20+	pre	6–10% over	10	70.0	-6.1
2026-10-05	bets	paid	all	1.20+	pre	10%+ over	8	62.5	-1.0
2026-10-05	cards	card	o	all	all	10%+ under	73	86.3	-5.0
2026-10-05	cards	card	o	all	all	5–10% under	27	74.1	-14.8
2026-10-05	cards	card	o	all	all	3–5% under	18	77.8	-5.3
2026-10-05	cards	card	o	all	all	0–3% under	28	78.6	-1.4
2026-10-05	cards	card	o	all	all	0–3% over	0		
2026-10-05	cards	card	o	all	all	3–6% over	0		
2026-10-05	cards	card	o	all	all	6–10% over	18	83.3	+9.2
2026-10-05	cards	card	o	all	all	10%+ over	4	75.0	+1.5
2026-10-05	bets	card	o	all	all	10%+ under	3	66.7	-19.9
2026-10-05	bets	card	o	all	all	5–10% under	4	75.0	+4.1
2026-10-05	bets	card	o	all	all	3–5% under	4	50.0	-35.4
2026-10-05	bets	card	o	all	all	0–3% under	6	100.0	+28.6
2026-10-05	bets	card	o	all	all	0–3% over	0		
2026-10-05	bets	card	o	all	all	3–6% over	0		
2026-10-05	bets	card	o	all	all	6–10% over	7	85.7	+9.6
2026-10-05	bets	card	o	all	all	10%+ over	4	75.0	-2.7
2026-10-05	bets	card	o	all	pre	10%+ under	0		
2026-10-05	bets	card	o	all	pre	5–10% under	1	0.0	-100.0
2026-10-05	bets	card	o	all	pre	3–5% under	2	0.0	-100.0
2026-10-05	bets	card	o	all	pre	0–3% under	4	100.0	+25.8
2026-10-05	bets	card	o	all	pre	0–3% over	0		
2026-10-05	bets	card	o	all	pre	3–6% over	0		
2026-10-05	bets	card	o	all	pre	6–10% over	5	80.0	-0.6
2026-10-05	bets	card	o	all	pre	10%+ over	3	100.0	+29.7
2026-10-05	bets	paid	o	all	all	10%+ under	0		
2026-10-05	bets	paid	o	all	all	5–10% under	1	100.0	+24.0
2026-10-05	bets	paid	o	all	all	3–5% under	2	50.0	-37.0
2026-10-05	bets	paid	o	all	all	0–3% under	3	100.0	+25.2
2026-10-05	bets	paid	o	all	all	0–3% over	4	50.0	-36.0
2026-10-05	bets	paid	o	all	all	3–6% over	5	100.0	+26.2
2026-10-05	bets	paid	o	all	all	6–10% over	7	85.7	+13.7
2026-10-05	bets	paid	o	all	all	10%+ over	6	66.7	-9.2
2026-10-05	bets	paid	o	all	pre	10%+ under	0		
2026-10-05	bets	paid	o	all	pre	5–10% under	1	100.0	+24.0
2026-10-05	bets	paid	o	all	pre	3–5% under	1	0.0	-100.0
2026-10-05	bets	paid	o	all	pre	0–3% under	1	100.0	+22.0
2026-10-05	bets	paid	o	all	pre	0–3% over	3	33.3	-60.0
2026-10-05	bets	paid	o	all	pre	3–6% over	5	100.0	+26.2
2026-10-05	bets	paid	o	all	pre	6–10% over	4	75.0	-2.0
2026-10-05	bets	paid	o	all	pre	10%+ over	0		
2026-10-05	cards	card	o	1.20+	all	10%+ under	1	100.0	+20.0
2026-10-05	cards	card	o	1.20+	all	5–10% under	6	83.3	+3.0
2026-10-05	cards	card	o	1.20+	all	3–5% under	14	71.4	-12.1
2026-10-05	cards	card	o	1.20+	all	0–3% under	26	76.9	-2.8
2026-10-05	cards	card	o	1.20+	all	0–3% over	0		
2026-10-05	cards	card	o	1.20+	all	3–6% over	0		
2026-10-05	cards	card	o	1.20+	all	6–10% over	18	83.3	+9.2
2026-10-05	cards	card	o	1.20+	all	10%+ over	4	75.0	+1.5
2026-10-05	bets	card	o	1.20+	all	10%+ under	0		
2026-10-05	bets	card	o	1.20+	all	5–10% under	2	100.0	+44.0
2026-10-05	bets	card	o	1.20+	all	3–5% under	4	50.0	-35.4
2026-10-05	bets	card	o	1.20+	all	0–3% under	5	100.0	+29.5
2026-10-05	bets	card	o	1.20+	all	0–3% over	0		
2026-10-05	bets	card	o	1.20+	all	3–6% over	0		
2026-10-05	bets	card	o	1.20+	all	6–10% over	7	85.7	+9.6
2026-10-05	bets	card	o	1.20+	all	10%+ over	4	75.0	-2.7
2026-10-05	bets	card	o	1.20+	pre	10%+ under	0		
2026-10-05	bets	card	o	1.20+	pre	5–10% under	0		
2026-10-05	bets	card	o	1.20+	pre	3–5% under	2	0.0	-100.0
2026-10-05	bets	card	o	1.20+	pre	0–3% under	3	100.0	+26.3
2026-10-05	bets	card	o	1.20+	pre	0–3% over	0		
2026-10-05	bets	card	o	1.20+	pre	3–6% over	0		
2026-10-05	bets	card	o	1.20+	pre	6–10% over	5	80.0	-0.6
2026-10-05	bets	card	o	1.20+	pre	10%+ over	3	100.0	+29.7
2026-10-05	bets	paid	o	1.20+	all	10%+ under	0		
2026-10-05	bets	paid	o	1.20+	all	5–10% under	1	100.0	+24.0
2026-10-05	bets	paid	o	1.20+	all	3–5% under	2	50.0	-37.0
2026-10-05	bets	paid	o	1.20+	all	0–3% under	1	100.0	+22.0
2026-10-05	bets	paid	o	1.20+	all	0–3% over	4	50.0	-36.0
2026-10-05	bets	paid	o	1.20+	all	3–6% over	4	100.0	+26.8
2026-10-05	bets	paid	o	1.20+	all	6–10% over	6	100.0	+33.6
2026-10-05	bets	paid	o	1.20+	all	10%+ over	4	75.0	+7.1
2026-10-05	bets	paid	o	1.20+	pre	10%+ under	0		
2026-10-05	bets	paid	o	1.20+	pre	5–10% under	1	100.0	+24.0
2026-10-05	bets	paid	o	1.20+	pre	3–5% under	1	0.0	-100.0
2026-10-05	bets	paid	o	1.20+	pre	0–3% under	1	100.0	+22.0
2026-10-05	bets	paid	o	1.20+	pre	0–3% over	3	33.3	-60.0
2026-10-05	bets	paid	o	1.20+	pre	3–6% over	4	100.0	+26.8
2026-10-05	bets	paid	o	1.20+	pre	6–10% over	3	100.0	+30.7
2026-10-05	bets	paid	o	1.20+	pre	10%+ over	0		
2026-10-05	cards	card	u	all	all	10%+ under	103	84.5	-6.0
2026-10-05	cards	card	u	all	all	5–10% under	162	85.8	-1.2
2026-10-05	cards	card	u	all	all	3–5% under	54	72.2	-15.6
2026-10-05	cards	card	u	all	all	0–3% under	53	83.0	+0.8
2026-10-05	cards	card	u	all	all	0–3% over	9	88.9	+12.4
2026-10-05	cards	card	u	all	all	3–6% over	16	93.8	+24.2
2026-10-05	cards	card	u	all	all	6–10% over	23	73.9	+1.0
2026-10-05	cards	card	u	all	all	10%+ over	21	76.2	+13.2
2026-10-05	bets	card	u	all	all	10%+ under	7	57.1	-26.9
2026-10-05	bets	card	u	all	all	5–10% under	22	100.0	+27.3
2026-10-05	bets	card	u	all	all	3–5% under	8	75.0	-12.5
2026-10-05	bets	card	u	all	all	0–3% under	14	85.7	+6.5
2026-10-05	bets	card	u	all	all	0–3% over	4	100.0	+22.9
2026-10-05	bets	card	u	all	all	3–6% over	12	91.7	+14.3
2026-10-05	bets	card	u	all	all	6–10% over	18	72.2	-9.4
2026-10-05	bets	card	u	all	all	10%+ over	19	73.7	+3.9
2026-10-05	bets	card	u	all	pre	10%+ under	1	0.0	-100.0
2026-10-05	bets	card	u	all	pre	5–10% under	10	100.0	+27.1
2026-10-05	bets	card	u	all	pre	3–5% under	3	100.0	+26.0
2026-10-05	bets	card	u	all	pre	0–3% under	10	90.0	+10.0
2026-10-05	bets	card	u	all	pre	0–3% over	4	100.0	+22.9
2026-10-05	bets	card	u	all	pre	3–6% over	12	91.7	+14.3
2026-10-05	bets	card	u	all	pre	6–10% over	18	72.2	-9.4
2026-10-05	bets	card	u	all	pre	10%+ over	19	73.7	+3.9
2026-10-05	bets	paid	u	all	all	10%+ under	0		
2026-10-05	bets	paid	u	all	all	5–10% under	9	88.9	+11.8
2026-10-05	bets	paid	u	all	all	3–5% under	5	100.0	+25.9
2026-10-05	bets	paid	u	all	all	0–3% under	28	89.3	+10.6
2026-10-05	bets	paid	u	all	all	0–3% over	20	95.0	+17.6
2026-10-05	bets	paid	u	all	all	3–6% over	18	77.8	-0.3
2026-10-05	bets	paid	u	all	all	6–10% over	12	75.0	+2.4
2026-10-05	bets	paid	u	all	all	10%+ over	12	50.0	-22.2
2026-10-05	bets	paid	u	all	pre	10%+ under	0		
2026-10-05	bets	paid	u	all	pre	5–10% under	9	88.9	+11.8
2026-10-05	bets	paid	u	all	pre	3–5% under	3	100.0	+28.5
2026-10-05	bets	paid	u	all	pre	0–3% under	23	91.3	+13.3
2026-10-05	bets	paid	u	all	pre	0–3% over	15	93.3	+16.3
2026-10-05	bets	paid	u	all	pre	3–6% over	12	75.0	-3.6
2026-10-05	bets	paid	u	all	pre	6–10% over	7	57.1	-22.4
2026-10-05	bets	paid	u	all	pre	10%+ over	8	62.5	-1.0
2026-10-05	cards	card	u	1.20+	all	10%+ under	4	100.0	+23.8
2026-10-05	cards	card	u	1.20+	all	5–10% under	19	94.7	+20.6
2026-10-05	cards	card	u	1.20+	all	3–5% under	13	61.5	-22.6
2026-10-05	cards	card	u	1.20+	all	0–3% under	29	79.3	+0.8
2026-10-05	cards	card	u	1.20+	all	0–3% over	8	87.5	+11.6
2026-10-05	cards	card	u	1.20+	all	3–6% over	15	93.3	+24.6
2026-10-05	cards	card	u	1.20+	all	6–10% over	23	73.9	+1.0
2026-10-05	cards	card	u	1.20+	all	10%+ over	21	76.2	+13.2
2026-10-05	bets	card	u	1.20+	all	10%+ under	0		
2026-10-05	bets	card	u	1.20+	all	5–10% under	6	100.0	+30.7
2026-10-05	bets	card	u	1.20+	all	3–5% under	2	100.0	+30.5
2026-10-05	bets	card	u	1.20+	all	0–3% under	9	88.9	+13.8
2026-10-05	bets	card	u	1.20+	all	0–3% over	4	100.0	+22.9
2026-10-05	bets	card	u	1.20+	all	3–6% over	12	91.7	+14.3
2026-10-05	bets	card	u	1.20+	all	6–10% over	18	72.2	-9.4
2026-10-05	bets	card	u	1.20+	all	10%+ over	19	73.7	+3.9
2026-10-05	bets	card	u	1.20+	pre	10%+ under	0		
2026-10-05	bets	card	u	1.20+	pre	5–10% under	6	100.0	+30.7
2026-10-05	bets	card	u	1.20+	pre	3–5% under	2	100.0	+30.5
2026-10-05	bets	card	u	1.20+	pre	0–3% under	5	100.0	+27.2
2026-10-05	bets	card	u	1.20+	pre	0–3% over	4	100.0	+22.9
2026-10-05	bets	card	u	1.20+	pre	3–6% over	12	91.7	+14.3
2026-10-05	bets	card	u	1.20+	pre	6–10% over	18	72.2	-9.4
2026-10-05	bets	card	u	1.20+	pre	10%+ over	19	73.7	+3.9
2026-10-05	bets	paid	u	1.20+	all	10%+ under	0		
2026-10-05	bets	paid	u	1.20+	all	5–10% under	6	100.0	+29.6
2026-10-05	bets	paid	u	1.20+	all	3–5% under	4	100.0	+26.5
2026-10-05	bets	paid	u	1.20+	all	0–3% under	19	94.7	+19.2
2026-10-05	bets	paid	u	1.20+	all	0–3% over	11	90.9	+14.3
2026-10-05	bets	paid	u	1.20+	all	3–6% over	13	76.9	-0.7
2026-10-05	bets	paid	u	1.20+	all	6–10% over	8	62.5	-14.6
2026-10-05	bets	paid	u	1.20+	all	10%+ over	9	55.6	-12.0
2026-10-05	bets	paid	u	1.20+	pre	10%+ under	0		
2026-10-05	bets	paid	u	1.20+	pre	5–10% under	6	100.0	+29.6
2026-10-05	bets	paid	u	1.20+	pre	3–5% under	3	100.0	+28.5
2026-10-05	bets	paid	u	1.20+	pre	0–3% under	19	94.7	+19.2
2026-10-05	bets	paid	u	1.20+	pre	0–3% over	11	90.9	+14.3
2026-10-05	bets	paid	u	1.20+	pre	3–6% over	12	75.0	-3.6
2026-10-05	bets	paid	u	1.20+	pre	6–10% over	7	57.1	-22.4
2026-10-05	bets	paid	u	1.20+	pre	10%+ over	8	62.5	-1.0
2026-10-06	cards	card	all	all	all	10%+ under	179	84.9	-6.0
2026-10-06	cards	card	all	all	all	5–10% under	198	84.8	-2.7
2026-10-06	cards	card	all	all	all	3–5% under	75	73.3	-13.5
2026-10-06	cards	card	all	all	all	0–3% under	85	81.2	-0.4
2026-10-06	cards	card	all	all	all	0–3% over	10	80.0	+1.2
2026-10-06	cards	card	all	all	all	3–6% over	19	94.7	+23.3
2026-10-06	cards	card	all	all	all	6–10% over	41	78.0	+4.6
2026-10-06	cards	card	all	all	all	10%+ over	27	77.8	+10.5
2026-10-06	bets	card	all	all	all	10%+ under	10	60.0	-24.8
2026-10-06	bets	card	all	all	all	5–10% under	27	96.3	+24.0
2026-10-06	bets	card	all	all	all	3–5% under	12	66.7	-20.7
2026-10-06	bets	card	all	all	all	0–3% under	20	90.0	+13.2
2026-10-06	bets	card	all	all	all	0–3% over	4	100.0	+22.9
2026-10-06	bets	card	all	all	all	3–6% over	12	91.7	+14.3
2026-10-06	bets	card	all	all	all	6–10% over	25	76.0	-3.7
2026-10-06	bets	card	all	all	all	10%+ over	23	73.9	+2.7
2026-10-06	bets	card	all	all	pre	10%+ under	1	0.0	-100.0
2026-10-06	bets	card	all	all	pre	5–10% under	12	91.7	+15.9
2026-10-06	bets	card	all	all	pre	3–5% under	5	60.0	-26.9
2026-10-06	bets	card	all	all	pre	0–3% under	14	92.9	+14.6
2026-10-06	bets	card	all	all	pre	0–3% over	4	100.0	+22.9
2026-10-06	bets	card	all	all	pre	3–6% over	12	91.7	+14.3
2026-10-06	bets	card	all	all	pre	6–10% over	23	73.9	-7.3
2026-10-06	bets	card	all	all	pre	10%+ over	22	77.3	+7.4
2026-10-06	bets	paid	all	all	all	10%+ under	0		
2026-10-06	bets	paid	all	all	all	5–10% under	10	90.0	+13.1
2026-10-06	bets	paid	all	all	all	3–5% under	7	85.7	+6.5
2026-10-06	bets	paid	all	all	all	0–3% under	31	90.3	+12.0
2026-10-06	bets	paid	all	all	all	0–3% over	24	87.5	+7.8
2026-10-06	bets	paid	all	all	all	3–6% over	24	83.3	+6.4
2026-10-06	bets	paid	all	all	all	6–10% over	19	78.9	+6.6
2026-10-06	bets	paid	all	all	all	10%+ over	18	55.6	-18.1
2026-10-06	bets	paid	all	all	pre	10%+ under	0		
2026-10-06	bets	paid	all	all	pre	5–10% under	10	90.0	+13.1
2026-10-06	bets	paid	all	all	pre	3–5% under	4	75.0	-6.0
2026-10-06	bets	paid	all	all	pre	0–3% under	24	91.7	+13.7
2026-10-06	bets	paid	all	all	pre	0–3% over	18	83.3	+2.9
2026-10-06	bets	paid	all	all	pre	3–6% over	18	83.3	+6.4
2026-10-06	bets	paid	all	all	pre	6–10% over	11	63.6	-14.8
2026-10-06	bets	paid	all	all	pre	10%+ over	8	62.5	-1.0
2026-10-06	cards	card	all	1.20+	all	10%+ under	5	100.0	+23.0
2026-10-06	cards	card	all	1.20+	all	5–10% under	25	92.0	+16.4
2026-10-06	cards	card	all	1.20+	all	3–5% under	28	64.3	-20.1
2026-10-06	cards	card	all	1.20+	all	0–3% under	57	77.2	-2.2
2026-10-06	cards	card	all	1.20+	all	0–3% over	9	77.8	-0.8
2026-10-06	cards	card	all	1.20+	all	3–6% over	18	94.4	+23.6
2026-10-06	cards	card	all	1.20+	all	6–10% over	41	78.0	+4.6
2026-10-06	cards	card	all	1.20+	all	10%+ over	27	77.8	+10.5
2026-10-06	bets	card	all	1.20+	all	10%+ under	0		
2026-10-06	bets	card	all	1.20+	all	5–10% under	8	100.0	+34.1
2026-10-06	bets	card	all	1.20+	all	3–5% under	6	66.7	-14.4
2026-10-06	bets	card	all	1.20+	all	0–3% under	14	92.9	+19.5
2026-10-06	bets	card	all	1.20+	all	0–3% over	4	100.0	+22.9
2026-10-06	bets	card	all	1.20+	all	3–6% over	12	91.7	+14.3
2026-10-06	bets	card	all	1.20+	all	6–10% over	25	76.0	-3.7
2026-10-06	bets	card	all	1.20+	all	10%+ over	23	73.9	+2.7
2026-10-06	bets	card	all	1.20+	pre	10%+ under	0		
2026-10-06	bets	card	all	1.20+	pre	5–10% under	6	100.0	+30.7
2026-10-06	bets	card	all	1.20+	pre	3–5% under	4	50.0	-38.8
2026-10-06	bets	card	all	1.20+	pre	0–3% under	8	100.0	+26.9
2026-10-06	bets	card	all	1.20+	pre	0–3% over	4	100.0	+22.9
2026-10-06	bets	card	all	1.20+	pre	3–6% over	12	91.7	+14.3
2026-10-06	bets	card	all	1.20+	pre	6–10% over	23	73.9	-7.3
2026-10-06	bets	card	all	1.20+	pre	10%+ over	22	77.3	+7.4
2026-10-06	bets	paid	all	1.20+	all	10%+ under	0		
2026-10-06	bets	paid	all	1.20+	all	5–10% under	7	100.0	+28.8
2026-10-06	bets	paid	all	1.20+	all	3–5% under	6	83.3	+4.3
2026-10-06	bets	paid	all	1.20+	all	0–3% under	20	95.0	+19.3
2026-10-06	bets	paid	all	1.20+	all	0–3% over	15	80.0	+0.3
2026-10-06	bets	paid	all	1.20+	all	3–6% over	17	82.4	+5.9
2026-10-06	bets	paid	all	1.20+	all	6–10% over	14	78.6	+5.9
2026-10-06	bets	paid	all	1.20+	all	10%+ over	13	61.5	-6.2
2026-10-06	bets	paid	all	1.20+	pre	10%+ under	0		
2026-10-06	bets	paid	all	1.20+	pre	5–10% under	7	100.0	+28.8
2026-10-06	bets	paid	all	1.20+	pre	3–5% under	4	75.0	-6.0
2026-10-06	bets	paid	all	1.20+	pre	0–3% under	20	95.0	+19.3
2026-10-06	bets	paid	all	1.20+	pre	0–3% over	14	78.6	-2.4
2026-10-06	bets	paid	all	1.20+	pre	3–6% over	16	81.2	+4.2
2026-10-06	bets	paid	all	1.20+	pre	6–10% over	10	70.0	-6.1
2026-10-06	bets	paid	all	1.20+	pre	10%+ over	8	62.5	-1.0
2026-10-06	cards	card	o	all	all	10%+ under	73	86.3	-5.0
2026-10-06	cards	card	o	all	all	5–10% under	28	75.0	-13.9
2026-10-06	cards	card	o	all	all	3–5% under	19	73.7	-10.3
2026-10-06	cards	card	o	all	all	0–3% under	28	78.6	-1.4
2026-10-06	cards	card	o	all	all	0–3% over	0		
2026-10-06	cards	card	o	all	all	3–6% over	0		
2026-10-06	cards	card	o	all	all	6–10% over	18	83.3	+9.2
2026-10-06	cards	card	o	all	all	10%+ over	4	75.0	+1.5
2026-10-06	bets	card	o	all	all	10%+ under	3	66.7	-19.9
2026-10-06	bets	card	o	all	all	5–10% under	5	80.0	+8.4
2026-10-06	bets	card	o	all	all	3–5% under	4	50.0	-35.4
2026-10-06	bets	card	o	all	all	0–3% under	6	100.0	+28.6
2026-10-06	bets	card	o	all	all	0–3% over	0		
2026-10-06	bets	card	o	all	all	3–6% over	0		
2026-10-06	bets	card	o	all	all	6–10% over	7	85.7	+9.6
2026-10-06	bets	card	o	all	all	10%+ over	4	75.0	-2.7
2026-10-06	bets	card	o	all	pre	10%+ under	0		
2026-10-06	bets	card	o	all	pre	5–10% under	2	50.0	-38.5
2026-10-06	bets	card	o	all	pre	3–5% under	2	0.0	-100.0
2026-10-06	bets	card	o	all	pre	0–3% under	4	100.0	+25.8
2026-10-06	bets	card	o	all	pre	0–3% over	0		
2026-10-06	bets	card	o	all	pre	3–6% over	0		
2026-10-06	bets	card	o	all	pre	6–10% over	5	80.0	-0.6
2026-10-06	bets	card	o	all	pre	10%+ over	3	100.0	+29.7
2026-10-06	bets	paid	o	all	all	10%+ under	0		
2026-10-06	bets	paid	o	all	all	5–10% under	1	100.0	+24.0
2026-10-06	bets	paid	o	all	all	3–5% under	2	50.0	-37.0
2026-10-06	bets	paid	o	all	all	0–3% under	3	100.0	+25.2
2026-10-06	bets	paid	o	all	all	0–3% over	4	50.0	-36.0
2026-10-06	bets	paid	o	all	all	3–6% over	6	100.0	+25.7
2026-10-06	bets	paid	o	all	all	6–10% over	7	85.7	+13.7
2026-10-06	bets	paid	o	all	all	10%+ over	6	66.7	-9.2
2026-10-06	bets	paid	o	all	pre	10%+ under	0		
2026-10-06	bets	paid	o	all	pre	5–10% under	1	100.0	+24.0
2026-10-06	bets	paid	o	all	pre	3–5% under	1	0.0	-100.0
2026-10-06	bets	paid	o	all	pre	0–3% under	1	100.0	+22.0
2026-10-06	bets	paid	o	all	pre	0–3% over	3	33.3	-60.0
2026-10-06	bets	paid	o	all	pre	3–6% over	6	100.0	+25.7
2026-10-06	bets	paid	o	all	pre	6–10% over	4	75.0	-2.0
2026-10-06	bets	paid	o	all	pre	10%+ over	0		
2026-10-06	cards	card	o	1.20+	all	10%+ under	1	100.0	+20.0
2026-10-06	cards	card	o	1.20+	all	5–10% under	6	83.3	+3.0
2026-10-06	cards	card	o	1.20+	all	3–5% under	15	66.7	-18.0
2026-10-06	cards	card	o	1.20+	all	0–3% under	26	76.9	-2.8
2026-10-06	cards	card	o	1.20+	all	0–3% over	0		
2026-10-06	cards	card	o	1.20+	all	3–6% over	0		
2026-10-06	cards	card	o	1.20+	all	6–10% over	18	83.3	+9.2
2026-10-06	cards	card	o	1.20+	all	10%+ over	4	75.0	+1.5
2026-10-06	bets	card	o	1.20+	all	10%+ under	0		
2026-10-06	bets	card	o	1.20+	all	5–10% under	2	100.0	+44.0
2026-10-06	bets	card	o	1.20+	all	3–5% under	4	50.0	-35.4
2026-10-06	bets	card	o	1.20+	all	0–3% under	5	100.0	+29.5
2026-10-06	bets	card	o	1.20+	all	0–3% over	0		
2026-10-06	bets	card	o	1.20+	all	3–6% over	0		
2026-10-06	bets	card	o	1.20+	all	6–10% over	7	85.7	+9.6
2026-10-06	bets	card	o	1.20+	all	10%+ over	4	75.0	-2.7
2026-10-06	bets	card	o	1.20+	pre	10%+ under	0		
2026-10-06	bets	card	o	1.20+	pre	5–10% under	0		
2026-10-06	bets	card	o	1.20+	pre	3–5% under	2	0.0	-100.0
2026-10-06	bets	card	o	1.20+	pre	0–3% under	3	100.0	+26.3
2026-10-06	bets	card	o	1.20+	pre	0–3% over	0		
2026-10-06	bets	card	o	1.20+	pre	3–6% over	0		
2026-10-06	bets	card	o	1.20+	pre	6–10% over	5	80.0	-0.6
2026-10-06	bets	card	o	1.20+	pre	10%+ over	3	100.0	+29.7
2026-10-06	bets	paid	o	1.20+	all	10%+ under	0		
2026-10-06	bets	paid	o	1.20+	all	5–10% under	1	100.0	+24.0
2026-10-06	bets	paid	o	1.20+	all	3–5% under	2	50.0	-37.0
2026-10-06	bets	paid	o	1.20+	all	0–3% under	1	100.0	+22.0
2026-10-06	bets	paid	o	1.20+	all	0–3% over	4	50.0	-36.0
2026-10-06	bets	paid	o	1.20+	all	3–6% over	4	100.0	+26.8
2026-10-06	bets	paid	o	1.20+	all	6–10% over	6	100.0	+33.6
2026-10-06	bets	paid	o	1.20+	all	10%+ over	4	75.0	+7.1
2026-10-06	bets	paid	o	1.20+	pre	10%+ under	0		
2026-10-06	bets	paid	o	1.20+	pre	5–10% under	1	100.0	+24.0
2026-10-06	bets	paid	o	1.20+	pre	3–5% under	1	0.0	-100.0
2026-10-06	bets	paid	o	1.20+	pre	0–3% under	1	100.0	+22.0
2026-10-06	bets	paid	o	1.20+	pre	0–3% over	3	33.3	-60.0
2026-10-06	bets	paid	o	1.20+	pre	3–6% over	4	100.0	+26.8
2026-10-06	bets	paid	o	1.20+	pre	6–10% over	3	100.0	+30.7
2026-10-06	bets	paid	o	1.20+	pre	10%+ over	0		
2026-10-06	cards	card	u	all	all	10%+ under	106	84.0	-6.6
2026-10-06	cards	card	u	all	all	5–10% under	167	86.2	-0.9
2026-10-06	cards	card	u	all	all	3–5% under	55	72.7	-15.1
2026-10-06	cards	card	u	all	all	0–3% under	54	81.5	-1.1
2026-10-06	cards	card	u	all	all	0–3% over	10	80.0	+1.2
2026-10-06	cards	card	u	all	all	3–6% over	16	93.8	+24.2
2026-10-06	cards	card	u	all	all	6–10% over	23	73.9	+1.0
2026-10-06	cards	card	u	all	all	10%+ over	21	76.2	+13.2
2026-10-06	bets	card	u	all	all	10%+ under	7	57.1	-26.9
2026-10-06	bets	card	u	all	all	5–10% under	22	100.0	+27.3
2026-10-06	bets	card	u	all	all	3–5% under	8	75.0	-12.5
2026-10-06	bets	card	u	all	all	0–3% under	14	85.7	+6.5
2026-10-06	bets	card	u	all	all	0–3% over	4	100.0	+22.9
2026-10-06	bets	card	u	all	all	3–6% over	12	91.7	+14.3
2026-10-06	bets	card	u	all	all	6–10% over	18	72.2	-9.4
2026-10-06	bets	card	u	all	all	10%+ over	19	73.7	+3.9
2026-10-06	bets	card	u	all	pre	10%+ under	1	0.0	-100.0
2026-10-06	bets	card	u	all	pre	5–10% under	10	100.0	+27.1
2026-10-06	bets	card	u	all	pre	3–5% under	3	100.0	+26.0
2026-10-06	bets	card	u	all	pre	0–3% under	10	90.0	+10.0
2026-10-06	bets	card	u	all	pre	0–3% over	4	100.0	+22.9
2026-10-06	bets	card	u	all	pre	3–6% over	12	91.7	+14.3
2026-10-06	bets	card	u	all	pre	6–10% over	18	72.2	-9.4
2026-10-06	bets	card	u	all	pre	10%+ over	19	73.7	+3.9
2026-10-06	bets	paid	u	all	all	10%+ under	0		
2026-10-06	bets	paid	u	all	all	5–10% under	9	88.9	+11.8
2026-10-06	bets	paid	u	all	all	3–5% under	5	100.0	+25.9
2026-10-06	bets	paid	u	all	all	0–3% under	28	89.3	+10.6
2026-10-06	bets	paid	u	all	all	0–3% over	20	95.0	+17.6
2026-10-06	bets	paid	u	all	all	3–6% over	18	77.8	-0.3
2026-10-06	bets	paid	u	all	all	6–10% over	12	75.0	+2.4
2026-10-06	bets	paid	u	all	all	10%+ over	12	50.0	-22.2
2026-10-06	bets	paid	u	all	pre	10%+ under	0		
2026-10-06	bets	paid	u	all	pre	5–10% under	9	88.9	+11.8
2026-10-06	bets	paid	u	all	pre	3–5% under	3	100.0	+28.5
2026-10-06	bets	paid	u	all	pre	0–3% under	23	91.3	+13.3
2026-10-06	bets	paid	u	all	pre	0–3% over	15	93.3	+16.3
2026-10-06	bets	paid	u	all	pre	3–6% over	12	75.0	-3.6
2026-10-06	bets	paid	u	all	pre	6–10% over	7	57.1	-22.4
2026-10-06	bets	paid	u	all	pre	10%+ over	8	62.5	-1.0
2026-10-06	cards	card	u	1.20+	all	10%+ under	4	100.0	+23.8
2026-10-06	cards	card	u	1.20+	all	5–10% under	19	94.7	+20.6
2026-10-06	cards	card	u	1.20+	all	3–5% under	13	61.5	-22.6
2026-10-06	cards	card	u	1.20+	all	0–3% under	30	76.7	-2.5
2026-10-06	cards	card	u	1.20+	all	0–3% over	9	77.8	-0.8
2026-10-06	cards	card	u	1.20+	all	3–6% over	15	93.3	+24.6
2026-10-06	cards	card	u	1.20+	all	6–10% over	23	73.9	+1.0
2026-10-06	cards	card	u	1.20+	all	10%+ over	21	76.2	+13.2
2026-10-06	bets	card	u	1.20+	all	10%+ under	0		
2026-10-06	bets	card	u	1.20+	all	5–10% under	6	100.0	+30.7
2026-10-06	bets	card	u	1.20+	all	3–5% under	2	100.0	+30.5
2026-10-06	bets	card	u	1.20+	all	0–3% under	9	88.9	+13.8
2026-10-06	bets	card	u	1.20+	all	0–3% over	4	100.0	+22.9
2026-10-06	bets	card	u	1.20+	all	3–6% over	12	91.7	+14.3
2026-10-06	bets	card	u	1.20+	all	6–10% over	18	72.2	-9.4
2026-10-06	bets	card	u	1.20+	all	10%+ over	19	73.7	+3.9
2026-10-06	bets	card	u	1.20+	pre	10%+ under	0		
2026-10-06	bets	card	u	1.20+	pre	5–10% under	6	100.0	+30.7
2026-10-06	bets	card	u	1.20+	pre	3–5% under	2	100.0	+30.5
2026-10-06	bets	card	u	1.20+	pre	0–3% under	5	100.0	+27.2
2026-10-06	bets	card	u	1.20+	pre	0–3% over	4	100.0	+22.9
2026-10-06	bets	card	u	1.20+	pre	3–6% over	12	91.7	+14.3
2026-10-06	bets	card	u	1.20+	pre	6–10% over	18	72.2	-9.4
2026-10-06	bets	card	u	1.20+	pre	10%+ over	19	73.7	+3.9
2026-10-06	bets	paid	u	1.20+	all	10%+ under	0		
2026-10-06	bets	paid	u	1.20+	all	5–10% under	6	100.0	+29.6
2026-10-06	bets	paid	u	1.20+	all	3–5% under	4	100.0	+26.5
2026-10-06	bets	paid	u	1.20+	all	0–3% under	19	94.7	+19.2
2026-10-06	bets	paid	u	1.20+	all	0–3% over	11	90.9	+14.3
2026-10-06	bets	paid	u	1.20+	all	3–6% over	13	76.9	-0.7
2026-10-06	bets	paid	u	1.20+	all	6–10% over	8	62.5	-14.6
2026-10-06	bets	paid	u	1.20+	all	10%+ over	9	55.6	-12.0
2026-10-06	bets	paid	u	1.20+	pre	10%+ under	0		
2026-10-06	bets	paid	u	1.20+	pre	5–10% under	6	100.0	+29.6
2026-10-06	bets	paid	u	1.20+	pre	3–5% under	3	100.0	+28.5
2026-10-06	bets	paid	u	1.20+	pre	0–3% under	19	94.7	+19.2
2026-10-06	bets	paid	u	1.20+	pre	0–3% over	11	90.9	+14.3
2026-10-06	bets	paid	u	1.20+	pre	3–6% over	12	75.0	-3.6
2026-10-06	bets	paid	u	1.20+	pre	6–10% over	7	57.1	-22.4
2026-10-06	bets	paid	u	1.20+	pre	10%+ over	8	62.5	-1.0
2026-10-07	cards	card	all	all	all	10%+ under	181	85.1	-5.8
2026-10-07	cards	card	all	all	all	5–10% under	203	85.2	-2.3
2026-10-07	cards	card	all	all	all	3–5% under	77	74.0	-12.8
2026-10-07	cards	card	all	all	all	0–3% under	87	80.5	-1.3
2026-10-07	cards	card	all	all	all	0–3% over	10	80.0	+1.2
2026-10-07	cards	card	all	all	all	3–6% over	19	94.7	+23.3
2026-10-07	cards	card	all	all	all	6–10% over	41	78.0	+4.6
2026-10-07	cards	card	all	all	all	10%+ over	29	75.9	+12.5
2026-10-07	bets	card	all	all	all	10%+ under	10	60.0	-24.8
2026-10-07	bets	card	all	all	all	5–10% under	28	96.4	+24.1
2026-10-07	bets	card	all	all	all	3–5% under	12	66.7	-20.7
2026-10-07	bets	card	all	all	all	0–3% under	20	90.0	+13.2
2026-10-07	bets	card	all	all	all	0–3% over	4	100.0	+22.9
2026-10-07	bets	card	all	all	all	3–6% over	12	91.7	+14.3
2026-10-07	bets	card	all	all	all	6–10% over	25	76.0	-3.7
2026-10-07	bets	card	all	all	all	10%+ over	23	73.9	+2.7
2026-10-07	bets	card	all	all	pre	10%+ under	1	0.0	-100.0
2026-10-07	bets	card	all	all	pre	5–10% under	13	92.3	+16.7
2026-10-07	bets	card	all	all	pre	3–5% under	5	60.0	-26.9
2026-10-07	bets	card	all	all	pre	0–3% under	14	92.9	+14.6
2026-10-07	bets	card	all	all	pre	0–3% over	4	100.0	+22.9
2026-10-07	bets	card	all	all	pre	3–6% over	12	91.7	+14.3
2026-10-07	bets	card	all	all	pre	6–10% over	23	73.9	-7.3
2026-10-07	bets	card	all	all	pre	10%+ over	22	77.3	+7.4
2026-10-07	bets	paid	all	all	all	10%+ under	0		
2026-10-07	bets	paid	all	all	all	5–10% under	10	90.0	+13.1
2026-10-07	bets	paid	all	all	all	3–5% under	7	85.7	+6.5
2026-10-07	bets	paid	all	all	all	0–3% under	32	90.6	+12.5
2026-10-07	bets	paid	all	all	all	0–3% over	24	87.5	+7.8
2026-10-07	bets	paid	all	all	all	3–6% over	24	83.3	+6.4
2026-10-07	bets	paid	all	all	all	6–10% over	19	78.9	+6.6
2026-10-07	bets	paid	all	all	all	10%+ over	18	55.6	-18.1
2026-10-07	bets	paid	all	all	pre	10%+ under	0		
2026-10-07	bets	paid	all	all	pre	5–10% under	10	90.0	+13.1
2026-10-07	bets	paid	all	all	pre	3–5% under	4	75.0	-6.0
2026-10-07	bets	paid	all	all	pre	0–3% under	25	92.0	+14.2
2026-10-07	bets	paid	all	all	pre	0–3% over	18	83.3	+2.9
2026-10-07	bets	paid	all	all	pre	3–6% over	18	83.3	+6.4
2026-10-07	bets	paid	all	all	pre	6–10% over	11	63.6	-14.8
2026-10-07	bets	paid	all	all	pre	10%+ over	8	62.5	-1.0
2026-10-07	cards	card	all	1.20+	all	10%+ under	5	100.0	+23.0
2026-10-07	cards	card	all	1.20+	all	5–10% under	25	92.0	+16.4
2026-10-07	cards	card	all	1.20+	all	3–5% under	28	64.3	-20.1
2026-10-07	cards	card	all	1.20+	all	0–3% under	59	76.3	-3.3
2026-10-07	cards	card	all	1.20+	all	0–3% over	9	77.8	-0.8
2026-10-07	cards	card	all	1.20+	all	3–6% over	18	94.4	+23.6
2026-10-07	cards	card	all	1.20+	all	6–10% over	41	78.0	+4.6
2026-10-07	cards	card	all	1.20+	all	10%+ over	29	75.9	+12.5
2026-10-07	bets	card	all	1.20+	all	10%+ under	0		
2026-10-07	bets	card	all	1.20+	all	5–10% under	8	100.0	+34.1
2026-10-07	bets	card	all	1.20+	all	3–5% under	6	66.7	-14.4
2026-10-07	bets	card	all	1.20+	all	0–3% under	14	92.9	+19.5
2026-10-07	bets	card	all	1.20+	all	0–3% over	4	100.0	+22.9
2026-10-07	bets	card	all	1.20+	all	3–6% over	12	91.7	+14.3
2026-10-07	bets	card	all	1.20+	all	6–10% over	25	76.0	-3.7
2026-10-07	bets	card	all	1.20+	all	10%+ over	23	73.9	+2.7
2026-10-07	bets	card	all	1.20+	pre	10%+ under	0		
2026-10-07	bets	card	all	1.20+	pre	5–10% under	6	100.0	+30.7
2026-10-07	bets	card	all	1.20+	pre	3–5% under	4	50.0	-38.8
2026-10-07	bets	card	all	1.20+	pre	0–3% under	8	100.0	+26.9
2026-10-07	bets	card	all	1.20+	pre	0–3% over	4	100.0	+22.9
2026-10-07	bets	card	all	1.20+	pre	3–6% over	12	91.7	+14.3
2026-10-07	bets	card	all	1.20+	pre	6–10% over	23	73.9	-7.3
2026-10-07	bets	card	all	1.20+	pre	10%+ over	22	77.3	+7.4
2026-10-07	bets	paid	all	1.20+	all	10%+ under	0		
2026-10-07	bets	paid	all	1.20+	all	5–10% under	7	100.0	+28.8
2026-10-07	bets	paid	all	1.20+	all	3–5% under	6	83.3	+4.3
2026-10-07	bets	paid	all	1.20+	all	0–3% under	20	95.0	+19.3
2026-10-07	bets	paid	all	1.20+	all	0–3% over	15	80.0	+0.3
2026-10-07	bets	paid	all	1.20+	all	3–6% over	17	82.4	+5.9
2026-10-07	bets	paid	all	1.20+	all	6–10% over	14	78.6	+5.9
2026-10-07	bets	paid	all	1.20+	all	10%+ over	13	61.5	-6.2
2026-10-07	bets	paid	all	1.20+	pre	10%+ under	0		
2026-10-07	bets	paid	all	1.20+	pre	5–10% under	7	100.0	+28.8
2026-10-07	bets	paid	all	1.20+	pre	3–5% under	4	75.0	-6.0
2026-10-07	bets	paid	all	1.20+	pre	0–3% under	20	95.0	+19.3
2026-10-07	bets	paid	all	1.20+	pre	0–3% over	14	78.6	-2.4
2026-10-07	bets	paid	all	1.20+	pre	3–6% over	16	81.2	+4.2
2026-10-07	bets	paid	all	1.20+	pre	6–10% over	10	70.0	-6.1
2026-10-07	bets	paid	all	1.20+	pre	10%+ over	8	62.5	-1.0
2026-10-07	cards	card	o	all	all	10%+ under	73	86.3	-5.0
2026-10-07	cards	card	o	all	all	5–10% under	30	76.7	-12.1
2026-10-07	cards	card	o	all	all	3–5% under	20	75.0	-9.1
2026-10-07	cards	card	o	all	all	0–3% under	30	76.7	-3.7
2026-10-07	cards	card	o	all	all	0–3% over	0		
2026-10-07	cards	card	o	all	all	3–6% over	0		
2026-10-07	cards	card	o	all	all	6–10% over	18	83.3	+9.2
2026-10-07	cards	card	o	all	all	10%+ over	4	75.0	+1.5
2026-10-07	bets	card	o	all	all	10%+ under	3	66.7	-19.9
2026-10-07	bets	card	o	all	all	5–10% under	6	83.3	+11.8
2026-10-07	bets	card	o	all	all	3–5% under	4	50.0	-35.4
2026-10-07	bets	card	o	all	all	0–3% under	6	100.0	+28.6
2026-10-07	bets	card	o	all	all	0–3% over	0		
2026-10-07	bets	card	o	all	all	3–6% over	0		
2026-10-07	bets	card	o	all	all	6–10% over	7	85.7	+9.6
2026-10-07	bets	card	o	all	all	10%+ over	4	75.0	-2.7
2026-10-07	bets	card	o	all	pre	10%+ under	0		
2026-10-07	bets	card	o	all	pre	5–10% under	3	66.7	-16.7
2026-10-07	bets	card	o	all	pre	3–5% under	2	0.0	-100.0
2026-10-07	bets	card	o	all	pre	0–3% under	4	100.0	+25.8
2026-10-07	bets	card	o	all	pre	0–3% over	0		
2026-10-07	bets	card	o	all	pre	3–6% over	0		
2026-10-07	bets	card	o	all	pre	6–10% over	5	80.0	-0.6
2026-10-07	bets	card	o	all	pre	10%+ over	3	100.0	+29.7
2026-10-07	bets	paid	o	all	all	10%+ under	0		
2026-10-07	bets	paid	o	all	all	5–10% under	1	100.0	+24.0
2026-10-07	bets	paid	o	all	all	3–5% under	2	50.0	-37.0
2026-10-07	bets	paid	o	all	all	0–3% under	4	100.0	+25.7
2026-10-07	bets	paid	o	all	all	0–3% over	4	50.0	-36.0
2026-10-07	bets	paid	o	all	all	3–6% over	6	100.0	+25.7
2026-10-07	bets	paid	o	all	all	6–10% over	7	85.7	+13.7
2026-10-07	bets	paid	o	all	all	10%+ over	6	66.7	-9.2
2026-10-07	bets	paid	o	all	pre	10%+ under	0		
2026-10-07	bets	paid	o	all	pre	5–10% under	1	100.0	+24.0
2026-10-07	bets	paid	o	all	pre	3–5% under	1	0.0	-100.0
2026-10-07	bets	paid	o	all	pre	0–3% under	2	100.0	+24.5
2026-10-07	bets	paid	o	all	pre	0–3% over	3	33.3	-60.0
2026-10-07	bets	paid	o	all	pre	3–6% over	6	100.0	+25.7
2026-10-07	bets	paid	o	all	pre	6–10% over	4	75.0	-2.0
2026-10-07	bets	paid	o	all	pre	10%+ over	0		
2026-10-07	cards	card	o	1.20+	all	10%+ under	1	100.0	+20.0
2026-10-07	cards	card	o	1.20+	all	5–10% under	6	83.3	+3.0
2026-10-07	cards	card	o	1.20+	all	3–5% under	15	66.7	-18.0
2026-10-07	cards	card	o	1.20+	all	0–3% under	28	75.0	-5.1
2026-10-07	cards	card	o	1.20+	all	0–3% over	0		
2026-10-07	cards	card	o	1.20+	all	3–6% over	0		
2026-10-07	cards	card	o	1.20+	all	6–10% over	18	83.3	+9.2
2026-10-07	cards	card	o	1.20+	all	10%+ over	4	75.0	+1.5
2026-10-07	bets	card	o	1.20+	all	10%+ under	0		
2026-10-07	bets	card	o	1.20+	all	5–10% under	2	100.0	+44.0
2026-10-07	bets	card	o	1.20+	all	3–5% under	4	50.0	-35.4
2026-10-07	bets	card	o	1.20+	all	0–3% under	5	100.0	+29.5
2026-10-07	bets	card	o	1.20+	all	0–3% over	0		
2026-10-07	bets	card	o	1.20+	all	3–6% over	0		
2026-10-07	bets	card	o	1.20+	all	6–10% over	7	85.7	+9.6
2026-10-07	bets	card	o	1.20+	all	10%+ over	4	75.0	-2.7
2026-10-07	bets	card	o	1.20+	pre	10%+ under	0		
2026-10-07	bets	card	o	1.20+	pre	5–10% under	0		
2026-10-07	bets	card	o	1.20+	pre	3–5% under	2	0.0	-100.0
2026-10-07	bets	card	o	1.20+	pre	0–3% under	3	100.0	+26.3
2026-10-07	bets	card	o	1.20+	pre	0–3% over	0		
2026-10-07	bets	card	o	1.20+	pre	3–6% over	0		
2026-10-07	bets	card	o	1.20+	pre	6–10% over	5	80.0	-0.6
2026-10-07	bets	card	o	1.20+	pre	10%+ over	3	100.0	+29.7
2026-10-07	bets	paid	o	1.20+	all	10%+ under	0		
2026-10-07	bets	paid	o	1.20+	all	5–10% under	1	100.0	+24.0
2026-10-07	bets	paid	o	1.20+	all	3–5% under	2	50.0	-37.0
2026-10-07	bets	paid	o	1.20+	all	0–3% under	1	100.0	+22.0
2026-10-07	bets	paid	o	1.20+	all	0–3% over	4	50.0	-36.0
2026-10-07	bets	paid	o	1.20+	all	3–6% over	4	100.0	+26.8
2026-10-07	bets	paid	o	1.20+	all	6–10% over	6	100.0	+33.6
2026-10-07	bets	paid	o	1.20+	all	10%+ over	4	75.0	+7.1
2026-10-07	bets	paid	o	1.20+	pre	10%+ under	0		
2026-10-07	bets	paid	o	1.20+	pre	5–10% under	1	100.0	+24.0
2026-10-07	bets	paid	o	1.20+	pre	3–5% under	1	0.0	-100.0
2026-10-07	bets	paid	o	1.20+	pre	0–3% under	1	100.0	+22.0
2026-10-07	bets	paid	o	1.20+	pre	0–3% over	3	33.3	-60.0
2026-10-07	bets	paid	o	1.20+	pre	3–6% over	4	100.0	+26.8
2026-10-07	bets	paid	o	1.20+	pre	6–10% over	3	100.0	+30.7
2026-10-07	bets	paid	o	1.20+	pre	10%+ over	0		
2026-10-07	cards	card	u	all	all	10%+ under	108	84.3	-6.4
2026-10-07	cards	card	u	all	all	5–10% under	170	86.5	-0.8
2026-10-07	cards	card	u	all	all	3–5% under	56	73.2	-14.5
2026-10-07	cards	card	u	all	all	0–3% under	54	81.5	-1.1
2026-10-07	cards	card	u	all	all	0–3% over	10	80.0	+1.2
2026-10-07	cards	card	u	all	all	3–6% over	16	93.8	+24.2
2026-10-07	cards	card	u	all	all	6–10% over	23	73.9	+1.0
2026-10-07	cards	card	u	all	all	10%+ over	23	73.9	+15.5
2026-10-07	bets	card	u	all	all	10%+ under	7	57.1	-26.9
2026-10-07	bets	card	u	all	all	5–10% under	22	100.0	+27.3
2026-10-07	bets	card	u	all	all	3–5% under	8	75.0	-12.5
2026-10-07	bets	card	u	all	all	0–3% under	14	85.7	+6.5
2026-10-07	bets	card	u	all	all	0–3% over	4	100.0	+22.9
2026-10-07	bets	card	u	all	all	3–6% over	12	91.7	+14.3
2026-10-07	bets	card	u	all	all	6–10% over	18	72.2	-9.4
2026-10-07	bets	card	u	all	all	10%+ over	19	73.7	+3.9
2026-10-07	bets	card	u	all	pre	10%+ under	1	0.0	-100.0
2026-10-07	bets	card	u	all	pre	5–10% under	10	100.0	+27.1
2026-10-07	bets	card	u	all	pre	3–5% under	3	100.0	+26.0
2026-10-07	bets	card	u	all	pre	0–3% under	10	90.0	+10.0
2026-10-07	bets	card	u	all	pre	0–3% over	4	100.0	+22.9
2026-10-07	bets	card	u	all	pre	3–6% over	12	91.7	+14.3
2026-10-07	bets	card	u	all	pre	6–10% over	18	72.2	-9.4
2026-10-07	bets	card	u	all	pre	10%+ over	19	73.7	+3.9
2026-10-07	bets	paid	u	all	all	10%+ under	0		
2026-10-07	bets	paid	u	all	all	5–10% under	9	88.9	+11.8
2026-10-07	bets	paid	u	all	all	3–5% under	5	100.0	+25.9
2026-10-07	bets	paid	u	all	all	0–3% under	28	89.3	+10.6
2026-10-07	bets	paid	u	all	all	0–3% over	20	95.0	+17.6
2026-10-07	bets	paid	u	all	all	3–6% over	18	77.8	-0.3
2026-10-07	bets	paid	u	all	all	6–10% over	12	75.0	+2.4
2026-10-07	bets	paid	u	all	all	10%+ over	12	50.0	-22.2
2026-10-07	bets	paid	u	all	pre	10%+ under	0		
2026-10-07	bets	paid	u	all	pre	5–10% under	9	88.9	+11.8
2026-10-07	bets	paid	u	all	pre	3–5% under	3	100.0	+28.5
2026-10-07	bets	paid	u	all	pre	0–3% under	23	91.3	+13.3
2026-10-07	bets	paid	u	all	pre	0–3% over	15	93.3	+16.3
2026-10-07	bets	paid	u	all	pre	3–6% over	12	75.0	-3.6
2026-10-07	bets	paid	u	all	pre	6–10% over	7	57.1	-22.4
2026-10-07	bets	paid	u	all	pre	10%+ over	8	62.5	-1.0
2026-10-07	cards	card	u	1.20+	all	10%+ under	4	100.0	+23.8
2026-10-07	cards	card	u	1.20+	all	5–10% under	19	94.7	+20.6
2026-10-07	cards	card	u	1.20+	all	3–5% under	13	61.5	-22.6
2026-10-07	cards	card	u	1.20+	all	0–3% under	30	76.7	-2.5
2026-10-07	cards	card	u	1.20+	all	0–3% over	9	77.8	-0.8
2026-10-07	cards	card	u	1.20+	all	3–6% over	15	93.3	+24.6
2026-10-07	cards	card	u	1.20+	all	6–10% over	23	73.9	+1.0
2026-10-07	cards	card	u	1.20+	all	10%+ over	23	73.9	+15.5
2026-10-07	bets	card	u	1.20+	all	10%+ under	0		
2026-10-07	bets	card	u	1.20+	all	5–10% under	6	100.0	+30.7
2026-10-07	bets	card	u	1.20+	all	3–5% under	2	100.0	+30.5
2026-10-07	bets	card	u	1.20+	all	0–3% under	9	88.9	+13.8
2026-10-07	bets	card	u	1.20+	all	0–3% over	4	100.0	+22.9
2026-10-07	bets	card	u	1.20+	all	3–6% over	12	91.7	+14.3
2026-10-07	bets	card	u	1.20+	all	6–10% over	18	72.2	-9.4
2026-10-07	bets	card	u	1.20+	all	10%+ over	19	73.7	+3.9
2026-10-07	bets	card	u	1.20+	pre	10%+ under	0		
2026-10-07	bets	card	u	1.20+	pre	5–10% under	6	100.0	+30.7
2026-10-07	bets	card	u	1.20+	pre	3–5% under	2	100.0	+30.5
2026-10-07	bets	card	u	1.20+	pre	0–3% under	5	100.0	+27.2
2026-10-07	bets	card	u	1.20+	pre	0–3% over	4	100.0	+22.9
2026-10-07	bets	card	u	1.20+	pre	3–6% over	12	91.7	+14.3
2026-10-07	bets	card	u	1.20+	pre	6–10% over	18	72.2	-9.4
2026-10-07	bets	card	u	1.20+	pre	10%+ over	19	73.7	+3.9
2026-10-07	bets	paid	u	1.20+	all	10%+ under	0		
2026-10-07	bets	paid	u	1.20+	all	5–10% under	6	100.0	+29.6
2026-10-07	bets	paid	u	1.20+	all	3–5% under	4	100.0	+26.5
2026-10-07	bets	paid	u	1.20+	all	0–3% under	19	94.7	+19.2
2026-10-07	bets	paid	u	1.20+	all	0–3% over	11	90.9	+14.3
2026-10-07	bets	paid	u	1.20+	all	3–6% over	13	76.9	-0.7
2026-10-07	bets	paid	u	1.20+	all	6–10% over	8	62.5	-14.6
2026-10-07	bets	paid	u	1.20+	all	10%+ over	9	55.6	-12.0
2026-10-07	bets	paid	u	1.20+	pre	10%+ under	0		
2026-10-07	bets	paid	u	1.20+	pre	5–10% under	6	100.0	+29.6
2026-10-07	bets	paid	u	1.20+	pre	3–5% under	3	100.0	+28.5
2026-10-07	bets	paid	u	1.20+	pre	0–3% under	19	94.7	+19.2
2026-10-07	bets	paid	u	1.20+	pre	0–3% over	11	90.9	+14.3
2026-10-07	bets	paid	u	1.20+	pre	3–6% over	12	75.0	-3.6
2026-10-07	bets	paid	u	1.20+	pre	6–10% over	7	57.1	-22.4
2026-10-07	bets	paid	u	1.20+	pre	10%+ over	8	62.5	-1.0
2026-10-08	cards	card	all	all	all	10%+ under	178	84.8	-6.2
2026-10-08	cards	card	all	all	all	5–10% under	187	84.0	-4.4
2026-10-08	cards	card	all	all	all	3–5% under	61	77.0	-9.0
2026-10-08	cards	card	all	all	all	0–3% under	73	83.6	+2.1
2026-10-08	cards	card	all	all	all	0–3% over	11	81.8	+4.0
2026-10-08	cards	card	all	all	all	3–6% over	19	94.7	+23.3
2026-10-08	cards	card	all	all	all	6–10% over	41	78.0	+4.6
2026-10-08	cards	card	all	all	all	10%+ over	29	75.9	+12.5
2026-10-08	bets	card	all	all	all	10%+ under	10	60.0	-24.8
2026-10-08	bets	card	all	all	all	5–10% under	25	96.0	+23.1
2026-10-08	bets	card	all	all	all	3–5% under	8	62.5	-26.7
2026-10-08	bets	card	all	all	all	0–3% under	17	88.2	+9.5
2026-10-08	bets	card	all	all	all	0–3% over	5	100.0	+25.2
2026-10-08	bets	card	all	all	all	3–6% over	12	91.7	+14.3
2026-10-08	bets	card	all	all	all	6–10% over	25	76.0	-3.7
2026-10-08	bets	card	all	all	all	10%+ over	23	73.9	+2.7
2026-10-08	bets	card	all	all	pre	10%+ under	1	0.0	-100.0
2026-10-08	bets	card	all	all	pre	5–10% under	10	90.0	+11.9
2026-10-08	bets	card	all	all	pre	3–5% under	4	50.0	-43.8
2026-10-08	bets	card	all	all	pre	0–3% under	12	91.7	+11.8
2026-10-08	bets	card	all	all	pre	0–3% over	5	100.0	+25.2
2026-10-08	bets	card	all	all	pre	3–6% over	12	91.7	+14.3
2026-10-08	bets	card	all	all	pre	6–10% over	23	73.9	-7.3
2026-10-08	bets	card	all	all	pre	10%+ over	22	77.3	+7.4
2026-10-08	bets	paid	all	all	all	10%+ under	0		
2026-10-08	bets	paid	all	all	all	5–10% under	7	85.7	+4.6
2026-10-08	bets	paid	all	all	all	3–5% under	5	80.0	-4.1
2026-10-08	bets	paid	all	all	all	0–3% under	30	93.3	+15.4
2026-10-08	bets	paid	all	all	all	0–3% over	22	86.4	+6.9
2026-10-08	bets	paid	all	all	all	3–6% over	25	84.0	+7.5
2026-10-08	bets	paid	all	all	all	6–10% over	18	77.8	+4.8
2026-10-08	bets	paid	all	all	all	10%+ over	18	55.6	-18.1
2026-10-08	bets	paid	all	all	pre	10%+ under	0		
2026-10-08	bets	paid	all	all	pre	5–10% under	7	85.7	+4.6
2026-10-08	bets	paid	all	all	pre	3–5% under	2	50.0	-46.9
2026-10-08	bets	paid	all	all	pre	0–3% under	24	91.7	+13.2
2026-10-08	bets	paid	all	all	pre	0–3% over	18	83.3	+2.9
2026-10-08	bets	paid	all	all	pre	3–6% over	19	84.2	+7.9
2026-10-08	bets	paid	all	all	pre	6–10% over	11	63.6	-14.8
2026-10-08	bets	paid	all	all	pre	10%+ over	8	62.5	-1.0
2026-10-08	cards	card	all	1.20+	all	10%+ under	4	100.0	+21.5
2026-10-08	cards	card	all	1.20+	all	5–10% under	18	88.9	+9.7
2026-10-08	cards	card	all	1.20+	all	3–5% under	22	72.7	-10.0
2026-10-08	cards	card	all	1.20+	all	0–3% under	48	79.2	-0.2
2026-10-08	cards	card	all	1.20+	all	0–3% over	10	80.0	+2.5
2026-10-08	cards	card	all	1.20+	all	3–6% over	18	94.4	+23.6
2026-10-08	cards	card	all	1.20+	all	6–10% over	41	78.0	+4.6
2026-10-08	cards	card	all	1.20+	all	10%+ over	29	75.9	+12.5
2026-10-08	bets	card	all	1.20+	all	10%+ under	0		
2026-10-08	bets	card	all	1.20+	all	5–10% under	5	100.0	+35.1
2026-10-08	bets	card	all	1.20+	all	3–5% under	5	60.0	-25.7
2026-10-08	bets	card	all	1.20+	all	0–3% under	11	90.9	+15.6
2026-10-08	bets	card	all	1.20+	all	0–3% over	5	100.0	+25.2
2026-10-08	bets	card	all	1.20+	all	3–6% over	12	91.7	+14.3
2026-10-08	bets	card	all	1.20+	all	6–10% over	25	76.0	-3.7
2026-10-08	bets	card	all	1.20+	all	10%+ over	23	73.9	+2.7
2026-10-08	bets	card	all	1.20+	pre	10%+ under	0		
2026-10-08	bets	card	all	1.20+	pre	5–10% under	3	100.0	+28.6
2026-10-08	bets	card	all	1.20+	pre	3–5% under	3	33.3	-66.0
2026-10-08	bets	card	all	1.20+	pre	0–3% under	6	100.0	+25.3
2026-10-08	bets	card	all	1.20+	pre	0–3% over	5	100.0	+25.2
2026-10-08	bets	card	all	1.20+	pre	3–6% over	12	91.7	+14.3
2026-10-08	bets	card	all	1.20+	pre	6–10% over	23	73.9	-7.3
2026-10-08	bets	card	all	1.20+	pre	10%+ over	22	77.3	+7.4
2026-10-08	bets	paid	all	1.20+	all	10%+ under	0		
2026-10-08	bets	paid	all	1.20+	all	5–10% under	4	100.0	+25.7
2026-10-08	bets	paid	all	1.20+	all	3–5% under	4	75.0	-9.7
2026-10-08	bets	paid	all	1.20+	all	0–3% under	19	94.7	+18.3
2026-10-08	bets	paid	all	1.20+	all	0–3% over	15	80.0	+0.3
2026-10-08	bets	paid	all	1.20+	all	3–6% over	18	83.3	+7.5
2026-10-08	bets	paid	all	1.20+	all	6–10% over	13	76.9	+3.3
2026-10-08	bets	paid	all	1.20+	all	10%+ over	13	61.5	-6.2
2026-10-08	bets	paid	all	1.20+	pre	10%+ under	0		
2026-10-08	bets	paid	all	1.20+	pre	5–10% under	4	100.0	+25.7
2026-10-08	bets	paid	all	1.20+	pre	3–5% under	2	50.0	-46.9
2026-10-08	bets	paid	all	1.20+	pre	0–3% under	19	94.7	+18.3
2026-10-08	bets	paid	all	1.20+	pre	0–3% over	14	78.6	-2.4
2026-10-08	bets	paid	all	1.20+	pre	3–6% over	17	82.4	+6.0
2026-10-08	bets	paid	all	1.20+	pre	6–10% over	10	70.0	-6.1
2026-10-08	bets	paid	all	1.20+	pre	10%+ over	8	62.5	-1.0
2026-10-08	cards	card	o	all	all	10%+ under	73	86.3	-5.0
2026-10-08	cards	card	o	all	all	5–10% under	30	76.7	-12.1
2026-10-08	cards	card	o	all	all	3–5% under	21	76.2	-7.8
2026-10-08	cards	card	o	all	all	0–3% under	30	76.7	-3.7
2026-10-08	cards	card	o	all	all	0–3% over	0		
2026-10-08	cards	card	o	all	all	3–6% over	0		
2026-10-08	cards	card	o	all	all	6–10% over	18	83.3	+9.2
2026-10-08	cards	card	o	all	all	10%+ over	4	75.0	+1.5
2026-10-08	bets	card	o	all	all	10%+ under	3	66.7	-19.9
2026-10-08	bets	card	o	all	all	5–10% under	6	83.3	+11.8
2026-10-08	bets	card	o	all	all	3–5% under	4	50.0	-35.4
2026-10-08	bets	card	o	all	all	0–3% under	6	100.0	+28.6
2026-10-08	bets	card	o	all	all	0–3% over	0		
2026-10-08	bets	card	o	all	all	3–6% over	0		
2026-10-08	bets	card	o	all	all	6–10% over	7	85.7	+9.6
2026-10-08	bets	card	o	all	all	10%+ over	4	75.0	-2.7
2026-10-08	bets	card	o	all	pre	10%+ under	0		
2026-10-08	bets	card	o	all	pre	5–10% under	3	66.7	-16.7
2026-10-08	bets	card	o	all	pre	3–5% under	2	0.0	-100.0
2026-10-08	bets	card	o	all	pre	0–3% under	4	100.0	+25.8
2026-10-08	bets	card	o	all	pre	0–3% over	0		
2026-10-08	bets	card	o	all	pre	3–6% over	0		
2026-10-08	bets	card	o	all	pre	6–10% over	5	80.0	-0.6
2026-10-08	bets	card	o	all	pre	10%+ over	3	100.0	+29.7
2026-10-08	bets	paid	o	all	all	10%+ under	0		
2026-10-08	bets	paid	o	all	all	5–10% under	1	100.0	+24.0
2026-10-08	bets	paid	o	all	all	3–5% under	2	50.0	-37.0
2026-10-08	bets	paid	o	all	all	0–3% under	4	100.0	+25.7
2026-10-08	bets	paid	o	all	all	0–3% over	4	50.0	-36.0
2026-10-08	bets	paid	o	all	all	3–6% over	6	100.0	+25.7
2026-10-08	bets	paid	o	all	all	6–10% over	7	85.7	+13.7
2026-10-08	bets	paid	o	all	all	10%+ over	6	66.7	-9.2
2026-10-08	bets	paid	o	all	pre	10%+ under	0		
2026-10-08	bets	paid	o	all	pre	5–10% under	1	100.0	+24.0
2026-10-08	bets	paid	o	all	pre	3–5% under	1	0.0	-100.0
2026-10-08	bets	paid	o	all	pre	0–3% under	2	100.0	+24.5
2026-10-08	bets	paid	o	all	pre	0–3% over	3	33.3	-60.0
2026-10-08	bets	paid	o	all	pre	3–6% over	6	100.0	+25.7
2026-10-08	bets	paid	o	all	pre	6–10% over	4	75.0	-2.0
2026-10-08	bets	paid	o	all	pre	10%+ over	0		
2026-10-08	cards	card	o	1.20+	all	10%+ under	1	100.0	+20.0
2026-10-08	cards	card	o	1.20+	all	5–10% under	6	83.3	+3.0
2026-10-08	cards	card	o	1.20+	all	3–5% under	15	66.7	-18.0
2026-10-08	cards	card	o	1.20+	all	0–3% under	28	75.0	-5.1
2026-10-08	cards	card	o	1.20+	all	0–3% over	0		
2026-10-08	cards	card	o	1.20+	all	3–6% over	0		
2026-10-08	cards	card	o	1.20+	all	6–10% over	18	83.3	+9.2
2026-10-08	cards	card	o	1.20+	all	10%+ over	4	75.0	+1.5
2026-10-08	bets	card	o	1.20+	all	10%+ under	0		
2026-10-08	bets	card	o	1.20+	all	5–10% under	2	100.0	+44.0
2026-10-08	bets	card	o	1.20+	all	3–5% under	4	50.0	-35.4
2026-10-08	bets	card	o	1.20+	all	0–3% under	5	100.0	+29.5
2026-10-08	bets	card	o	1.20+	all	0–3% over	0		
2026-10-08	bets	card	o	1.20+	all	3–6% over	0		
2026-10-08	bets	card	o	1.20+	all	6–10% over	7	85.7	+9.6
2026-10-08	bets	card	o	1.20+	all	10%+ over	4	75.0	-2.7
2026-10-08	bets	card	o	1.20+	pre	10%+ under	0		
2026-10-08	bets	card	o	1.20+	pre	5–10% under	0		
2026-10-08	bets	card	o	1.20+	pre	3–5% under	2	0.0	-100.0
2026-10-08	bets	card	o	1.20+	pre	0–3% under	3	100.0	+26.3
2026-10-08	bets	card	o	1.20+	pre	0–3% over	0		
2026-10-08	bets	card	o	1.20+	pre	3–6% over	0		
2026-10-08	bets	card	o	1.20+	pre	6–10% over	5	80.0	-0.6
2026-10-08	bets	card	o	1.20+	pre	10%+ over	3	100.0	+29.7
2026-10-08	bets	paid	o	1.20+	all	10%+ under	0		
2026-10-08	bets	paid	o	1.20+	all	5–10% under	1	100.0	+24.0
2026-10-08	bets	paid	o	1.20+	all	3–5% under	2	50.0	-37.0
2026-10-08	bets	paid	o	1.20+	all	0–3% under	1	100.0	+22.0
2026-10-08	bets	paid	o	1.20+	all	0–3% over	4	50.0	-36.0
2026-10-08	bets	paid	o	1.20+	all	3–6% over	4	100.0	+26.8
2026-10-08	bets	paid	o	1.20+	all	6–10% over	6	100.0	+33.6
2026-10-08	bets	paid	o	1.20+	all	10%+ over	4	75.0	+7.1
2026-10-08	bets	paid	o	1.20+	pre	10%+ under	0		
2026-10-08	bets	paid	o	1.20+	pre	5–10% under	1	100.0	+24.0
2026-10-08	bets	paid	o	1.20+	pre	3–5% under	1	0.0	-100.0
2026-10-08	bets	paid	o	1.20+	pre	0–3% under	1	100.0	+22.0
2026-10-08	bets	paid	o	1.20+	pre	0–3% over	3	33.3	-60.0
2026-10-08	bets	paid	o	1.20+	pre	3–6% over	4	100.0	+26.8
2026-10-08	bets	paid	o	1.20+	pre	6–10% over	3	100.0	+30.7
2026-10-08	bets	paid	o	1.20+	pre	10%+ over	0		
2026-10-08	cards	card	u	all	all	10%+ under	105	83.8	-7.1
2026-10-08	cards	card	u	all	all	5–10% under	154	85.1	-3.2
2026-10-08	cards	card	u	all	all	3–5% under	39	76.9	-10.3
2026-10-08	cards	card	u	all	all	0–3% under	41	87.8	+5.5
2026-10-08	cards	card	u	all	all	0–3% over	11	81.8	+4.0
2026-10-08	cards	card	u	all	all	3–6% over	16	93.8	+24.2
2026-10-08	cards	card	u	all	all	6–10% over	23	73.9	+1.0
2026-10-08	cards	card	u	all	all	10%+ over	23	73.9	+15.5
2026-10-08	bets	card	u	all	all	10%+ under	7	57.1	-26.9
2026-10-08	bets	card	u	all	all	5–10% under	19	100.0	+26.4
2026-10-08	bets	card	u	all	all	3–5% under	4	75.0	-16.6
2026-10-08	bets	card	u	all	all	0–3% under	11	81.8	-1.0
2026-10-08	bets	card	u	all	all	0–3% over	5	100.0	+25.2
2026-10-08	bets	card	u	all	all	3–6% over	12	91.7	+14.3
2026-10-08	bets	card	u	all	all	6–10% over	18	72.2	-9.4
2026-10-08	bets	card	u	all	all	10%+ over	19	73.7	+3.9
2026-10-08	bets	card	u	all	pre	10%+ under	1	0.0	-100.0
2026-10-08	bets	card	u	all	pre	5–10% under	7	100.0	+24.6
2026-10-08	bets	card	u	all	pre	3–5% under	2	100.0	+19.3
2026-10-08	bets	card	u	all	pre	0–3% under	8	87.5	+4.5
2026-10-08	bets	card	u	all	pre	0–3% over	5	100.0	+25.2
2026-10-08	bets	card	u	all	pre	3–6% over	12	91.7	+14.3
2026-10-08	bets	card	u	all	pre	6–10% over	18	72.2	-9.4
2026-10-08	bets	card	u	all	pre	10%+ over	19	73.7	+3.9
2026-10-08	bets	paid	u	all	all	10%+ under	0		
2026-10-08	bets	paid	u	all	all	5–10% under	6	83.3	+1.3
2026-10-08	bets	paid	u	all	all	3–5% under	3	100.0	+21.6
2026-10-08	bets	paid	u	all	all	0–3% under	26	92.3	+13.8
2026-10-08	bets	paid	u	all	all	0–3% over	18	94.4	+17.4
2026-10-08	bets	paid	u	all	all	3–6% over	19	78.9	+1.6
2026-10-08	bets	paid	u	all	all	6–10% over	11	72.7	-0.9
2026-10-08	bets	paid	u	all	all	10%+ over	12	50.0	-22.2
2026-10-08	bets	paid	u	all	pre	10%+ under	0		
2026-10-08	bets	paid	u	all	pre	5–10% under	6	83.3	+1.3
2026-10-08	bets	paid	u	all	pre	3–5% under	1	100.0	+21.0
2026-10-08	bets	paid	u	all	pre	0–3% under	22	90.9	+12.1
2026-10-08	bets	paid	u	all	pre	0–3% over	15	93.3	+16.3
2026-10-08	bets	paid	u	all	pre	3–6% over	13	76.9	-0.6
2026-10-08	bets	paid	u	all	pre	6–10% over	7	57.1	-22.4
2026-10-08	bets	paid	u	all	pre	10%+ over	8	62.5	-1.0
2026-10-08	cards	card	u	1.20+	all	10%+ under	3	100.0	+22.0
2026-10-08	cards	card	u	1.20+	all	5–10% under	12	91.7	+13.0
2026-10-08	cards	card	u	1.20+	all	3–5% under	7	85.7	+7.0
2026-10-08	cards	card	u	1.20+	all	0–3% under	20	85.0	+6.7
2026-10-08	cards	card	u	1.20+	all	0–3% over	10	80.0	+2.5
2026-10-08	cards	card	u	1.20+	all	3–6% over	15	93.3	+24.6
2026-10-08	cards	card	u	1.20+	all	6–10% over	23	73.9	+1.0
2026-10-08	cards	card	u	1.20+	all	10%+ over	23	73.9	+15.5
2026-10-08	bets	card	u	1.20+	all	10%+ under	0		
2026-10-08	bets	card	u	1.20+	all	5–10% under	3	100.0	+28.6
2026-10-08	bets	card	u	1.20+	all	3–5% under	1	100.0	+21.0
2026-10-08	bets	card	u	1.20+	all	0–3% under	6	83.3	+3.6
2026-10-08	bets	card	u	1.20+	all	0–3% over	5	100.0	+25.2
2026-10-08	bets	card	u	1.20+	all	3–6% over	12	91.7	+14.3
2026-10-08	bets	card	u	1.20+	all	6–10% over	18	72.2	-9.4
2026-10-08	bets	card	u	1.20+	all	10%+ over	19	73.7	+3.9
2026-10-08	bets	card	u	1.20+	pre	10%+ under	0		
2026-10-08	bets	card	u	1.20+	pre	5–10% under	3	100.0	+28.6
2026-10-08	bets	card	u	1.20+	pre	3–5% under	1	100.0	+21.0
2026-10-08	bets	card	u	1.20+	pre	0–3% under	3	100.0	+24.1
2026-10-08	bets	card	u	1.20+	pre	0–3% over	5	100.0	+25.2
2026-10-08	bets	card	u	1.20+	pre	3–6% over	12	91.7	+14.3
2026-10-08	bets	card	u	1.20+	pre	6–10% over	18	72.2	-9.4
2026-10-08	bets	card	u	1.20+	pre	10%+ over	19	73.7	+3.9
2026-10-08	bets	paid	u	1.20+	all	10%+ under	0		
2026-10-08	bets	paid	u	1.20+	all	5–10% under	3	100.0	+26.3
2026-10-08	bets	paid	u	1.20+	all	3–5% under	2	100.0	+21.0
2026-10-08	bets	paid	u	1.20+	all	0–3% under	18	94.4	+18.0
2026-10-08	bets	paid	u	1.20+	all	0–3% over	11	90.9	+14.3
2026-10-08	bets	paid	u	1.20+	all	3–6% over	14	78.6	+1.9
2026-10-08	bets	paid	u	1.20+	all	6–10% over	7	57.1	-22.4
2026-10-08	bets	paid	u	1.20+	all	10%+ over	9	55.6	-12.0
2026-10-08	bets	paid	u	1.20+	pre	10%+ under	0		
2026-10-08	bets	paid	u	1.20+	pre	5–10% under	3	100.0	+26.3
2026-10-08	bets	paid	u	1.20+	pre	3–5% under	1	100.0	+21.0
2026-10-08	bets	paid	u	1.20+	pre	0–3% under	18	94.4	+18.0
2026-10-08	bets	paid	u	1.20+	pre	0–3% over	11	90.9	+14.3
2026-10-08	bets	paid	u	1.20+	pre	3–6% over	13	76.9	-0.6
2026-10-08	bets	paid	u	1.20+	pre	6–10% over	7	57.1	-22.4
2026-10-08	bets	paid	u	1.20+	pre	10%+ over	8	62.5	-1.0
