# The typed source of truth for the fixture board. One row per fixture;
# every block in README.md is rendered from this file by scripts/board.py.
# Grade a fixture by filling `status` (e.g. "✅ HIT — 2-1"), then re-render.
# kickoff	code	league	teams	tip1	tip2	status
2026-09-02 00:30	BRA-SB	Brasileirão Série B	Londrina v Juventude	U3.0 82.0% **+0.6%** · buy≥1.33 (+3.5% margin)	✅ **Londrina U1.5** 75.0% +13.3% (team) · buy≥1.39 (+4.2% margin)	✅ HIT — 0-0	
2026-09-02 03:00	COL-PA	Categoría Primera A	Fortaleza CEIF v Once Caldas	U4.25 86.0% **−5.3%** · buy≥1.19 (+5.4% margin)	— none	✅ HIT — 1-2	
2026-09-02 12:00	JPN-J1	J1 League	Avispa Fukuoka v Urawa Reds	U4.25 88.2% **−0.1%** · buy≥1.19 (+3.7% margin)	— none	❌ MISS — 2-3	
2026-09-02 12:00	JPN-J1	J1 League	Cerezo Osaka v Kashiwa	U4.25 83.7% **−4.6%** · buy≥1.23 (+1.4% margin)	✅ O1.75 78.1% +5.6% (floor −3.9) · buy≥1.39 (+4.3% margin)	✅ HIT — 2-0	✅ 12 75.9% +2.5% · buy≥1.38 · probation
2026-09-02 12:00	JPN-J1	J1 League	JEF United Chiba v Okayama	U4.25 88.8% **+0.5%** · buy≥1.18 (+4.1% margin)	✅ **Okayama O0.5** 82.3% +13.2% (team) · buy≥1.27 (+4.5% margin)	✅ HIT — 1-2	✅ 12 75.7% +2.3% · buy≥1.39 · probation
2026-09-02 12:00	JPN-J1	J1 League	Machida Zelvia v Kawasaki	U4.25 85.9% **−2.4%** · buy≥1.20 (+2.1% margin)	✅ O1.75 75.6% +3.1% (floor −6.4) · buy≥1.40 (+1.0% margin)	✅ HIT — 2-1	✅ DNB1 68.1% +12.5% · buy≥1.54 · probation
2026-09-02 12:00	JPN-J1	J1 League	Mito Hollyhock v Kashima	U4.25 88.0% **−0.3%** · buy≥1.19 (+3.6% margin)	✅ **Kashima O0.5** 80.4% +11.2% (team) · buy≥1.30 (+4.5% margin)	❌ MISS — 4-2	
2026-09-02 12:00	JPN-J1	J1 League	Sanfrecce v Nagoya	U4.25 81.2% **−7.1%** · buy≥1.28 (+1.3% margin)	✅ **Sanfrecce O1.5** 59.3% +20.3% (team) · buy≥1.74 (+3.1% margin)	✅ HIT — 3-0	✅ DNB1 77.0% +21.5% · buy≥1.36 · probation
2026-09-02 12:00	JPN-J1	J1 League	Shimizu v FC Tokyo	U4.25 89.2% **+0.9%** · buy≥1.18 (+4.4% margin)	✅ U3.75 75.9% +1.4% (floor −6.1) · buy≥1.24 (+1.0% margin)	✅ HIT — 1-1	
2026-09-02 12:00	JPN-J1	J1 League	Tokyo Verdy v Vissel Kobe	U4.25 89.6% +1.3% · buy≥1.18 (+4.7% margin)	✅ U3.75 76.5% +2.1% (floor −5.5) · buy≥1.23 (+1.0% margin)	✅ HIT — 0-2	
2026-09-02 12:00	JPN-J1	J1 League	Nagasaki v Gamba Osaka	U4.25 87.5% **−0.8%** · buy≥1.19 (+3.2% margin)	✅ **Gamba Osaka O0.5** 80.6% +11.5% (team) · buy≥1.30 (+4.5% margin)	✅ HIT — 2-2	
2026-09-02 12:00	JPN-J1	J1 League	Yokohama FM v Kyoto Sanga	U4.25 89.2% **+0.9%** · buy≥1.18 (+4.4% margin)	✅ U3.75 75.8% +1.4% (floor −6.2) · buy≥1.24 (+1.0% margin)	✅ HIT — 1-1	◦ DNB1 70.6% +15.1% · buy≥1.49 · probation
2026-09-02 18:00	DEN-SL	Superliga	AGF v Midtjylland	O1.5 81.8% +1.3% · buy≥1.28 (+4.7% margin)	❌ **AGF O1.5** 61.5% +14.4% (team) · buy≥1.68 (+3.3% margin)	✅ HIT — 0-2	✅ 12 79.6% +5.3% · buy≥1.32 · probation
2026-09-02 18:30	BEL-PL	Pro League	St Truiden v St. Gilloise	O1.5 76.6% **+0.3%** · buy≥1.32 (+1.0% margin)	— none	✅ HIT — 0-3	✅ 12 75.3% +2.3% · buy≥1.39 · probation
2026-09-02 18:30	SUI-SL	Super League	Luzern v Vaduz	O1.5 81.5% **+0.7%** · buy≥1.28 (+4.1% margin)	✅ **Luzern O1.5** 61.5% +11.4% (team) · buy≥1.68 (+3.3% margin)	✅ HIT — 2-1	✅ DNB1 75.2% +14.8% · buy≥1.40 · probation
2026-09-02 18:30	SUI-SL	Super League	Thun v Lausanne	U4.25 81.9% +1.2% · buy≥1.30 (+4.4% margin)	❌ **Thun O1.5** 55.0% +5.0% (team) · buy≥1.87 (+2.8% margin)	✅ HIT — 0-0	❌ 12 77.8% +2.7% · buy≥1.35 · probation
2026-09-02 18:30	SUI-SL	Super League	Grasshoppers v St. Gallen	O1.5 81.7% **+0.9%** · buy≥1.28 (+4.3% margin)	❌ **St. Gallen O1.5** 57.9% +21.3% (team) · buy≥1.78 (+3.0% margin)	✅ HIT — 2-0	✅ 12 77.6% +2.5% · buy≥1.35 · probation
2026-09-02 20:45	ENG-CH	Championship	Millwall v Wrexham	U4.25 83.6% **−4.5%** · buy≥1.22 (+6.2% margin)	❌ **Millwall O0.5** 80.1% +3.1% (team) · buy≥1.32 (+5.3% margin)	✅ HIT — 0-3	❌ DNB1 71.7% +12.3% · buy≥1.47 · probation
2026-09-02 20:45	ENG-CH	Championship	QPR v Cardiff	U3.0 76.7% +2.5% · buy≥1.46 (+3.1% margin)	❌ U2.75 55.5% +3.0% (floor −19.5) · buy≥1.60 (−0.4% margin)	✅ HIT — 2-1	✅ 1X 73.8% +3.8% · buy≥1.42 · probation
2026-09-02 20:45	ENG-CH	Championship	West Brom v Charlton	U3.0 75.8% +1.6% · buy≥1.48 (+2.4% margin)	— none	✅ HIT — 1-1	✅ 1X 74.0% +4.0% · buy≥1.42 · probation
2026-09-02 21:00	ENG-CH	Championship	Burnley v Middlesbrough	O1.5 79.2% +6.5% · buy≥1.37 (+8.4% margin)	❌ O2.25 56.4% +9.0% (floor −18.6) · buy≥1.62 (+2.9% margin)	✅ HIT — 1-1	❌ 12 76.5% +2.8% · buy≥1.37 · probation
2026-09-02 22:00	CHI-PD	Primera División	Coquimbo Unido v U. de Concepción	U4.25 87.2% +1.8% · buy≥1.23 (+6.3% margin)	✅ U3.75 73.2% +3.1% (floor −4.8) · buy≥1.28 (+0.9% margin)	✅ HIT — 1-0	✅ DNB1 71.7% +12.1% · buy≥1.46 · probation
2026-09-02 22:30	BRA-SA	Série A	Flamengo v Mirassol	U4.25 83.0% **−5.9%** · buy≥1.25 (+6.8% margin)	✅ **Flamengo O1.5** 57.3% +14.3% (team) · buy≥1.80 (+3.0% margin)	✅ HIT — 2-0	✅ DNB1 80.1% +15.1% · buy≥1.31 · probation
2026-09-03 00:30	CHI-PD	Primera División	Deportes Limache v Ñublense	U4.25 84.7% **−0.6%** · buy≥1.27 (+5.7% margin)	❌ **Ñublense O0.5** 80.7% +11.2% (team) · buy≥1.33 (+7.4% margin)	✅ HIT — 2-0	
2026-09-03 01:25	COL-PA	Categoría Primera A	Santa Fe v Millonarios	U4.25 86.1% **−5.3%** · buy≥1.20 (+5.4% margin)	— none	❌ MISS — 3-2	
2026-09-03 15:55	SAU-PL	Saudi Pro League	Al-Fayha v Al-Kholood	U4.25 86.0% +4.1% · buy≥1.28 (+8.5% margin)	❌ U3.75 71.0% +5.7% (floor −4.0) · buy≥1.35 (+4.0% margin)	✅ HIT — 2-2	
2026-09-03 18:00	POL-EK	Ekstraklasa	Raków v Górnik	O1.5 78.8% +2.7% · buy≥1.34 (+5.4% margin)	✅ O2.25 55.7% +3.8% (floor −22.3) · buy≥1.63 (+2.8% margin)	✅ HIT — 1-2	✅ 12 74.8% +2.2% · buy≥1.40 · probation
2026-09-03 18:30	SAU-PL	Saudi Pro League	Neom v Al-Khaleej	U4.25 84.2% +2.3% · buy≥1.26 (+4.1% margin)	✅ **Neom O0.5** 82.4% +4.3% (team) · buy≥1.29 (+6.0% margin)	✅ HIT — 3-0	✅ DNB1 71.3% +15.8% · buy≥1.47 · probation
2026-09-03 19:00	SWE-AL	Allsvenskan	Mjällby v Djurgården	O1.5 81.7% +3.3% · buy≥1.27 (+4.0% margin)	✅ **Djurgården O0.5** 83.6% +11.3% (team) · buy≥1.30 (+8.5% margin)	✅ HIT — 0-2	
2026-09-03 20:00	DEN-SL	Superliga	København v Nordsjælland	O1.5 84.9% +4.3% · buy≥1.25 (+9.0% margin)	✅ **København O1.5** 60.9% +13.7% (team) · buy≥1.70 (+3.3% margin)	✅ HIT — 2-0	✅ DNB1 77.1% +20.4% · buy≥1.36 · probation
2026-09-03 20:00	ALG-L1	Ligue 1	Sétif v Ben Aknoun	U3.0 84.9% +1.8% · buy≥1.30 (+5.9% margin)	✅ U2.75 66.5% +2.6% (floor −8.5) · buy≥1.37 (+0.5% margin)	✅ HIT — 0-1	
2026-09-03 20:00	SAU-PL	Saudi Pro League	Al Diriyah v Al-Qadsiah	— no tip: engine abstained (thin history or an unresolved name)	—	FT 0-2 (no tip)	
2026-09-03 20:30	BEL-PL	Pro League	Gent v OH Leuven	U3.0 77.3% +7.3% · buy≥1.46 (+4.3% margin)	✅ U2.75 56.2% +8.5% (floor −18.8) · buy≥1.64 (+2.9% margin)	✅ HIT — 1-0	✅ 1X 74.2% +4.3% · buy≥1.42 · probation
2026-09-03 20:30	BEL-PL	Pro League	Anderlecht v Kortrijk	U4.25 85.3% **+0.0%** · buy≥1.25 (+5.2% margin)	✅ **Anderlecht O0.5** 82.1% +4.4% (team) · buy≥1.30 (+6.3% margin)	✅ HIT — 1-0	✅ 12 76.9% +3.6% · buy≥1.37 · probation
2026-09-03 20:30	POL-EK	Ekstraklasa	Lech v Jagiellonia	O1.5 79.7% +3.6% · buy≥1.37 (+9.0% margin)	✅ O2.25 57.0% +5.1% (floor −21.0) · buy≥1.60 (+2.9% margin)	✅ HIT — 2-1	✅ 12 77.2% +4.6% · buy≥1.36 · probation
2026-09-03 20:30	SUI-SL	Super League	Basel v Sion	O1.5 83.9% +3.1% · buy≥1.25 (+5.3% margin)	✅ **Sion O1.5** 61.4% +24.9% (team) · buy≥1.68 (+3.3% margin)	✅ HIT — 1-2	✅ 12 79.2% +4.1% · buy≥1.33 · probation
2026-09-03 20:30	SUI-SL	Super League	Lugano v Servette	O1.5 83.7% +2.9% · buy≥1.26 (+5.3% margin)	❌ O2.25 63.3% +4.6% (floor −11.7) · buy≥1.47 (+3.5% margin)	❌ MISS — 1-0	✅ 12 77.8% +2.7% · buy≥1.35 · probation
2026-09-03 20:45	FRA-L1	Ligue 1	Toulouse v Lille	U4.25 83.4% **−0.9%** · buy≥1.26 (+5.8% margin)	✅ U3.75 69.8% +1.2% (floor −5.2) · buy≥1.33 (+0.7% margin)	✅ HIT — 0-1	
2026-09-03 21:00	ESP-LL	LaLiga	Real Sociedad v Celta	O1.5 76.3% +2.1% · buy≥1.32 (+1.0% margin)	❌ **Real Sociedad O0.5** 81.5% +2.2% (team) · buy≥1.29 (+4.8% margin)	❌ MISS — 0-0	❌ 12 76.6% +2.8% · buy≥1.37 · probation
2026-09-03 22:00	ALG-L1	Ligue 1	El Biar v Olympique Akbou	— no tip: engine abstained (thin history or an unresolved name)	—	FT 0-2 (no tip)	
2026-09-04 01:00	BRA-SB	Brasileirão Série B	Náutico v Botafogo-SP	U3.0 82.0% **+0.5%** · buy≥1.33 (+3.5% margin)	— none	✅ HIT — 1-0	
2026-09-04 01:00	COL-PA	Categoría Primera A	América v Alianza Valledupar	U4.25 85.9% **−5.4%** · buy≥1.16 (+5.4% margin)	✅ **América O0.5** 80.0% +4.7% (team) · buy≥1.31 (+5.0% margin)	✅ HIT — 3-0	✅ DNB1 74.9% +10.9% · buy≥1.40 · probation
2026-09-04 03:00	COL-PA	Categoría Primera A	Deportivo Pereira v Ind. Medellín	U3.0 79.5% **+0.0%** · buy≥1.32 (+1.3% margin)	— none	✅ HIT — 0-3	
2026-09-04 18:00	SAU-PL	Saudi Pro League	Abha v Al-Ettifaq	O1.5 79.9% **+0.2%** · buy≥1.27 (+1.2% margin)	❌ **Al-Ettifaq O1.5** 60.0% +21.6% (team) · buy≥1.72 (+3.2% margin)	❌ MISS — 0-1	
2026-09-04 18:30	GER-B2	2. Bundesliga	Bielefeld v St. Pauli	O1.5 82.8% +2.3% · buy≥1.27 (+5.1% margin)	✅ **St. Pauli O0.5** 80.5% +7.3% (team) · buy≥1.33 (+6.9% margin)	✅ HIT — 2-2	❌ 12 77.6% +2.7% · buy≥1.35 · probation
2026-09-04 18:30	GER-B2	2. Bundesliga	Hannover v Karlsruhe	O1.5 80.8% **+0.3%** · buy≥1.28 (+3.9% margin)	✅ **Hannover O0.5** 83.7% +2.9% (team) · buy≥1.26 (+5.4% margin)	✅ HIT — 2-2	❌ 12 77.6% +2.7% · buy≥1.35 · probation
2026-09-04 19:00	FRA-L1	Ligue 1	Lyon v Auxerre	O1.5 79.9% +2.6% · buy≥1.31 (+4.7% margin)	✅ **Lyon O0.5** 81.5% +4.5% (team) · buy≥1.33 (+8.7% margin)	✅ HIT — 3-1	
2026-09-04 19:00	NOR-EL	Eliteserien	Aalesund v IK Start	O1.5 81.1% **+0.3%** · buy≥1.28 (+3.6% margin)	✅ **Aalesund O1.5** 60.7% +11.9% (team) · buy≥1.70 (+3.3% margin)	✅ HIT — 2-0	
2026-09-04 19:00	NOR-EL	Eliteserien	Fredrikstad v Bodø/Glimt	O1.5 83.8% +3.0% · buy≥1.26 (+5.2% margin)	✅ **Bodø/Glimt O1.5** 58.7% +20.9% (team) · buy≥1.76 (+3.1% margin)	✅ HIT — 1-2	
2026-09-04 19:00	DEN-SL	Superliga	Viborg v Lyngby	U4.25 85.0% +4.1% · buy≥1.29 (+9.1% margin)	✅ U3.75 70.6% +6.6% (floor −4.4) · buy≥1.36 (+3.9% margin)	✅ HIT — 0-2	
2026-09-04 19:00	TUR-SL	Trendyol Süper Lig	Başakşehir v Galatasaray	U4.25 82.7% **−1.9%** · buy≥1.30 (+5.6% margin)	✅ **Başakşehir O0.5** 82.1% +3.7% (team) · buy≥1.33 (+8.8% margin)	❌ MISS — 2-3	✅ 12 76.9% +2.6% · buy≥1.37 · probation
2026-09-04 20:00	FRA-L2	Ligue 2	Grenoble v Annecy	U4.25 84.0% **−4.7%** · buy≥1.22 (+7.1% margin)	— none	✅ HIT — 1-2	
2026-09-04 20:00	FRA-L2	Ligue 2	Pau v Sochaux	U3.0 79.3% +4.2% · buy≥1.48 (+9.3% margin)	✅ U2.75 58.8% +5.2% (floor −19.2) · buy≥1.57 (+3.1% margin)	✅ HIT — 1-1	
2026-09-04 20:00	FRA-L2	Ligue 2	Laval v Red Star	U4.25 84.1% **−4.6%** · buy≥1.24 (+7.1% margin)	✅ O1.75 73.6% +1.7% (floor −4.4) · buy≥1.48 (+3.1% margin)	✅ HIT — 1-2	✅ 12 75.0% +2.8% · buy≥1.40 · probation
2026-09-04 20:00	FRA-L2	Ligue 2	Boulogne-sur-Mer v Dijon	U3.0 78.1% +3.0% · buy≥1.46 (+5.6% margin)	✅ **Boulogne-sur-Mer U1.5** 74.4% +14.3% (team) · buy≥1.44 (+7.0% margin)	✅ HIT — 1-1	
2026-09-04 20:00	FRA-L2	Ligue 2	Dunkerque v Clermont	U4.25 84.0% **−4.7%** · buy≥1.23 (+7.1% margin)	— none	✅ HIT — 1-1	❌ 12 74.9% +2.7% · buy≥1.40 · probation
2026-09-04 20:00	NED-ED	Eredivisie	Sparta v Zwolle	U4.25 83.7% +4.5% · buy≥1.31 (+7.6% margin)	❌ U3.75 67.7% +6.0% (floor −7.3) · buy≥1.41 (+3.8% margin)	✅ HIT — 2-2	❌ 12 77.2% +2.6% · buy≥1.36 · probation
2026-09-04 20:00	NED-D2	Eerste Divisie	Almere v Jong Ajax	O1.5 82.7% **+1.0%** · buy≥1.25 (+3.8% margin)	❌ **Almere O1.5** 65.8% +14.4% (team) · buy≥1.58 (+3.6% margin)	❌ MISS — 0-1	❌ DNB1 78.7% +21.0% · buy≥1.33 · probation
2026-09-04 20:00	NED-D2	Eerste Divisie	Emmen v Volendam	O1.5 84.0% +2.2% · buy≥1.25 (+4.8% margin)	✅ **Volendam O0.5** 82.5% +9.6% (team) · buy≥1.30 (+6.9% margin)	✅ HIT — 5-3	
2026-09-04 20:00	NED-D2	Eerste Divisie	Helmond Sport v VVV-Venlo	U4.25 83.2% +3.7% · buy≥1.32 (+7.5% margin)	❌ U3.75 67.0% +4.9% (floor −8.0) · buy≥1.42 (+3.7% margin)	❌ MISS — 4-2	
2026-09-04 20:00	NED-D2	Eerste Divisie	Heracles v De Graafschap	O1.5 84.0% +2.2% · buy≥1.21 (+4.7% margin)	✅ **Heracles O1.5** 67.0% +15.6% (team) · buy≥1.55 (+3.7% margin)	✅ HIT — 5-0	✅ 12 80.8% +4.0% · buy≥1.30 · probation
2026-09-04 20:00	NED-D2	Eerste Divisie	Waalwijk v NAC Breda	O1.5 84.2% +2.4% · buy≥1.24 (+4.9% margin)	✅ **Waalwijk O1.5** 59.4% +8.0% (team) · buy≥1.74 (+3.1% margin)	✅ HIT — 4-2	✅ 12 79.2% +2.3% · buy≥1.33 · probation
2026-09-04 20:00	NED-D2	Eerste Divisie	Vitesse v TOP Oss	O1.5 83.0% +1.2% · buy≥1.25 (+4.0% margin)	✅ O2.25 62.2% +1.9% (floor −12.8) · buy≥1.44 (+0.2% margin)	✅ HIT — 2-1	
2026-09-04 20:00	SAU-PL	Saudi Pro League	Al-Ahli v Al-Riyadh	O1.5 83.0% +3.3% · buy≥1.24 (+3.2% margin)	✅ **Al-Ahli O1.5** 63.0% +18.0% (team) · buy≥1.64 (+3.4% margin)	✅ HIT — 5-0	✅ DNB1 78.7% +23.2% · buy≥1.33 · probation
2026-09-04 20:00	SAU-PL	Saudi Pro League	Al-Shabab v Al-Hilal	O1.5 85.2% +5.5% · buy≥1.27 (+8.2% margin)	✅ **Al-Hilal O1.5** 69.3% +30.9% (team) · buy≥1.50 (+3.9% margin)	✅ HIT — 0-2	✅ 12 80.9% +2.8% · buy≥1.30 · probation
2026-09-04 20:00	PER-L1	Liga 1	Cajamarca v Cienciano	O1.5 76.0% +2.1% · buy≥1.38 (+5.1% margin)	✅ **Cajamarca O0.5** 82.3% +2.4% (team) · buy≥1.30 (+6.8% margin)	✅ HIT — 2-5	✅ 12 77.1% +2.4% · buy≥1.36 · probation
2026-09-04 20:30	ESP-L2	LaLiga 2	Las Palmas v Leganés	U3.0 76.3% **+0.0%** · buy≥1.43 (+1.0% margin)	— none	✅ HIT — 0-0	◦ DNB1 67.2% +3.8% · buy≥1.56 · probation
2026-09-04 20:30	GER-BL	Bundesliga	Stuttgart v Köln	O1.5 85.5% +2.8% · buy≥1.23 (+5.4% margin)	✅ **Stuttgart O1.5** 64.9% +14.4% (team) · buy≥1.60 (+3.6% margin)	✅ HIT — 4-1	✅ 12 80.3% +5.9% · buy≥1.31 · probation
2026-09-04 20:30	POL-EK	Ekstraklasa	Piast v GKS Katowice	O1.5 78.8% +2.7% · buy≥1.34 (+5.4% margin)	✅ O2.25 55.8% +3.8% (floor −22.2) · buy≥1.63 (+2.8% margin)	✅ HIT — 3-0	✅ 12 76.8% +4.2% · buy≥1.37 · probation
2026-09-04 20:45	ITA-SA	Serie A	Genoa v Como	U4.25 86.0% **−2.6%** · buy≥1.21 (+5.4% margin)	— none	❌ MISS — 1-4	
2026-09-04 20:45	BEL-PL	Pro League	Lommel v Club Brugge	O1.5 83.3% +7.0% · buy≥1.29 (+7.3% margin)	❌ **Club Brugge O1.5** 65.8% +31.2% (team) · buy≥1.57 (+3.6% margin)	❌ MISS — 0-1	✅ 12 80.7% +7.4% · buy≥1.30 · probation
2026-09-04 21:00	ENG-PL	Premier League	Ipswich v Liverpool	U4.25 84.5% +2.5% · buy≥1.26 (+4.9% margin)	✅ **Liverpool O0.5** 80.8% +6.2% (team) · buy≥1.30 (+5.3% margin)	✅ HIT — 0-2	
2026-09-04 21:00	NOR-EL	Eliteserien	Sandefjord v Viking	U4.25 81.8% +1.1% · buy≥1.30 (+4.2% margin)	✅ **Viking O0.5** 81.9% +9.9% (team) · buy≥1.31 (+7.6% margin)	✅ HIT — 1-1	
2026-09-04 21:00	ESP-LL	LaLiga	Real Betis v Real Madrid	O1.5 75.2% **+0.9%** · buy≥1.34 (+1.0% margin)	— none	❌ MISS — 1-0	
2026-09-04 21:05	FRA-L1	Ligue 1	PSG v AS Monaco	O1.5 81.8% +4.5% · buy≥1.33 (+8.8% margin)	❌ **PSG O1.5** 62.8% +18.3% (team) · buy≥1.65 (+3.4% margin)	✅ HIT — 1-2	✅ 12 79.7% +3.2% · buy≥1.32 · probation
2026-09-04 21:15	POR-PL	Liga Portugal	Porto v Moreirense	U4.25 84.2% **−2.0%** · buy≥1.24 (+6.0% margin)	✅ **Porto O1.5** 57.7% +15.1% (team) · buy≥1.79 (+3.0% margin)	✅ HIT — 2-1	✅ DNB1 80.3% +23.2% · buy≥1.31 · probation
2026-09-04 22:00	ALG-L1	Ligue 1	Kabylie v Rouissat	— no tip: engine abstained (thin history or an unresolved name)	—	FT 1-0 (no tip)	
2026-09-04 22:15	PER-L1	Liga 1	Alianza Atlético v UTC	U4.25 81.0% **−6.3%** · buy≥1.23 (+6.4% margin)	✅ **Alianza Atlético O1.5** 55.0% +7.5% (team) · buy≥1.87 (+2.8% margin)	❌ MISS — 3-2	✅ DNB1 77.1% +9.5% · buy≥1.36 · probation
2026-09-05 00:30	BRA-SB	Brasileirão Série B	Criciúma v Cuiabá	U3.0 84.9% +3.5% · buy≥1.29 (+5.2% margin)	✅ U2.75 66.5% +4.9% (floor −8.5) · buy≥1.42 (+3.7% margin)	✅ HIT — 2-0	
2026-09-05 01:30	MLS	MLS	New York City v Nashville	O1.5 80.7% **−0.8%** · buy≥1.29 (+6.1% margin)	❌ O2.25 61.0% +1.3% (floor −14.0) · buy≥1.47 (+0.1% margin)	❌ MISS — 0-0	
2026-09-05 01:30	BRA-SB	Brasileirão Série B	Athletic v Vila Nova	U3.0 83.0% +1.6% · buy≥1.32 (+4.3% margin)	❌ U2.75 63.8% +2.2% (floor −11.2) · buy≥1.42 (+0.3% margin)	❌ MISS — 5-0	
2026-09-05 02:30	BRA-SB	Brasileirão Série B	CRB v América-MG	O1.0 88.5% **−0.7%** · buy≥1.24 (+6.1% margin)	— none	✅ HIT — 3-1	✅ DNB1 72.7% +6.0% · buy≥1.44 · probation
2026-09-05 02:30	CHI-PD	Primera División	D. Concepción v Audax Italiano	U4.25 87.2% +1.8% · buy≥1.23 (+6.3% margin)	✅ **Audax Italiano U1.5** 74.6% +8.4% (team) · buy≥1.40 (+4.2% margin)	✅ HIT — 0-1	❌ DNB1 70.5% +11.3% · buy≥1.49 · probation
2026-09-05 12:00	JPN-J1	J1 League	Fukuoka v Mito Hollyhock	U4.25 89.6% +1.3% · buy≥1.18 (+4.7% margin)	✅ U3.75 76.5% +2.0% (floor −5.5) · buy≥1.23 (+1.0% margin)	✅ HIT — 1-1	◦ DNB1 68.2% +12.6% · buy≥1.54 · probation
2026-09-05 13:00	GER-B2	2. Bundesliga	Kaiserslautern v Darmstadt	U4.25 84.8% +3.8% · buy≥1.30 (+9.0% margin)	✅ U3.75 69.4% +5.4% (floor −5.6) · buy≥1.38 (+3.9% margin)	✅ HIT — 3-0	✅ DNB1 71.0% +12.3% · buy≥1.48 · probation
2026-09-05 13:00	GER-B2	2. Bundesliga	Kiel v Nürnberg	U4.25 81.3% **+0.3%** · buy≥1.31 (+4.2% margin)	— none	✅ HIT — 2-2	
2026-09-05 13:00	GER-B2	2. Bundesliga	Wolfsburg v Cottbus	U4.25 84.7% +3.8% · buy≥1.30 (+9.0% margin)	❌ **Cottbus U1.5** 75.4% +15.9% (team) · buy≥1.38 (+4.2% margin)	❌ MISS — 4-4	◦ DNB1 77.3% +18.7% · buy≥1.36 · probation
2026-09-05 13:00	CHN-SL	Super League	Three Towns v Qingdao West Coast	U4.25 80.5% +1.3% · buy≥1.30 (+2.6% margin)	❌ U3.75 63.4% +1.6% (floor −11.6) · buy≥1.45 (+0.3% margin)	✅ HIT — 2-2	
2026-09-05 13:30	ENG-PL	Premier League	Newcastle v Bournemouth	U4.25 82.0% **+0.0%** · buy≥1.28 (+2.9% margin)	— none	✅ HIT — 2-2	
2026-09-05 13:30	ENG-CH	Championship	Lincoln v Southampton	O1.5 79.6% +6.9% · buy≥1.36 (+8.5% margin)	✅ **Southampton O0.5** 82.7% +13.7% (team) · buy≥1.32 (+9.3% margin)	✅ HIT — 1-1	❌ 12 76.8% +3.0% · buy≥1.37 · probation
2026-09-05 13:30	ENG-CH	Championship	Preston v Blackburn	U3.0 76.2% +2.0% · buy≥1.47 (+2.8% margin)	— none	✅ HIT — 2-1	
2026-09-05 13:30	ENG-CH	Championship	Stoke v Charlton	U3.0 76.2% +2.0% · buy≥1.47 (+2.7% margin)	— none	❌ MISS — 4-0	
2026-09-05 13:35	CHN-SL	Super League	Dalian Yingbo v Hainiu	U4.25 81.6% +2.4% · buy≥1.29 (+3.4% margin)	✅ **Dalian Yingbo O1.5** 56.4% +5.7% (team) · buy≥1.82 (+2.9% margin)	✅ HIT — 2-1	✅ 12 78.4% +2.6% · buy≥1.34 · probation
2026-09-05 13:35	CHN-SL	Super League	Port v Guoan	O1.5 83.5% +1.5% · buy≥1.26 (+4.9% margin)	❌ **Guoan O0.5** 82.1% +9.3% (team) · buy≥1.30 (+7.1% margin)	❌ MISS — 0-0	
2026-09-05 14:00	FRA-L2	Ligue 2	Metz v Rodez	O1.5 78.2% +6.3% · buy≥1.39 (+9.0% margin)	✅ **Metz O0.5** 82.1% +8.8% (team) · buy≥1.34 (+10.0% margin)	✅ HIT — 4-1	✅ 12 77.5% +5.3% · buy≥1.35 · probation
2026-09-05 14:00	FRA-L2	Ligue 2	Reims v Guingamp	U4.25 84.1% **−4.6%** · buy≥1.23 (+7.1% margin)	✅ **Reims O0.5** 77.5% +4.2% (team) · buy≥1.40 (+8.8% margin)	✅ HIT — 2-2	◦ DNB1 72.9% +15.2% · buy≥1.44 · probation
2026-09-05 14:00	ESP-L2	LaLiga 2	Real Sociedad B v Tenerife	U3.0 76.3% **+0.0%** · buy≥1.33 (+1.0% margin)	✅ **Tenerife U1.5** 74.6% +3.2% (team) · buy≥1.35 (+0.9% margin)	✅ HIT — 1-1	
2026-09-05 14:00	CHN-SL	Super League	Taishan v Shenzhen	U4.25 82.9% +3.7% · buy≥1.32 (+7.8% margin)	❌ **Taishan O1.5** 67.2% +16.5% (team) · buy≥1.54 (+3.7% margin)	✅ HIT — 1-1	◦ DNB1 85.5% +24.7% · buy≥1.23 · probation
2026-09-05 14:45	POL-EK	Ekstraklasa	Widzew v Radomiak	U4.25 86.2% **+0.7%** · buy≥1.24 (+7.2% margin)	❌ **Widzew O0.5** 81.6% +2.9% (team) · buy≥1.30 (+6.1% margin)	✅ HIT — 0-0	◦ DNB1 74.5% +13.7% · buy≥1.41 · probation
2026-09-05 15:00	SWE-AL	Allsvenskan	Degerfors v Halmstad	U3.0 77.0% +9.8% · buy≥1.47 (+4.3% margin)	✅ **Halmstad U1.5** 73.9% +11.4% (team) · buy≥1.41 (+4.1% margin)	✅ HIT — 2-0	✅ 1X 74.6% +9.7% · buy≥1.41 · probation
2026-09-05 15:00	SWE-AL	Allsvenskan	GAIS v Häcken	U4.25 83.6% **+0.3%** · buy≥1.26 (+5.2% margin)	✅ U3.75 68.9% +1.7% (floor −6.1) · buy≥1.35 (+0.6% margin)	✅ HIT — 0-0	
2026-09-05 15:00	ITA-SA	Serie A	Fiorentina v Torino	U3.0 75.0% **+0.0%** · buy≥1.34 (+1.0% margin)	— none	✅ HIT — 1-2	
2026-09-05 15:00	ITA-SB	Serie B	Südtirol v Catanzaro	U3.0 75.5% **+0.2%** · buy≥1.48 (+1.8% margin)	❌ **Catanzaro O0.5** 81.3% +12.4% (team) · buy≥1.34 (+8.8% margin)	✅ HIT — 2-0	✅ 12 75.9% +8.2% · buy≥1.38 · probation
2026-09-05 15:30	GER-BL	Bundesliga	Leverkusen v Union Berlin	O1.5 85.5% +2.8% · buy≥1.23 (+5.4% margin)	✅ **Leverkusen O1.5** 63.5% +13.0% (team) · buy≥1.63 (+3.5% margin)	✅ HIT — 4-0	✅ 12 80.0% +5.6% · buy≥1.31 · probation
2026-09-05 15:30	GER-BL	Bundesliga	M'gladbach v Elversberg	U4.25 80.0% +1.7% · buy≥1.30 (+2.0% margin)	❌ U3.75 62.8% +2.2% (floor −12.2) · buy≥1.46 (+0.2% margin)	❌ MISS — 3-4	
2026-09-05 15:30	GER-BL	Bundesliga	Paderborn v Freiburg	U4.25 82.3% +3.9% · buy≥1.33 (+7.0% margin)	✅ U3.75 65.7% +5.1% (floor −9.3) · buy≥1.45 (+3.6% margin)	✅ HIT — 0-1	
2026-09-05 15:30	GER-BL	Bundesliga	Bremen v Leipzig	O1.5 83.5% **+0.8%** · buy≥1.25 (+4.6% margin)	❌ **Leipzig O1.5** 55.0% +13.6% (team) · buy≥1.87 (+2.8% margin)	✅ HIT — 3-1	✅ 12 77.1% +2.7% · buy≥1.36 · probation
2026-09-05 15:30	GER-BL	Bundesliga	Hoffenheim v Dortmund	U4.25 80.3% +1.9% · buy≥1.30 (+2.2% margin)	✅ **Dortmund O0.5** 82.8% +7.7% (team) · buy≥1.30 (+7.4% margin)	❌ MISS — 2-3	✅ 12 76.5% +2.1% · buy≥1.37 · probation
2026-09-05 16:00	ENG-PL	Premier League	Brentford v Sunderland	U4.25 83.1% +1.2% · buy≥1.27 (+3.8% margin)	✅ U3.75 66.9% +1.6% (floor −8.1) · buy≥1.38 (+0.5% margin)	✅ HIT — 1-1	
2026-09-05 16:00	ENG-PL	Premier League	Brighton v Leeds	U4.25 83.5% +1.6% · buy≥1.27 (+4.1% margin)	✅ U3.75 67.5% +2.1% (floor −7.5) · buy≥1.37 (+0.5% margin)	✅ HIT — 1-1	
2026-09-05 16:00	ENG-PL	Premier League	Fulham v Crystal Palace	U4.25 85.4% +3.4% · buy≥1.21 (+5.2% margin)	❌ **Crystal Palace U1.5** 75.4% +14.7% (team) · buy≥1.38 (+4.2% margin)	❌ MISS — 2-3	❌ DNB1 69.8% +12.5% · buy≥1.50 · probation
2026-09-05 16:00	ENG-PL	Premier League	Man City v Coventry	O1.5 82.5% +2.8% · buy≥1.25 (+3.4% margin)	❌ **Man City O1.5** 59.5% +10.7% (team) · buy≥1.73 (+3.2% margin)	❌ MISS — 1-0	✅ DNB1 76.1% +18.8% · buy≥1.38 · probation
2026-09-05 16:00	ENG-PL	Premier League	Nott'm Forest v Tottenham	U4.25 84.2% +2.2% · buy≥1.26 (+4.6% margin)	✅ **Tottenham U1.5** 74.2% +13.5% (team) · buy≥1.40 (+4.1% margin)	✅ HIT — 0-0	◦ DNB1 76.3% +19.1% · buy≥1.38 · probation
2026-09-05 16:00	ENG-CH	Championship	Burnley v Bristol City	O1.5 78.1% +5.4% · buy≥1.38 (+7.6% margin)	❌ **Burnley O1.5** 53.9% +12.9% (team) · buy≥1.91 (+2.6% margin)	✅ HIT — 1-2	❌ DNB1 72.6% +13.3% · buy≥1.45 · probation
2026-09-05 16:00	ENG-CH	Championship	Millwall v Bolton	U3.0 78.4% +4.2% · buy≥1.48 (+7.8% margin)	❌ U2.75 57.6% +5.1% (floor −17.4) · buy≥1.60 (+3.0% margin)	❌ MISS — 4-0	✅ DNB1 72.9% +13.5% · buy≥1.44 · probation
2026-09-05 16:00	ENG-CH	Championship	Portsmouth v Cardiff	U3.0 75.0% **+0.8%** · buy≥1.49 (+1.8% margin)	— none	✅ HIT — 2-0	✅ DNB1 67.5% +8.1% · buy≥1.56 · probation
2026-09-05 16:00	ENG-CH	Championship	QPR v Middlesbrough	U4.25 83.7% **−4.5%** · buy≥1.23 (+6.2% margin)	❌ O1.75 74.0% +1.3% (floor −1.0) · buy≥1.43 (+0.9% margin)	✅ HIT — 0-1	
2026-09-05 16:00	ENG-CH	Championship	Sheffield United v Norwich	O1.5 76.0% +3.2% · buy≥1.35 (+2.5% margin)	— none	✅ HIT — 1-3	✅ 12 76.0% +2.2% · buy≥1.38 · probation
2026-09-05 16:00	ENG-CH	Championship	West Brom v Watford	U3.0 79.2% +5.0% · buy≥1.47 (+8.4% margin)	✅ U2.75 58.6% +6.1% (floor −16.4) · buy≥1.58 (+3.1% margin)	✅ HIT — 1-0	✅ DNB1 71.5% +12.2% · buy≥1.47 · probation
2026-09-05 16:00	ENG-CH	Championship	West Ham v Derby	O1.5 80.9% +8.2% · buy≥1.35 (+8.9% margin)	✅ **West Ham O1.5** 65.9% +25.0% (team) · buy≥1.57 (+3.6% margin)	✅ HIT — 3-0	✅ 12 81.3% +7.6% · buy≥1.29 · probation
2026-09-05 16:00	NOR-EL	Eliteserien	Rosenborg v HamKam	O1.5 82.7% +1.9% · buy≥1.27 (+4.8% margin)	✅ **Rosenborg O1.5** 61.9% +13.1% (team) · buy≥1.67 (+3.4% margin)	✅ HIT — 4-0	✅ DNB1 80.3% +20.8% · buy≥1.31 · probation
2026-09-05 16:00	BEL-PL	Pro League	Charleroi v St. Gilloise	O1.5 76.4% **+0.1%** · buy≥1.32 (+1.0% margin)	— none	✅ HIT — 2-3	❌ DNB1 65.9% +7.0% · buy≥1.59 · probation
2026-09-05 16:00	TUR-SL	Trendyol Süper Lig	Erzurumspor v Konyaspor	U4.25 84.8% **+0.3%** · buy≥1.22 (+6.1% margin)	✅ U3.75 73.5% +4.7% (floor −8.5) · buy≥1.32 (+4.1% margin)	✅ HIT — 1-0	
2026-09-05 16:15	ESP-LL	LaLiga	Athletic Club v Atlético Madrid	O1.5 75.4% +1.1% · buy≥1.34 (+1.0% margin)	❌ **Atlético Madrid O0.5** 80.6% +11.9% (team) · buy≥1.33 (+7.5% margin)	✅ HIT — 3-0	✅ 12 76.0% +2.2% · buy≥1.38 · probation
2026-09-05 16:15	ESP-L2	LaLiga 2	Sp Gijon v Girona	U4.25 84.4% **−5.1%** · buy≥1.21 (+5.4% margin)	— none	✅ HIT — 0-2	
2026-09-05 16:30	NED-ED	Eredivisie	NEC v Feyenoord	U4.25 81.2% +2.0% · buy≥1.29 (+2.4% margin)	❌ U3.75 64.3% +2.6% (floor −10.7) · buy≥1.43 (+0.3% margin)	✅ HIT — 1-3	
2026-09-05 16:30	NED-D2	Eerste Divisie	Dordrecht v Jong AZ	O1.5 82.5% **+0.7%** · buy≥1.26 (+3.6% margin)	✅ **Jong AZ O1.5** 59.9% +19.2% (team) · buy≥1.72 (+3.2% margin)	✅ HIT — 3-6	
2026-09-05 16:30	POR-PL	Liga Portugal	Estrela v Famalicão	U4.25 84.1% **−2.1%** · buy≥1.22 (+5.9% margin)	❌ U3.75 73.7% +2.4% (floor −1.3) · buy≥1.27 (+0.9% margin)	✅ HIT — 2-2	
2026-09-05 17:15	FRA-L1	Ligue 1	Lens v Lorient	O1.5 81.7% +4.3% · buy≥1.33 (+8.7% margin)	❌ **Lens O1.5** 56.4% +11.9% (team) · buy≥1.82 (+2.9% margin)	❌ MISS — 0-1	✅ 12 78.8% +2.2% · buy≥1.33 · probation
2026-09-05 17:15	ITA-SB	Serie B	Ascoli v Benevento	U3.0 78.7% +3.4% · buy≥1.43 (+4.4% margin)	✅ **Benevento U1.5** 75.4% +7.3% (team) · buy≥1.39 (+5.0% margin)	✅ HIT — 1-0	✅ DNB1 68.6% +8.4% · buy≥1.53 · probation
2026-09-05 17:30	SWE-AL	Allsvenskan	Västerås SK v Sirius	O1.5 83.7% +5.3% · buy≥1.29 (+8.5% margin)	❌ **Sirius O1.5** 65.8% +28.3% (team) · buy≥1.58 (+3.6% margin)	❌ MISS — 0-1	✅ 12 80.3% +2.4% · buy≥1.31 · probation
2026-09-05 17:30	POL-EK	Ekstraklasa	Korona Kielce v Wisła Kraków	U4.25 83.9% **−1.6%** · buy≥1.29 (+6.7% margin)	✅ O1.75 77.8% +1.7% (floor −0.2) · buy≥1.41 (+5.2% margin)	✅ HIT — 1-1	❌ 12 74.7% +2.1% · buy≥1.41 · probation
2026-09-05 17:50	SAU-PL	Saudi Pro League	Al Faisaly v Al-Hazem	— no tip: engine abstained (thin history or an unresolved name)	—	FT 0-0 (no tip)	
2026-09-05 17:55	SAU-PL	Saudi Pro League	Al-Taawoun v Al-Fateh	U4.25 84.7% +2.8% · buy≥1.25 (+4.5% margin)	✅ U3.75 69.1% +3.8% (floor −5.9) · buy≥1.38 (+3.9% margin)	✅ HIT — 0-0	
2026-09-05 18:00	NOR-EL	Eliteserien	Brann v Lillestrøm	U4.25 83.3% +2.6% · buy≥1.28 (+5.1% margin)	❌ **Brann O1.5** 58.3% +9.4% (team) · buy≥1.77 (+3.1% margin)	✅ HIT — 1-2	❌ DNB1 76.1% +16.5% · buy≥1.38 · probation
2026-09-05 18:00	DEN-SL	Superliga	AGF v Silkeborg	O1.5 81.7% +1.2% · buy≥1.28 (+4.6% margin)	✅ **AGF O1.5** 68.1% +21.0% (team) · buy≥1.52 (+3.8% margin)	✅ HIT — 2-2	◦ DNB1 83.7% +27.0% · buy≥1.25 · probation
2026-09-05 18:00	ITA-SA	Serie A	Inter v Napoli	O1.5 72.0% **+0.0%** · buy≥1.26 (+0.8% margin)	✅ **Inter O0.5** 81.7% +8.5% (team) · buy≥1.30 (+6.4% margin)	✅ HIT — 3-2	✅ 12 76.8% +4.8% · buy≥1.37 · probation
2026-09-05 18:00	SUI-SL	Super League	Young Boys v Luzern	O1.5 83.5% +2.7% · buy≥1.20 (+5.2% margin)	✅ **Young Boys O1.5** 64.6% +14.6% (team) · buy≥1.60 (+3.6% margin)	✅ HIT — 3-3	❌ 12 81.6% +6.4% · buy≥1.29 · probation
2026-09-05 18:00	SUI-SL	Super League	Vaduz v Lausanne	U4.25 83.8% +3.0% · buy≥1.25 (+5.3% margin)	❌ U3.75 70.1% +6.4% (floor −4.9) · buy≥1.37 (+3.9% margin)	✅ HIT — 3-1	
2026-09-05 18:15	BEL-PL	Pro League	Mechelen v Westerlo	U4.25 85.7% **+0.4%** · buy≥1.21 (+5.2% margin)	❌ U3.75 74.3% +4.3% (floor −0.7) · buy≥1.30 (+4.2% margin)	✅ HIT — 0-4	✅ 12 75.4% +2.1% · buy≥1.39 · probation
2026-09-05 18:30	ENG-PL	Premier League	Hull v Aston Villa	U4.25 83.7% +1.7% · buy≥1.27 (+4.3% margin)	✅ U3.75 67.7% +2.4% (floor −7.3) · buy≥1.37 (+0.5% margin)	✅ HIT — 0-0	
2026-09-05 18:30	ESP-LL	LaLiga	Rayo Vallecano v Racing Santander	O1.5 79.8% +5.5% · buy≥1.34 (+6.8% margin)	✅ **Racing Santander O0.5** 81.4% +12.7% (team) · buy≥1.33 (+8.1% margin)	✅ HIT — 3-2	✅ 12 77.4% +3.7% · buy≥1.36 · probation
2026-09-05 18:30	ESP-L2	LaLiga 2	Ceuta v Celta Fortuna	— no tip: WITHDRAWN on reprice — engine abstained (thin history or an unresolved name)	—	FT 0-2 (no tip)	
2026-09-05 18:30	ESP-L2	LaLiga 2	Real Valladolid v Andorra	U4.25 84.2% **−5.2%** · buy≥1.19 (+5.4% margin)	✅ **Real Valladolid U1.5** 73.2% +14.6% (team) · buy≥1.42 (+4.1% margin)	✅ HIT — 1-0	❌ DNB2 66.6% +30.0% · buy≥1.58 · probation
2026-09-05 18:30	GER-BL	Bundesliga	Schalke v Bayern Munich	O1.5 86.8% +4.1% · buy≥1.24 (+9.1% margin)	❌ **Bayern Munich O1.5** 74.8% +33.4% (team) · buy≥1.39 (+4.2% margin)	❌ MISS — 0-0	❌ 12 82.9% +8.5% · buy≥1.27 · probation
2026-09-05 18:45	NED-ED	Eredivisie	Utrecht v Go Ahead Eagles	O1.5 83.4% +1.4% · buy≥1.25 (+4.1% margin)	✅ **Go Ahead Eagles O0.5** 82.6% +10.3% (team) · buy≥1.29 (+6.8% margin)	✅ HIT — 1-3	✅ 12 77.8% +3.2% · buy≥1.35 · probation
2026-09-05 19:00	POR-PL	Liga Portugal	Maritimo v Benfica	O1.5 83.3% +8.0% · buy≥1.31 (+9.1% margin)	✅ **Benfica O1.5** 64.8% +29.8% (team) · buy≥1.60 (+3.6% margin)	✅ HIT — 0-3	✅ 12 79.9% +5.8% · buy≥1.31 · probation
2026-09-05 19:00	POR-PL	Liga Portugal	Alverca v Braga	O1.5 76.5% +1.3% · buy≥1.33 (+1.9% margin)	— none	✅ HIT — 1-2	
2026-09-05 19:00	TUR-SL	Trendyol Süper Lig	Fenerbahçe v Beşiktaş	O1.5 81.3% +4.1% · buy≥1.34 (+8.6% margin)	✅ O2.25 59.5% +6.0% (floor −22.5) · buy≥1.55 (+3.2% margin)	✅ HIT — 1-2	✅ 12 77.4% +3.1% · buy≥1.36 · probation
2026-09-05 19:30	ITA-SB	Serie B	Carrarese v Empoli	U3.0 76.2% **+0.8%** · buy≥1.47 (+2.3% margin)	— none	✅ HIT — 0-1	✅ 12 73.5% +5.8% · buy≥1.43 · probation
2026-09-05 20:00	FRA-L2	Ligue 2	St Etienne v Montpellier	U4.25 84.2% **−4.5%** · buy≥1.26 (+7.1% margin)	✅ O1.75 75.0% +3.1% (floor −3.0) · buy≥1.46 (+4.2% margin)	✅ HIT — 3-1	
2026-09-05 20:00	NED-ED	Eredivisie	Ajax v PSV	O1.5 87.1% +5.1% · buy≥1.22 (+9.0% margin)	✅ **PSV O1.5** 55.3% +13.9% (team) · buy≥1.86 (+2.8% margin)	✅ HIT — 1-3	✅ 12 78.9% +4.3% · buy≥1.33 · probation
2026-09-05 20:00	ALG-L1	Ligue 1	Temouchent v Constantine	— no tip: engine abstained (thin history or an unresolved name)	—	FT 1-1 (no tip)	
2026-09-05 20:00	SAU-PL	Saudi Pro League	Al-Ittihad v Al-Nassr	O1.5 81.2% +1.5% · buy≥1.25 (+1.9% margin)	❌ **Al-Nassr O1.5** 56.2% +17.7% (team) · buy≥1.83 (+2.9% margin)	✅ HIT — 2-1	
2026-09-05 20:15	POL-EK	Ekstraklasa	Motor Lublin v Legia	U4.25 84.9% **−0.5%** · buy≥1.28 (+6.9% margin)	✅ **Legia O0.5** 79.2% +8.7% (team) · buy≥1.38 (+8.9% margin)	❌ MISS — 2-3	✅ 12 75.4% +2.8% · buy≥1.39 · probation
2026-09-05 20:30	GER-B2	2. Bundesliga	Dresden v Bochum	U4.25 83.8% +2.9% · buy≥1.28 (+5.4% margin)	✅ U3.75 67.9% +3.9% (floor −7.1) · buy≥1.41 (+3.8% margin)	✅ HIT — 1-2	
2026-09-05 20:30	SUI-SL	Super League	Grasshoppers v Zürich	U4.25 83.8% +3.0% · buy≥1.25 (+5.3% margin)	❌ U3.75 70.1% +6.4% (floor −4.9) · buy≥1.37 (+3.9% margin)	✅ HIT — 2-2	
2026-09-05 20:45	FRA-L1	Ligue 1	Le Havre v Brest	U4.25 83.3% **−1.1%** · buy≥1.23 (+5.8% margin)	✅ U3.75 72.2% +3.7% (floor −2.8) · buy≥1.33 (+4.0% margin)	✅ HIT — 1-2	❌ DNB1 68.8% +11.4% · buy≥1.53 · probation
2026-09-05 20:45	FRA-L1	Ligue 1	Nice v Le Mans	U4.25 83.2% **−1.2%** · buy≥1.22 (+5.7% margin)	✅ U3.75 73.5% +4.9% (floor −1.5) · buy≥1.32 (+4.1% margin)	✅ HIT — 1-1	
2026-09-05 20:45	ITA-SA	Serie A	Roma v Atalanta	U4.25 84.0% **−4.7%** · buy≥1.27 (+4.8% margin)	✅ **Roma O0.5** 80.1% +6.9% (team) · buy≥1.31 (+5.2% margin)	✅ HIT — 2-1	✅ DNB1 70.2% +14.4% · buy≥1.50 · probation
2026-09-05 20:45	BEL-PL	Pro League	St. Truiden v La Louvière	O1.5 76.9% **+0.6%** · buy≥1.31 (+1.1% margin)	✅ **St. Truiden O1.5** 53.5% +9.8% (team) · buy≥1.92 (+2.6% margin)	✅ HIT — 4-0	✅ DNB1 71.9% +13.0% · buy≥1.46 · probation
2026-09-05 20:45	BEL-PL	Pro League	Standard Liège v Royal Antwerp	O1.5 77.6% +1.3% · buy≥1.30 (+1.1% margin)	— none	❌ MISS — 1-0	
2026-09-05 21:00	ENG-CH	Championship	Swansea v Wrexham	O1.5 75.3% +2.6% · buy≥1.35 (+2.0% margin)	❌ **Swansea O0.5** 84.1% +7.1% (team) · buy≥1.30 (+9.7% margin)	❌ MISS — 0-0	◦ DNB1 74.6% +15.2% · buy≥1.41 · probation
2026-09-05 21:00	ESP-LL	LaLiga	Villarreal v Deportivo La Coruña	O1.5 79.5% +5.2% · buy≥1.34 (+6.6% margin)	✅ **Villarreal O1.5** 62.2% +19.9% (team) · buy≥1.66 (+3.4% margin)	✅ HIT — 2-3	❌ DNB1 77.5% +14.8% · buy≥1.36 · probation
2026-09-05 21:00	ESP-L2	LaLiga 2	Eldense v Mallorca	U3.0 76.3% **+0.0%** · buy≥1.38 (+1.0% margin)	— none	✅ HIT — 0-0	
2026-09-05 21:00	NED-ED	Eredivisie	Willem II v Excelsior	U4.25 80.0% **+0.8%** · buy≥1.30 (+1.5% margin)	✅ **Excelsior O1.5** 54.5% +13.1% (team) · buy≥1.88 (+2.7% margin)	✅ HIT — 0-3	✅ 12 78.0% +3.4% · buy≥1.35 · probation
2026-09-05 21:00	BRA-SA	Brasileirão	RB Bragantino v Bahia	U4.25 82.8% **−5.9%** · buy≥1.23 (+6.8% margin)	— none	❌ MISS — 2-3	
2026-09-05 21:00	BRA-SB	Brasileirão Série B	Goiás v Fortaleza	U3.0 83.0% +1.6% · buy≥1.32 (+4.3% margin)	✅ U2.75 63.8% +2.2% (floor −11.2) · buy≥1.42 (+0.3% margin)	✅ HIT — 0-1	
2026-09-05 21:00	BRA-SB	Brasileirão Série B	Novorizontino v Avaí	O1.0 88.5% **−0.7%** · buy≥1.22 (+6.1% margin)	✅ O1.75 66.4% +1.3% (floor −8.6) · buy≥1.64 (+0.5% margin)	✅ HIT — 3-1	
2026-09-05 21:00	COL-PA	Categoría Primera A	Boyacá Chicó v Once Caldas	U4.25 85.9% **−5.4%** · buy≥1.18 (+5.4% margin)	❌ **Once Caldas O0.5** 83.1% +21.7% (team) · buy≥1.29 (+7.4% margin)	✅ HIT — 2-0	✅ 12 76.1% +4.1% · buy≥1.38 · probation
2026-09-05 21:30	POR-PL	Primeira Liga	Sporting CP v Nacional	O1.5 80.5% +5.3% · buy≥1.35 (+8.4% margin)	✅ **Sporting CP O1.5** 55.4% +12.9% (team) · buy≥1.85 (+2.8% margin)	✅ HIT — 2-0	✅ DNB1 76.5% +19.4% · buy≥1.37 · probation
2026-09-05 22:00	ALG-L1	Ligue 1 Algeria	Chlef v Belouizdad	U4.25 89.1% **−4.3%** · buy≥1.15 (+6.9% margin)	— none	❌ MISS — 3-3	
2026-09-05 22:00	PER-L1	Liga 1	Sport Huancayo v Sport Boys	U4.25 81.1% **−6.2%** · buy≥1.24 (+6.5% margin)	— none	✅ HIT — 2-1	
2026-09-05 23:00	BRA-SB	Brasileirão Série B	Juventude v Atlético-GO	U3.0 82.2% **+0.8%** · buy≥1.33 (+3.7% margin)	❌ U2.75 62.7% +1.1% (floor −12.3) · buy≥1.44 (+0.2% margin)	❌ MISS — 2-2	
2026-09-05 23:30	BRA-SA	Brasileirão	São Paulo v Atlético-MG	U4.25 82.9% **−5.9%** · buy≥1.24 (+6.8% margin)	✅ O1.75 73.7% +1.9% (floor −1.3) · buy≥1.48 (+3.2% margin)	✅ HIT — 2-0	
2026-09-05 23:30	BRA-SB	Brasileirão Série B	Ceará v Sport Recife	U3.0 81.7% **+0.3%** · buy≥1.34 (+3.3% margin)	— none	✅ HIT — 2-1	
2026-09-05 23:30	CHI-PD	Primera División	Everton v Universidad Católica	O1.5 79.7% +3.5% · buy≥1.30 (+3.3% margin)	❌ O2.25 57.1% +5.0% (floor −20.9) · buy≥1.60 (+3.0% margin)	❌ MISS — 0-1	
2026-09-06 01:00	PER-L1	Liga 1	Cusco v Moquegua	U4.25 80.9% **−6.4%** · buy≥1.21 (+6.4% margin)	✅ **Moquegua U1.5** 74.6% +2.5% (team) · buy≥1.40 (+4.3% margin)	✅ HIT — 2-0	
2026-09-06 01:30	MLS	MLS	Charlotte v Houston	O1.5 80.7% **−0.7%** · buy≥1.30 (+6.1% margin)	— none	❌ MISS — 0-0	
2026-09-06 01:30	MLS	MLS	Columbus v Colorado	U4.25 80.7% **+0.8%** · buy≥1.32 (+6.1% margin)	✅ U3.75 65.3% +2.7% (floor −9.7) · buy≥1.41 (+0.4% margin)	✅ HIT — 3-0	
2026-09-06 01:30	MLS	MLS	Cincinnati v DC United	O1.5 80.5% **−0.9%** · buy≥1.27 (+6.1% margin)	❌ **Cincinnati O1.5** 66.7% +14.8% (team) · buy≥1.56 (+3.7% margin)	❌ MISS — 0-0	❌ 12 81.8% +6.7% · buy≥1.28 · probation
2026-09-06 01:30	MLS	MLS	Inter Miami v Atlanta	O1.5 80.5% **−0.9%** · buy≥1.27 (+6.1% margin)	✅ **Inter Miami O1.5** 72.8% +21.0% (team) · buy≥1.44 (+5.2% margin)	✅ HIT — 2-2	◦ DNB1 87.0% +26.5% · buy≥1.21 · probation
2026-09-06 01:30	MLS	MLS	Orlando v San Diego	O1.5 80.7% **−0.7%** · buy≥1.30 (+6.1% margin)	— none	❌ MISS — 1-0	✅ 12 77.7% +2.6% · buy≥1.35 · probation
2026-09-06 01:30	MLS	MLS	Philadelphia v Montréal	U4.25 79.9% **+0.0%** · buy≥1.36 (+5.9% margin)	✅ **Philadelphia O1.5** 56.0% +4.1% (team) · buy≥1.84 (+2.8% margin)	✅ HIT — 2-0	✅ 12 78.9% +3.8% · buy≥1.33 · probation
2026-09-06 01:30	MLS	MLS	Toronto v Chicago	O1.5 80.7% **−0.8%** · buy≥1.29 (+6.1% margin)	✅ **Chicago O0.5** 80.8% +7.3% (team) · buy≥1.36 (+9.5% margin)	✅ HIT — 4-4	❌ 12 77.2% +2.1% · buy≥1.36 · probation
2026-09-06 02:00	BRA-SA	Brasileirão	Fluminense v Vasco	U3.0 76.8% +1.6% · buy≥1.49 (+5.3% margin)	✅ **Vasco U1.5** 74.6% +3.1% (team) · buy≥1.39 (+4.0% margin)	✅ HIT — 1-0	✅ DNB1 73.6% +8.8% · buy≥1.43 · probation
2026-09-06 02:00	CHI-PD	Primera División	Universidad de Chile v Coquimbo Unido	O1.5 78.4% +2.2% · buy≥1.30 (+2.3% margin)	✅ O2.25 55.2% +3.1% (floor −22.8) · buy≥1.59 (−0.4% margin)	✅ HIT — 4-2	✅ DNB1 69.2% +10.0% · buy≥1.52 · probation
2026-09-06 02:30	MLS	MLS	Austin v San Jose	U4.25 80.8% **+0.9%** · buy≥1.34 (+6.1% margin)	✅ U3.75 64.1% +1.5% (floor −10.9) · buy≥1.43 (+0.3% margin)	✅ HIT — 1-1	
2026-09-06 02:30	MLS	MLS	Dallas v Kansas City	U4.25 80.4% **+0.4%** · buy≥1.35 (+6.0% margin)	✅ **Dallas O1.5** 61.3% +9.5% (team) · buy≥1.69 (+3.3% margin)	❌ MISS — 4-3	✅ DNB1 81.5% +21.0% · buy≥1.29 · probation
2026-09-06 02:30	MLS	MLS	Seattle v NY Red Bulls	U4.25 80.7% **+0.8%** · buy≥1.33 (+6.1% margin)	✅ U3.75 64.5% +1.8% (floor −10.5) · buy≥1.43 (+0.3% margin)	✅ HIT — 0-0	
2026-09-06 03:20	COL-PA	Categoría Primera A	Junior Barranquilla v Jaguares	U4.25 85.9% **−5.4%** · buy≥1.16 (+5.4% margin)	— none	❌ MISS — 3-3	◦ DNB1 70.3% +6.1% · buy≥1.49 · probation
2026-09-06 03:30	MLS	MLS	LA Galaxy v New England	U4.25 80.7% **+0.8%** · buy≥1.32 (+6.1% margin)	✅ U3.75 65.3% +2.7% (floor −9.7) · buy≥1.41 (+0.4% margin)	✅ HIT — 2-1	
2026-09-06 03:30	MLS	MLS	Salt Lake v LAFC	O1.5 80.7% **−0.7%** · buy≥1.30 (+6.1% margin)	— none	✅ HIT — 2-2	
2026-09-06 03:30	PER-L1	Liga 1	Universitario v Comerciantes Unidos	O1.5 76.5% +2.7% · buy≥1.38 (+5.3% margin)	— none	✅ HIT — 2-2	
2026-09-06 04:30	MLS	MLS	Portland v Minnesota	O1.5 80.7% **−0.7%** · buy≥1.30 (+6.1% margin)	✅ **Portland O1.5** 55.2% +3.4% (team) · buy≥1.80 (−0.4% margin)	✅ HIT — 5-4	✅ DNB1 72.5% +11.9% · buy≥1.45 · probation
2026-09-06 04:30	MLS	MLS	Vancouver v St. Louis	O1.5 80.6% **−0.8%** · buy≥1.29 (+6.1% margin)	✅ O2.25 61.1% +1.4% (floor −13.9) · buy≥1.46 (+0.1% margin)	✅ HIT — 1-3	
2026-09-06 11:00	JPN-J1	J1 League	Okayama v Sanfrecce	U4.25 83.3% **−5.0%** · buy≥1.24 (+1.4% margin)	✅ O1.75 78.4% +5.9% (floor −3.6) · buy≥1.38 (+4.4% margin)	❌ MISS — 3-2	
2026-09-03 04:00	MLS	MLS	Vancouver v Montréal	O1.5 80.7% **−0.7%** · buy≥1.30 (+6.1% margin)	❌ **Vancouver O1.5** 60.9% +9.1% (team) · buy≥1.70 (+3.3% margin)	✅ HIT — 1-1	◦ DNB1 77.0% +16.4% · buy≥1.36 · probation
2026-09-06 11:00	JPN-J1	J1 League	JEF United Chiba v Gamba Osaka	U4.25 87.6% **−0.7%** · buy≥1.19 (+3.3% margin)	❌ **Gamba Osaka O1.5** 57.7% +24.9% (team) · buy≥1.79 (+3.0% margin)	✅ HIT — 2-0	✅ 12 77.4% +4.0% · buy≥1.36 · probation
2026-09-06 11:00	JPN-J1	J1 League	Kashima v Urawa Reds	U4.25 86.5% **−1.8%** · buy≥1.20 (+2.5% margin)	❌ **Kashima O0.5** 80.7% +6.4% (team) · buy≥1.30 (+4.5% margin)	✅ HIT — 0-1	✅ 12 76.3% +2.9% · buy≥1.38 · probation
2026-09-06 11:00	JPN-J1	J1 League	Nagoya v Machida Zelvia	U4.25 83.3% **−5.0%** · buy≥1.24 (+1.3% margin)	✅ **Machida Zelvia O0.5** 80.7% +11.6% (team) · buy≥1.29 (+4.5% margin)	✅ HIT — 1-3	✅ 12 76.2% +2.8% · buy≥1.38 · probation
2026-09-06 12:00	JPN-J1	J1 League	Cerezo Osaka v Tokyo Verdy	U4.25 88.3% **+0.0%** · buy≥1.19 (+3.8% margin)	❌ **Cerezo Osaka O0.5** 82.2% +7.9% (team) · buy≥1.27 (+4.5% margin)	✅ HIT — 0-0	◦ DNB1 78.7% +23.1% · buy≥1.33 · probation
2026-09-06 12:00	JPN-J1	J1 League	Kashiwa v Yokohama FM	U4.25 86.0% **−2.3%** · buy≥1.20 (+2.2% margin)	✅ O1.75 75.5% +3.0% (floor −6.5) · buy≥1.40 (+1.0% margin)	✅ HIT — 0-2	
2026-09-06 12:00	JPN-J1	J1 League	Kawasaki v Shimizu	U4.25 89.3% +1.0% · buy≥1.18 (+4.5% margin)	✅ **Shimizu U1.5** 72.4% +5.2% (team) · buy≥1.44 (+4.0% margin)	✅ HIT — 3-1	✅ DNB1 70.5% +15.0% · buy≥1.49 · probation
2026-09-06 12:00	JPN-J1	J1 League	Vissel Kobe v Nagasaki	U4.25 89.5% +1.2% · buy≥1.18 (+4.7% margin)	❌ U3.75 76.4% +1.9% (floor −5.6) · buy≥1.24 (+1.0% margin)	✅ HIT — 3-1	✅ DNB1 69.4% +13.8% · buy≥1.51 · probation
2026-09-06 12:15	NED-ED	Eredivisie	Groningen v Twente	O1.5 84.1% +2.1% · buy≥1.24 (+4.6% margin)	✅ **Groningen O1.5** 54.0% +4.1% (team) · buy≥1.90 (+2.7% margin)	✅ HIT — 2-2	❌ 12 77.8% +3.2% · buy≥1.35 · probation
2026-09-06 12:30	JPN-J1	J1 League	FC Tokyo v Kyoto Sanga	U4.25 88.3% **−0.1%** · buy≥1.19 (+3.8% margin)	✅ **FC Tokyo O0.5** 82.2% +7.9% (team) · buy≥1.27 (+4.5% margin)	✅ HIT — 2-0	✅ 12 76.9% +3.5% · buy≥1.37 · probation
2026-09-06 13:00	ENG-CH	Championship	Birmingham v Wolves	O1.5 75.7% +3.0% · buy≥1.35 (+2.3% margin)	— none	✅ HIT — 2-2	
2026-09-06 13:00	CHN-SL	Chinese Super League	Chongqing Tongliang Long v Shanghai Shenhua	U4.25 81.4% +2.2% · buy≥1.30 (+3.3% margin)	❌ U3.75 64.6% +2.8% (floor −10.4) · buy≥1.42 (+0.3% margin)	✅ HIT — 1-3	
2026-09-06 13:30	BEL-PL	Pro League	Cercle Brugge v Gent	U4.25 85.6% **+0.3%** · buy≥1.25 (+5.2% margin)	— none	✅ HIT — 0-3	❌ DNB1 74.1% +15.2% · buy≥1.42 · probation
2026-09-06 13:30	GER-B2	2. Bundesliga	Hertha v Magdeburg	O1.5 80.9% **+0.4%** · buy≥1.28 (+3.9% margin)	— none	✅ HIT — 2-1	
2026-09-06 13:30	GER-B2	2. Bundesliga	Fürth v Heidenheim	O1.5 84.1% +3.5% · buy≥1.29 (+8.8% margin)	❌ **Heidenheim O1.5** 53.3% +12.9% (team) · buy≥1.92 (+2.6% margin)	❌ MISS — 0-1	✅ 12 78.0% +3.1% · buy≥1.35 · probation
2026-09-06 13:30	GER-B2	2. Bundesliga	Osnabrück v Braunschweig	U4.25 84.6% +3.6% · buy≥1.31 (+9.0% margin)	❌ U3.75 69.0% +5.0% (floor −6.0) · buy≥1.39 (+3.8% margin)	✅ HIT — 3-1	
2026-09-06 13:35	CHN-SL	Chinese Super League	Henan v Chengdu	U4.25 80.5% +1.2% · buy≥1.30 (+2.5% margin)	✅ U3.75 63.3% +1.6% (floor −11.7) · buy≥1.45 (+0.3% margin)	✅ HIT — 0-0	
2026-09-06 13:35	CHN-SL	Chinese Super League	Yunnan Yukun v Liaoning Tieren	O1.5 83.7% +1.8% · buy≥1.25 (+5.0% margin)	❌ **Liaoning Tieren O0.5** 82.1% +9.3% (team) · buy≥1.30 (+7.1% margin)	✅ HIT — 5-0	✅ 12 78.5% +2.6% · buy≥1.34 · probation
2026-09-06 14:00	DEN-SL	Superliga	Sønderjyske v Horsens	U4.25 85.1% +4.1% · buy≥1.30 (+9.1% margin)	❌ U3.75 69.9% +6.0% (floor −5.1) · buy≥1.37 (+3.9% margin)	❌ MISS — 2-5	
2026-09-06 14:00	SWE-AL	Allsvenskan	Örgryte v Hammarby	O1.5 81.3% +2.9% · buy≥1.28 (+3.7% margin)	❌ **Hammarby O1.5** 54.9% +17.4% (team) · buy≥1.87 (+2.7% margin)	✅ HIT — 1-1	
2026-09-06 14:00	ESP-L2	LaLiga 2	Eibar v Granada	U3.0 76.3% **+0.0%** · buy≥1.41 (+1.0% margin)	— none	✅ HIT — 3-0	✅ DNB1 70.1% +6.6% · buy≥1.50 · probation
2026-09-06 14:00	CHN-SL	Chinese Super League	Tianjin Jinmen Tiger v Zhejiang	U4.25 81.5% +2.2% · buy≥1.29 (+3.3% margin)	✅ U3.75 64.7% +2.9% (floor −10.3) · buy≥1.42 (+0.3% margin)	✅ HIT — 2-1	✅ DNB1 73.4% +12.7% · buy≥1.43 · probation
2026-09-06 14:00	SUI-SL	Super League	Servette v St. Gallen	O1.5 83.2% +2.4% · buy≥1.26 (+5.1% margin)	❌ **Servette O1.5** 55.4% +5.4% (team) · buy≥1.85 (+2.8% margin)	✅ HIT — 0-2	✅ 12 78.1% +2.9% · buy≥1.34 · probation
2026-09-06 14:30	NED-ED	Eredivisie	Heerenveen v AZ	U4.25 80.9% +1.7% · buy≥1.29 (+2.2% margin)	❌ U3.75 63.8% +2.1% (floor −11.2) · buy≥1.44 (+0.3% margin)	❌ MISS — 2-3	
2026-09-06 14:30	NED-ED	Eredivisie	Telstar v Cambuur	U4.25 82.6% +3.3% · buy≥1.28 (+3.5% margin)	✅ **Telstar O1.5** 63.0% +13.1% (team) · buy≥1.64 (+3.4% margin)	✅ HIT — 2-2	◦ DNB1 83.1% +24.2% · buy≥1.26 · probation
2026-09-06 14:45	POL-EK	Ekstraklasa	Cracovia v Górnik	U4.25 86.2% **+0.7%** · buy≥1.24 (+7.2% margin)	✅ U3.75 72.7% +2.5% (floor −5.3) · buy≥1.29 (+1.3% margin)	✅ HIT — 0-1	
2026-09-06 15:00	ENG-PL	Premier League	Everton v Man United	O1.5 81.0% +1.3% · buy≥1.26 (+2.2% margin)	✅ O2.25 59.1% +2.0% (floor −15.9) · buy≥1.51 (−0.1% margin)	✅ HIT — 2-2	
2026-09-06 15:00	ITA-SA	Serie A	Frosinone v Venezia	U4.25 85.8% **−2.8%** · buy≥1.18 (+5.4% margin)	❌ **Venezia U1.5** 75.4% +9.5% (team) · buy≥1.38 (+4.2% margin)	❌ MISS — 3-2	✅ DNB1 71.3% +15.5% · buy≥1.47 · probation
2026-09-06 15:00	ITA-SA	Serie A	Parma v Monza	U3.0 75.0% **+0.0%** · buy≥1.28 (+1.0% margin)	✅ **Monza U1.5** 75.4% +9.5% (team) · buy≥1.38 (+4.2% margin)	✅ HIT — 1-1	✅ 1X 74.3% +6.1% · buy≥1.41 · probation
2026-09-06 15:00	ITA-SB	Serie B	Cesena v Mantova	U3.0 73.7% **−1.6%** · buy≥1.52 (+0.9% margin)	✅ O1.75 73.2% +1.5% (floor −1.8) · buy≥1.46 (+0.9% margin)	✅ HIT — 1-1	❌ 12 74.7% +7.0% · buy≥1.41 · probation
2026-09-06 15:00	ITA-SB	Serie B	Juve Stabia v Pisa	O1.5 75.4% +3.7% · buy≥1.39 (+4.9% margin)	— none	❌ MISS — 0-0	❌ 12 75.0% +7.3% · buy≥1.40 · probation
2026-09-06 15:00	ITA-SB	Serie B	Modena v Avellino	U3.0 75.8% **+0.5%** · buy≥1.47 (+2.0% margin)	— none	✅ HIT — 0-1	✅ 12 72.2% +4.5% · buy≥1.45 · probation
2026-09-06 15:00	ITA-SB	Serie B	Entella v Vicenza	U3.0 76.3% **+1.0%** · buy≥1.47 (+2.4% margin)	❌ U2.75 55.0% +1.2% (floor −20.0) · buy≥1.62 (−0.4% margin)	❌ MISS — 2-2	
2026-09-06 15:30	GER-BL	Bundesliga	Hamburg v Mainz	U4.25 79.7% +1.4% · buy≥1.31 (+1.7% margin)	✅ **Mainz O0.5** 81.3% +6.2% (team) · buy≥1.31 (+6.2% margin)	❌ MISS — 0-5	
2026-09-06 16:00	DEN-SL	Superliga	Odense v København	O1.5 84.9% +4.3% · buy≥1.24 (+9.0% margin)	✅ **København O1.5** 77.7% +34.0% (team) · buy≥1.35 (+4.7% margin)	✅ HIT — 0-5	✅ DNB2 82.0% +38.7% · buy≥1.28 · probation
2026-09-06 16:00	BEL-PL	Pro League	Kortrijk v Zulte Waregem	U4.25 85.8% **+0.5%** · buy≥1.24 (+5.3% margin)	— none	✅ HIT — 0-2	
2026-09-06 16:00	TUR-SL	Süper Lig	Çorum v Eyüpspor	— no tip: engine abstained (thin history or an unresolved name)	—	FT 3-0 (no tip)	
2026-09-06 16:00	TUR-SL	Süper Lig	Kasımpaşa v Amed	— no tip: engine abstained (thin history or an unresolved name)	—	FT 2-2 (no tip)	
2026-09-06 16:00	BRA-SA	Brasileirão	Coritiba v Mirassol	U3.0 76.1% **+1.0%** · buy≥1.51 (+5.1% margin)	— none	✅ HIT — 1-2	
2026-09-06 16:00	BRA-SB	Brasileirão Série B	Londrina v Operário-PR	O1.0 88.5% **−0.7%** · buy≥1.23 (+6.1% margin)	— none	✅ HIT — 1-2	
2026-09-06 16:15	ESP-LL	LaLiga	Valencia v Barcelona	O1.5 77.2% +3.0% · buy≥1.31 (+1.5% margin)	— none	✅ HIT — 0-5	
2026-09-06 16:15	ESP-L2	LaLiga 2	Real Oviedo v Burgos	U3.0 76.3% **+0.0%** · buy≥1.39 (+1.0% margin)	✅ **Burgos U1.5** 75.4% +4.0% (team) · buy≥1.38 (+4.2% margin)	✅ HIT — 0-0	
2026-09-06 16:30	SWE-AL	Allsvenskan	Brommapojkarna v Elfsborg	U4.25 83.6% **+0.3%** · buy≥1.26 (+5.2% margin)	✅ U3.75 69.0% +1.8% (floor −6.0) · buy≥1.34 (+0.6% margin)	✅ HIT — 2-1	
2026-09-06 16:30	POR-PL	Primeira Liga	Santa Clara v Rio Ave	U3.0 76.6% +5.4% · buy≥1.50 (+5.3% margin)	✅ **Rio Ave U1.5** 74.3% +9.3% (team) · buy≥1.40 (+4.2% margin)	❌ MISS — 4-0	✅ DNB1 70.2% +13.1% · buy≥1.50 · probation
2026-09-06 16:30	SUI-SL	Super League	Basel v Lugano	O1.5 82.8% +2.0% · buy≥1.27 (+5.0% margin)	✅ **Lugano O1.5** 55.0% +18.5% (team) · buy≥1.87 (+2.8% margin)	✅ HIT — 1-3	✅ 12 77.8% +2.6% · buy≥1.35 · probation
2026-09-06 16:30	SUI-SL	Super League	Sion v Thun	O1.5 81.9% +1.1% · buy≥1.28 (+4.5% margin)	✅ **Sion O1.5** 69.0% +19.0% (team) · buy≥1.51 (+3.8% margin)	✅ HIT — 3-2	✅ DNB1 81.5% +21.1% · buy≥1.29 · probation
2026-09-06 16:45	NED-ED	Eredivisie	ADO Den Haag v Fortuna Sittard	U4.25 83.3% +4.0% · buy≥1.31 (+7.3% margin)	✅ **Fortuna Sittard O0.5** 80.0% +7.7% (team) · buy≥1.31 (+4.8% margin)	❌ MISS — 2-3	
2026-09-06 16:45	NED-D2	Eerste Divisie	MVV v Roda	U4.25 83.3% +3.8% · buy≥1.31 (+7.6% margin)	✅ U3.75 67.2% +5.1% (floor −7.8) · buy≥1.42 (+3.7% margin)	✅ HIT — 1-1	
2026-09-06 17:00	NOR-EL	Eliteserien	Molde v KFUM Oslo	U4.25 80.7% **+0.0%** · buy≥1.31 (+3.3% margin)	✅ **Molde O1.5** 55.6% +6.8% (team) · buy≥1.85 (+2.8% margin)	✅ HIT — 2-0	✅ DNB1 73.9% +14.4% · buy≥1.42 · probation
2026-09-06 17:00	NOR-EL	Eliteserien	Sarpsborg 08 v Vålerenga	O1.5 81.3% **+0.5%** · buy≥1.28 (+3.8% margin)	— none	✅ HIT — 2-2	
2026-09-06 17:15	FRA-L1	Ligue 1	Angers v Rennes	O1.5 78.3% +1.0% · buy≥1.32 (+3.5% margin)	✅ **Rennes O1.5** 57.7% +21.2% (team) · buy≥1.79 (+3.0% margin)	✅ HIT — 1-2	
2026-09-06 15:00	FRA-L1	Ligue 1	Troyes v Strasbourg	U4.25 83.5% **−0.8%** · buy≥1.27 (+5.8% margin)	✅ **Strasbourg O0.5** 83.5% +14.1% (team) · buy≥1.31 (+9.2% margin)	❌ MISS — 2-6	
2026-09-06 17:15	ITA-SB	Serie B	Verona v Arezzo	U3.0 73.8% **−1.6%** · buy≥1.52 (+0.9% margin)	✅ O1.75 73.1% +1.4% (floor −1.9) · buy≥1.46 (+0.9% margin)	❌ MISS — 5-0	✅ 12 74.6% +6.9% · buy≥1.41 · probation
2026-09-06 17:30	ENG-PL	Premier League	Arsenal v Chelsea	U4.25 83.1% +1.1% · buy≥1.27 (+3.8% margin)	✅ **Chelsea U1.5** 71.3% +10.6% (team) · buy≥1.46 (+4.0% margin)	✅ HIT — 2-1	✅ DNB1 78.3% +21.0% · buy≥1.34 · probation
2026-09-06 17:30	GER-BL	Bundesliga	Frankfurt v Augsburg	O1.5 83.2% **+0.5%** · buy≥1.25 (+4.4% margin)	❌ **Frankfurt O1.5** 55.8% +5.3% (team) · buy≥1.84 (+2.8% margin)	✅ HIT — 1-4	✅ 12 78.1% +3.7% · buy≥1.34 · probation
2026-09-06 17:30	POL-EK	Ekstraklasa	Lech v Raków	O1.5 82.3% +6.2% · buy≥1.33 (+9.7% margin)	❌ **Lech O1.5** 56.0% +10.4% (team) · buy≥1.84 (+2.8% margin)	❌ MISS — 1-0	✅ 12 78.1% +5.5% · buy≥1.34 · probation
2026-09-06 17:30	CHI-PD	Primera División	La Serena v Ñublense	O1.5 78.2% +2.0% · buy≥1.31 (+2.1% margin)	✅ **La Serena O0.5** 80.4% +3.0% (team) · buy≥1.29 (+3.8% margin)	✅ HIT — 2-1	
2026-09-06 18:00	DEN-SL	Superliga	Brøndby v Randers	U4.25 84.0% +3.0% · buy≥1.28 (+5.5% margin)	✅ U3.75 68.1% +4.1% (floor −6.9) · buy≥1.40 (+3.8% margin)	✅ HIT — 0-3	❌ DNB1 77.4% +20.7% · buy≥1.36 · probation
2026-09-06 18:00	ITA-SA	Serie A	Bologna v Sassuolo	U4.25 85.8% **−2.8%** · buy≥1.18 (+5.4% margin)	— none	✅ HIT — 2-2	
2026-09-06 18:00	PER-L1	Liga 1	Sporting Cristal v Los Chankas	U4.25 81.1% **−6.2%** · buy≥1.25 (+6.5% margin)	✅ **Sporting Cristal O1.5** 56.2% +8.7% (team) · buy≥1.83 (+2.9% margin)	❌ MISS — 5-0	✅ DNB1 74.6% +7.0% · buy≥1.41 · probation
2026-09-06 18:30	ESP-LL	LaLiga	Alavés v Osasuna	U4.25 84.8% **−2.1%** · buy≥1.22 (+5.8% margin)	❌ U3.75 73.6% +1.2% (floor −1.4) · buy≥1.27 (+0.9% margin)	❌ MISS — 5-2	✅ DNB1 70.8% +8.2% · buy≥1.48 · probation
2026-09-06 18:30	ESP-LL	LaLiga	Málaga v Levante	U3.0 75.3% +2.9% · buy≥1.47 (+1.0% margin)	— none	✅ HIT — 0-0	
2026-09-06 18:30	ESP-L2	LaLiga 2	Castellón v Albacete	O1.5 70.7% **+0.0%** · buy≥1.33 (+0.7% margin)	✅ **Castellón O0.5** 81.2% +4.8% (team) · buy≥1.32 (+7.2% margin)	✅ HIT — 2-0	✅ 12 76.6% +4.5% · buy≥1.37 · probation
2026-09-06 18:30	BEL-PL	Pro League	Anderlecht v Genk	O1.5 79.3% +3.0% · buy≥1.28 (+1.2% margin)	❌ **Genk O0.5** 82.5% +13.3% (team) · buy≥1.29 (+6.7% margin)	❌ MISS — 0-0	❌ 12 76.3% +3.0% · buy≥1.38 · probation
2026-09-06 19:00	POR-PL	Primeira Liga	Vitória Guimarães v Casa Pia	U3.0 78.1% +6.8% · buy≥1.47 (+6.5% margin)	✅ **Casa Pia U1.5** 74.5% +9.5% (team) · buy≥1.40 (+4.2% margin)	✅ HIT — 0-0	◦ DNB1 71.4% +14.2% · buy≥1.47 · probation
2026-09-06 19:00	TUR-SL	Süper Lig	Kocaelispor v Samsunspor	U4.25 84.9% **+0.4%** · buy≥1.24 (+6.2% margin)	✅ U3.75 72.4% +3.6% (floor −9.6) · buy≥1.33 (+4.0% margin)	✅ HIT — 1-0	
2026-09-06 19:00	TUR-SL	Süper Lig	Trabzonspor v Gençlerbirliği	U4.25 84.9% **+0.3%** · buy≥1.23 (+6.1% margin)	❌ U3.75 73.3% +4.5% (floor −8.7) · buy≥1.32 (+4.1% margin)	❌ MISS — 5-0	✅ DNB1 67.4% +5.5% · buy≥1.56 · probation
2026-09-06 19:15	NOR-EL	Eliteserien	Kristiansund v Tromsø	U4.25 81.3% **+0.6%** · buy≥1.30 (+3.8% margin)	❌ **Tromsø O0.5** 80.1% +8.1% (team) · buy≥1.33 (+6.1% margin)	✅ HIT — 2-0	
2026-09-06 19:15	BEL-PL	Pro League	Beveren v OH Leuven	U3.0 76.5% +6.5% · buy≥1.49 (+4.3% margin)	❌ U2.75 55.2% +7.5% (floor −19.8) · buy≥1.66 (+2.8% margin)	✅ HIT — 3-0	
2026-09-06 19:30	ITA-SB	Serie B	Cremonese v Padova	U3.0 75.0% **−0.3%** · buy≥1.49 (+1.3% margin)	— none	❌ MISS — 3-1	✅ DNB1 71.8% +11.6% · buy≥1.46 · probation
2026-09-06 19:45	CHI-PD	Primera División	O'Higgins v Unión La Calera	U4.25 87.0% +1.7% · buy≥1.21 (+6.3% margin)	✅ U3.75 75.2% +5.2% (floor −2.8) · buy≥1.29 (+4.2% margin)	✅ HIT — 2-1	✅ DNB1 69.1% +9.8% · buy≥1.52 · probation
2026-09-06 20:15	POL-EK	Ekstraklasa	Jagiellonia v Śląsk	U4.25 86.3% **+0.8%** · buy≥1.26 (+7.3% margin)	✅ U3.75 71.7% +1.5% (floor −6.3) · buy≥1.30 (+0.8% margin)	✅ HIT — 2-1	✅ DNB1 70.6% +9.8% · buy≥1.49 · probation
2026-09-06 20:30	PER-L1	Liga 1	Deportivo Garcilaso v Atlético Grau	U4.25 81.0% **−6.3%** · buy≥1.23 (+6.4% margin)	❌ **Atlético Grau U1.5** 75.4% +3.3% (team) · buy≥1.39 (+4.9% margin)	❌ MISS — 4-2	
2026-09-06 20:45	FRA-L1	Ligue 1	Marseille v Paris FC	O1.5 79.6% +2.3% · buy≥1.31 (+4.4% margin)	✅ O2.25 57.0% +3.3% (floor −18.0) · buy≥1.55 (−0.3% margin)	✅ HIT — 2-3	
2026-09-06 20:45	ITA-SA	Serie A	Juventus v Milan	U4.25 85.8% **−2.8%** · buy≥1.17 (+5.4% margin)	✅ **Milan U1.5** 74.1% +8.2% (team) · buy≥1.40 (+4.1% margin)	✅ HIT — 1-1	◦ DNB1 70.0% +14.2% · buy≥1.50 · probation
2026-09-06 21:00	ESP-LL	LaLiga	Espanyol v Sevilla	U4.25 84.8% **−2.2%** · buy≥1.21 (+5.8% margin)	✅ U3.75 74.1% +1.7% (floor −0.9) · buy≥1.27 (+0.9% margin)	✅ HIT — 1-1	
2026-09-06 21:00	ESP-L2	LaLiga 2	Almería v Cádiz	U4.25 84.4% **−5.1%** · buy≥1.21 (+5.4% margin)	✅ **Almería O1.5** 56.0% +14.5% (team) · buy≥1.84 (+2.8% margin)	❌ MISS — 3-2	✅ DNB1 78.0% +14.6% · buy≥1.35 · probation
2026-09-06 21:00	BRA-SA	Brasileirão	Cruzeiro v Athletico-PR	U3.0 77.8% +2.7% · buy≥1.47 (+5.5% margin)	❌ U2.75 56.9% +3.2% (floor −18.1) · buy≥1.57 (−0.3% margin)	❌ MISS — 3-1	
2026-09-06 21:00	BRA-SA	Brasileirão	Internacional v Santos	U4.25 82.8% **−5.9%** · buy≥1.23 (+6.8% margin)	— none	❌ MISS — 2-3	
2026-09-06 21:00	BRA-SA	Brasileirão	Remo v Flamengo	O1.5 76.5% +4.6% · buy≥1.42 (+8.6% margin)	✅ **Flamengo O0.5** 82.2% +16.1% (team) · buy≥1.34 (+10.1% margin)	❌ MISS — 0-1	✅ 12 76.0% +2.4% · buy≥1.38 · probation
2026-09-06 21:30	POR-PL	Primeira Liga	Gil Vicente v Académico Viseu	— no tip: engine abstained (thin history or an unresolved name)	—	FT 0-1 (no tip)	
2026-09-06 22:00	PER-L1	Liga 1	Juan Pablo II v Alianza Lima	O1.5 75.9% +2.1% · buy≥1.39 (+5.1% margin)	— none	✅ HIT — 1-1	
2026-09-06 22:00	CHI-PD	Primera División	Huachipato v Colo-Colo	O1.5 81.2% +5.0% · buy≥1.33 (+7.8% margin)	❌ **Colo-Colo O1.5** 67.2% +33.5% (team) · buy≥1.54 (+3.7% margin)	❌ MISS — 0-0	
2026-09-06 23:00	COL-PA	Primera A	Inter de Bogotá v Águilas Doradas	U4.25 85.9% **−5.4%** · buy≥1.18 (+5.4% margin)	✅ **Inter de Bogotá O0.5** 80.8% +5.5% (team) · buy≥1.31 (+5.6% margin)	✅ HIT — 2-2	❌ 12 76.3% +4.2% · buy≥1.38 · probation
2026-09-06 23:30	BRA-SA	Brasileirão	Botafogo v Palmeiras	O1.5 75.5% +3.7% · buy≥1.43 (+8.1% margin)	— none	❌ MISS — 0-0	
2026-09-06 23:30	BRA-SB	Brasileirão Série B	Ponte Preta v São Bernardo	U3.0 81.6% **+0.2%** · buy≥1.34 (+3.2% margin)	— none	✅ HIT — 0-2	✅ 12 74.7% +3.3% · buy≥1.41 · probation
2026-09-07 00:30	BRA-SA	Brasileirão	Corinthians v Chapecoense	U3.0 76.7% +1.6% · buy≥1.49 (+5.3% margin)	❌ **Chapecoense U1.5** 75.4% +4.0% (team) · buy≥1.43 (+8.0% margin)	✅ HIT — 1-2	❌ DNB1 76.6% +11.7% · buy≥1.37 · probation
2026-09-07 00:30	CHI-PD	Primera División	Palestino v U. de Concepción	U4.25 86.4% +1.1% · buy≥1.24 (+6.1% margin)	✅ **U. de Concepción U1.5** 75.1% +8.8% (team) · buy≥1.39 (+4.2% margin)	✅ HIT — 2-1	✅ DNB1 75.1% +15.8% · buy≥1.40 · probation
2026-09-07 01:10	COL-PA	Primera A	Deportivo Pereira v Millonarios	U3.0 79.5% **+0.0%** · buy≥1.34 (+1.3% margin)	✅ **Deportivo Pereira U1.5** 73.4% +12.9% (team) · buy≥1.42 (+4.1% margin)	✅ HIT — 1-1	
2026-09-07 01:30	PER-L1	Liga 1	Melgar v ADT	O1.5 75.3% +1.5% · buy≥1.39 (+4.8% margin)	✅ **Melgar O1.5** 55.4% +7.9% (team) · buy≥1.86 (+2.8% margin)	✅ HIT — 3-0	✅ DNB1 78.7% +11.1% · buy≥1.33 · probation
2026-09-07 17:30	SAU-PL	Saudi Pro League	Al-Khaleej v Al-Riyadh	U4.25 84.8% +2.8% · buy≥1.25 (+4.5% margin)	✅ U3.75 69.2% +3.9% (floor −5.8) · buy≥1.38 (+3.9% margin)	✅ HIT — 0-0	
2026-09-07 18:00	POL-EK	Ekstraklasa	Wieczysta v Zagłębie	— no tip: engine abstained (thin history or an unresolved name)	—	FT 1-1 (no tip)	
2026-09-07 18:30	ITA-SA	Serie A	Cagliari v Lecce	U3.0 75.0% **+0.0%** · buy≥1.36 (+1.0% margin)	✅ **Lecce U1.5** 75.4% +9.5% (team) · buy≥1.38 (+4.2% margin)	✅ HIT — 1-0	✅ 1X 74.3% +6.1% · buy≥1.41 · probation
2026-09-07 19:00	DEN-SL	Superliga	Midtjylland v Nordsjælland	U4.25 82.8% +1.9% · buy≥1.29 (+5.2% margin)	❌ U3.75 66.5% +2.5% (floor −8.5) · buy≥1.39 (+0.5% margin)	✅ HIT — 2-2	
2026-09-07 19:00	SWE-AL	Allsvenskan	Kalmar v Djurgården	O1.5 80.7% +2.4% · buy≥1.28 (+3.3% margin)	❌ **Djurgården O1.5** 56.6% +19.2% (team) · buy≥1.82 (+2.9% margin)	❌ MISS — 0-1	
2026-09-07 19:00	SWE-AL	Allsvenskan	Malmö v AIK	O1.5 83.5% +5.1% · buy≥1.30 (+8.5% margin)	❌ **Malmö O1.5** 57.3% +12.5% (team) · buy≥1.80 (+3.0% margin)	❌ MISS — 0-0	
2026-09-07 19:00	SWE-AL	Allsvenskan	Mjällby v Göteborg	O1.5 79.3% **+0.9%** · buy≥1.29 (+2.1% margin)	✅ **Mjällby O0.5** 83.1% +5.6% (team) · buy≥1.30 (+8.4% margin)	✅ HIT — 1-4	
2026-09-07 19:00	ESP-LL	LaLiga	Getafe v Celta	U3.0 77.6% +5.1% · buy≥1.47 (+5.0% margin)	✅ U2.75 56.6% +6.1% (floor −18.4) · buy≥1.63 (+2.9% margin)	✅ HIT — 1-1	
2026-09-07 19:00	TUR-SL	Süper Lig	Rizespor v Alanyaspor	U4.25 84.4% **−0.1%** · buy≥1.28 (+6.0% margin)	— none	✅ HIT — 0-1	
2026-09-07 19:00	TUR-SL	Süper Lig	Göztepe v Gaziantep	U4.25 84.0% **−0.5%** · buy≥1.28 (+5.9% margin)	✅ **Göztepe O0.5** 82.9% +4.5% (team) · buy≥1.32 (+9.0% margin)	❌ MISS — 2-4	✅ 12 77.5% +3.2% · buy≥1.35 · probation
2026-09-07 20:00	NED-D2	Eerste Divisie	Jong FC Utrecht v Eindhoven	U4.25 82.9% +3.3% · buy≥1.28 (+3.9% margin)	✅ U3.75 66.5% +4.4% (floor −8.5) · buy≥1.43 (+3.7% margin)	✅ HIT — 0-0	
2026-09-07 20:00	NED-D2	Eerste Divisie	Jong PSV v Den Bosch	U4.25 80.3% **+0.8%** · buy≥1.30 (+2.0% margin)	❌ U3.75 63.1% +1.0% (floor −11.9) · buy≥1.45 (+0.2% margin)	✅ HIT — 3-1	
2026-09-07 20:00	SAU-PL	Saudi Pro League	Al-Hilal v Neom	O1.5 84.5% +4.8% · buy≥1.27 (+7.7% margin)	❌ **Al-Hilal O1.5** 61.9% +16.9% (team) · buy≥1.67 (+3.4% margin)	✅ HIT — 0-2	❌ DNB1 80.1% +24.6% · buy≥1.31 · probation
2026-09-07 20:30	ITA-SB	Serie B	Palermo v Sampdoria	U3.0 75.8% **+0.5%** · buy≥1.47 (+2.0% margin)	✅ **Sampdoria U1.5** 75.3% +7.2% (team) · buy≥1.39 (+4.9% margin)	❌ MISS — 3-1	✅ DNB1 69.1% +8.8% · buy≥1.52 · probation
2026-09-07 20:30	ESP-L2	LaLiga 2	Sabadell v Córdoba	U4.25 84.3% **−5.2%** · buy≥1.20 (+5.4% margin)	— none	❌ MISS — 3-2	
2026-09-07 20:30	POL-EK	Ekstraklasa	Pogoń v Wisła Płock	U4.25 86.2% **+0.6%** · buy≥1.24 (+7.2% margin)	✅ **Wisła Płock U1.5** 75.0% +8.1% (team) · buy≥1.42 (+6.5% margin)	✅ HIT — 1-1	◦ DNB1 73.1% +12.3% · buy≥1.44 · probation
2026-09-07 20:45	FRA-L2	Ligue 2	Nantes v Nancy	U4.25 83.9% **−4.8%** · buy≥1.21 (+7.0% margin)	— none	✅ HIT — 1-0	✅ DNB1 68.4% +10.7% · buy≥1.53 · probation
2026-09-07 20:45	ITA-SA	Serie A	Udinese v Lazio	U4.25 85.9% **−2.8%** · buy≥1.19 (+5.4% margin)	— none	✅ HIT — 1-2	❌ 1X 72.9% +4.7% · buy≥1.44 · probation
2026-09-07 21:15	POR-PL	Primeira Liga	Estoril v Arouca	U4.25 84.2% **−2.0%** · buy≥1.24 (+6.0% margin)	❌ **Arouca O0.5** 78.4% +9.9% (team) · buy≥1.36 (+6.7% margin)	✅ HIT — 0-0	
2026-09-07 21:30	ESP-LL	LaLiga	Elche v Real Sociedad	U4.25 85.0% **−2.0%** · buy≥1.24 (+5.8% margin)	— none	❌ MISS — 2-3	✅ 12 75.9% +2.2% · buy≥1.38 · probation
2026-09-08 01:00	BRA-SA	Brasileirão	Vitória v Grêmio	U3.0 80.7% +5.5% · buy≥1.45 (+9.7% margin)	✅ U2.75 60.6% +6.9% (floor −14.4) · buy≥1.53 (+3.2% margin)	✅ HIT — 1-0	
2026-09-08 01:00	CHI-PD	Primera División	Deportes Limache v Cobresal	U4.25 84.2% **−1.2%** · buy≥1.27 (+5.6% margin)	❌ **Cobresal O0.5** 80.5% +11.0% (team) · buy≥1.33 (+7.3% margin)	✅ HIT — 3-0	
2026-09-08 01:00	COL-PA	Primera A	Llaneros v Tolima	U4.25 85.9% **−5.3%** · buy≥1.17 (+5.4% margin)	— none	✅ HIT — 1-2	
2026-09-08 17:30	SAU-PL	Saudi Pro League	Al-Ettifaq v Al Faisaly	— no tip: engine abstained (thin history or an unresolved name)	—	FT 0-0 (no tip)	
2026-09-08 17:55	SAU-PL	Saudi Pro League	Al-Hazem v Al-Taawoun	U4.25 84.7% +2.5% · buy≥1.25 (+4.5% margin)	✅ U3.75 69.1% +3.5% (floor −5.9) · buy≥1.39 (+3.9% margin)	✅ HIT — 1-0	
2026-09-08 18:45	NED-ED	Eredivisie	NEC v Excelsior	O1.5 86.1% +4.1% · buy≥1.26 (+8.7% margin)	✅ O2.25 67.4% +6.7% (floor −7.6) · buy≥1.39 (+3.7% margin)	✅ HIT — 2-2	❌ 12 77.5% +3.0% · buy≥1.35 · probation
2026-09-08 18:45	UCL	Champions League	AEK v LASK	O1.5 82.9% **−0.8%** · buy≥1.25 (+3.8% margin)	❌ O2.25 64.4% +1.0% (floor −17.6) · buy≥1.41 (+0.3% margin)	❌ MISS — 1-0	
2026-09-08 18:45	UCL	Champions League	Club Brugge v Aston Villa	O1.5 80.2% **−3.5%** · buy≥1.27 (+1.7% margin)	— none	✅ HIT — 2-3	
2026-09-08 20:00	SAU-PL	Saudi Pro League	Al-Ittihad v Al-Fayha	U4.25 83.8% +1.6% · buy≥1.26 (+3.8% margin)	✅ **Al-Ittihad O0.5** 80.4% +2.7% (team) · buy≥1.26 (+1.2% margin)	✅ HIT — 2-1	
2026-09-08 20:00	SAU-PL	Saudi Pro League	Al-Qadsiah v Al-Ahli	O1.5 84.6% +5.1% · buy≥1.27 (+7.7% margin)	✅ O2.25 64.8% +7.9% (floor −10.2) · buy≥1.44 (+3.6% margin)	✅ HIT — 3-2	
2026-09-08 20:45	ENG-CH	Championship	Blackburn v Sheffield Utd	U3.0 75.6% +1.4% · buy≥1.48 (+2.2% margin)	— none	✅ HIT — 1-2	
2026-09-08 20:45	ENG-CH	Championship	Cardiff v Stoke	U3.0 80.2% +6.0% · buy≥1.45 (+8.7% margin)	✅ U2.75 60.0% +7.4% (floor −15.0) · buy≥1.55 (+3.2% margin)	✅ HIT — 1-1	✅ 1X 74.0% +3.9% · buy≥1.42 · probation
2026-09-08 20:45	ENG-CH	Championship	Southampton v Swansea	O1.5 76.0% +3.3% · buy≥1.35 (+2.6% margin)	— none	✅ HIT — 3-1	
2026-09-08 20:45	ENG-CH	Championship	Watford v Preston	U3.0 80.1% +5.9% · buy≥1.45 (+8.7% margin)	❌ U2.75 59.8% +7.3% (floor −15.2) · buy≥1.55 (+3.2% margin)	✅ HIT — 2-1	
2026-09-08 20:45	ENG-CH	Championship	Wrexham v Burnley	O1.5 77.2% +4.5% · buy≥1.38 (+6.9% margin)	— none	✅ HIT — 1-1	
2026-09-08 21:00	ENG-CH	Championship	Bolton v West Ham	O1.5 75.4% +2.7% · buy≥1.35 (+2.1% margin)	✅ **West Ham O1.5** 67.9% +36.5% (team) · buy≥1.53 (+3.8% margin)	✅ HIT — 2-3	✅ DNB2 80.9% +40.3% · buy≥1.30 · probation
2026-09-08 21:00	UCL	Champions League	Dortmund v Villarreal	O1.5 81.3% **−2.5%** · buy≥1.26 (+2.5% margin)	— none	✅ HIT — 3-2	
2026-09-08 21:00	UCL	Champions League	Porto v Man City	O1.5 80.4% **−3.3%** · buy≥1.27 (+1.9% margin)	— none	✅ HIT — 0-2	
2026-09-08 21:00	UCL	Champions League	Lille v Real Betis	O1.5 78.3% **−5.4%** · buy≥1.29 (+1.1% margin)	❌ U4.25 79.5% +2.6% (floor −2.5) · buy≥1.31 (+1.2% margin)	✅ HIT — 2-3	
2026-09-08 21:00	UCL	Champions League	Real Madrid v Inter	O1.5 79.1% **−4.6%** · buy≥1.28 (+1.2% margin)	✅ U4.25 78.4% +1.6% (floor −3.6) · buy≥1.33 (+1.1% margin)	✅ HIT — 2-1	
2026-09-09 01:30	BRA-SB	Brasileirão Série B	Cuiabá v Athletic	O1.0 88.5% **−0.8%** · buy≥1.23 (+6.1% margin)	— none	✅ HIT — 3-0	
2026-09-09 02:30	BRA-SB	Brasileirão Série B	Criciúma v Juventude	U3.0 86.1% +4.8% · buy≥1.31 (+8.9% margin)	✅ U2.75 68.3% +6.8% (floor −6.7) · buy≥1.38 (+3.8% margin)	✅ HIT — 0-2	
2026-09-09 17:55	SAU-PL	Saudi Pro League	Al-Kholood v Al-Shabab	U4.25 84.3% +2.2% · buy≥1.26 (+4.2% margin)	✅ U3.75 68.6% +3.0% (floor −6.4) · buy≥1.35 (+0.6% margin)	✅ HIT — 2-1	
2026-09-09 18:45	NED-ED	Eredivisie	Twente v Telstar	O1.5 84.0% +1.9% · buy≥1.24 (+4.5% margin)	❌ **Twente O1.5** 57.9% +8.0% (team) · buy≥1.78 (+3.0% margin)	❌ MISS — 1-0	✅ 12 78.5% +4.0% · buy≥1.34 · probation
2026-09-09 18:45	UCL	Champions League	Barcelona v Feyenoord	O1.5 87.3% +3.5% · buy≥1.25 (+9.1% margin)	✅ O2.25 72.6% +9.2% (floor −9.4) · buy≥1.33 (+4.1% margin)	✅ HIT — 5-1	
2026-09-09 18:45	UCL	Champions League	Stuttgart v Viking	O1.5 83.7% **−0.1%** · buy≥1.25 (+4.4% margin)	✅ O2.25 65.7% +2.3% (floor −16.3) · buy≥1.39 (+0.4% margin)	✅ HIT — 3-1	
2026-09-09 20:00	SAU-PL	Saudi Pro League	Al-Fateh v Al Diriyah	— no tip: engine abstained (thin history or an unresolved name)	—	FT 1-2 (no tip)	
2026-09-09 20:00	SAU-PL	Saudi Pro League	Al-Nassr v Abha	O1.5 81.1% +1.6% · buy≥1.25 (+1.7% margin)	✅ **Al-Nassr O1.5** 61.3% +16.4% (team) · buy≥1.69 (+3.3% margin)	✅ HIT — 2-1	✅ DNB1 76.4% +21.0% · buy≥1.37 · probation
2026-09-09 20:45	ENG-CH	Championship	Derby v West Brom	U3.0 76.0% +1.8% · buy≥1.48 (+2.6% margin)	— none	✅ HIT — 0-1	
2026-09-09 20:45	ENG-CH	Championship	Norwich v Birmingham	U4.25 83.7% **−4.4%** · buy≥1.24 (+6.2% margin)	✅ O1.75 74.8% +2.1% (floor −0.2) · buy≥1.42 (+1.6% margin)	✅ HIT — 2-1	
2026-09-09 21:00	ENG-CH	Championship	Charlton v QPR	U3.0 77.0% +2.8% · buy≥1.46 (+3.4% margin)	✅ U2.75 55.9% +3.3% (floor −19.1) · buy≥1.60 (−0.4% margin)	✅ HIT — 0-0	
2026-09-09 21:00	UCL	Champions League	Liverpool v Atlético Madrid	O1.5 81.3% **−2.5%** · buy≥1.26 (+2.6% margin)	— none	✅ HIT — 2-1	
2026-09-09 21:00	UCL	Champions League	PSG v Slovan Bratislava	O2.25 80.8% +17.4% · buy≥1.24 (+5.5% margin)	✅ O1.75 91.1% +7.3% (lower edge) · buy≥1.21 (+9.9% margin)	✅ HIT — 6-1	
2026-09-09 21:00	UCL	Champions League	Sporting CP v Galatasaray	O1.5 81.7% **−2.0%** · buy≥1.26 (+2.9% margin)	— none	✅ HIT — 3-1	
2026-09-09 21:00	UCL	Champions League	Napoli v Arsenal	O1.5 80.8% **−2.9%** · buy≥1.26 (+2.2% margin)	— none	❌ MISS — 0-1	
2026-09-09 21:45	POR-PL	Liga Portugal	Moreirense v Benfica	O1.5 80.1% +5.0% · buy≥1.35 (+8.1% margin)	✅ **Benfica O1.5** 67.1% +32.2% (team) · buy≥1.55 (+3.7% margin)	✅ HIT — 0-4	✅ DNB2 78.7% +35.9% · buy≥1.33 · probation
2026-09-10 00:30	BRA-SB	Brasileirão Série B	Botafogo-SP v Novorizontino	O1.0 88.5% **−0.7%** · buy≥1.22 (+6.1% margin)	✅ O1.75 66.5% +1.3% (floor −8.5) · buy≥1.64 (+0.5% margin)	✅ HIT — 1-3	
2026-09-10 00:30	BRA-SB	Brasileirão Série B	Fortaleza v Avaí	U3.0 82.5% +1.1% · buy≥1.33 (+3.9% margin)	✅ U2.75 63.0% +1.5% (floor −12.0) · buy≥1.44 (+0.2% margin)	✅ HIT — 1-0	
2026-09-10 01:30	MLS	MLS	Atlanta v Orlando	U4.25 80.5% **+0.7%** · buy≥1.35 (+6.1% margin)	✅ **Orlando O0.5** 81.6% +8.3% (team) · buy≥1.34 (+9.7% margin)	❌ MISS — 2-3	
2026-09-10 01:30	MLS	MLS	Montréal v Charlotte	U4.25 80.8% **+0.9%** · buy≥1.33 (+6.1% margin)	✅ **Charlotte O0.5** 81.5% +8.2% (team) · buy≥1.35 (+9.7% margin)	✅ HIT — 1-2	
2026-09-10 01:30	MLS	MLS	DC United v Columbus	U4.25 79.9% **+0.1%** · buy≥1.36 (+5.9% margin)	— none	✅ HIT — 2-1	
2026-09-10 01:30	MLS	MLS	Toronto v Nashville	O1.5 80.7% **−0.8%** · buy≥1.30 (+6.1% margin)	— none	✅ HIT — 2-1	
2026-09-10 01:30	BRA-SB	Brasileirão Série B	América-MG v Náutico	O1.0 88.5% **−0.8%** · buy≥1.22 (+6.1% margin)	✅ O1.75 66.7% +1.5% (floor −8.3) · buy≥1.63 (+0.5% margin)	✅ HIT — 2-1	
2026-09-10 01:30	BRA-SB	Brasileirão Série B	Operário-PR v CRB	O1.0 88.5% **−0.8%** · buy≥1.20 (+6.1% margin)	✅ O1.75 68.8% +3.6% (floor −6.2) · buy≥1.62 (+3.8% margin)	✅ HIT — 3-0	
2026-09-10 01:45	MLS	MLS	Philadelphia v Cincinnati	O1.5 80.5% **−1.0%** · buy≥1.27 (+6.1% margin)	✅ **Philadelphia O1.5** 63.4% +11.7% (team) · buy≥1.63 (+3.5% margin)	✅ HIT — 5-0	✅ 12 80.3% +5.5% · buy≥1.31 · probation
2026-09-10 02:00	MLS	MLS	New York City v New England	U4.25 80.5% **+0.7%** · buy≥1.35 (+6.1% margin)	— none	✅ HIT — 1-2	
2026-09-10 02:30	MLS	MLS	Austin v Colorado	U4.25 80.6% **+0.8%** · buy≥1.31 (+6.1% margin)	✅ U3.75 66.3% +3.8% (floor −8.7) · buy≥1.44 (+3.7% margin)	✅ HIT — 1-1	◦ DNB1 65.6% +5.0% · buy≥1.60 · probation
2026-09-10 02:30	MLS	MLS	Chicago v Inter Miami	O1.5 80.5% **−1.0%** · buy≥1.27 (+6.1% margin)	❌ **Inter Miami O1.5** 68.5% +28.9% (team) · buy≥1.52 (+3.8% margin)	✅ HIT — 1-1	❌ 12 81.4% +6.6% · buy≥1.29 · probation
2026-09-10 02:30	MLS	MLS	Houston v Salt Lake	U4.25 80.7% **+0.9%** · buy≥1.33 (+6.1% margin)	✅ **Salt Lake U1.5** 75.4% +15.0% (team) · buy≥1.42 (+7.5% margin)	✅ HIT — 2-1	✅ DNB1 70.1% +9.4% · buy≥1.50 · probation
2026-09-10 02:30	MLS	MLS	Minnesota v Dallas	O1.5 80.7% **−0.8%** · buy≥1.30 (+6.1% margin)	✅ **Dallas O1.5** 54.9% +15.3% (team) · buy≥1.87 (+2.7% margin)	✅ HIT — 1-2	✅ 12 77.7% +2.9% · buy≥1.35 · probation
2026-09-10 02:30	BRA-SB	Brasileirão Série B	Atlético-GO v Ceará	O1.0 88.5% **−0.7%** · buy≥1.23 (+6.1% margin)	— none	✅ HIT — 2-1	
2026-09-10 04:30	MLS	MLS	LAFC v NY Red Bulls	U4.25 80.2% **+0.3%** · buy≥1.35 (+6.0% margin)	✅ **LAFC O1.5** 55.4% +3.7% (team) · buy≥1.85 (+2.8% margin)	✅ HIT — 2-0	✅ DNB1 75.7% +15.0% · buy≥1.39 · probation
2026-09-10 04:30	MLS	MLS	Portland v St. Louis	O1.5 80.5% **−1.0%** · buy≥1.27 (+6.1% margin)	✅ **St. Louis O0.5** 81.9% +8.6% (team) · buy≥1.34 (+9.8% margin)	✅ HIT — 2-2	❌ 12 78.6% +3.8% · buy≥1.34 · probation
2026-09-10 04:30	MLS	MLS	San Diego v San Jose	U4.25 80.1% **+0.3%** · buy≥1.35 (+6.0% margin)	✅ **San Diego O0.5** 84.1% +2.3% (team) · buy≥1.27 (+6.9% margin)	❌ MISS — 2-3	✅ 12 77.8% +3.0% · buy≥1.35 · probation
2026-09-10 04:30	MLS	MLS	Vancouver v LA Galaxy	U4.25 80.8% **+0.9%** · buy≥1.34 (+6.1% margin)	✅ U3.75 63.8% +1.3% (floor −11.2) · buy≥1.44 (+0.3% margin)	✅ HIT — 3-0	✅ DNB1 73.0% +12.4% · buy≥1.44 · probation
2026-09-10 18:45	UCL	Champions League	Fenerbahçe v Roma	O1.5 79.1% **−4.6%** · buy≥1.28 (+1.2% margin)	✅ U4.25 78.4% +1.5% (floor −3.6) · buy≥1.33 (+1.1% margin)	✅ HIT — 1-1	
2026-09-10 18:45	UCL	Champions League	PSV v Shakhtar Donetsk	O1.5 85.6% +1.8% · buy≥1.23 (+5.3% margin)	❌ O2.25 69.3% +5.9% (floor −12.7) · buy≥1.38 (+3.9% margin)	✅ HIT — 1-1	
2026-09-10 21:00	ALG-L1	Ligue 1 Algeria	Ben Aknoun v Biskra	U3.0 86.4% +3.4% · buy≥1.27 (+6.3% margin)	❌ U2.75 68.8% +5.0% (floor −6.2) · buy≥1.38 (+3.8% margin)	❌ MISS — 2-2	
2026-09-10 21:00	ALG-L1	Ligue 1 Algeria	USM Alger v El Biar	— no tip: engine abstained (thin history or an unresolved name)	—	FT 2-0 (no tip)	
2026-09-10 21:00	UCL	Champions League	Como v RB Leipzig	O1.5 78.5% **−5.2%** · buy≥1.29 (+1.1% margin)	❌ U4.25 79.2% +2.4% (floor −2.8) · buy≥1.31 (+1.2% margin)	✅ HIT — 4-1	
2026-09-10 21:00	UCL	Champions League	Bayern München v Bodø/Glimt	O1.5 87.7% +3.9% · buy≥1.24 (+9.2% margin)	✅ O2.25 73.4% +10.0% (floor −8.6) · buy≥1.32 (+4.1% margin)	✅ HIT — 5-0	
2026-09-10 21:00	UCL	Champions League	Manchester United v Sabah	O1.5 89.8% +6.1% · buy≥1.22 (+9.7% margin)	✅ O2.25 78.0% +14.6% (floor −4.0) · buy≥1.26 (+4.3% margin)	✅ HIT — 4-0	
2026-09-10 21:00	UCL	Champions League	Slavia Praha v Lens	O1.5 78.8% **−4.9%** · buy≥1.28 (+1.1% margin)	❌ U4.25 78.8% +2.0% (floor −3.2) · buy≥1.32 (+1.2% margin)	✅ HIT — 2-3	
2026-09-10 21:15	POR-PL	Liga Portugal	Estrela Amadora v Braga	O1.5 78.6% +3.5% · buy≥1.36 (+6.9% margin)	✅ **Braga O0.5** 82.9% +14.6% (team) · buy≥1.32 (+9.0% margin)	✅ HIT — 2-1	✅ 12 76.9% +2.7% · buy≥1.37 · probation
2026-09-11 00:30	BRA-SB	Brasileirão Série B	São Bernardo v Londrina	O1.0 88.5% **−0.7%** · buy≥1.23 (+6.1% margin)	— none	✅ HIT — 1-2	❌ DNB1 69.4% +2.5% · buy≥1.51 · probation
2026-09-11 00:30	BRA-SB	Brasileirão Série B	Vila Nova v Goiás	O1.0 88.5% **−0.7%** · buy≥1.23 (+6.1% margin)	— none	✅ HIT — 2-0	
2026-09-11 02:30	BRA-SB	Brasileirão Série B	Sport Recife v Ponte Preta	U3.0 82.4% +1.0% · buy≥1.33 (+3.8% margin)	✅ **Sport Recife O0.5** 80.5% +4.2% (team) · buy≥1.31 (+5.6% margin)	✅ HIT — 2-0	✅ DNB1 74.7% +7.8% · buy≥1.41 · probation
2026-09-11 03:00	COL-PA	Primera A	Millonarios v Deportivo Cali	U4.25 85.9% **−5.4%** · buy≥1.17 (+5.4% margin)	— none	✅ HIT — 1-1	◦ DNB1 67.2% +3.0% · buy≥1.56 · probation
2026-09-11 12:00	JPN-J1	J1 League	Kyoto Sanga v Kashiwa	U4.25 84.7% **−3.5%** · buy≥1.22 (+1.4% margin)	✅ **Kashiwa O0.5** 83.7% +14.4% (team) · buy≥1.25 (+4.6% margin)	❌ MISS — 2-3	✅ 12 77.0% +3.6% · buy≥1.36 · probation
2026-09-11 12:00	JPN-J1	J1 League	Vissel Kobe v Kashima	U4.25 88.5% **+0.3%** · buy≥1.19 (+3.9% margin)	— none	✅ HIT — 2-1	
2026-09-11 17:25	SAU-PL	Saudi Pro League	Al-Qadsiah v Al-Ettifaq	O1.5 83.9% +4.4% · buy≥1.28 (+7.2% margin)	✅ **Al-Qadsiah O1.5** 55.5% +10.6% (team) · buy≥1.85 (+2.8% margin)	✅ HIT — 3-3	
2026-09-11 17:45	SAU-PL	Saudi Pro League	Al Faisaly v Al-Ittihad	U4.25 86.0% +3.9% · buy≥1.27 (+8.5% margin)	❌ U3.75 72.2% +6.6% (floor −2.8) · buy≥1.34 (+4.0% margin)	✅ HIT — 1-3	
2026-09-11 18:00	POL-EK	Ekstraklasa	Raków v Motor Lublin	U4.25 84.9% **−0.7%** · buy≥1.28 (+6.9% margin)	✅ **Raków O0.5** 81.6% +2.9% (team) · buy≥1.30 (+6.1% margin)	✅ HIT — 2-1	✅ 12 76.6% +4.0% · buy≥1.37 · probation
2026-09-11 18:30	GER-B2	2. Bundesliga	Nürnberg v Hannover	O1.5 81.5% **+0.8%** · buy≥1.28 (+4.4% margin)	✅ O2.25 59.8% +1.3% (floor −15.2) · buy≥1.49 (−0.0% margin)	✅ HIT — 2-1	✅ 12 77.8% +3.1% · buy≥1.35 · probation
2026-09-11 18:30	GER-B2	2. Bundesliga	Darmstadt v Bielefeld	U4.25 82.1% +1.2% · buy≥1.30 (+4.8% margin)	✅ **Bielefeld O0.5** 79.0% +5.6% (team) · buy≥1.34 (+5.7% margin)	✅ HIT — 2-1	
2026-09-11 19:00	DEN-SL	Superliga	København v Horsens	O2.25 76.5% +18.0% · buy≥1.26 (+4.3% margin)	✅ **København O1.5** 81.9% +34.6% (team) · buy≥1.32 (+8.1% margin)	❌ MISS — 2-0	✅ DNB1 83.7% +27.2% · buy≥1.25 · probation
2026-09-11 19:00	SWE-AL	Allsvenskan	Häcken v Mjällby	O1.5 78.2% **+0.1%** · buy≥1.30 (+1.3% margin)	✅ **Häcken O0.5** 82.4% +5.4% (team) · buy≥1.31 (+7.9% margin)	✅ HIT — 1-1	
2026-09-11 19:00	ITA-SB	Serie B	Empoli v Arezzo	U3.0 73.9% **−1.3%** · buy≥1.51 (+0.9% margin)	❌ O1.75 73.0% +1.2% (floor −2.0) · buy≥1.46 (+0.9% margin)	✅ HIT — 0-1	✅ 12 74.7% +6.9% · buy≥1.41 · probation
2026-09-11 19:00	TUR-SL	Trendyol Süper Lig	Beşiktaş v Erzurumspor	U4.25 84.5% **+0.0%** · buy≥1.28 (+6.1% margin)	✅ **Beşiktaş O1.5** 59.5% +12.7% (team) · buy≥1.73 (+3.2% margin)	✅ HIT — 3-0	✅ DNB1 81.3% +19.4% · buy≥1.29 · probation
2026-09-11 20:00	FRA-L2	Ligue 2	Clermont v Boulogne	U3.0 81.6% +6.7% · buy≥1.43 (+9.9% margin)	✅ U2.75 61.9% +8.5% (floor −16.1) · buy≥1.51 (+3.3% margin)	✅ HIT — 0-0	✅ 1X 74.0% +4.5% · buy≥1.42 · probation
2026-09-11 20:00	FRA-L2	Ligue 2	Dijon v Laval	U4.25 84.0% **−4.6%** · buy≥1.22 (+7.1% margin)	❌ **Laval U1.5** 75.4% +8.0% (team) · buy≥1.43 (+8.0% margin)	❌ MISS — 3-2	✅ DNB1 74.5% +16.8% · buy≥1.41 · probation
2026-09-11 20:00	FRA-L2	Ligue 2	Montpellier v Pau	U4.25 84.0% **−4.6%** · buy≥1.23 (+7.1% margin)	✅ **Montpellier O0.5** 83.0% +9.4% (team) · buy≥1.33 (+10.2% margin)	✅ HIT — 1-0	✅ DNB1 75.2% +17.5% · buy≥1.40 · probation
2026-09-11 20:00	FRA-L2	Ligue 2	Nancy v Reims	U4.25 84.1% **−4.5%** · buy≥1.24 (+7.1% margin)	✅ O1.75 73.6% +1.5% (floor −4.4) · buy≥1.48 (+3.1% margin)	✅ HIT — 1-2	✅ 12 75.0% +2.8% · buy≥1.40 · probation
2026-09-11 20:00	FRA-L2	Ligue 2	Rodez v Grenoble	U4.25 83.9% **−4.7%** · buy≥1.21 (+7.0% margin)	— none	✅ HIT — 0-1	❌ DNB1 68.3% +10.6% · buy≥1.54 · probation
2026-09-11 20:00	NED-ED	Eredivisie	AZ v Willem II	U4.25 81.3% +2.2% · buy≥1.29 (+2.5% margin)	✅ **Willem II U1.5** 74.8% +16.5% (team) · buy≥1.39 (+4.2% margin)	✅ HIT — 1-1	◦ DNB1 84.1% +25.4% · buy≥1.25 · probation
2026-09-11 20:00	NED-D2	Eerste Divisie	Eindhoven v Dordrecht	U4.25 83.3% +4.0% · buy≥1.31 (+7.6% margin)	✅ U3.75 67.2% +5.3% (floor −7.8) · buy≥1.42 (+3.7% margin)	✅ HIT — 2-1	
2026-09-11 20:00	NED-D2	Eerste Divisie	Emmen v De Graafschap	O1.5 84.1% +2.2% · buy≥1.23 (+4.9% margin)	✅ **De Graafschap O1.5** 56.2% +15.6% (team) · buy≥1.83 (+2.9% margin)	✅ HIT — 1-2	✅ 12 80.3% +3.5% · buy≥1.31 · probation
2026-09-11 20:00	NED-D2	Eerste Divisie	Helmond Sport v Jong PSV	U4.25 82.7% +3.3% · buy≥1.28 (+3.8% margin)	❌ U3.75 66.2% +4.3% (floor −8.8) · buy≥1.44 (+3.7% margin)	✅ HIT — 3-1	
2026-09-11 20:00	NED-D2	Eerste Divisie	Heracles v Jong AZ	O1.5 83.8% +1.9% · buy≥1.19 (+4.6% margin)	✅ **Heracles O1.5** 70.1% +18.5% (team) · buy≥1.48 (+3.9% margin)	✅ HIT — 3-2	✅ 12 82.3% +5.6% · buy≥1.28 · probation
2026-09-11 20:00	NED-D2	Eerste Divisie	Jong Ajax v RKC Waalwijk	O1.5 84.2% +2.3% · buy≥1.24 (+4.9% margin)	✅ **RKC Waalwijk O1.5** 61.9% +21.4% (team) · buy≥1.67 (+3.4% margin)	✅ HIT — 0-2	✅ 12 79.2% +2.5% · buy≥1.33 · probation
2026-09-11 20:00	NED-D2	Eerste Divisie	MVV v Almere	U4.25 80.0% **+0.7%** · buy≥1.30 (+1.8% margin)	— none	✅ HIT — 0-4	
2026-09-11 20:00	NED-D2	Eerste Divisie	NAC Breda v Jong FC Utrecht	U4.25 81.6% +2.2% · buy≥1.29 (+2.9% margin)	❌ U3.75 64.8% +2.9% (floor −10.2) · buy≥1.42 (+0.4% margin)	❌ MISS — 2-3	
2026-09-11 20:00	NED-D2	Eerste Divisie	VVV-Venlo v TOP Oss	U4.25 80.2% **+0.8%** · buy≥1.30 (+1.8% margin)	❌ U3.75 62.9% +1.0% (floor −12.1) · buy≥1.46 (+0.2% margin)	✅ HIT — 3-1	
2026-09-11 20:00	ALG-L1	Ligue 1	MC Oran v Temouchent	— no tip: engine abstained (thin history or an unresolved name)	—	FT 2-0 (no tip)	
2026-09-11 20:00	SAU-PL	Saudi Pro League	Al-Ahli v Al-Hazem	O1.5 83.0% +3.5% · buy≥1.28 (+6.5% margin)	✅ **Al-Ahli O1.5** 58.5% +13.6% (team) · buy≥1.76 (+3.1% margin)	✅ HIT — 3-1	✅ DNB1 78.2% +22.7% · buy≥1.34 · probation
2026-09-11 20:30	ESP-L2	LaLiga 2	Burgos v Ceuta	U3.0 76.5% **+0.0%** · buy≥1.38 (+1.0% margin)	✅ **Ceuta U1.5** 75.4% +3.9% (team) · buy≥1.38 (+4.2% margin)	❌ MISS — 3-1	✅ DNB1 68.5% +5.1% · buy≥1.53 · probation
2026-09-11 20:30	GER-BL	Bundesliga	Union Berlin v Schalke	U4.25 78.3% **+0.0%** · buy≥1.33 (+1.1% margin)	❌ **Union Berlin O1.5** 58.4% +7.7% (team) · buy≥1.77 (+3.1% margin)	✅ HIT — 1-3	✅ 12 79.0% +4.3% · buy≥1.33 · probation
2026-09-11 20:30	POL-EK	Ekstraklasa	Wisła Kraków v Jagiellonia	O1.5 79.7% +3.7% · buy≥1.37 (+9.0% margin)	❌ O2.25 57.1% +5.3% (floor −20.9) · buy≥1.60 (+3.0% margin)	✅ HIT — 2-0	✅ 12 76.8% +4.1% · buy≥1.37 · probation
2026-09-11 20:45	FRA-L1	Ligue 1	Rennes v Marseille	O1.5 78.5% +1.1% · buy≥1.32 (+3.6% margin)	✅ **Rennes O0.5** 79.3% +2.3% (team) · buy≥1.31 (+4.2% margin)	❌ MISS — 1-0	
2026-09-11 20:45	ITA-SA	Serie A	Venezia v Fiorentina	U3.0 75.0% **+0.0%** · buy≥1.36 (+1.0% margin)	— none	❌ MISS — 2-4	
2026-09-11 20:45	BEL-PL	Pro League	Mechelen v Anderlecht	U4.25 85.8% **+0.5%** · buy≥1.22 (+5.3% margin)	✅ **Anderlecht O0.5** 81.8% +12.9% (team) · buy≥1.30 (+6.1% margin)	✅ HIT — 0-1	✅ 12 75.8% +2.3% · buy≥1.38 · probation
2026-09-11 21:00	ENG-CH	Championship	West Ham v Wrexham	O1.5 79.9% +7.2% · buy≥1.36 (+8.6% margin)	✅ **West Ham O1.5** 58.6% +17.6% (team) · buy≥1.76 (+3.1% margin)	✅ HIT — 6-0	✅ DNB1 75.9% +16.4% · buy≥1.38 · probation
2026-09-11 21:00	ITA-SB	Serie B	Benevento v Verona	U3.0 76.8% +1.6% · buy≥1.46 (+2.9% margin)	❌ U2.75 55.7% +1.9% (floor −19.3) · buy≥1.60 (−0.4% margin)	❌ MISS — 3-1	✅ 12 74.0% +6.3% · buy≥1.42 · probation
2026-09-11 21:00	ITA-SB	Serie B	Pisa v Entella	O1.5 74.0% +2.3% · buy≥1.36 (+0.9% margin)	— none	✅ HIT — 1-4	❌ DNB1 71.9% +11.6% · buy≥1.46 · probation
2026-09-11 21:00	ESP-LL	LaLiga	Sevilla v Valencia	U4.25 84.9% **−2.0%** · buy≥1.22 (+5.8% margin)	✅ U3.75 73.3% +1.0% (floor −1.7) · buy≥1.28 (+0.9% margin)	✅ HIT — 1-0	
2026-09-11 22:00	ALG-L1	Ligue 1	Belouizdad v Sétif	U3.0 83.5% **+0.5%** · buy≥1.33 (+5.6% margin)	— none	✅ HIT — 1-0	
2026-09-11 22:00	PER-L1	Liga 1	UTC v Juan Pablo II	U4.25 81.0% **−6.0%** · buy≥1.22 (+6.4% margin)	✅ U3.75 74.1% +1.7% (floor −0.9) · buy≥1.30 (+3.8% margin)	✅ HIT — 1-2	
2026-09-12 01:15	COL-PA	Categoría Primera A	Jaguares v Fortaleza CEIF	U4.25 85.9% **−5.4%** · buy≥1.17 (+5.4% margin)	— none	✅ HIT — 2-2	
2026-09-12 02:00	BRA-SA	Série A	Coritiba v Athletico-PR	U3.0 75.6% **+0.5%** · buy≥1.52 (+4.8% margin)	— none	❌ MISS — 3-3	
2026-09-12 02:00	PER-L1	Liga 1	Cusco v Melgar	U4.25 81.1% **−5.9%** · buy≥1.25 (+6.5% margin)	— none	✅ HIT — 0-1	
2026-09-12 11:00	JPN-J1	J1 League	Mito Hollyhock v Kawasaki	U4.25 86.9% **−1.3%** · buy≥1.20 (+2.8% margin)	❌ O1.75 74.4% +1.8% (floor −7.6) · buy≥1.43 (+0.9% margin)	✅ HIT — 0-1	
2026-09-12 11:30	JPN-J1	J1 League	Shimizu v Fukuoka	U4.25 89.8% +1.6% · buy≥1.18 (+4.9% margin)	✅ U3.75 76.9% +2.6% (floor −5.1) · buy≥1.23 (+1.1% margin)	✅ HIT — 1-0	
2026-09-12 12:00	JPN-J1	J1 League	Gamba Osaka v FC Tokyo	U4.25 86.5% **−1.8%** · buy≥1.20 (+2.5% margin)	❌ **Gamba Osaka O0.5** 80.1% +5.8% (team) · buy≥1.30 (+4.4% margin)	✅ HIT — 0-2	✅ 12 76.2% +2.8% · buy≥1.38 · probation
2026-09-12 12:00	JPN-J1	J1 League	Machida Zelvia v Yokohama FM	U4.25 84.9% **−3.3%** · buy≥1.21 (+1.4% margin)	✅ O1.75 76.7% +4.1% (floor −5.3) · buy≥1.42 (+4.3% margin)	✅ HIT — 1-1	
2026-09-12 12:00	JPN-J1	J1 League	Sanfrecce v Cerezo Osaka	U4.25 83.4% **−4.8%** · buy≥1.24 (+1.4% margin)	✅ **Sanfrecce O0.5** 82.8% +8.5% (team) · buy≥1.26 (+4.6% margin)	❌ MISS — 6-1	✅ 12 77.7% +4.3% · buy≥1.35 · probation
2026-09-12 12:00	JPN-J1	J1 League	Nagasaki v Nagoya	U4.25 87.8% **−0.4%** · buy≥1.19 (+3.5% margin)	❌ **Nagoya O0.5** 81.0% +11.7% (team) · buy≥1.29 (+4.5% margin)	✅ HIT — 2-0	✅ 12 75.8% +2.4% · buy≥1.39 · probation
2026-09-12 13:00	GER-B2	2. Bundesliga	Magdeburg v Kaiserslautern	U4.25 84.5% +3.7% · buy≥1.31 (+8.9% margin)	✅ U3.75 68.8% +5.0% (floor −6.2) · buy≥1.39 (+3.8% margin)	✅ HIT — 3-0	✅ 1X 72.8% +3.7% · buy≥1.44 · probation
2026-09-12 13:00	GER-B2	2. Bundesliga	Braunschweig v Dresden	U4.25 83.4% +2.6% · buy≥1.28 (+5.3% margin)	❌ U3.75 67.3% +3.4% (floor −7.7) · buy≥1.37 (+0.5% margin)	✅ HIT — 2-2	
2026-09-12 13:00	GER-B2	2. Bundesliga	Bochum v Fürth	U4.25 81.5% **+0.6%** · buy≥1.31 (+4.4% margin)	— none	✅ HIT — 1-1	
2026-09-12 13:00	CHN-SL	Super League	Tianjin Jinmen Tiger v Liaoning Tieren	U4.25 80.0% **+0.6%** · buy≥1.31 (+2.1% margin)	❌ **Tianjin Jinmen Tiger O1.5** 57.3% +6.7% (team) · buy≥1.80 (+3.0% margin)	✅ HIT — 1-0	✅ DNB1 75.4% +14.5% · buy≥1.39 · probation
2026-09-12 13:30	ENG-CH	Championship	Bolton v Cardiff	U3.0 82.4% +8.2% · buy≥1.40 (+9.3% margin)	✅ **Bolton U1.5** 73.9% +14.9% (team) · buy≥1.41 (+4.1% margin)	✅ HIT — 1-0	
2026-09-12 13:30	ENG-CH	Championship	Derby v Birmingham	U4.25 83.6% **−4.5%** · buy≥1.22 (+6.2% margin)	— none	✅ HIT — 1-2	
2026-09-12 13:30	ENG-CH	Championship	West Brom v QPR	U3.0 76.9% +2.7% · buy≥1.46 (+3.3% margin)	✅ **QPR U1.5** 75.4% +6.8% (team) · buy≥1.40 (+5.4% margin)	✅ HIT — 1-1	◦ DNB1 66.6% +7.2% · buy≥1.58 · probation
2026-09-12 13:35	CHN-SL	Super League	Wuhan Three Towns v Henan	U4.25 80.4% +1.0% · buy≥1.30 (+2.5% margin)	✅ U3.75 63.2% +1.3% (floor −11.8) · buy≥1.45 (+0.2% margin)	✅ HIT — 1-1	◦ DNB1 70.6% +9.7% · buy≥1.49 · probation
2026-09-12 14:00	FRA-L2	Ligue 2	Guingamp v Annecy	U4.25 84.0% **−4.6%** · buy≥1.23 (+7.1% margin)	— none	✅ HIT — 2-1	✅ 12 74.2% +2.0% · buy≥1.42 · probation
2026-09-12 14:00	FRA-L2	Ligue 2	Sochaux v Nantes	U4.25 83.8% **−4.8%** · buy≥1.20 (+7.0% margin)	✅ U3.75 77.4% +2.5% (floor −0.6) · buy≥1.27 (+5.4% margin)	✅ HIT — 1-0	
2026-09-12 14:00	ESP-LL	LaLiga	Racing Santander v Alavés	O1.5 81.9% +7.5% · buy≥1.32 (+8.4% margin)	✅ **Alavés O0.5** 80.1% +11.5% (team) · buy≥1.34 (+7.0% margin)	✅ HIT — 2-1	✅ 12 78.1% +4.4% · buy≥1.34 · probation
2026-09-12 14:00	ESP-L2	LaLiga 2	Andorra v Real Sociedad B	U4.25 84.4% **−5.2%** · buy≥1.21 (+5.4% margin)	✅ **Andorra O0.5** 82.3% +6.2% (team) · buy≥1.31 (+8.0% margin)	✅ HIT — 1-3	❌ DNB1 75.7% +12.3% · buy≥1.39 · probation
2026-09-12 14:45	POL-EK	Ekstraklasa	Śląsk v Korona Kielce	U4.25 86.1% **+0.6%** · buy≥1.23 (+7.2% margin)	✅ U3.75 74.2% +3.9% (floor −3.8) · buy≥1.33 (+5.8% margin)	✅ HIT — 1-2	
2026-09-12 15:00	SWE-AL	Allsvenskan	AIK v Västerås SK	O1.5 78.2% **+0.1%** · buy≥1.29 (+1.3% margin)	— none	✅ HIT — 1-4	
2026-09-12 15:00	ITA-SA	Serie A	Genoa v Frosinone	U4.25 85.9% **−2.8%** · buy≥1.18 (+5.4% margin)	— none	✅ HIT — 1-1	
2026-09-12 15:00	ITA-SB	Serie B	Vicenza v Juve Stabia	U3.0 75.5% **+0.2%** · buy≥1.48 (+1.8% margin)	— none	✅ HIT — 1-1	❌ 12 72.8% +5.0% · buy≥1.44 · probation
2026-09-12 15:00	ITA-SB	Serie B	Padova v Ascoli	U3.0 79.1% +3.9% · buy≥1.47 (+8.1% margin)	✅ U2.75 58.6% +4.8% (floor −16.4) · buy≥1.58 (+3.1% margin)	✅ HIT — 1-0	
2026-09-12 15:00	ITA-SB	Serie B	Südtirol v Modena	U3.0 78.2% +2.9% · buy≥1.44 (+3.9% margin)	✅ U2.75 57.3% +3.5% (floor −17.7) · buy≥1.61 (+3.0% margin)	✅ HIT — 1-1	❌ 12 73.0% +5.2% · buy≥1.44 · probation
2026-09-12 15:30	GER-BL	Bundesliga	Mainz v Frankfurt	O1.5 84.4% +1.6% · buy≥1.25 (+5.1% margin)	❌ **Mainz O1.5** 60.7% +10.0% (team) · buy≥1.70 (+3.3% margin)	✅ HIT — 1-3	✅ 12 79.3% +4.6% · buy≥1.32 · probation
2026-09-12 15:30	GER-BL	Bundesliga	Dortmund v Paderborn	U4.25 80.5% +2.2% · buy≥1.30 (+2.3% margin)	✅ **Dortmund O1.5** 59.1% +8.4% (team) · buy≥1.75 (+3.1% margin)	✅ HIT — 3-0	✅ DNB1 80.1% +23.6% · buy≥1.31 · probation
2026-09-12 15:30	GER-BL	Bundesliga	Augsburg v Leverkusen	O1.5 86.6% +3.8% · buy≥1.26 (+9.0% margin)	✅ **Leverkusen O1.5** 56.9% +15.6% (team) · buy≥1.81 (+2.9% margin)	✅ HIT — 2-2	❌ 12 78.7% +4.1% · buy≥1.33 · probation
2026-09-12 15:30	GER-BL	Bundesliga	Freiburg v M'gladbach	U4.25 80.2% +2.0% · buy≥1.30 (+2.1% margin)	❌ U3.75 63.0% +2.5% (floor −12.0) · buy≥1.45 (+0.2% margin)	❌ MISS — 5-0	
2026-09-12 15:30	GER-BL	Bundesliga	Hoffenheim v Stuttgart	O1.5 85.8% +3.0% · buy≥1.23 (+5.4% margin)	❌ **Stuttgart O1.5** 64.7% +23.4% (team) · buy≥1.60 (+3.6% margin)	✅ HIT — 2-1	✅ 12 80.0% +5.4% · buy≥1.31 · probation
2026-09-12 16:00	ENG-PL	Premier League	Aston Villa v Nottingham Forest	O1.5 82.0% +2.4% · buy≥1.26 (+3.0% margin)	✅ **Nottingham Forest O1.5** 54.4% +15.0% (team) · buy≥1.89 (+2.7% margin)	✅ HIT — 1-2	
2026-09-12 16:00	ENG-PL	Premier League	Bournemouth v Brentford	O1.5 80.3% **+0.7%** · buy≥1.27 (+1.7% margin)	✅ O2.25 58.1% +1.0% (floor −16.9) · buy≥1.53 (−0.2% margin)	✅ HIT — 2-2	
2026-09-12 16:00	ENG-PL	Premier League	Chelsea v Hull	U4.25 85.5% +3.5% · buy≥1.23 (+5.2% margin)	❌ U3.75 72.3% +6.9% (floor −2.7) · buy≥1.33 (+4.0% margin)	✅ HIT — 2-2	◦ DNB1 71.5% +14.3% · buy≥1.47 · probation
2026-09-12 16:00	ENG-PL	Premier League	Crystal Palace v Ipswich	U4.25 85.4% +3.4% · buy≥1.21 (+5.2% margin)	❌ U3.75 73.4% +8.0% (floor −1.6) · buy≥1.32 (+4.1% margin)	❌ MISS — 2-3	
2026-09-12 16:00	ENG-PL	Premier League	Liverpool v Fulham	U4.25 83.5% +1.6% · buy≥1.27 (+4.1% margin)	✅ **Fulham U1.5** 75.4% +14.9% (team) · buy≥1.38 (+4.2% margin)	✅ HIT — 0-0	◦ DNB1 78.4% +21.2% · buy≥1.34 · probation
2026-09-12 16:00	ENG-CH	Championship	Blackburn v Millwall	U4.25 83.6% **−4.6%** · buy≥1.22 (+6.2% margin)	— none	✅ HIT — 3-1	
2026-09-12 16:00	ENG-CH	Championship	Charlton v Portsmouth	U4.25 83.6% **−4.5%** · buy≥1.22 (+6.2% margin)	— none	✅ HIT — 0-0	
2026-09-12 16:00	ENG-CH	Championship	Middlesbrough v Norwich	U4.25 83.6% **−4.5%** · buy≥1.22 (+6.2% margin)	— none	❌ MISS — 4-3	
2026-09-12 16:00	ENG-CH	Championship	Preston v Lincoln	U3.0 78.5% +4.2% · buy≥1.48 (+7.9% margin)	✅ U2.75 57.7% +5.2% (floor −17.3) · buy≥1.60 (+3.0% margin)	✅ HIT — 0-1	❌ DNB1 65.4% +6.0% · buy≥1.60 · probation
2026-09-12 16:00	ENG-CH	Championship	Southampton v Bristol City	O1.5 79.1% +6.4% · buy≥1.37 (+8.4% margin)	✅ **Southampton O1.5** 56.7% +15.8% (team) · buy≥1.81 (+2.9% margin)	✅ HIT — 4-1	✅ 12 78.3% +4.6% · buy≥1.34 · probation
2026-09-12 16:00	ENG-CH	Championship	Swansea v Burnley	O1.5 77.3% +4.6% · buy≥1.38 (+7.0% margin)	— none	✅ HIT — 3-1	
2026-09-12 16:00	ENG-CH	Championship	Watford v Stoke	U3.0 82.0% +7.8% · buy≥1.41 (+9.2% margin)	❌ U2.75 62.4% +9.9% (floor −12.6) · buy≥1.49 (+3.4% margin)	✅ HIT — 1-2	
2026-09-12 16:00	NOR-EL	Eliteserien	Lillestrøm v Vålerenga	O1.5 81.6% **+0.7%** · buy≥1.27 (+4.0% margin)	❌ **Vålerenga O1.5** 53.3% +15.5% (team) · buy≥1.93 (+2.6% margin)	✅ HIT — 2-0	
2026-09-12 16:00	BEL-PL	Pro League	Beveren v St Truiden	U4.25 85.8% **+0.5%** · buy≥1.22 (+5.3% margin)	❌ **St Truiden O0.5** 77.3% +8.4% (team) · buy≥1.35 (+4.3% margin)	✅ HIT — 2-0	
2026-09-12 16:00	TUR-SL	Trendyol Süper Lig	Eyüpspor v Rizespor	U4.25 85.0% **+0.6%** · buy≥1.27 (+6.2% margin)	— none	✅ HIT — 0-2	
2026-09-12 16:00	TUR-SL	Trendyol Süper Lig	Samsunspor v Çorum	— no tip: engine abstained (thin history or an unresolved name)	—	FT 1-5 (no tip)	
2026-09-12 16:15	ESP-LL	LaLiga	Osasuna v Espanyol	U3.0 75.3% +3.0% · buy≥1.47 (+1.0% margin)	— none	✅ HIT — 0-2	
2026-09-12 16:15	ESP-L2	LaLiga 2	Cádiz v Las Palmas	U3.0 76.5% **+0.0%** · buy≥1.40 (+1.0% margin)	— none	✅ HIT — 0-1	
2026-09-12 16:30	NED-ED	Eredivisie	Twente v ADO Den Haag	U4.25 80.7% +1.6% · buy≥1.29 (+2.0% margin)	✅ **Twente O1.5** 66.3% +16.3% (team) · buy≥1.56 (+3.7% margin)	✅ HIT — 2-0	✅ DNB1 83.4% +24.6% · buy≥1.26 · probation
2026-09-12 16:30	NED-D2	Eerste Divisie	Roda v Vitesse	O1.5 82.7% **+0.8%** · buy≥1.26 (+3.8% margin)	❌ O2.25 61.7% +1.3% (floor −13.3) · buy≥1.45 (+0.1% margin)	❌ MISS — 1-0	
2026-09-12 16:30	POR-PL	Liga Portugal	Nacional v Alverca	U3.0 76.5% +5.0% · buy≥1.50 (+5.2% margin)	❌ **Alverca U1.5** 75.3% +10.1% (team) · buy≥1.38 (+4.2% margin)	❌ MISS — 1-3	❌ DNB1 69.4% +12.1% · buy≥1.51 · probation
2026-09-12 17:15	FRA-L1	Ligue 1	Strasbourg v AS Monaco	O1.5 81.5% +4.1% · buy≥1.33 (+8.7% margin)	❌ **AS Monaco O1.5** 57.1% +20.5% (team) · buy≥1.80 (+3.0% margin)	✅ HIT — 1-1	❌ 12 79.5% +2.9% · buy≥1.32 · probation
2026-09-12 17:15	ITA-SB	Serie B	Catanzaro v Carrarese	U3.0 75.0% **−0.3%** · buy≥1.49 (+1.4% margin)	— none	✅ HIT — 1-0	✅ 12 74.9% +7.1% · buy≥1.40 · probation
2026-09-12 17:30	SWE-AL	Allsvenskan	Göteborg v Halmstad	U4.25 83.4% **−0.2%** · buy≥1.23 (+5.1% margin)	✅ **Göteborg O1.5** 56.0% +11.4% (team) · buy≥1.84 (+2.8% margin)	✅ HIT — 2-1	✅ DNB1 79.5% +24.8% · buy≥1.32 · probation
2026-09-12 17:30	POL-EK	Ekstraklasa	Górnik v Lech	O1.5 78.4% +2.4% · buy≥1.34 (+5.3% margin)	✅ O2.25 55.3% +3.4% (floor −22.7) · buy≥1.59 (−0.4% margin)	✅ HIT — 2-1	
2026-09-12 17:30	PER-L1	Liga 1	Los Chankas v Cajamarca	U4.25 81.1% **−5.9%** · buy≥1.24 (+6.5% margin)	✅ **Los Chankas O0.5** 83.1% +2.8% (team) · buy≥1.29 (+7.0% margin)	✅ HIT — 1-2	✅ 12 77.6% +2.7% · buy≥1.35 · probation
2026-09-12 17:30	CHI-PD	Primera División	Ñublense v Everton	O1.5 79.9% +3.8% · buy≥1.34 (+6.8% margin)	✅ **Everton O0.5** 78.4% +8.9% (team) · buy≥1.35 (+5.5% margin)	✅ HIT — 1-3	
2026-09-12 17:50	SAU-PL	Saudi Pro League	Al-Taawoun v Al-Hilal	O1.5 82.1% +2.6% · buy≥1.25 (+2.5% margin)	✅ **Al-Hilal O1.5** 56.2% +17.9% (team) · buy≥1.83 (+2.9% margin)	✅ HIT — 0-6	
2026-09-12 18:00	NOR-EL	Eliteserien	Rosenborg v Tromsø	O1.5 85.9% +5.0% · buy≥1.27 (+9.1% margin)	✅ **Rosenborg O1.5** 60.6% +11.4% (team) · buy≥1.70 (+3.2% margin)	✅ HIT — 5-3	
2026-09-12 18:00	ITA-SA	Serie A	Lazio v Milan	U4.25 85.8% **−2.8%** · buy≥1.18 (+5.4% margin)	— none	✅ HIT — 2-2	✅ 1X 74.1% +5.8% · buy≥1.42 · probation
2026-09-12 18:00	SUI-SL	Super League	St. Gallen v Sion	O1.5 82.6% +1.8% · buy≥1.27 (+5.0% margin)	✅ **Sion O1.5** 51.5% +14.8% (team) · buy≥1.99 (+2.4% margin)	✅ HIT — 0-3	✅ 12 77.9% +2.8% · buy≥1.35 · probation
2026-09-12 18:00	SUI-SL	Super League	Thun v Grasshoppers	U4.25 81.5% **+0.8%** · buy≥1.30 (+4.2% margin)	✅ **Grasshoppers O0.5** 80.1% +5.2% (team) · buy≥1.33 (+6.4% margin)	✅ HIT — 0-1	✅ 12 77.3% +2.2% · buy≥1.36 · probation
2026-09-12 18:15	BEL-PL	Pro League	Westerlo v Standard Liège	O1.5 77.7% +1.4% · buy≥1.30 (+1.1% margin)	✅ **Standard Liège O0.5** 84.1% +15.2% (team) · buy≥1.28 (+7.9% margin)	✅ HIT — 4-2	✅ 12 76.8% +3.3% · buy≥1.37 · probation
2026-09-12 18:30	ENG-PL	Premier League	Tottenham v Everton	U4.25 85.6% +3.6% · buy≥1.28 (+8.6% margin)	✅ U3.75 70.6% +5.2% (floor −4.4) · buy≥1.36 (+3.9% margin)	✅ HIT — 0-0	
2026-09-12 18:30	ESP-LL	LaLiga	Athletic Club v Elche	O1.5 75.3% **+0.9%** · buy≥1.34 (+1.0% margin)	— none	✅ HIT — 1-1	❌ 12 76.1% +2.4% · buy≥1.38 · probation
2026-09-12 18:30	ESP-L2	LaLiga 2	Girona v Castellón	O1.5 70.6% **+0.0%** · buy≥1.29 (+0.7% margin)	— none	✅ HIT — 1-2	✅ 12 75.5% +3.4% · buy≥1.39 · probation
2026-09-12 18:30	ESP-L2	LaLiga 2	Granada v Albacete	U3.0 76.5% **+0.0%** · buy≥1.43 (+1.0% margin)	— none	✅ HIT — 1-1	
2026-09-12 18:30	GER-BL	Bundesliga	Köln v Bremen	U4.25 78.8% **+0.5%** · buy≥1.32 (+1.1% margin)	❌ **Köln O1.5** 56.9% +6.3% (team) · buy≥1.81 (+2.9% margin)	✅ HIT — 1-1	❌ 12 78.3% +3.7% · buy≥1.34 · probation
2026-09-12 18:45	NED-ED	Eredivisie	Go Ahead Eagles v Groningen	O1.5 85.9% +3.8% · buy≥1.27 (+8.7% margin)	❌ **Go Ahead Eagles O1.5** 58.6% +8.7% (team) · buy≥1.76 (+3.1% margin)	✅ HIT — 1-1	❌ 12 79.1% +4.7% · buy≥1.33 · probation
2026-09-12 19:00	POR-PL	Liga Portugal	Casa Pia v Porto	U4.25 84.2% **−2.2%** · buy≥1.24 (+5.9% margin)	✅ **Casa Pia U1.5** 74.5% +16.9% (team) · buy≥1.40 (+4.2% margin)	❌ MISS — 1-4	✅ DNB2 68.8% +26.0% · buy≥1.53 · probation
2026-09-12 19:00	TUR-SL	Trendyol Süper Lig	Alanyaspor v Göztepe	U4.25 84.1% **−0.4%** · buy≥1.28 (+5.9% margin)	— none	✅ HIT — 2-2	
2026-09-12 19:00	TUR-SL	Trendyol Süper Lig	Konyaspor v Trabzonspor	U4.25 85.1% **+0.6%** · buy≥1.26 (+6.2% margin)	✅ U3.75 70.3% +1.6% (floor −11.7) · buy≥1.32 (+0.7% margin)	✅ HIT — 1-0	
2026-09-12 19:00	SUI-SL	Super League	Lugano v Young Boys	O1.5 83.3% +2.5% · buy≥1.17 (+5.2% margin)	✅ O2.25 74.1% +15.4% (floor −0.9) · buy≥1.29 (+4.1% margin)	✅ HIT — 2-2	❌ 12 80.3% +5.2% · buy≥1.31 · probation
2026-09-12 19:30	ITA-SB	Serie B	Cesena v Cremonese	O1.5 73.6% +1.9% · buy≥1.37 (+0.9% margin)	— none	✅ HIT — 2-2	❌ 12 74.8% +7.0% · buy≥1.40 · probation
2026-09-12 20:00	FRA-L2	Ligue 2	Dunkerque v St Etienne	U4.25 84.1% **−4.5%** · buy≥1.29 (+7.1% margin)	✅ **St Etienne O0.5** 79.1% +11.7% (team) · buy≥1.38 (+9.2% margin)	✅ HIT — 2-1	✅ 12 77.1% +5.0% · buy≥1.36 · probation
2026-09-12 20:00	NED-ED	Eredivisie	Fortuna Sittard v Ajax	U4.25 79.2% **+0.1%** · buy≥1.31 (+1.2% margin)	✅ **Ajax O0.5** 80.2% +7.7% (team) · buy≥1.31 (+4.9% margin)	❌ MISS — 1-5	
2026-09-12 20:00	ALG-L1	Ligue 1	Rouissat v Olympique Akbou	— no tip: engine abstained (thin history or an unresolved name)	—	FT 2-0 (no tip)	
2026-09-12 20:00	SAU-PL	Saudi Pro League	Al-Khaleej v Al-Nassr	O1.5 80.5% **+1.0%** · buy≥1.26 (+1.3% margin)	❌ **Al-Nassr O1.5** 63.8% +25.6% (team) · buy≥1.62 (+3.5% margin)	✅ HIT — 1-1	
2026-09-12 20:00	SAU-PL	Saudi Pro League	Al-Shabab v Al-Fayha	U4.25 83.7% +1.6% · buy≥1.26 (+3.8% margin)	❌ **Al-Shabab O0.5** 80.6% +2.9% (team) · buy≥1.26 (+1.4% margin)	✅ HIT — 0-0	
2026-09-12 20:00	PER-L1	Liga 1	Comerciantes Unidos v Sport Huancayo	O1.5 78.0% +3.8% · buy≥1.40 (+9.1% margin)	— none	❌ MISS — 0-1	✅ 12 77.3% +2.4% · buy≥1.36 · probation
2026-09-12 20:00	CHI-PD	Primera División	Cobresal v Coquimbo Unido	U4.25 85.2% **−0.2%** · buy≥1.26 (+5.8% margin)	— none	❌ MISS — 3-2	
2026-09-12 20:15	POL-EK	Ekstraklasa	Zagłębie v GKS Katowice	U4.25 86.1% **+0.5%** · buy≥1.22 (+7.2% margin)	✅ U3.75 75.1% +4.8% (floor −2.9) · buy≥1.32 (+6.6% margin)	✅ HIT — 2-1	
2026-09-12 20:30	GER-B2	2. Bundesliga	St. Pauli v Wolfsburg	O1.5 81.7% +1.1% · buy≥1.28 (+4.6% margin)	❌ O2.25 60.2% +1.7% (floor −14.8) · buy≥1.48 (+0.0% margin)	❌ MISS — 1-0	
2026-09-12 20:45	FRA-L1	Ligue 1	Auxerre v Nice	U4.25 83.2% **−1.0%** · buy≥1.23 (+5.7% margin)	✅ U3.75 72.9% +4.4% (floor −2.1) · buy≥1.33 (+4.1% margin)	✅ HIT — 1-0	✅ DNB1 68.5% +11.5% · buy≥1.53 · probation
2026-09-12 20:45	FRA-L1	Ligue 1	Le Havre v Angers	U4.25 83.2% **−1.0%** · buy≥1.23 (+5.7% margin)	✅ U3.75 72.6% +4.1% (floor −2.4) · buy≥1.33 (+4.1% margin)	✅ HIT — 0-0	◦ DNB1 70.2% +13.1% · buy≥1.50 · probation
2026-09-12 20:45	FRA-L1	Ligue 1	Lorient v Toulouse	U4.25 83.4% **−0.9%** · buy≥1.25 (+5.8% margin)	❌ U3.75 70.5% +2.0% (floor −4.5) · buy≥1.32 (+0.7% margin)	✅ HIT — 2-2	◦ DNB1 68.2% +11.2% · buy≥1.54 · probation
2026-09-12 20:45	FRA-L1	Ligue 1	Paris FC v Lyon	O1.5 81.0% +3.6% · buy≥1.34 (+8.6% margin)	❌ O2.25 59.1% +5.3% (floor −15.9) · buy≥1.55 (+3.1% margin)	❌ MISS — 0-0	
2026-09-12 20:45	ITA-SA	Serie A	Atalanta v Cagliari	U4.25 85.8% **−2.8%** · buy≥1.18 (+5.4% margin)	— none	✅ HIT — 1-2	❌ 1X 74.0% +5.8% · buy≥1.42 · probation
2026-09-12 20:45	BEL-PL	Pro League	OH Leuven v Cercle Brugge	O1.5 77.0% **+0.7%** · buy≥1.31 (+1.1% margin)	❌ **Cercle Brugge O1.5** 56.2% +21.3% (team) · buy≥1.83 (+2.9% margin)	✅ HIT — 1-1	❌ 12 77.3% +3.8% · buy≥1.36 · probation
2026-09-12 20:45	BEL-PL	Pro League	St. Gilloise v Lommel	O1.5 78.3% +2.0% · buy≥1.29 (+1.1% margin)	✅ **St. Gilloise O0.5** 82.4% +5.0% (team) · buy≥1.29 (+6.6% margin)	✅ HIT — 5-0	✅ DNB1 73.7% +15.0% · buy≥1.43 · probation
2026-09-12 21:00	ENG-PL	Premier League	Sunderland v Arsenal	U4.25 82.4% **+0.4%** · buy≥1.28 (+3.3% margin)	— none	✅ HIT — 0-2	
2026-09-12 21:00	ESP-LL	LaLiga	Real Madrid v Rayo Vallecano	O1.5 79.4% +5.0% · buy≥1.34 (+6.5% margin)	✅ **Real Madrid O1.5** 56.4% +13.9% (team) · buy≥1.83 (+2.9% margin)	✅ HIT — 4-1	✅ DNB1 74.3% +11.7% · buy≥1.41 · probation
2026-09-12 21:00	ESP-L2	LaLiga 2	Córdoba v Almería	O1.5 70.6% **+0.0%** · buy≥1.32 (+0.7% margin)	✅ **Almería O0.5** 82.3% +17.8% (team) · buy≥1.31 (+8.0% margin)	✅ HIT — 0-2	✅ 12 77.1% +5.0% · buy≥1.36 · probation
2026-09-12 21:00	NED-ED	Eredivisie	Cambuur v NEC	U4.25 81.0% +1.9% · buy≥1.29 (+2.2% margin)	❌ **NEC O1.5** 62.0% +20.3% (team) · buy≥1.67 (+3.4% margin)	✅ HIT — 3-0	✅ 12 78.7% +4.2% · buy≥1.34 · probation
2026-09-12 21:00	BRA-SA	Série A	Atlético-MG v Fluminense	U4.25 82.9% **−5.8%** · buy≥1.24 (+6.8% margin)	✅ O1.75 73.9% +2.1% (floor −1.1) · buy≥1.47 (+3.4% margin)	✅ HIT — 3-1	✅ DNB1 69.2% +4.6% · buy≥1.52 · probation
2026-09-12 21:00	BRA-SA	Série A	Grêmio v Vasco	U3.0 80.4% +5.2% · buy≥1.45 (+9.6% margin)	❌ U2.75 60.2% +6.5% (floor −14.8) · buy≥1.54 (+3.2% margin)	✅ HIT — 1-2	❌ DNB1 67.7% +3.1% · buy≥1.55 · probation
2026-09-12 21:30	POR-PL	Liga Portugal	Académico Viseu v Vitória Guimarães	U3.0 78.5% +7.0% · buy≥1.47 (+6.8% margin)	✅ **Vitória Guimarães U1.5** 74.2% +9.0% (team) · buy≥1.40 (+4.1% margin)	✅ HIT — 2-1	✅ DNB1 65.3% +8.1% · buy≥1.61 · probation
2026-09-12 22:00	BRA-SA	Série A	Chapecoense v Internacional	U3.0 77.8% +2.7% · buy≥1.47 (+5.6% margin)	❌ U2.75 56.9% +3.3% (floor −18.1) · buy≥1.57 (−0.3% margin)	✅ HIT — 1-2	
2026-09-12 22:00	ALG-L1	Ligue 1	Constantine v Chlef	U3.0 84.0% **+1.0%** · buy≥1.32 (+5.7% margin)	❌ U2.75 65.2% +1.4% (floor −9.8) · buy≥1.40 (+0.4% margin)	✅ HIT — 3-0	
2026-09-13 15:00	PER-L1	Liga 1	Moquegua v Sporting Cristal	U3.0 75.2% +2.7% · buy≥1.53 (+4.7% margin)	— none	✅ HIT — 1-2	
2026-09-12 23:05	COL-PA	Categoría Primera A	Internacional de Bogotá v Llaneros	U4.25 85.9% **−5.4%** · buy≥1.17 (+5.4% margin)	— none	❌ MISS — 3-2	✅ 12 75.0% +3.2% · buy≥1.40 · probation
2026-09-12 23:30	BRA-SA	Série A	Palmeiras v São Paulo	U4.25 82.8% **−6.0%** · buy≥1.22 (+6.8% margin)	✅ **São Paulo U1.5** 75.4% +4.1% (team) · buy≥1.43 (+8.0% margin)	✅ HIT — 2-0	✅ DNB1 74.0% +9.4% · buy≥1.42 · probation
2026-09-13 01:00	CHI-PD	Primera División	Palestino v Universidad Católica	U4.25 86.4% **+1.0%** · buy≥1.24 (+6.1% margin)	❌ U3.75 71.6% +1.4% (floor −6.4) · buy≥1.30 (+0.8% margin)	❌ MISS — 2-3	
2026-09-13 01:10	COL-PA	Categoría Primera A	Boyacá Chicó v Independiente Medellín	U4.25 85.9% **−5.4%** · buy≥1.17 (+5.4% margin)	— none	✅ HIT — 2-1	
2026-09-13 01:30	MLS	MLS	Columbus v NY Red Bulls	U4.25 80.2% **+0.3%** · buy≥1.35 (+6.0% margin)	❌ **Columbus O1.5** 55.4% +3.7% (team) · buy≥1.85 (+2.8% margin)	✅ HIT — 0-1	❌ DNB1 73.6% +12.9% · buy≥1.43 · probation
2026-09-13 01:30	MLS	MLS	DC United v Atlanta	U4.25 80.8% **+0.9%** · buy≥1.34 (+6.1% margin)	✅ U3.75 64.3% +1.8% (floor −10.7) · buy≥1.43 (+0.3% margin)	✅ HIT — 0-0	❌ 12 77.0% +2.2% · buy≥1.36 · probation
2026-09-13 01:30	MLS	MLS	Cincinnati v Charlotte	O1.5 80.5% **−1.0%** · buy≥1.27 (+6.1% margin)	✅ **Charlotte O0.5** 80.6% +7.3% (team) · buy≥1.36 (+9.5% margin)	✅ HIT — 3-3	❌ 12 77.8% +3.0% · buy≥1.35 · probation
2026-09-13 01:30	MLS	MLS	Inter Miami v Nashville	O1.5 80.6% **−0.9%** · buy≥1.28 (+6.1% margin)	✅ O2.25 61.7% +1.9% (floor −13.3) · buy≥1.45 (+0.1% margin)	✅ HIT — 2-2	❌ 12 77.8% +3.0% · buy≥1.35 · probation
2026-09-13 01:30	MLS	MLS	Orlando v Toronto	U4.25 80.1% **+0.2%** · buy≥1.35 (+5.9% margin)	— none	✅ HIT — 3-0	✅ 12 77.4% +2.6% · buy≥1.36 · probation
2026-09-13 01:30	BRA-SA	Série A	Botafogo v RB Bragantino	U3.0 76.3% +1.2% · buy≥1.50 (+5.1% margin)	✅ U2.75 55.1% +1.4% (floor −19.9) · buy≥1.62 (−0.4% margin)	✅ HIT — 1-1	
2026-09-13 02:00	BRA-SA	Série A	Santos v Cruzeiro	O1.5 75.8% +3.9% · buy≥1.43 (+8.3% margin)	— none	✅ HIT — 2-1	
2026-09-13 02:30	MLS	MLS	Dallas v Portland	O1.5 80.5% **−1.0%** · buy≥1.27 (+6.1% margin)	✅ **Dallas O1.5** 62.8% +11.1% (team) · buy≥1.65 (+3.4% margin)	✅ HIT — 2-1	✅ 12 80.0% +5.2% · buy≥1.31 · probation
2026-09-13 02:30	MLS	MLS	Kansas City v LAFC	U4.25 80.8% **+0.9%** · buy≥1.34 (+6.1% margin)	✅ **LAFC O0.5** 80.5% +7.2% (team) · buy≥1.36 (+9.4% margin)	✅ HIT — 3-1	
2026-09-13 02:30	MLS	MLS	St. Louis v Minnesota	O1.5 80.6% **−0.9%** · buy≥1.29 (+6.1% margin)	✅ **St. Louis O1.5** 59.8% +8.1% (team) · buy≥1.73 (+3.2% margin)	✅ HIT — 4-2	✅ DNB1 77.0% +16.3% · buy≥1.36 · probation
2026-09-13 03:00	PER-L1	Liga 1	Alianza Lima v Universitario	O1.5 75.4% +1.1% · buy≥1.39 (+4.9% margin)	— none	✅ HIT — 1-2	❌ DNB1 71.3% +3.5% · buy≥1.47 · probation
2026-09-13 03:20	COL-PA	Categoría Primera A	Alianza Valledupar v Atlético Junior	U3.0 79.4% **+0.0%** · buy≥1.32 (+1.2% margin)	— none	✅ HIT — 1-0	
2026-09-13 03:30	MLS	MLS	Colorado v Montréal	U4.25 80.6% **+0.8%** · buy≥1.31 (+6.1% margin)	✅ **Montréal U1.5** 75.3% +14.9% (team) · buy≥1.43 (+7.3% margin)	✅ HIT — 1-0	✅ DNB1 75.7% +15.0% · buy≥1.39 · probation
2026-09-13 03:30	MLS	MLS	Salt Lake v New York City	U4.25 80.4% **+0.6%** · buy≥1.35 (+6.0% margin)	— none	✅ HIT — 0-2	❌ DNB1 69.4% +8.8% · buy≥1.51 · probation
2026-09-13 04:30	MLS	MLS	LA Galaxy v Seattle	U4.25 80.5% **+0.7%** · buy≥1.29 (+6.1% margin)	✅ **Seattle U1.5** 73.6% +13.2% (team) · buy≥1.44 (+5.9% margin)	✅ HIT — 1-1	◦ DNB1 69.6% +8.9% · buy≥1.51 · probation
2026-09-13 04:30	MLS	MLS	San Jose v Houston	U4.25 80.7% **+0.9%** · buy≥1.33 (+6.1% margin)	✅ U3.75 64.5% +2.0% (floor −10.5) · buy≥1.42 (+0.3% margin)	✅ HIT — 1-0	
2026-09-13 11:00	JPN-J1	J1 League	Tokyo Verdy v JEF United Chiba	U4.25 90.6% +2.4% · buy≥1.16 (+5.1% margin)	✅ U3.75 80.7% +6.4% (floor −1.3) · buy≥1.22 (+4.5% margin)	✅ HIT — 1-1	
2026-09-13 11:30	JPN-J1	J1 League	Urawa Reds v Okayama	U4.25 87.6% **−0.7%** · buy≥1.19 (+3.3% margin)	✅ **Okayama O0.5** 80.5% +11.2% (team) · buy≥1.30 (+4.5% margin)	✅ HIT — 1-2	
2026-09-13 12:15	NED-ED	Eredivisie	Excelsior v Utrecht	O1.5 84.7% +2.6% · buy≥1.24 (+5.0% margin)	❌ **Excelsior O1.5** 62.7% +12.7% (team) · buy≥1.65 (+3.4% margin)	✅ HIT — 1-2	✅ 12 81.7% +7.3% · buy≥1.29 · probation
2026-09-13 12:15	POL-EK	Ekstraklasa	Wisła Płock v Cracovia	U3.0 81.2% +10.8% · buy≥1.43 (+9.4% margin)	❌ U2.75 61.2% +13.1% (floor −16.8) · buy≥1.52 (+3.3% margin)	❌ MISS — 3-1	
2026-09-13 13:00	ENG-CH	Championship	Sheffield Utd v Wolves	O1.5 77.1% +4.4% · buy≥1.39 (+6.8% margin)	✅ **Wolves O0.5** 78.1% +9.1% (team) · buy≥1.38 (+7.6% margin)	❌ MISS — 0-1	✅ 12 76.2% +2.5% · buy≥1.38 · probation
2026-09-13 13:30	BEL-PL	Pro League	Club Brugge v Antwerp	O1.5 83.8% +7.5% · buy≥1.28 (+7.7% margin)	✅ **Club Brugge O1.5** 67.8% +24.3% (team) · buy≥1.53 (+3.8% margin)	✅ HIT — 3-1	✅ DNB1 85.5% +26.9% · buy≥1.23 · probation
2026-09-13 13:30	GER-B2	2. Bundesliga	Heidenheim v Holstein Kiel	O1.5 83.2% +2.5% · buy≥1.27 (+5.2% margin)	❌ **Heidenheim O1.5** 56.2% +7.1% (team) · buy≥1.83 (+2.9% margin)	❌ MISS — 1-0	✅ 12 78.6% +3.9% · buy≥1.34 · probation
2026-09-13 13:30	GER-B2	2. Bundesliga	Karlsruhe v Cottbus	U4.25 81.1% **+0.2%** · buy≥1.31 (+4.0% margin)	❌ **Karlsruhe O1.5** 61.5% +12.3% (team) · buy≥1.68 (+3.3% margin)	✅ HIT — 0-3	✅ 12 79.5% +4.8% · buy≥1.32 · probation
2026-09-13 13:30	GER-B2	2. Bundesliga	Osnabrück v Hertha	U4.25 83.5% +2.7% · buy≥1.28 (+5.3% margin)	✅ **Hertha O0.5** 80.2% +6.8% (team) · buy≥1.33 (+6.7% margin)	✅ HIT — 1-3	
2026-09-13 14:00	DEN-SL	Superliga	Lyngby v Sonderjyske	U4.25 85.1% +4.2% · buy≥1.29 (+9.1% margin)	✅ U3.75 70.2% +6.3% (floor −4.8) · buy≥1.37 (+3.9% margin)	✅ HIT — 1-1	
2026-09-13 14:00	DEN-SL	Superliga	Silkeborg v Viborg	U4.25 85.1% +4.2% · buy≥1.30 (+9.1% margin)	✅ U3.75 70.0% +6.1% (floor −5.0) · buy≥1.37 (+3.9% margin)	✅ HIT — 1-1	
2026-09-13 14:00	SWE-AL	Allsvenskan	Hammarby v Brommapojkarna	O1.5 83.5% +5.4% · buy≥1.30 (+8.5% margin)	✅ **Hammarby O1.5** 66.3% +21.8% (team) · buy≥1.56 (+3.7% margin)	✅ HIT — 3-1	✅ DNB1 79.6% +24.8% · buy≥1.32 · probation
2026-09-13 14:00	SWE-AL	Allsvenskan	Elfsborg v Kalmar	U4.25 83.5% **−0.1%** · buy≥1.24 (+5.1% margin)	✅ U3.75 71.2% +3.7% (floor −3.8) · buy≥1.35 (+4.0% margin)	✅ HIT — 1-0	✅ DNB1 72.9% +18.1% · buy≥1.44 · probation
2026-09-13 14:00	ESP-LL	LaLiga	Celta v Málaga	U3.0 76.5% +4.2% · buy≥1.49 (+4.3% margin)	✅ **Málaga U1.5** 74.3% +6.2% (team) · buy≥1.40 (+4.2% margin)	✅ HIT — 1-1	◦ DNB1 72.3% +9.8% · buy≥1.45 · probation
2026-09-13 14:00	ESP-L2	LaLiga 2	Sporting Gijón v Eldense	U3.0 76.5% **+0.0%** · buy≥1.37 (+1.0% margin)	✅ **Eldense U1.5** 75.4% +3.9% (team) · buy≥1.38 (+4.2% margin)	✅ HIT — 0-1	❌ DNB1 73.6% +10.2% · buy≥1.43 · probation
2026-09-13 14:00	SUI-SL	Super League	Zürich v Vaduz	U4.25 82.9% +2.2% · buy≥1.29 (+5.1% margin)	✅ U3.75 66.6% +3.0% (floor −8.4) · buy≥1.39 (+0.5% margin)	✅ HIT — 2-1	
2026-09-13 14:30	NOR-EL	Eliteserien	Viking v Kristiansund	O1.5 81.4% **+0.5%** · buy≥1.28 (+3.9% margin)	✅ **Kristiansund U1.5** 75.4% +13.3% (team) · buy≥1.38 (+4.2% margin)	✅ HIT — 8-1	✅ DNB1 82.5% +22.8% · buy≥1.27 · probation
2026-09-13 14:30	NED-ED	Eredivisie	Heerenveen v Telstar	O1.5 82.7% **+0.6%** · buy≥1.25 (+3.5% margin)	— none	❌ MISS — 0-0	❌ 12 77.2% +2.7% · buy≥1.36 · probation
2026-09-13 14:45	POL-EK	Ekstraklasa	Pogoń v Wieczysta	— no tip: engine abstained (thin history or an unresolved name)	—	FT 2-0 (no tip)	
2026-09-13 15:00	ENG-PL	Premier League	Coventry v Brighton	U4.25 82.1% **+0.1%** · buy≥1.28 (+3.0% margin)	— none	❌ MISS — 0-5	
2026-09-13 15:00	FRA-L1	Ligue 1	Lille v Troyes	U4.25 83.2% **−1.1%** · buy≥1.23 (+5.7% margin)	✅ **Troyes U1.5** 75.4% +12.1% (team) · buy≥1.38 (+4.3% margin)	✅ HIT — 2-0	✅ DNB1 74.5% +17.5% · buy≥1.41 · probation
2026-09-13 15:00	ITA-SA	Serie A	Lecce v Monza	U3.0 75.0% **+0.0%** · buy≥1.28 (+1.0% margin)	❌ **Monza U1.5** 75.4% +9.6% (team) · buy≥1.38 (+4.2% margin)	❌ MISS — 3-2	✅ 1X 72.8% +4.6% · buy≥1.44 · probation
2026-09-13 15:30	GER-BL	Bundesliga	Leipzig v Hamburg	O1.5 84.5% +1.7% · buy≥1.24 (+5.1% margin)	✅ **Leipzig O1.5** 69.1% +18.4% (team) · buy≥1.50 (+3.9% margin)	✅ HIT — 5-0	✅ DNB1 79.3% +22.8% · buy≥1.32 · probation
2026-09-13 16:00	DEN-SL	Superliga	Randers v Odense	U4.25 85.0% +4.1% · buy≥1.30 (+9.1% margin)	✅ U3.75 69.6% +5.7% (floor −5.4) · buy≥1.38 (+3.9% margin)	✅ HIT — 1-2	
2026-09-13 16:00	BEL-PL	Pro League	Genk v Gent	U4.25 85.8% **+0.5%** · buy≥1.22 (+5.3% margin)	✅ **Gent U1.5** 75.4% +10.3% (team) · buy≥1.38 (+4.2% margin)	✅ HIT — 1-1	◦ DNB1 72.7% +14.0% · buy≥1.44 · probation
2026-09-13 16:00	TUR-SL	Trendyol Süper Lig	Gençlerbirliği v Kasımpaşa	U4.25 84.9% **+0.5%** · buy≥1.24 (+6.2% margin)	✅ U3.75 72.0% +3.3% (floor −10.0) · buy≥1.30 (+0.8% margin)	✅ HIT — 1-2	
2026-09-13 16:15	ESP-LL	LaLiga	Levante v Barcelona	O1.5 78.7% +4.3% · buy≥1.35 (+5.9% margin)	✅ **Barcelona O1.5** 56.7% +24.8% (team) · buy≥1.81 (+2.9% margin)	✅ HIT — 2-4	✅ 12 77.3% +3.6% · buy≥1.36 · probation
2026-09-13 16:15	ESP-L2	LaLiga 2	Real Valladolid v Real Oviedo	U3.0 76.5% **+0.0%** · buy≥1.29 (+1.0% margin)	✅ **Real Valladolid U1.5** 73.8% +15.3% (team) · buy≥1.41 (+4.1% margin)	✅ HIT — 0-3	
2026-09-13 16:30	SWE-AL	Allsvenskan	Malmö v Örgryte	O1.5 79.3% +1.2% · buy≥1.29 (+2.2% margin)	✅ **Malmö O1.5** 58.7% +14.1% (team) · buy≥1.76 (+3.1% margin)	✅ HIT — 4-1	✅ DNB1 78.4% +23.6% · buy≥1.34 · probation
2026-09-13 16:30	SUI-SL	Super League	Lausanne v Servette	U4.25 83.4% +2.7% · buy≥1.28 (+5.2% margin)	✅ U3.75 67.3% +3.7% (floor −7.7) · buy≥1.42 (+3.7% margin)	✅ HIT — 0-1	
2026-09-13 16:30	SUI-SL	Super League	Luzern v Basel	O1.5 82.2% +1.4% · buy≥1.27 (+4.7% margin)	✅ **Luzern O1.5** 63.6% +13.6% (team) · buy≥1.63 (+3.5% margin)	✅ HIT — 2-4	✅ 12 80.2% +5.1% · buy≥1.31 · probation
2026-09-13 16:45	NED-ED	Eredivisie	Zwolle v Feyenoord	U4.25 82.4% +3.3% · buy≥1.28 (+3.3% margin)	❌ U3.75 65.8% +4.3% (floor −9.2) · buy≥1.44 (+3.6% margin)	❌ MISS — 0-7	
2026-09-13 16:45	NED-D2	Eerste Divisie	Volendam v Den Bosch	O1.5 84.0% +2.1% · buy≥1.25 (+4.8% margin)	✅ **Volendam O1.5** 59.8% +8.2% (team) · buy≥1.72 (+3.2% margin)	✅ HIT — 2-0	✅ 12 79.5% +2.8% · buy≥1.32 · probation
2026-09-13 17:00	NOR-EL	Eliteserien	HamKam v Molde	O1.5 83.0% +2.1% · buy≥1.26 (+5.0% margin)	✅ **Molde O1.5** 56.9% +19.1% (team) · buy≥1.81 (+2.9% margin)	✅ HIT — 1-5	
2026-09-13 17:00	NOR-EL	Eliteserien	IK Start v Brann	U4.25 82.0% +1.5% · buy≥1.30 (+4.3% margin)	❌ **Brann O0.5** 81.4% +9.7% (team) · buy≥1.32 (+7.2% margin)	✅ HIT — 2-0	
2026-09-13 17:00	NOR-EL	Eliteserien	KFUM Oslo v Aalesund	U4.25 83.7% +3.1% · buy≥1.28 (+5.2% margin)	✅ U3.75 67.7% +4.2% (floor −7.3) · buy≥1.41 (+3.8% margin)	✅ HIT — 2-1	
2026-09-13 17:15	FRA-L1	Ligue 1	Le Mans v Lens	O1.5 79.8% +2.4% · buy≥1.31 (+4.6% margin)	✅ O2.25 57.2% +3.4% (floor −17.8) · buy≥1.55 (−0.2% margin)	✅ HIT — 2-2	
2026-09-13 17:15	ITA-SB	Serie B	Mantova v Sampdoria	U3.0 74.9% **−0.4%** · buy≥1.49 (+1.3% margin)	— none	✅ HIT — 2-0	✅ DNB1 70.2% +9.8% · buy≥1.50 · probation
2026-09-13 17:15	ITA-SB	Serie B	Avellino v Palermo	U3.0 76.4% +1.2% · buy≥1.46 (+2.5% margin)	✅ U2.75 55.2% +1.4% (floor −19.8) · buy≥1.61 (−0.4% margin)	✅ HIT — 1-1	❌ 12 73.1% +5.3% · buy≥1.44 · probation
2026-09-13 17:30	ENG-PL	Premier League	Manchester United FC v Man City	O1.5 82.3% +2.7% · buy≥1.25 (+3.2% margin)	✅ **Man City O0.5** 81.6% +7.1% (team) · buy≥1.30 (+5.9% margin)	❌ MISS — 0-1	
2026-09-13 17:30	GER-BL	Bundesliga	Elversberg v Bayern Munich	O1.5 86.8% +4.1% · buy≥1.25 (+9.1% margin)	✅ **Bayern Munich O1.5** 67.5% +26.3% (team) · buy≥1.54 (+3.8% margin)	✅ HIT — 1-2	✅ 12 80.2% +5.6% · buy≥1.31 · probation
2026-09-13 17:30	POL-EK	Ekstraklasa	Legia v Widzew	O1.5 78.2% +2.2% · buy≥1.35 (+5.3% margin)	✅ **Widzew U1.5** 75.4% +8.6% (team) · buy≥1.42 (+6.9% margin)	✅ HIT — 1-1	◦ DNB1 73.9% +13.1% · buy≥1.42 · probation
2026-09-13 18:00	DEN-SL	Superliga	Nordsjælland v AGF	O1.5 81.0% **+0.4%** · buy≥1.28 (+4.1% margin)	— none	✅ HIT — 2-0	
2026-09-13 18:00	ITA-SA	Serie A	Napoli v Bologna	U4.25 86.2% **−2.5%** · buy≥1.23 (+5.5% margin)	— none	✅ HIT — 1-0	✅ DNB1 69.9% +14.1% · buy≥1.50 · probation
2026-09-13 18:20	SAU-PL	Saudi Pro League	Neom v Al-Fateh	U4.25 83.6% +1.5% · buy≥1.26 (+3.7% margin)	❌ U3.75 67.6% +2.0% (floor −7.4) · buy≥1.37 (+0.5% margin)	❌ MISS — 4-2	
2026-09-13 18:30	ESP-LL	LaLiga	Getafe v RC Deportivo La Coruña	U3.0 75.6% +3.3% · buy≥1.46 (+1.0% margin)	— none	✅ HIT — 1-1	
2026-09-13 18:30	ESP-L2	LaLiga 2	Mallorca v Sabadell	U3.0 76.5% **+0.0%** · buy≥1.42 (+1.0% margin)	✅ **Sabadell U1.5** 75.4% +3.9% (team) · buy≥1.38 (+4.2% margin)	✅ HIT — 2-0	
2026-09-13 18:30	BEL-PL	Pro League	Zulte Waregem v Charleroi	O1.5 78.9% +2.6% · buy≥1.28 (+1.2% margin)	❌ O2.25 55.9% +3.6% (floor −19.1) · buy≥1.63 (+2.8% margin)	❌ MISS — 0-1	
2026-09-13 19:00	POR-PL	Liga Portugal	Benfica v Gil Vicente	O1.5 80.8% +5.7% · buy≥1.34 (+8.5% margin)	✅ **Benfica O1.5** 60.4% +18.0% (team) · buy≥1.71 (+3.2% margin)	✅ HIT — 3-1	✅ DNB1 83.6% +26.4% · buy≥1.26 · probation
2026-09-13 19:00	POR-PL	Liga Portugal	Arouca v Santa Clara	O1.5 77.9% +2.9% · buy≥1.32 (+3.0% margin)	— none	✅ HIT — 1-2	❌ DNB1 70.0% +12.8% · buy≥1.50 · probation
2026-09-13 19:00	TUR-SL	Trendyol Süper Lig	Amed v Başakşehir	— no tip: engine abstained (thin history or an unresolved name)	—	FT 5-0 (no tip)	
2026-09-13 19:00	TUR-SL	Trendyol Süper Lig	Galatasaray v Kocaelispor	U4.25 84.8% **+0.3%** · buy≥1.27 (+6.1% margin)	✅ **Kocaelispor U1.5** 74.1% +8.1% (team) · buy≥1.41 (+4.1% margin)	✅ HIT — 1-0	✅ DNB1 75.5% +13.6% · buy≥1.39 · probation
2026-09-13 19:15	NOR-EL	Eliteserien	Fredrikstad v Sarpsborg 08	U4.25 84.5% +4.0% · buy≥1.31 (+8.8% margin)	✅ U3.75 68.9% +5.4% (floor −6.1) · buy≥1.39 (+3.8% margin)	✅ HIT — 1-1	
2026-09-13 19:15	BEL-PL	Pro League	La Louvière v Kortrijk	U4.25 85.8% **+0.5%** · buy≥1.22 (+5.3% margin)	✅ U3.75 73.0% +3.0% (floor −2.0) · buy≥1.28 (+0.9% margin)	✅ HIT — 3-0	
2026-09-13 20:00	NED-ED	Eredivisie	PSV v Sparta	O1.5 87.2% +5.1% · buy≥1.24 (+9.0% margin)	✅ **PSV O1.5** 79.0% +29.0% (team) · buy≥1.32 (+4.4% margin)	✅ HIT — 4-1	✅ DNB1 89.3% +30.6% · buy≥1.18 · probation
2026-09-13 20:00	SAU-PL	Saudi Pro League	Al Diriyah v Abha	U4.25 86.0% +3.8% · buy≥1.25 (+8.5% margin)	✅ U3.75 73.2% +7.6% (floor −1.8) · buy≥1.32 (+4.1% margin)	✅ HIT — 0-0	
2026-09-13 20:00	SAU-PL	Saudi Pro League	Al-Riyadh v Al-Kholood	U4.25 84.7% +2.5% · buy≥1.25 (+4.5% margin)	✅ U3.75 69.1% +3.5% (floor −5.9) · buy≥1.34 (+0.6% margin)	✅ HIT — 2-0	
2026-09-13 20:00	PER-L1	Liga 1	Sport Boys v Deportivo Garcilaso	U4.25 81.0% **−5.9%** · buy≥1.24 (+6.5% margin)	✅ **Deportivo Garcilaso U1.5** 75.4% +3.7% (team) · buy≥1.44 (+8.3% margin)	✅ HIT — 1-0	
2026-09-13 20:00	CHI-PD	Primera División	La Serena v Universidad de Chile	O1.5 81.1% +5.0% · buy≥1.33 (+7.7% margin)	✅ **Universidad de Chile O0.5** 81.7% +12.3% (team) · buy≥1.32 (+8.2% margin)	✅ HIT — 0-3	
2026-09-13 20:45	FRA-L1	Ligue 1	Brest v PSG	O1.5 81.2% +3.8% · buy≥1.34 (+8.6% margin)	❌ **PSG O1.5** 57.9% +21.3% (team) · buy≥1.78 (+3.0% margin)	❌ MISS — 0-1	
2026-09-13 20:45	ITA-SA	Serie A	Sassuolo v Juventus	U4.25 86.1% **−2.5%** · buy≥1.22 (+5.5% margin)	— none	❌ MISS — 3-2	
2026-09-13 21:00	ESP-LL	LaLiga	Real Sociedad v Atlético Madrid	O1.5 77.2% +2.8% · buy≥1.31 (+1.4% margin)	— none	✅ HIT — 0-3	✅ 12 76.7% +3.0% · buy≥1.37 · probation
2026-09-13 21:00	ESP-L2	LaLiga 2	Tenerife v Leganés	U3.0 76.5% **+0.0%** · buy≥1.30 (+1.0% margin)	✅ **Leganés U1.5** 74.8% +3.2% (team) · buy≥1.35 (+1.0% margin)	✅ HIT — 2-0	
2026-09-13 21:00	BRA-SA	Série A	Mirassol v Vitória	U3.0 80.7% +5.6% · buy≥1.45 (+9.7% margin)	❌ U2.75 60.6% +7.0% (floor −14.4) · buy≥1.53 (+3.3% margin)	❌ MISS — 2-2	◦ DNB1 68.2% +3.6% · buy≥1.54 · probation
2026-09-13 21:00	BRA-SB	Brasileirão Série B	Atlético-GO v Criciúma	U3.0 81.8% **+0.5%** · buy≥1.34 (+3.4% margin)	— none	❌ MISS — 4-0	
2026-09-13 21:00	COL-PA	Categoría Primera A	Deportivo Pereira v Atlético Bucaramanga	U3.0 79.4% **+0.0%** · buy≥1.30 (+1.2% margin)	— none	❌ MISS — 1-3	
2026-09-13 21:30	POR-PL	Liga Portugal	Famalicão v Sporting CP	O1.5 78.7% +3.6% · buy≥1.36 (+7.0% margin)	✅ **Sporting CP O0.5** 82.3% +14.1% (team) · buy≥1.32 (+8.9% margin)	✅ HIT — 1-1	❌ 12 76.4% +2.3% · buy≥1.37 · probation
2026-09-13 22:15	PER-L1	Liga 1	Atlético Grau v Alianza Atlético	O1.5 75.4% +1.1% · buy≥1.39 (+4.9% margin)	— none	✅ HIT — 3-1	
2026-09-13 22:30	BRA-SA	Série A	Flamengo v Corinthians	O1.5 77.6% +5.8% · buy≥1.40 (+8.9% margin)	✅ **Flamengo O0.5** 81.9% +2.8% (team) · buy≥1.30 (+6.6% margin)	✅ HIT — 2-1	✅ DNB1 72.1% +7.5% · buy≥1.46 · probation
2026-09-13 22:30	CHI-PD	Primera División	Colo-Colo v Deportes Concepción	O1.5 81.1% +5.0% · buy≥1.33 (+7.7% margin)	❌ O2.25 59.2% +7.2% (floor −18.8) · buy≥1.55 (+3.1% margin)	✅ HIT — 1-1	
2026-09-13 23:00	BRA-SB	Brasileirão Série B	Juventude v Athletic	O1.0 88.5% **−0.7%** · buy≥1.23 (+6.1% margin)	— none	✅ HIT — 0-2	
2026-09-13 23:05	COL-PA	Categoría Primera A	Atlético Nacional v Águilas Doradas	U4.25 86.3% **−5.0%** · buy≥1.23 (+5.5% margin)	✅ **Atlético Nacional O1.5** 57.7% +18.0% (team) · buy≥1.79 (+3.0% margin)	✅ HIT — 2-0	✅ DNB1 78.2% +14.0% · buy≥1.34 · probation
2026-09-13 23:30	MLS	MLS	Chicago v New England	O1.5 80.6% **−0.9%** · buy≥1.28 (+6.1% margin)	✅ O2.25 61.8% +2.0% (floor −13.2) · buy≥1.45 (+0.1% margin)	✅ HIT — 1-2	✅ 12 78.1% +3.3% · buy≥1.34 · probation
2026-09-13 23:30	BRA-SB	Brasileirão Série B	Fortaleza v Ceará	U3.0 81.4% **+0.1%** · buy≥1.34 (+3.0% margin)	— none	✅ HIT — 1-1	
2026-09-13 23:30	BRA-SB	Brasileirão Série B	Novorizontino v Cuiabá	O1.0 88.5% **−0.8%** · buy≥1.22 (+6.1% margin)	✅ O1.75 66.7% +1.4% (floor −8.3) · buy≥1.63 (+0.5% margin)	✅ HIT — 1-1	◦ DNB1 69.8% +2.9% · buy≥1.50 · probation
2026-09-14 00:30	MLS	MLS	Vancouver v Austin	U4.25 80.8% **+0.9%** · buy≥1.34 (+6.1% margin)	❌ **Vancouver O1.5** 56.5% +4.8% (team) · buy≥1.82 (+2.9% margin)	✅ HIT — 1-2	❌ DNB1 77.2% +16.5% · buy≥1.36 · probation
2026-09-14 01:00	CHI-PD	Primera División	Audax Italiano v O'Higgins	U4.25 87.2% +1.7% · buy≥1.23 (+6.3% margin)	✅ U3.75 73.4% +3.2% (floor −4.6) · buy≥1.28 (+0.9% margin)	✅ HIT — 1-0	
2026-09-14 03:15	COL-PA	Primera A	Cúcuta v Millonarios	U4.25 85.9% **−5.4%** · buy≥1.18 (+5.4% margin)	— none	✅ HIT — 1-2	✅ 12 74.1% +2.4% · buy≥1.42 · probation
2026-09-14 18:30	ITA-SA	Serie A	Como v Parma	U4.25 86.0% **−2.6%** · buy≥1.20 (+5.4% margin)	✅ **Parma U1.5** 74.7% +8.9% (team) · buy≥1.40 (+4.2% margin)	✅ HIT — 2-1	✅ DNB1 74.8% +19.1% · buy≥1.40 · probation
2026-09-14 18:30	ITA-SA	Serie A	Torino v Roma	O1.5 72.0% **+0.0%** · buy≥1.27 (+0.8% margin)	✅ **Roma O1.5** 54.5% +20.2% (team) · buy≥1.89 (+2.7% margin)	✅ HIT — 0-2	✅ 12 77.1% +5.3% · buy≥1.36 · probation
2026-09-14 19:00	NOR-EL	Eliteserien	Bodø/Glimt v Sandefjord	O1.5 84.8% +3.8% · buy≥1.28 (+8.8% margin)	✅ **Bodø/Glimt O1.5** 67.2% +17.8% (team) · buy≥1.54 (+3.7% margin)	✅ HIT — 3-2	✅ DNB1 85.5% +25.6% · buy≥1.23 · probation
2026-09-14 19:00	DEN-SL	Superliga	Midtjylland v Brøndby	O1.5 81.0% **+0.4%** · buy≥1.28 (+4.1% margin)	✅ **Midtjylland O0.5** 83.0% +3.0% (team) · buy≥1.27 (+5.2% margin)	✅ HIT — 4-2	✅ 12 77.2% +2.9% · buy≥1.36 · probation
2026-09-14 19:00	SWE-AL	Allsvenskan	Djurgården v GAIS	O1.5 82.1% +4.0% · buy≥1.31 (+7.7% margin)	❌ O2.25 60.8% +6.0% (floor −14.2) · buy≥1.52 (+3.3% margin)	✅ HIT — 2-0	✅ DNB1 72.9% +18.1% · buy≥1.44 · probation
2026-09-14 19:00	SWE-AL	Allsvenskan	Sirius v Degerfors	O1.5 81.1% +3.0% · buy≥1.28 (+3.6% margin)	✅ **Sirius O1.5** 63.2% +18.7% (team) · buy≥1.64 (+3.4% margin)	✅ HIT — 2-0	✅ DNB1 80.7% +25.9% · buy≥1.30 · probation
2026-09-14 19:00	TUR-SL	Süper Lig	Gaziantep v Fenerbahçe	O1.5 81.1% +3.8% · buy≥1.34 (+8.6% margin)	❌ **Fenerbahçe O1.5** 58.1% +24.0% (team) · buy≥1.77 (+3.0% margin)	❌ MISS — 0-0	❌ 12 77.7% +3.2% · buy≥1.35 · probation
2026-09-14 19:00	POL-EK	Ekstraklasa	Radomiak v Piast	U4.25 85.6% **+0.1%** · buy≥1.27 (+7.1% margin)	— none	✅ HIT — 0-2	✅ 12 76.3% +3.8% · buy≥1.38 · probation
2026-09-14 19:45	POR-PL	Liga Portugal	Rio Ave v Estrela Amadora	U3.0 79.2% +7.7% · buy≥1.45 (+7.4% margin)	❌ U2.75 58.7% +9.2% (floor −16.3) · buy≥1.58 (+3.1% margin)	❌ MISS — 3-3	
2026-09-14 20:00	NED-D2	Eerste Divisie	Jong FC Utrecht v Jong Ajax	U4.25 81.8% +2.4% · buy≥1.29 (+3.1% margin)	❌ U3.75 65.0% +3.2% (floor −10.0) · buy≥1.41 (+0.4% margin)	❌ MISS — 6-1	
2026-09-14 20:00	NED-D2	Eerste Divisie	Jong PSV v Jong AZ	O1.5 84.1% +2.2% · buy≥1.23 (+4.9% margin)	❌ **Jong AZ O1.5** 57.6% +16.9% (team) · buy≥1.79 (+3.0% margin)	✅ HIT — 6-1	
2026-09-14 20:30	ESP-L2	LaLiga 2	Celta Fortuna v Eibar	— no tip: engine abstained (thin history or an unresolved name)	—	FT 0-4 (no tip)	
2026-09-14 20:45	FRA-L2	Ligue 2	Red Star v Metz	O1.5 79.5% +7.5% · buy≥1.38 (+9.3% margin)	❌ **Metz O1.5** 54.5% +22.0% (team) · buy≥1.88 (+2.7% margin)	❌ MISS — 1-0	✅ 12 77.8% +5.6% · buy≥1.35 · probation
2026-09-14 20:45	ITA-SA	Serie A	Inter v Udinese	O1.5 72.0% **+0.0%** · buy≥1.22 (+0.8% margin)	✅ **Inter O1.5** 62.3% +22.6% (team) · buy≥1.66 (+3.4% margin)	✅ HIT — 5-3	✅ 12 79.6% +7.8% · buy≥1.32 · probation
2026-09-14 21:00	ENG-PL	Premier League	Leeds v Newcastle	U4.25 84.0% +2.0% · buy≥1.26 (+4.5% margin)	❌ U3.75 68.1% +2.8% (floor −6.9) · buy≥1.36 (+0.6% margin)	❌ MISS — 4-1	✅ DNB1 66.1% +9.0% · buy≥1.59 · probation
2026-09-14 21:00	ESP-LL	LaLiga	Villarreal v Real Betis	O1.5 78.5% +4.2% · buy≥1.35 (+5.8% margin)	❌ **Villarreal O1.5** 56.5% +14.1% (team) · buy≥1.82 (+2.9% margin)	✅ HIT — 1-2	✅ 12 78.5% +4.7% · buy≥1.34 · probation
2026-09-14 21:15	POR-PL	Liga Portugal	Moreirense v Marítimo	U4.25 84.0% **−2.3%** · buy≥1.21 (+5.9% margin)	❌ U3.75 74.8% +3.3% (floor −0.2) · buy≥1.26 (+1.0% margin)	✅ HIT — 3-1	
2026-09-14 21:45	POR-PL	Liga Portugal	Braga v Estoril	U4.25 84.2% **−2.2%** · buy≥1.24 (+5.9% margin)	✅ **Estoril U1.5** 73.3% +8.2% (team) · buy≥1.42 (+4.1% margin)	✅ HIT — 1-0	✅ DNB1 76.9% +19.7% · buy≥1.37 · probation
2026-09-15 00:30	BRA-SB	Brasileirão Série B	América-MG v São Bernardo	O1.0 88.5% **−0.8%** · buy≥1.22 (+6.1% margin)	✅ O1.75 66.8% +1.6% (floor −8.2) · buy≥1.63 (+0.5% margin)	✅ HIT — 0-2	✅ 12 74.3% +2.4% · buy≥1.41 · probation
2026-09-15 00:30	BRA-SB	Brasileirão Série B	Botafogo-SP v Goiás	U3.0 83.5% +2.1% · buy≥1.31 (+4.6% margin)	❌ U2.75 64.4% +2.9% (floor −10.6) · buy≥1.41 (+0.3% margin)	❌ MISS — 1-3	
2026-09-15 01:00	BRA-SA	Brasileirão	Bahia v Remo	U4.25 82.8% **−6.0%** · buy≥1.22 (+6.8% margin)	— none	✅ HIT — 2-1	✅ DNB1 70.7% +6.0% · buy≥1.49 · probation
2026-09-15 01:30	CHI-PD	Primera División	Unión La Calera v Deportes Limache	U4.25 86.5% +1.1% · buy≥1.24 (+6.1% margin)	✅ U3.75 71.7% +1.5% (floor −6.3) · buy≥1.30 (+0.8% margin)	✅ HIT — 1-0	
2026-09-15 02:30	BRA-SB	Brasileirão Série B	Avaí v Vila Nova	U3.0 81.8% **+0.4%** · buy≥1.34 (+3.3% margin)	— none	✅ HIT — 1-1	
2026-09-15 03:00	COL-PA	Primera A	América v Deportivo Pasto	U4.25 85.9% **−5.4%** · buy≥1.17 (+5.4% margin)	❌ **América O0.5** 79.1% +3.7% (team) · buy≥1.32 (+4.4% margin)	✅ HIT — 0-1	❌ DNB1 78.1% +13.9% · buy≥1.34 · probation
2026-09-15 18:00	POL-EK	Ekstraklasa	Raków v Zagłębie	U4.25 86.2% **+0.7%** · buy≥1.25 (+7.3% margin)	❌ U3.75 72.2% +1.8% (floor −5.8) · buy≥1.29 (+0.8% margin)	❌ MISS — 2-3	❌ DNB1 65.8% +5.0% · buy≥1.59 · probation
2026-09-15 19:00	ESP-LL	LaLiga	Rayo Vallecano v Espanyol	O1.5 76.3% +1.9% · buy≥1.32 (+1.0% margin)	— none	✅ HIT — 2-1	
2026-09-15 19:00	SUI-SL	Super League	Grasshoppers v Sion	O1.5 83.7% +2.9% · buy≥1.26 (+5.3% margin)	✅ **Sion O1.5** 56.6% +19.8% (team) · buy≥1.82 (+2.9% margin)	✅ HIT — 2-5	✅ 12 78.3% +3.2% · buy≥1.34 · probation
2026-09-15 20:00	ESP-LL	LaLiga	Alavés v Valencia	O1.5 76.1% +1.8% · buy≥1.33 (+1.0% margin)	— none	❌ MISS — 0-1	❌ DNB1 73.8% +11.2% · buy≥1.42 · probation
2026-09-15 20:00	NED-ED	Eredivisie	Ajax v Willem II	U4.25 81.9% +2.8% · buy≥1.28 (+3.0% margin)	✅ **Willem II U1.5** 74.8% +16.6% (team) · buy≥1.39 (+4.2% margin)	❌ MISS — 5-1	✅ DNB1 83.2% +24.4% · buy≥1.26 · probation
2026-09-15 20:30	POL-EK	Ekstraklasa	Korona Kielce v Górnik	U4.25 85.3% **−0.2%** · buy≥1.27 (+7.0% margin)	— none	✅ HIT — 0-2	
2026-09-15 20:45	ENG-CH	Championship	Bristol City v Lincoln	U3.0 75.8% +1.7% · buy≥1.48 (+2.4% margin)	— none	✅ HIT — 0-1	❌ 1X 73.6% +3.5% · buy≥1.43 · probation
2026-09-15 20:45	ENG-CH	Championship	Middlesbrough v Millwall	U4.25 83.5% **−4.5%** · buy≥1.21 (+6.2% margin)	— none	✅ HIT — 2-2	
2026-09-15 21:30	ESP-LL	LaLiga	Elche v Real Madrid	O1.5 76.3% +1.9% · buy≥1.32 (+1.0% margin)	— none	✅ HIT — 2-3	
2026-09-16 00:30	BRA-SB	Brasileirão Série B	Londrina v Ponte Preta	U3.0 84.5% +3.1% · buy≥1.30 (+5.1% margin)	❌ U2.75 65.8% +4.3% (floor −9.2) · buy≥1.43 (+3.6% margin)	❌ MISS — 6-0	✅ DNB1 70.0% +3.5% · buy≥1.50 · probation
2026-09-16 00:30	BRA-SB	Brasileirão Série B	Náutico v Operário-PR	O1.0 88.5% **−0.7%** · buy≥1.23 (+6.1% margin)	— none	✅ HIT — 3-3	
2026-09-16 02:00	BRA-SB	Brasileirão Série B	CRB v Sport Recife	O1.0 88.5% **−0.8%** · buy≥1.20 (+6.1% margin)	✅ O1.75 69.2% +3.9% (floor −5.8) · buy≥1.61 (+3.9% margin)	✅ HIT — 2-1	✅ DNB1 70.7% +4.2% · buy≥1.48 · probation
2026-09-16 02:30	COL-PA	Primera A	Boyacá Chicó v Alianza Valledupar	U3.0 79.4% **+0.0%** · buy≥1.30 (+1.2% margin)	— none	✅ HIT — 1-2	❌ DNB1 67.0% +2.8% · buy≥1.57 · probation
2026-09-16 18:45	UEL	UEFA Europa League	Ararat-Armenia v Sparta Prague	U4.25 84.9% +1.1% · buy≥1.25 (+4.8% margin)	❌ U3.75 69.4% +1.6% (floor −12.6) · buy≥1.34 (+0.6% margin)	❌ MISS — 1-4	
2026-09-16 18:45	UEL	UEFA Europa League	Omonia Nicosia v Celta Vigo	U4.25 84.9% +1.1% · buy≥1.25 (+4.8% margin)	✅ U3.75 69.3% +1.6% (floor −12.7) · buy≥1.34 (+0.6% margin)	✅ HIT — 1-0	
2026-09-16 19:00	SWE-AL	Allsvenskan	AIK v Mjällby	U4.25 83.7% **+0.0%** · buy≥1.27 (+5.2% margin)	✅ **AIK O0.5** 83.1% +6.1% (team) · buy≥1.30 (+8.4% margin)	✅ HIT — 1-1	
2026-09-16 19:00	ESP-LL	LaLiga	Atlético Madrid v Osasuna	U4.25 84.9% **−2.0%** · buy≥1.23 (+5.8% margin)	✅ **Atlético Madrid O0.5** 83.8% +4.7% (team) · buy≥1.30 (+8.9% margin)	✅ HIT — 4-0	✅ DNB1 74.8% +12.2% · buy≥1.40 · probation
2026-09-16 19:00	ESP-LL	LaLiga	Deportivo La Coruña v Sevilla	O1.5 75.5% +1.1% · buy≥1.34 (+1.0% margin)	— none	❌ MISS — 0-1	
2026-09-16 19:00	SUI-SL	Super League	Lugano v St. Gallen	O1.5 83.3% +2.5% · buy≥1.26 (+5.2% margin)	✅ **Lugano O1.5** 57.9% +7.9% (team) · buy≥1.78 (+3.0% margin)	✅ HIT — 4-1	✅ 12 80.2% +5.1% · buy≥1.31 · probation
2026-09-16 19:00	SUI-SL	Super League	Thun v Servette	U4.25 83.8% +3.1% · buy≥1.26 (+5.3% margin)	❌ U3.75 69.7% +6.0% (floor −5.3) · buy≥1.38 (+3.9% margin)	❌ MISS — 2-4	
2026-09-16 21:00	UEL	UEFA Europa League	AC Milan v Benfica	U4.25 85.4% +1.7% · buy≥1.25 (+5.1% margin)	✅ U3.75 70.2% +2.4% (floor −11.8) · buy≥1.33 (+0.7% margin)	✅ HIT — 0-2	
2026-09-16 21:00	UEL	UEFA Europa League	Hapoel Be'er Sheva v Dinamo Zagreb	U4.25 87.0% +3.2% · buy≥1.23 (+5.4% margin)	✅ U3.75 72.5% +4.7% (floor −9.5) · buy≥1.33 (+4.1% margin)	✅ HIT — 0-0	
2026-09-16 21:00	UEL	UEFA Europa League	Olympiacos v Jagiellonia Bialystok	O1.5 78.2% **+0.2%** · buy≥1.29 (+1.1% margin)	✅ O2.25 56.6% +2.1% (floor −25.4) · buy≥1.57 (−0.3% margin)	✅ HIT — 2-1	
2026-09-16 21:00	UEL	UEFA Europa League	Anderlecht v Lyon	U4.25 84.9% +1.1% · buy≥1.25 (+4.8% margin)	✅ U3.75 69.3% +1.6% (floor −12.7) · buy≥1.34 (+0.6% margin)	✅ HIT — 1-2	
2026-09-16 21:30	ESP-LL	LaLiga	Barcelona v Racing Santander	O1.5 84.7% +10.3% · buy≥1.29 (+9.1% margin)	✅ **Barcelona O1.5** 69.8% +27.5% (team) · buy≥1.49 (+3.9% margin)	✅ HIT — 7-2	✅ 12 81.8% +8.2% · buy≥1.28 · probation
2026-10-21 20:00	ESP-LL	LaLiga	Levante v Athletic Club	O1.5 77.6% +3.5% · buy≥1.31 (+1.8% margin)	**Levante O1.5** 57.9% +16.1% (team) · buy≥1.78 (+3.0% margin)		12 78.7% +4.4% · buy≥1.33 · probation
2026-09-17 00:30	BRA-SA	Brasileirão	Botafogo v Grêmio	U3.0 79.6% +4.3% · buy≥1.47 (+9.4% margin)	❌ U2.75 59.2% +5.3% (floor −15.8) · buy≥1.57 (+3.1% margin)	❌ MISS — 3-2	✅ DNB1 68.8% +4.2% · buy≥1.53 · probation
2026-09-17 01:15	COL-PA	Primera A	Once Caldas v Tolima	U4.25 86.0% **−5.3%** · buy≥1.19 (+5.4% margin)	✅ **Once Caldas O0.5** 79.9% +4.3% (team) · buy≥1.31 (+4.9% margin)	✅ HIT — 1-0	✅ 12 76.0% +4.2% · buy≥1.38 · probation
2026-09-17 03:20	COL-PA	Primera A	Inter de Bogotá v Atlético Nacional	O1.5 67.5% **+0.0%** · buy≥1.33 (+0.5% margin)	✅ **Atlético Nacional O1.5** 55.7% +30.7% (team) · buy≥1.84 (+2.8% margin)	✅ HIT — 2-3	✅ 12 77.3% +5.5% · buy≥1.36 · probation
2026-09-17 18:45	UEL	UEFA Europa League	Levski Sofia v RB Salzburg	U4.25 86.9% +3.1% · buy≥1.23 (+5.4% margin)	✅ U3.75 72.2% +4.5% (floor −9.8) · buy≥1.33 (+4.0% margin)	✅ HIT — 0-1	
2026-09-16 21:00	UEL	UEFA Europa League	Leverkusen v NK Celje	O1.5 85.0% +7.1% · buy≥1.27 (+8.2% margin)	❌ O2.25 68.2% +13.7% (floor −13.8) · buy≥1.39 (+3.8% margin)	✅ HIT — 2-0	
2026-09-17 18:45	UEL	UEFA Europa League	OFI v Hoffenheim	U4.25 83.9% **+0.1%** · buy≥1.26 (+4.0% margin)	— none	✅ HIT — 2-0	
2026-09-16 21:00	UEL	UEFA Europa League	SK Sturm Graz v Rennes	— no tip: engine abstained (thin history or an unresolved name)	—	FT 0-0 (no tip)	
2026-09-16 21:00	UEL	UEFA Europa League	Sunderland AFC v AZ Alkmaar	— no tip: engine abstained (thin history or an unresolved name)	—	FT 1-0 (no tip)	
2026-09-17 19:00	ESP-LL	LaLiga	Real Betis v Getafe	U3.0 75.1% +2.8% · buy≥1.48 (+1.0% margin)	✅ **Getafe U1.5** 75.4% +7.6% (team) · buy≥1.38 (+4.2% margin)	✅ HIT — 1-0	✅ DNB1 70.3% +8.2% · buy≥1.49 · probation
2026-09-17 19:00	ALG-L1	Ligue 1	Biskra v Belouizdad	U3.0 85.4% +2.6% · buy≥1.29 (+6.0% margin)	✅ **Biskra U1.5** 75.4% +14.5% (team) · buy≥1.38 (+4.2% margin)	✅ HIT — 0-1	
2026-09-17 21:00	ALG-L1	Ligue 1	Temouchent v Kabylie	— no tip: engine abstained (thin history or an unresolved name)	—	FT 1-0 (no tip)	
2026-09-17 21:00	UEL	UEFA Europa League	Beşiktaş v Marseille	U4.25 84.3% **+0.5%** · buy≥1.26 (+4.3% margin)	— none	❌ MISS — 4-1	
2026-09-17 21:00	UEL	UEFA Europa League	Celtic v Ferencváros	U4.25 86.6% +2.9% · buy≥1.23 (+5.4% margin)	❌ U3.75 71.9% +4.1% (floor −10.1) · buy≥1.34 (+4.0% margin)	✅ HIT — 1-3	
2026-09-17 21:00	UEL	UEFA Europa League	Crystal Palace v Lech	O1.5 82.3% +4.4% · buy≥1.29 (+6.1% margin)	✅ O2.25 63.4% +8.9% (floor −18.6) · buy≥1.48 (+3.5% margin)	✅ HIT — 4-0	
2026-09-17 21:00	UEL	UEFA Europa League	Viktoria Plzeň v Union Saint-Gilloise	U4.25 85.5% +1.7% · buy≥1.25 (+5.1% margin)	✅ U3.75 70.3% +2.5% (floor −11.7) · buy≥1.32 (+0.7% margin)	✅ HIT — 0-3	
2026-09-17 21:00	UEL	UEFA Europa League	Juventus v NEC	O1.5 82.6% +4.7% · buy≥1.29 (+6.4% margin)	✅ O2.25 64.0% +9.4% (floor −18.0) · buy≥1.47 (+3.5% margin)	✅ HIT — 5-0	
2026-09-17 21:00	UEL	UEFA Europa League	Lillestrøm v Torreense	— no tip: engine abstained (thin history or an unresolved name)	—	FT 1-2 (no tip)	
2026-09-17 21:00	UEL	UEFA Europa League	Real Sociedad v Bournemouth	— no tip: engine abstained (thin history or an unresolved name)	—	FT 1-2 (no tip)	
2026-09-17 21:30	ESP-LL	LaLiga	Málaga v Villarreal	U4.25 84.8% **−2.1%** · buy≥1.21 (+5.8% margin)	❌ U3.75 74.2% +1.9% (floor −0.8) · buy≥1.27 (+0.9% margin)	✅ HIT — 1-3	
2026-09-16 03:00	MEX-LMX	Liga MX	Puebla v Toluca	U4.25 83.4% **−0.7%** · buy≥1.28 (+5.5% margin)	✅ **Toluca O0.5** 82.3% +12.7% (team) · buy≥1.32 (+8.6% margin)	✅ HIT — 0-1	
2026-09-18 01:00	COL-PA	Categoría Primera A	Atlético Bucaramanga v Independiente Medellín	U4.25 86.0% **−5.3%** · buy≥1.19 (+5.4% margin)	— none	✅ HIT — 2-2	
2026-09-18 13:35	CHN-SL	Super League	Zhejiang Professional v Wuhan Three Towns	O1.5 83.9% +2.0% · buy≥1.23 (+5.0% margin)	✅ **Wuhan Three Towns O0.5** 80.5% +7.6% (team) · buy≥1.31 (+5.9% margin)	✅ HIT — 4-1	✅ 12 78.3% +3.2% · buy≥1.34 · probation
2026-09-18 17:00	ALG-L1	Ligue 1	El Biar v JS Saoura	— no tip: engine abstained (thin history or an unresolved name)	—	FT 4-0 (no tip)	
2026-09-18 17:00	ALG-L1	Ligue 1	USM Khenchela v ES Ben Aknoun	U3.0 83.4% **+0.6%** · buy≥1.33 (+5.5% margin)	— none	✅ HIT — 1-1	
2026-09-18 18:00	POL-EK	Ekstraklasa	Widzew Lodz v Wieczysta Krakow	U4.25 86.2% **+0.5%** · buy≥1.24 (+7.2% margin)	❌ U3.75 73.3% +2.9% (floor −4.7) · buy≥1.29 (+1.8% margin)	✅ HIT — 2-2	◦ DNB1 69.4% +8.6% · buy≥1.51 · probation
2026-09-18 18:30	GER-B2	2. Bundesliga	Greuther Furth v Magdeburg	O1.5 81.7% +1.3% · buy≥1.28 (+4.6% margin)	❌ O2.25 60.2% +2.0% (floor −14.8) · buy≥1.48 (+0.0% margin)	✅ HIT — 1-1	
2026-09-18 18:30	GER-B2	2. Bundesliga	Wolfsburg v Darmstadt	O1.5 81.5% +1.0% · buy≥1.28 (+4.4% margin)	✅ **Wolfsburg O1.5** 61.1% +12.1% (team) · buy≥1.69 (+3.3% margin)	✅ HIT — 5-1	✅ DNB1 76.6% +18.2% · buy≥1.37 · probation
2026-09-18 19:00	NOR-EL	Eliteserien	Sarpsborg 08 v KFUM Oslo	U4.25 85.4% +5.2% · buy≥1.29 (+9.0% margin)	❌ U3.75 70.1% +7.1% (floor −4.9) · buy≥1.37 (+3.9% margin)	✅ HIT — 1-3	❌ DNB1 69.6% +9.7% · buy≥1.51 · probation
2026-09-18 19:00	DEN-SL	Superliga	Lyngby v Silkeborg	U4.25 84.7% +3.8% · buy≥1.31 (+9.0% margin)	❌ U3.75 69.0% +5.2% (floor −6.0) · buy≥1.39 (+3.8% margin)	✅ HIT — 0-4	
2026-09-18 19:00	TUR-SL	Trendyol Süper Lig	Kasimpasa v Konyaspor	U4.25 84.9% **+0.3%** · buy≥1.23 (+6.1% margin)	✅ U3.75 73.0% +4.1% (floor −9.0) · buy≥1.32 (+4.1% margin)	✅ HIT — 0-0	
2026-09-18 20:00	FRA-L2	Ligue 2	Annecy v Dijon	U4.25 84.3% **−4.4%** · buy≥1.28 (+7.1% margin)	✅ O1.75 76.4% +4.5% (floor −1.6) · buy≥1.48 (+8.5% margin)	✅ HIT — 1-2	✅ 12 75.7% +3.3% · buy≥1.39 · probation
2026-09-18 20:00	FRA-L2	Ligue 2	Grenoble v Clermont	U3.0 80.5% +5.4% · buy≥1.45 (+9.6% margin)	✅ **Clermont U1.5** 75.2% +7.4% (team) · buy≥1.43 (+7.7% margin)	✅ HIT — 1-1	
2026-09-18 20:00	FRA-L2	Ligue 2	Pau FC v Dunkerque	U4.25 84.2% **−4.5%** · buy≥1.26 (+7.1% margin)	❌ **Dunkerque O1.5** 50.9% +18.6% (team) · buy≥2.01 (+2.3% margin)	✅ HIT — 2-0	✅ 12 77.1% +4.8% · buy≥1.36 · probation
2026-09-18 20:00	FRA-L2	Ligue 2	Rodez v Nancy	U4.25 84.0% **−4.7%** · buy≥1.22 (+7.1% margin)	— none	❌ MISS — 3-4	❌ DNB1 67.8% +9.7% · buy≥1.55 · probation
2026-09-18 20:00	FRA-L2	Ligue 2	Reims v Montpellier	U4.25 84.0% **−4.7%** · buy≥1.23 (+7.1% margin)	— none	✅ HIT — 1-1	❌ 12 74.4% +2.0% · buy≥1.41 · probation
2026-09-18 20:00	FRA-L2	Ligue 2	Laval v Sochaux	U4.25 83.8% **−4.9%** · buy≥1.19 (+7.0% margin)	✅ U3.75 77.8% +2.7% (floor −0.2) · buy≥1.27 (+5.5% margin)	✅ HIT — 1-1	✅ 1X 73.2% +3.5% · buy≥1.44 · probation
2026-09-18 20:00	NED-ED	Eredivisie	Groningen v Zwolle	U4.25 80.5% +1.4% · buy≥1.29 (+1.9% margin)	✅ **Groningen O1.5** 62.0% +12.2% (team) · buy≥1.67 (+3.4% margin)	✅ HIT — 3-0	✅ DNB1 79.3% +20.8% · buy≥1.32 · probation
2026-09-18 20:00	NED-D2	Eerste Divisie	Almere City v Heracles Almelo	O1.5 83.8% +1.8% · buy≥1.19 (+4.6% margin)	❌ **Heracles Almelo O1.5** 58.7% +18.1% (team) · buy≥1.76 (+3.1% margin)	❌ MISS — 1-0	
2026-09-18 20:00	NED-D2	Eerste Divisie	FC Den Bosch v Helmond Sport	U4.25 81.8% +2.5% · buy≥1.29 (+3.1% margin)	✅ U3.75 65.0% +3.3% (floor −10.0) · buy≥1.41 (+0.4% margin)	✅ HIT — 2-1	
2026-09-18 20:00	NED-D2	Eerste Divisie	FC Eindhoven v FC Emmen	U4.25 79.5% **+0.3%** · buy≥1.31 (+1.4% margin)	❌ **FC Emmen O1.5** 56.6% +16.0% (team) · buy≥1.82 (+2.9% margin)	✅ HIT — 3-1	
2026-09-18 20:00	NED-D2	Eerste Divisie	Jong Ajax v Roda JC Kerkrade	U4.25 80.6% +1.4% · buy≥1.30 (+2.2% margin)	✅ U3.75 63.5% +1.8% (floor −11.5) · buy≥1.44 (+0.3% margin)	✅ HIT — 0-0	
2026-09-18 20:00	NED-D2	Eerste Divisie	Jong AZ v FC Volendam	O1.5 84.0% +2.0% · buy≥1.22 (+4.8% margin)	✅ **Jong AZ O1.5** 65.4% +13.7% (team) · buy≥1.58 (+3.6% margin)	✅ HIT — 4-1	✅ 12 80.6% +3.6% · buy≥1.30 · probation
2026-09-18 20:00	NED-D2	Eerste Divisie	Jong FC Utrecht v VVV-Venlo	U4.25 80.6% +1.4% · buy≥1.30 (+2.2% margin)	❌ U3.75 63.5% +1.8% (floor −11.5) · buy≥1.44 (+0.3% margin)	✅ HIT — 1-3	
2026-09-18 20:00	NED-D2	Eerste Divisie	RKC Waalwijk v MVV Maastricht	O1.5 82.1% **+0.1%** · buy≥1.26 (+3.3% margin)	✅ **RKC Waalwijk O1.5** 54.8% +3.1% (team) · buy≥1.82 (−0.5% margin)	✅ HIT — 6-1	✅ DNB1 73.9% +15.9% · buy≥1.42 · probation
2026-09-18 20:00	NED-D2	Eerste Divisie	TOP Oss v FC Dordrecht	U4.25 80.6% +1.4% · buy≥1.30 (+2.2% margin)	✅ **TOP Oss O1.5** 57.3% +5.6% (team) · buy≥1.80 (+3.0% margin)	✅ HIT — 3-0	
2026-09-18 20:00	ALG-L1	Ligue 1	MC Alger v Rouissat	— no tip: engine abstained (thin history or an unresolved name)	—	FT 2-0 (no tip)	
2026-09-18 20:30	ITA-SB	Serie B	Juve Stabia v Cesena	U3.0 75.9% **+0.5%** · buy≥1.47 (+2.1% margin)	— none	✅ HIT — 1-1	◦ DNB1 66.3% +5.7% · buy≥1.58 · probation
2026-09-18 20:30	ESP-L2	LaLiga 2	Albacete v Cordoba	U4.25 84.4% **−5.1%** · buy≥1.22 (+5.4% margin)	— none	✅ HIT — 1-2	✅ 12 76.1% +3.9% · buy≥1.38 · probation
2026-09-18 20:30	GER-BL	Bundesliga	Bayern Munich v Union Berlin	O1.5 86.7% +4.0% · buy≥1.23 (+9.0% margin)	✅ **Bayern Munich O1.5** 76.7% +26.1% (team) · buy≥1.36 (+4.3% margin)	✅ HIT — 7-0	✅ DNB1 82.7% +26.0% · buy≥1.27 · probation
2026-09-18 20:30	POL-EK	Ekstraklasa	Wisla v Slask Wroclaw	U4.25 84.3% **−1.3%** · buy≥1.29 (+6.8% margin)	✅ **Wisla O0.5** 83.3% +4.6% (team) · buy≥1.32 (+10.0% margin)	✅ HIT — 2-1	✅ DNB1 74.7% +13.9% · buy≥1.41 · probation
2026-09-18 20:45	FRA-L1	Ligue 1	AS Monaco v Lens	O1.5 80.3% +3.0% · buy≥1.31 (+5.0% margin)	❌ **Lens O1.5** 55.4% +19.1% (team) · buy≥1.85 (+2.8% margin)	✅ HIT — 2-1	
2026-09-18 20:45	ITA-SA	Serie A	Monza v Sassuolo	U4.25 85.8% **−2.9%** · buy≥1.18 (+5.4% margin)	— none	✅ HIT — 2-1	✅ 12 74.5% +2.4% · buy≥1.41 · probation
2026-09-18 20:45	BEL-PL	Pro League	Gent v Standard	O1.5 76.7% **+0.4%** · buy≥1.32 (+1.0% margin)	— none	✅ HIT — 2-1	
2026-09-18 21:00	ENG-PL	Premier League	Brentford FC v Chelsea FC	U4.25 81.9% **+0.0%** · buy≥1.28 (+2.9% margin)	✅ **Brentford FC O0.5** 82.5% +4.4% (team) · buy≥1.29 (+6.7% margin)	✅ HIT — 3-0	✅ 12 77.0% +2.1% · buy≥1.36 · probation
2026-09-18 21:00	ENG-CH	Championship	Bristol City v Watford	U3.0 77.7% +3.6% · buy≥1.49 (+7.3% margin)	✅ **Watford U1.5** 74.5% +5.8% (team) · buy≥1.40 (+4.6% margin)	✅ HIT — 1-0	✅ DNB1 74.3% +15.0% · buy≥1.41 · probation
2026-09-18 21:00	ESP-LL	LaLiga	RCD Espanyol v Elche	U4.25 84.9% **−2.0%** · buy≥1.23 (+5.8% margin)	— none	✅ HIT — 1-3	❌ DNB1 67.9% +5.7% · buy≥1.55 · probation
2026-09-18 22:00	ALG-L1	Ligue 1	ASO Chlef v MC Oran	U3.0 85.1% +2.3% · buy≥1.30 (+5.9% margin)	✅ U2.75 66.8% +3.3% (floor −8.2) · buy≥1.37 (+0.5% margin)	✅ HIT — 0-1	
2026-09-18 22:00	PER-L1	Liga 1	Alianza Atlético v Comerciantes Unidos	O1.5 78.0% +3.9% · buy≥1.40 (+9.1% margin)	✅ **Comerciantes Unidos O0.5** 79.0% +15.7% (team) · buy≥1.38 (+9.3% margin)	✅ HIT — 2-1	✅ 12 77.6% +2.6% · buy≥1.35 · probation
2026-09-19 00:30	BRA-SB	Brasileirão Série B	Vila Nova v América Mineiro	O1.0 88.5% **−0.7%** · buy≥1.22 (+6.1% margin)	✅ **Vila Nova O0.5** 80.3% +4.2% (team) · buy≥1.31 (+5.5% margin)	◦ PUSH — 1-0	✅ DNB1 75.6% +9.4% · buy≥1.39 · probation
2026-09-19 01:30	MLS	MLS	New York City v New York Red Bulls	U4.25 80.8% +1.0% · buy≥1.34 (+6.1% margin)	✅ U3.75 63.9% +1.5% (floor −11.1) · buy≥1.44 (+0.3% margin)	✅ HIT — 0-1	❌ DNB1 70.4% +10.0% · buy≥1.49 · probation
2026-09-19 01:30	BRA-SB	Brasileirão Série B	Ceará v Novorizontino	O1.0 88.5% **−0.7%** · buy≥1.19 (+6.1% margin)	✅ O1.75 69.9% +4.8% (floor −5.1) · buy≥1.59 (+3.9% margin)	✅ HIT — 2-1	✅ 12 73.6% +2.0% · buy≥1.43 · probation
2026-09-19 02:00	BRA-SB	Brasileirão Série B	São Bernardo v Atlético Goianiense	O1.0 88.5% **−0.7%** · buy≥1.22 (+6.1% margin)	❌ O1.75 66.8% +1.7% (floor −8.2) · buy≥1.63 (+0.5% margin)	◦ PUSH — 1-0	
2026-09-19 03:00	MEX-LMX	Liga MX	Puebla v Atlante	U4.25 83.2% **−0.9%** · buy≥1.24 (+5.4% margin)	— none	✅ HIT — 1-1	
2026-09-19 03:00	PER-L1	Liga 1	Alianza Lima v ADT	U4.25 81.1% **−5.9%** · buy≥1.24 (+6.5% margin)	✅ **Alianza Lima O1.5** 59.3% +11.8% (team) · buy≥1.74 (+3.1% margin)	✅ HIT — 2-0	✅ DNB1 81.2% +14.1% · buy≥1.29 · probation
2026-09-19 05:00	MEX-LMX	Liga MX	Juarez v Tigres UANL	U4.25 83.2% **−1.0%** · buy≥1.23 (+5.4% margin)	❌ **Tigres UANL O0.5** 80.5% +10.9% (team) · buy≥1.34 (+7.6% margin)	✅ HIT — 2-0	
2026-09-19 11:00	JPN-J1	J1 League	Avispa Fukuoka v Sanfrecce Hiroshima	U4.25 81.7% **−6.4%** · buy≥1.27 (+1.3% margin)	❌ **Sanfrecce Hiroshima O1.5** 55.4% +22.2% (team) · buy≥1.86 (+2.8% margin)	✅ HIT — 0-1	✅ 12 77.8% +4.3% · buy≥1.35 · probation
2026-09-19 11:00	JPN-J1	J1 League	Kawasaki Frontale v Kashima Antlers	U4.25 84.5% **−3.5%** · buy≥1.22 (+1.4% margin)	✅ **Kawasaki Frontale O0.5** 81.7% +7.4% (team) · buy≥1.28 (+4.5% margin)	❌ MISS — 3-3	❌ 12 76.9% +3.4% · buy≥1.36 · probation
2026-09-19 11:30	JPN-J1	J1 League	Shimizu S-Pulse v JEF United Ichihara-Chiba	U4.25 90.6% +2.5% · buy≥1.17 (+5.1% margin)	✅ U3.75 80.2% +6.1% (floor −1.8) · buy≥1.23 (+4.5% margin)	✅ HIT — 2-1	✅ 1X 73.8% +6.5% · buy≥1.42 · probation
2026-09-19 11:30	JPN-J1	J1 League	Urawa Red Diamonds v Tokyo Verdy 1969	U4.25 90.1% +2.0% · buy≥1.17 (+5.0% margin)	❌ U3.75 79.4% +5.3% (floor −2.6) · buy≥1.24 (+4.4% margin)	✅ HIT — 3-1	✅ DNB1 68.5% +13.1% · buy≥1.53 · probation
2026-09-19 11:30	JPN-J1	J1 League	V-Varen Nagasaki v Cerezo Osaka	U4.25 89.6% +1.6% · buy≥1.18 (+4.8% margin)	✅ U3.75 76.6% +2.5% (floor −5.4) · buy≥1.23 (+1.0% margin)	✅ HIT — 1-1	
2026-09-19 12:00	JPN-J1	J1 League	Fagiano Okayama v Kyoto Sanga	U4.25 87.4% **−0.7%** · buy≥1.19 (+3.2% margin)	✅ **Fagiano Okayama O0.5** 82.5% +8.2% (team) · buy≥1.27 (+4.6% margin)	✅ HIT — 1-2	❌ DNB1 72.1% +16.6% · buy≥1.46 · probation
2026-09-19 12:00	JPN-J1	J1 League	FC Tokyo v Nagoya Grampus	U4.25 85.9% **−2.1%** · buy≥1.20 (+2.1% margin)	✅ **FC Tokyo O0.5** 82.6% +8.3% (team) · buy≥1.27 (+4.6% margin)	✅ HIT — 1-0	✅ 12 77.3% +3.8% · buy≥1.36 · probation
2026-09-19 12:30	JPN-J1	J1 League	Yokohama F. Marinos v Mito Hollyhock	U4.25 88.1% **+0.1%** · buy≥1.19 (+3.7% margin)	— none	✅ HIT — 2-0	
2026-09-19 13:00	GER-B2	2. Bundesliga	Kaiserslautern v Braunschweig	U4.25 84.5% +3.4% · buy≥1.27 (+5.5% margin)	✅ U3.75 68.8% +4.6% (floor −6.2) · buy≥1.39 (+3.8% margin)	✅ HIT — 1-0	
2026-09-19 13:00	GER-B2	2. Bundesliga	Holstein Kiel v Osnabruck	U4.25 83.3% +2.2% · buy≥1.29 (+5.2% margin)	✅ U3.75 67.1% +2.9% (floor −7.9) · buy≥1.38 (+0.5% margin)	✅ HIT — 1-1	❌ 12 77.0% +2.3% · buy≥1.36 · probation
2026-09-19 13:00	GER-B2	2. Bundesliga	Karlsruhe v Nurnberg	O1.5 83.3% +2.8% · buy≥1.26 (+5.3% margin)	❌ **Nurnberg O1.5** 55.2% +14.5% (team) · buy≥1.86 (+2.8% margin)	❌ MISS — 0-1	✅ 12 78.1% +3.4% · buy≥1.34 · probation
2026-09-19 13:30	ENG-PL	Premier League	Tottenham v Aston Villa	U4.25 85.5% +3.6% · buy≥1.26 (+8.6% margin)	❌ U3.75 72.4% +7.1% (floor −2.6) · buy≥1.33 (+4.0% margin)	❌ MISS — 2-3	
2026-09-19 13:30	ENG-CH	Championship	Cardiff v Charlton	U3.0 78.7% +4.5% · buy≥1.48 (+8.1% margin)	❌ U2.75 58.0% +5.5% (floor −17.0) · buy≥1.59 (+3.0% margin)	❌ MISS — 3-1	
2026-09-19 13:30	ENG-CH	Championship	Millwall v West Ham	O1.5 80.6% +7.8% · buy≥1.35 (+8.8% margin)	✅ **West Ham O1.5** 55.6% +24.2% (team) · buy≥1.85 (+2.8% margin)	✅ HIT — 2-2	❌ 12 78.1% +4.5% · buy≥1.34 · probation
2026-09-19 13:30	ENG-CH	Championship	Stoke v Sheffield United	U4.25 83.7% **−4.4%** · buy≥1.24 (+6.2% margin)	✅ O1.75 74.4% +1.6% (floor −0.6) · buy≥1.43 (+1.2% margin)	✅ HIT — 2-1	✅ 12 76.1% +2.4% · buy≥1.38 · probation
2026-09-19 14:00	FRA-L2	Ligue 2	Guingamp v Red Star	U4.25 84.1% **−4.6%** · buy≥1.24 (+7.1% margin)	✅ O1.75 74.1% +2.2% (floor −3.9) · buy≥1.47 (+3.5% margin)	✅ HIT — 1-3	✅ 12 75.5% +3.2% · buy≥1.39 · probation
2026-09-19 14:00	FRA-L2	Ligue 2	Boulogne v Nantes	U3.0 79.8% +4.6% · buy≥1.47 (+9.4% margin)	❌ U2.75 59.4% +5.8% (floor −18.6) · buy≥1.56 (+3.1% margin)	✅ HIT — 1-2	
2026-09-19 14:00	ESP-LL	LaLiga	CA Osasuna v Rayo Vallecano de Madrid	U4.25 84.8% **−2.2%** · buy≥1.21 (+5.8% margin)	✅ U3.75 74.8% +2.5% (floor −0.2) · buy≥1.26 (+1.0% margin)	✅ HIT — 1-1	
2026-09-19 14:00	ESP-L2	LaLiga 2	Sociedad B v Mallorca	U3.0 76.5% **+0.0%** · buy≥1.42 (+1.0% margin)	— none	✅ HIT — 0-1	
2026-09-19 14:45	POL-EK	Ekstraklasa	Korona Kielce v Rakow	U4.25 86.3% **+0.6%** · buy≥1.25 (+7.3% margin)	❌ U3.75 72.0% +1.6% (floor −6.0) · buy≥1.30 (+0.8% margin)	❌ MISS — 3-2	
2026-09-19 15:00	SWE-AL	Allsvenskan	Brommapojkarna v Goteborg	O1.5 78.2% **+0.2%** · buy≥1.29 (+1.3% margin)	— none	❌ MISS — 0-1	
2026-09-19 15:00	SWE-AL	Allsvenskan	Västerås SK v Malmo FF	O1.5 79.3% +1.3% · buy≥1.29 (+2.1% margin)	❌ O2.25 56.5% +1.8% (floor −18.5) · buy≥1.56 (−0.3% margin)	✅ HIT — 2-0	
2026-09-19 15:00	ITA-SA	Serie A	Bologna v Torino	U4.25 85.8% **−2.9%** · buy≥1.17 (+5.4% margin)	— none	✅ HIT — 1-1	
2026-09-19 15:00	ITA-SA	Serie A	Udinese v Cagliari Calcio	U4.25 85.9% **−2.8%** · buy≥1.19 (+5.4% margin)	— none	✅ HIT — 0-1	
2026-09-19 15:00	ITA-SB	Serie B	Carrarese v Benevento	U3.0 77.3% +2.0% · buy≥1.45 (+3.3% margin)	✅ U2.75 56.3% +2.4% (floor −18.7) · buy≥1.58 (−0.3% margin)	✅ HIT — 0-1	✅ 12 73.2% +5.5% · buy≥1.43 · probation
2026-09-19 15:00	ITA-SB	Serie B	Cremonese v Virtus Entella	O1.5 74.4% +2.8% · buy≥1.36 (+0.9% margin)	— none	❌ MISS — 0-0	❌ 12 74.8% +7.0% · buy≥1.40 · probation
2026-09-19 15:00	ITA-SB	Serie B	Palermo v Padova	U3.0 74.1% **−1.3%** · buy≥1.51 (+0.9% margin)	✅ O1.75 72.8% +1.2% (floor −2.2) · buy≥1.46 (+0.8% margin)	✅ HIT — 2-1	✅ DNB1 70.5% +9.8% · buy≥1.49 · probation
2026-09-19 15:30	GER-BL	Bundesliga	M'gladbach v Mainz	O1.5 82.9% **+0.2%** · buy≥1.26 (+4.2% margin)	✅ **Mainz O0.5** 81.8% +7.1% (team) · buy≥1.30 (+6.7% margin)	✅ HIT — 3-4	✅ 12 76.8% +2.1% · buy≥1.37 · probation
2026-09-19 15:30	GER-BL	Bundesliga	Ein Frankfurt v Freiburg	O1.5 82.8% **+0.1%** · buy≥1.26 (+4.1% margin)	✅ **Ein Frankfurt O0.5** 82.2% +2.6% (team) · buy≥1.26 (+3.6% margin)	✅ HIT — 2-2	❌ 12 77.2% +2.5% · buy≥1.36 · probation
2026-09-19 15:30	GER-BL	Bundesliga	Hamburg v FC Koln	U4.25 79.2% **+0.9%** · buy≥1.31 (+1.3% margin)	❌ **FC Koln O1.5** 56.9% +15.9% (team) · buy≥1.81 (+2.9% margin)	✅ HIT — 2-1	✅ 12 78.0% +3.3% · buy≥1.35 · probation
2026-09-19 15:30	GER-BL	Bundesliga	Werder Bremen v Augsburg	U4.25 78.7% **+0.4%** · buy≥1.32 (+1.1% margin)	✅ **Augsburg O0.5** 79.4% +4.7% (team) · buy≥1.32 (+4.7% margin)	❌ MISS — 3-2	✅ 12 76.7% +2.0% · buy≥1.37 · probation
2026-09-19 16:00	ENG-PL	Premier League	Brighton & Hove Albion v Arsenal FC	O1.5 80.9% +1.1% · buy≥1.26 (+2.1% margin)	✅ O2.25 58.9% +1.7% (floor −16.1) · buy≥1.51 (−0.1% margin)	✅ HIT — 3-0	
2026-09-19 16:00	ENG-PL	Premier League	Everton v Ipswich Town FC	U4.25 84.5% +2.7% · buy≥1.26 (+4.9% margin)	✅ **Everton O0.5** 82.2% +4.1% (team) · buy≥1.29 (+6.4% margin)	✅ HIT — 1-0	✅ DNB1 70.3% +13.2% · buy≥1.49 · probation
2026-09-19 16:00	ENG-PL	Premier League	Newcastle v Hull	U4.25 84.7% +2.8% · buy≥1.26 (+5.0% margin)	✅ **Newcastle O0.5** 82.3% +4.1% (team) · buy≥1.29 (+6.5% margin)	✅ HIT — 2-1	✅ DNB1 75.2% +18.1% · buy≥1.40 · probation
2026-09-19 16:00	ENG-CH	Championship	Birmingham v Middlesbrough	U4.25 83.7% **−4.4%** · buy≥1.24 (+6.2% margin)	✅ O1.75 74.5% +1.7% (floor −0.5) · buy≥1.43 (+1.3% margin)	✅ HIT — 2-2	
2026-09-19 16:00	ENG-CH	Championship	Burnley v Derby	O1.5 76.4% +3.6% · buy≥1.39 (+6.2% margin)	❌ **Burnley O1.5** 59.2% +18.3% (team) · buy≥1.74 (+3.1% margin)	✅ HIT — 1-1	◦ DNB1 75.0% +15.8% · buy≥1.40 · probation
2026-09-19 16:00	ENG-CH	Championship	Lincoln City FC v Swansea	U3.0 75.3% +1.2% · buy≥1.49 (+2.0% margin)	— none	✅ HIT — 1-2	
2026-09-19 16:00	ENG-CH	Championship	Portsmouth v Blackburn	U4.25 83.6% **−4.5%** · buy≥1.21 (+6.2% margin)	— none	✅ HIT — 2-2	
2026-09-19 16:00	ENG-CH	Championship	QPR v Preston	U3.0 76.4% +2.3% · buy≥1.47 (+2.9% margin)	❌ U2.75 55.2% +2.7% (floor −19.8) · buy≥1.61 (−0.4% margin)	❌ MISS — 2-2	◦ DNB1 66.5% +7.3% · buy≥1.58 · probation
2026-09-19 16:00	ENG-CH	Championship	Wrexham AFC v Southampton	O1.5 77.8% +5.0% · buy≥1.38 (+7.4% margin)	❌ **Southampton O1.5** 53.2% +21.8% (team) · buy≥1.93 (+2.6% margin)	✅ HIT — 2-1	✅ 12 76.8% +3.1% · buy≥1.37 · probation
2026-09-19 16:00	NOR-EL	Eliteserien	Kristiansund v Rosenborg	O1.5 82.9% +1.7% · buy≥1.27 (+5.0% margin)	✅ **Rosenborg O1.5** 59.9% +21.7% (team) · buy≥1.72 (+3.2% margin)	✅ HIT — 1-3	
2026-09-19 16:00	BEL-PL	Pro League	Oud-Heverlee Leuven v RAAL La Louviere	U3.0 76.0% +6.0% · buy≥1.50 (+4.2% margin)	— none	✅ HIT — 2-0	
2026-09-19 16:00	TUR-SL	Trendyol Süper Lig	Çorum FK v Alanyaspor	— no tip: engine abstained (thin history or an unresolved name)	—	FT 1-2 (no tip)	
2026-09-19 16:00	TUR-SL	Trendyol Süper Lig	Kocaelispor v Gaziantep	U4.25 84.7% **+0.2%** · buy≥1.21 (+6.1% margin)	✅ U3.75 75.3% +6.4% (floor −6.7) · buy≥1.29 (+4.2% margin)	✅ HIT — 2-0	
2026-09-19 16:15	ESP-LL	LaLiga	Athletic Club v Alaves	O1.5 75.5% +1.1% · buy≥1.34 (+1.0% margin)	— none	❌ MISS — 0-0	
2026-09-19 16:15	ESP-L2	LaLiga 2	Andorra v Sporting Gijón	O1.5 70.6% **+0.0%** · buy≥1.34 (+0.7% margin)	✅ **Andorra O0.5** 81.9% +6.0% (team) · buy≥1.32 (+7.7% margin)	✅ HIT — 1-3	❌ DNB1 70.0% +7.0% · buy≥1.50 · probation
2026-09-19 16:30	NED-ED	Eredivisie	ADO Den Haag v SC Cambuur-Leeuwarden	U4.25 86.2% +7.1% · buy≥1.28 (+8.8% margin)	✅ U3.75 71.3% +9.8% (floor −3.7) · buy≥1.35 (+4.0% margin)	✅ HIT — 1-1	
2026-09-19 16:30	NED-D2	Eerste Divisie	Vitesse v Jong PSV	O1.5 82.3% **+0.3%** · buy≥1.26 (+3.5% margin)	✅ **Vitesse O1.5** 56.5% +4.8% (team) · buy≥1.82 (+2.9% margin)	✅ HIT — 3-1	
2026-09-19 16:30	POR-PL	Liga Portugal	CD Nacional v FC Famalicão	U3.0 75.6% +4.1% · buy≥1.51 (+4.4% margin)	— none	❌ MISS — 0-4	
2026-09-19 16:30	POR-PL	Liga Portugal	Gil Vicente FC v Maritimo	U4.25 84.0% **−2.3%** · buy≥1.21 (+5.9% margin)	✅ U3.75 74.2% +2.7% (floor −0.8) · buy≥1.27 (+0.9% margin)	✅ HIT — 1-1	◦ DNB1 66.4% +9.1% · buy≥1.58 · probation
2026-09-19 17:00	ALG-L1	Ligue 1	Olympique Akbou v USM Alger	U3.0 87.3% +4.5% · buy≥1.30 (+9.9% margin)	❌ **Olympique Akbou U1.5** 73.6% +12.7% (team) · buy≥1.41 (+4.1% margin)	❌ MISS — 2-3	
2026-09-19 17:15	FRA-L1	Ligue 1	Paris FC v Strasbourg	O1.5 82.7% +5.4% · buy≥1.32 (+9.0% margin)	✅ **Paris FC O1.5** 55.8% +11.4% (team) · buy≥1.84 (+2.8% margin)	✅ HIT — 2-1	
2026-09-19 17:15	ITA-SB	Serie B	Sampdoria v Catanzaro	U3.0 73.9% **−1.4%** · buy≥1.51 (+0.9% margin)	✅ O1.75 73.0% +1.3% (floor −2.0) · buy≥1.46 (+0.9% margin)	✅ HIT — 2-1	✅ 12 74.7% +7.0% · buy≥1.40 · probation
2026-09-19 17:30	SWE-AL	Allsvenskan	Orgryte v Sirius	O1.5 82.8% +4.8% · buy≥1.31 (+8.2% margin)	✅ **Sirius O1.5** 66.7% +30.3% (team) · buy≥1.55 (+3.7% margin)	✅ HIT — 1-2	
2026-09-19 17:30	POL-EK	Ekstraklasa	GKS Katowice v Cracovia	U4.25 86.2% **+0.6%** · buy≥1.24 (+7.2% margin)	❌ **Cracovia U1.5** 73.3% +6.2% (team) · buy≥1.43 (+5.0% margin)	❌ MISS — 3-2	✅ DNB1 74.7% +13.9% · buy≥1.41 · probation
2026-09-19 18:00	NOR-EL	Eliteserien	Molde v Aalesund	O1.5 85.6% +4.4% · buy≥1.27 (+9.1% margin)	❌ **Molde O1.5** 72.7% +23.3% (team) · buy≥1.43 (+4.1% margin)	✅ HIT — 1-2	✅ 12 83.6% +4.7% · buy≥1.26 · probation
2026-09-19 18:00	DEN-SL	Superliga	Odense v Midtjylland	U4.25 82.9% +2.0% · buy≥1.29 (+5.2% margin)	✅ U3.75 66.5% +2.7% (floor −8.5) · buy≥1.39 (+0.5% margin)	✅ HIT — 1-1	
2026-09-19 18:00	ITA-SA	Serie A	AS Roma v FC Internazionale Milano	O1.5 71.9% **+0.0%** · buy≥1.21 (+0.8% margin)	✅ **AS Roma O1.5** 57.0% +17.4% (team) · buy≥1.81 (+2.9% margin)	✅ HIT — 2-2	❌ 12 79.0% +6.9% · buy≥1.33 · probation
2026-09-19 18:00	SUI-SL	Super League	Young Boys v Servette	O1.5 83.7% +2.9% · buy≥1.22 (+5.3% margin)	✅ O2.25 67.8% +9.0% (floor −7.2) · buy≥1.39 (+3.8% margin)	✅ HIT — 3-2	✅ 12 80.4% +5.2% · buy≥1.31 · probation
2026-09-19 18:00	SUI-SL	Super League	Luzern v Grasshoppers	O1.5 81.7% **+0.9%** · buy≥1.28 (+4.3% margin)	✅ **Luzern O1.5** 55.4% +5.3% (team) · buy≥1.85 (+2.8% margin)	✅ HIT — 5-1	✅ 12 77.9% +2.7% · buy≥1.35 · probation
2026-09-19 20:30	SUI-SL	Super League	Sion v Zurich	O1.5 83.4% +2.6% · buy≥1.26 (+5.2% margin)	❌ **Sion O1.5** 61.5% +11.4% (team) · buy≥1.68 (+3.3% margin)	✅ HIT — 1-1	◦ DNB1 77.1% +17.0% · buy≥1.36 · probation
2026-09-19 18:15	BEL-PL	Pro League	Charleroi v Cercle Brugge	O1.5 80.2% +4.0% · buy≥1.31 (+4.8% margin)	✅ O2.25 57.9% +5.7% (floor −17.1) · buy≥1.58 (+3.0% margin)	✅ HIT — 3-2	✅ 12 77.1% +3.4% · buy≥1.36 · probation
2026-09-19 18:30	ENG-PL	Premier League	Nottingham Forest v Coventry	U4.25 83.0% +1.1% · buy≥1.27 (+3.7% margin)	❌ **Nottingham Forest O0.5** 83.8% +5.7% (team) · buy≥1.28 (+7.7% margin)	✅ HIT — 0-1	❌ DNB1 73.8% +16.7% · buy≥1.42 · probation
2026-09-19 18:30	ESP-LL	LaLiga	RC Celta de Vigo v Real Racing Club de Santander	O1.5 78.6% +4.3% · buy≥1.35 (+5.9% margin)	❌ **Real Racing Club de Santander O0.5** 80.3% +11.4% (team) · buy≥1.34 (+7.2% margin)	✅ HIT — 5-0	✅ 12 76.5% +2.9% · buy≥1.37 · probation
2026-09-19 18:30	ESP-L2	LaLiga 2	Castellon v Tenerife	U4.25 84.3% **−5.2%** · buy≥1.20 (+5.4% margin)	✅ **Tenerife U1.5** 75.4% +4.0% (team) · buy≥1.38 (+4.2% margin)	❌ MISS — 5-0	✅ DNB1 69.5% +6.5% · buy≥1.51 · probation
2026-09-19 18:30	ESP-L2	LaLiga 2	Eldense v Eibar	U3.0 76.5% **+0.0%** · buy≥1.35 (+1.0% margin)	— none	✅ HIT — 1-2	
2026-09-19 18:30	GER-BL	Bundesliga	Stuttgart v Dortmund	O1.5 83.6% **+0.9%** · buy≥1.25 (+4.7% margin)	✅ **Dortmund O0.5** 81.7% +7.0% (team) · buy≥1.30 (+6.6% margin)	❌ MISS — 0-1	✅ 12 77.1% +2.4% · buy≥1.36 · probation
2026-09-19 18:45	NED-ED	Eredivisie	Sparta Rotterdam v SC Heerenveen	U4.25 80.5% +1.4% · buy≥1.29 (+1.9% margin)	❌ U3.75 63.4% +1.8% (floor −11.6) · buy≥1.45 (+0.3% margin)	✅ HIT — 0-4	
2026-09-19 19:00	POR-PL	Liga Portugal	Alverca v Rio Ave	U3.0 77.5% +6.0% · buy≥1.48 (+5.9% margin)	✅ **Rio Ave U1.5** 75.4% +10.4% (team) · buy≥1.38 (+4.2% margin)	✅ HIT — 1-0	✅ DNB1 72.5% +15.1% · buy≥1.45 · probation
2026-09-19 19:00	TUR-SL	Trendyol Süper Lig	İstanbul Başakşehir v Gençlerbirliği	U4.25 84.1% **−0.5%** · buy≥1.28 (+6.0% margin)	✅ **İstanbul Başakşehir O0.5** 81.3% +2.8% (team) · buy≥1.29 (+5.3% margin)	✅ HIT — 4-0	✅ 12 76.6% +2.3% · buy≥1.37 · probation
2026-09-19 19:00	TUR-SL	Trendyol Süper Lig	Trabzonspor v Galatasaray	U4.25 83.9% **−0.7%** · buy≥1.28 (+5.9% margin)	❌ **Galatasaray O0.5** 81.3% +11.9% (team) · buy≥1.34 (+8.6% margin)	✅ HIT — 4-0	✅ 12 76.4% +2.1% · buy≥1.37 · probation
2026-09-19 19:30	ITA-SB	Serie B	Ascoli v Avellino	U3.0 78.9% +3.5% · buy≥1.47 (+7.8% margin)	✅ **Avellino U1.5** 75.4% +6.8% (team) · buy≥1.39 (+5.0% margin)	❌ MISS — 3-1	
2026-09-19 20:00	FRA-L2	Ligue 2	Metz v St Etienne	O1.5 80.7% +8.9% · buy≥1.36 (+9.7% margin)	✅ **Metz O1.5** 59.0% +19.2% (team) · buy≥1.75 (+3.1% margin)	✅ HIT — 2-2	❌ 12 78.8% +6.5% · buy≥1.33 · probation
2026-09-19 20:00	NED-ED	Eredivisie	AFC Ajax v Excelsior	O1.5 86.9% +4.8% · buy≥1.25 (+8.9% margin)	✅ O2.25 68.7% +8.0% (floor −6.3) · buy≥1.37 (+3.8% margin)	✅ HIT — 2-2	❌ 12 77.4% +3.2% · buy≥1.36 · probation
2026-09-19 20:00	ALG-L1	Ligue 1	ES Sétif v CS Constantine	U3.0 87.8% +5.0% · buy≥1.29 (+10.0% margin)	❌ **ES Sétif U1.5** 72.6% +11.7% (team) · buy≥1.43 (+4.1% margin)	❌ MISS — 5-1	
2026-09-19 20:00	PER-L1	Liga 1	FC Cajamarca v Cusco FC	O1.5 76.6% +2.4% · buy≥1.37 (+5.3% margin)	✅ **Cusco FC O0.5** 80.7% +17.3% (team) · buy≥1.36 (+9.8% margin)	✅ HIT — 1-2	✅ 12 77.0% +2.1% · buy≥1.36 · probation
2026-09-19 20:15	POL-EK	Ekstraklasa	Motor Lublin v Gornik Zabrze	U4.25 84.3% **−1.3%** · buy≥1.29 (+6.8% margin)	❌ **Gornik Zabrze O0.5** 77.8% +7.2% (team) · buy≥1.39 (+8.5% margin)	✅ HIT — 0-0	❌ 12 75.8% +3.3% · buy≥1.39 · probation
2026-09-19 20:30	GER-B2	2. Bundesliga	Dresden v Hertha	U4.25 84.5% +3.4% · buy≥1.27 (+5.5% margin)	✅ U3.75 68.8% +4.6% (floor −6.2) · buy≥1.39 (+3.8% margin)	✅ HIT — 1-2	
2026-09-19 20:45	FRA-L1	Ligue 1	Angers v Troyes	U3.0 77.4% +8.8% · buy≥1.48 (+6.0% margin)	✅ **Troyes U1.5** 75.2% +11.5% (team) · buy≥1.39 (+4.2% margin)	✅ HIT — 2-0	✅ DNB1 65.3% +7.8% · buy≥1.61 · probation
2026-09-19 20:45	FRA-L1	Ligue 1	Le Mans FC v Lorient	U4.25 83.5% **−0.9%** · buy≥1.27 (+5.8% margin)	— none	✅ HIT — 2-1	
2026-09-19 20:45	FRA-L1	Ligue 1	Lyon v Rennes	O1.5 80.4% +3.0% · buy≥1.31 (+5.0% margin)	❌ **Rennes O0.5** 80.9% +11.7% (team) · buy≥1.34 (+8.5% margin)	✅ HIT — 4-0	
2026-09-19 20:45	FRA-L1	Ligue 1	Toulouse v Le Havre	U4.25 83.2% **−1.1%** · buy≥1.22 (+5.7% margin)	❌ U3.75 73.0% +4.4% (floor −2.0) · buy≥1.32 (+4.1% margin)	❌ MISS — 3-2	
2026-09-19 20:45	ITA-SA	Serie A	Venezia v Lazio	U4.25 85.9% **−2.8%** · buy≥1.18 (+5.4% margin)	— none	✅ HIT — 0-2	
2026-09-19 20:45	BEL-PL	Pro League	Lommel v Mechelen	U3.0 75.0% +5.0% · buy≥1.53 (+4.2% margin)	— none	✅ HIT — 0-0	◦ DNB1 72.8% +14.0% · buy≥1.44 · probation
2026-09-19 20:45	BEL-PL	Pro League	Anderlecht v Waregem	O1.5 80.0% +3.8% · buy≥1.31 (+4.7% margin)	✅ O2.25 57.6% +5.4% (floor −17.4) · buy≥1.59 (+3.0% margin)	✅ HIT — 3-0	
2026-09-19 21:00	ESP-LL	LaLiga	Sevilla v Barcelona	O1.5 80.5% +6.2% · buy≥1.33 (+7.4% margin)	✅ **Barcelona O0.5** 84.0% +15.1% (team) · buy≥1.30 (+9.0% margin)	✅ HIT — 1-3	✅ 12 76.7% +3.1% · buy≥1.37 · probation
2026-09-19 21:00	ESP-L2	LaLiga 2	Cadiz v Girona	U3.0 76.5% **+0.0%** · buy≥1.43 (+1.0% margin)	— none	✅ HIT — 1-2	
2026-09-19 21:00	NED-ED	Eredivisie	Willem II Tilburg v Fortuna Sittard	U4.25 84.4% +5.3% · buy≥1.30 (+8.2% margin)	✅ U3.75 68.7% +7.1% (floor −6.3) · buy≥1.39 (+3.8% margin)	✅ HIT — 0-1	
2026-09-19 21:00	BRA-SA	Brasileirão	CA Mineiro v Chapecoense AF	U4.25 82.8% **−6.0%** · buy≥1.23 (+6.8% margin)	❌ **CA Mineiro O1.5** 56.0% +12.9% (team) · buy≥1.84 (+2.8% margin)	✅ HIT — 1-1	◦ DNB1 79.3% +14.4% · buy≥1.32 · probation
2026-09-19 21:00	COL-PA	Categoría Primera A	Millonarios v Boyacá Chicó FC	U3.0 79.3% **+0.0%** · buy≥1.36 (+1.2% margin)	✅ **Millonarios O0.5** 80.9% +5.5% (team) · buy≥1.31 (+5.7% margin)	✅ HIT — 3-0	✅ DNB1 75.2% +11.0% · buy≥1.40 · probation
2026-09-19 21:30	POR-PL	Liga Portugal	Sporting Clube de Portugal v Arouca	O1.5 80.9% +5.9% · buy≥1.34 (+8.5% margin)	✅ **Sporting Clube de Portugal O1.5** 52.2% +9.8% (team) · buy≥1.96 (+2.5% margin)	✅ HIT — 2-2	❌ 12 77.9% +3.9% · buy≥1.35 · probation
2026-09-19 21:30	BRA-SB	Brasileirão Série B	Sport v Juventude	U3.0 81.7% **+0.2%** · buy≥1.34 (+3.2% margin)	— none	✅ HIT — 2-1	
2026-09-19 22:00	BRA-SA	Brasileirão	Mirassol FC v Botafogo FR	U3.0 76.7% +1.3% · buy≥1.49 (+5.2% margin)	✅ U2.75 55.5% +1.6% (floor −19.5) · buy≥1.61 (−0.4% margin)	✅ HIT — 2-0	
2026-09-19 22:30	PER-L1	Liga 1	Sporting Cristal v Atlético Grau	O1.5 76.0% +1.8% · buy≥1.38 (+5.1% margin)	— none	✅ HIT — 3-1	
2026-09-19 23:05	COL-PA	Categoría Primera A	Alianza Valledupar v Santa Fe	U3.0 79.3% **+0.0%** · buy≥1.33 (+1.2% margin)	— none	❌ MISS — 1-4	
2026-09-19 23:30	BRA-SA	Brasileirão	Remo v Santos	U4.25 82.9% **−6.0%** · buy≥1.23 (+6.8% margin)	✅ O1.75 73.6% +1.9% (floor −1.4) · buy≥1.48 (+3.2% margin)	✅ HIT — 1-2	
2026-09-19 23:30	BRA-SB	Brasileirão Série B	Athletic Club v Botafogo-SP	U3.0 81.6% **+0.2%** · buy≥1.34 (+3.2% margin)	— none	✅ HIT — 1-1	◦ DNB1 70.0% +3.8% · buy≥1.50 · probation
2026-09-20 01:00	MEX-LMX	Liga MX	Atlas v Pumas UNAM	U4.25 83.2% **−1.0%** · buy≥1.23 (+5.4% margin)	— none	✅ HIT — 1-1	
2026-09-20 01:00	MEX-LMX	Liga MX	Atlético San Luis v Necaxa	U4.25 83.1% **−1.0%** · buy≥1.22 (+5.4% margin)	— none	✅ HIT — 3-1	✅ DNB1 66.0% +4.2% · buy≥1.59 · probation
2026-09-20 01:00	PER-L1	Liga 1	Deportivo Garcilaso v Universitario	U4.25 81.1% **−6.0%** · buy≥1.24 (+6.5% margin)	— none	✅ HIT — 4-0	✅ DNB1 69.7% +2.6% · buy≥1.51 · probation
2026-09-20 01:10	COL-PA	Categoría Primera A	Deportivo Cali v Cúcuta Deportivo	U3.0 79.4% **+0.0%** · buy≥1.34 (+1.2% margin)	— none	✅ HIT — 3-0	✅ DNB1 69.5% +5.4% · buy≥1.51 · probation
2026-09-20 01:30	MLS	MLS	CF Montréal v Columbus Crew	U4.25 80.7% **+0.9%** · buy≥1.33 (+6.1% margin)	✅ U3.75 64.7% +2.2% (floor −10.3) · buy≥1.42 (+0.3% margin)	✅ HIT — 0-2	
2026-09-20 01:30	MLS	MLS	DC United v Charlotte FC	O1.5 80.7% **−0.8%** · buy≥1.30 (+6.1% margin)	— none	✅ HIT — 1-2	
2026-09-20 01:30	MLS	MLS	New England Revolution v Orlando City	O1.5 80.6% **−1.0%** · buy≥1.28 (+6.1% margin)	✅ **Orlando City O0.5** 80.3% +6.8% (team) · buy≥1.36 (+9.4% margin)	✅ HIT — 4-2	✅ 12 77.9% +2.7% · buy≥1.35 · probation
2026-09-20 01:30	MLS	MLS	San Jose Earthquakes v Los Angeles FC	U4.25 80.3% **+0.5%** · buy≥1.35 (+6.0% margin)	— none	✅ HIT — 2-2	
2026-09-20 01:30	BRA-SA	Brasileirão	Vasco da Gama v Coritiba	U3.0 78.8% +3.6% · buy≥1.49 (+9.2% margin)	❌ U2.75 58.2% +4.4% (floor −16.8) · buy≥1.59 (+3.0% margin)	❌ MISS — 5-0	
2026-09-20 02:00	BRA-SA	Brasileirão	São Paulo v Internacional	U3.0 76.9% +1.6% · buy≥1.49 (+5.3% margin)	✅ U2.75 55.8% +2.0% (floor −19.2) · buy≥1.60 (−0.4% margin)	✅ HIT — 1-0	✅ DNB1 69.1% +4.1% · buy≥1.52 · probation
2026-09-20 02:30	MLS	MLS	FC Dallas v Austin FC	O1.5 80.7% **−0.9%** · buy≥1.29 (+6.1% margin)	❌ **FC Dallas O1.5** 57.0% +5.2% (team) · buy≥1.81 (+2.9% margin)	❌ MISS — 0-0	◦ DNB1 74.7% +14.3% · buy≥1.41 · probation
2026-09-20 02:30	MLS	MLS	Houston Dynamo v FC Cincinnati	O1.5 80.7% **−0.8%** · buy≥1.30 (+6.1% margin)	— none	✅ HIT — 2-2	◦ DNB1 73.5% +13.0% · buy≥1.43 · probation
2026-09-20 02:30	MLS	MLS	Minnesota United v LA Galaxy	U4.25 80.7% **+0.9%** · buy≥1.33 (+6.1% margin)	❌ U3.75 64.8% +2.4% (floor −10.2) · buy≥1.42 (+0.4% margin)	❌ MISS — 2-3	
2026-09-20 02:30	MLS	MLS	Sporting Kansas City v Philadelphia Union	O1.5 80.6% **−0.9%** · buy≥1.29 (+6.1% margin)	✅ **Philadelphia Union O1.5** 64.8% +24.9% (team) · buy≥1.60 (+3.6% margin)	✅ HIT — 3-4	✅ 12 80.4% +5.3% · buy≥1.31 · probation
2026-09-20 02:30	MLS	MLS	St. Louis City v Toronto FC	O1.5 80.6% **−0.9%** · buy≥1.29 (+6.1% margin)	✅ **St. Louis City O1.5** 61.2% +9.3% (team) · buy≥1.69 (+3.3% margin)	✅ HIT — 3-1	✅ DNB1 79.4% +19.0% · buy≥1.32 · probation
2026-09-20 03:10	MEX-LMX	Liga MX	Monterrey v Cruz Azul	O1.5 77.5% **+0.0%** · buy≥1.26 (+1.9% margin)	❌ **Cruz Azul O0.5** 80.2% +10.7% (team) · buy≥1.34 (+7.3% margin)	❌ MISS — 1-0	
2026-09-20 03:15	PER-L1	Liga 1	Melgar v Sport Boys	O1.5 76.1% +1.9% · buy≥1.38 (+5.2% margin)	— none	✅ HIT — 1-1	
2026-09-20 03:15	COL-PA	Categoría Primera A	Deportivo Pasto v Once Caldas	U3.0 79.4% **+0.0%** · buy≥1.36 (+1.2% margin)	— none	✅ HIT — 1-0	✅ 12 74.2% +2.1% · buy≥1.41 · probation
2026-09-20 03:30	MLS	MLS	Colorado Rapids v Seattle Sounders	U4.25 80.6% **+0.8%** · buy≥1.30 (+6.1% margin)	❌ **Seattle Sounders U1.5** 73.6% +13.5% (team) · buy≥1.44 (+5.9% margin)	❌ MISS — 3-3	◦ DNB1 72.9% +12.5% · buy≥1.44 · probation
2026-09-20 03:30	MLS	MLS	Nashville SC v Chicago Fire	O1.5 80.5% **−1.0%** · buy≥1.27 (+6.1% margin)	✅ **Nashville SC O1.5** 62.1% +10.3% (team) · buy≥1.66 (+3.4% margin)	✅ HIT — 3-0	✅ 12 79.7% +4.5% · buy≥1.32 · probation
2026-09-20 03:30	MLS	MLS	Real Salt Lake v Vancouver Whitecaps	O1.5 80.7% **−0.8%** · buy≥1.30 (+6.1% margin)	✅ **Vancouver Whitecaps O0.5** 81.6% +8.1% (team) · buy≥1.34 (+9.7% margin)	✅ HIT — 0-3	
2026-09-20 04:30	MLS	MLS	Portland Timbers v Atlanta United	O1.5 80.6% **−0.9%** · buy≥1.28 (+6.1% margin)	❌ **Portland Timbers O1.5** 67.0% +15.2% (team) · buy≥1.55 (+3.7% margin)	❌ MISS — 0-1	❌ DNB1 79.0% +18.6% · buy≥1.33 · probation
2026-09-20 05:15	MEX-LMX	Liga MX	América v Guadalajara	U4.25 81.7% **−2.4%** · buy≥1.31 (+5.1% margin)	— none	✅ HIT — 2-2	
2026-09-20 10:00	JPN-J1	J1 League	Gamba Osaka v Vissel Kobe	U4.25 87.3% **−0.8%** · buy≥1.19 (+3.1% margin)	❌ O1.75 73.8% +1.0% (floor −8.2) · buy≥1.44 (+0.9% margin)	✅ HIT — 0-1	
2026-09-20 10:00	JPN-J1	J1 League	FC Machida Zelvia v Kashiwa Reysol	U4.25 82.9% **−5.2%** · buy≥1.25 (+1.3% margin)	✅ O1.75 78.8% +6.0% (floor −3.2) · buy≥1.37 (+4.4% margin)	❌ MISS — 2-4	✅ 12 77.0% +3.5% · buy≥1.36 · probation
2026-09-20 12:15	NED-ED	Eredivisie	Feyenoord Rotterdam v Utrecht	O1.5 83.1% +1.1% · buy≥1.25 (+3.9% margin)	✅ **Feyenoord Rotterdam O1.5** 64.3% +14.5% (team) · buy≥1.61 (+3.5% margin)	✅ HIT — 5-0	✅ DNB1 77.2% +18.7% · buy≥1.36 · probation
2026-09-20 12:15	POL-EK	Ekstraklasa	Piast Gliwice v Pogoń Szczecin	O1.5 78.0% +2.1% · buy≥1.35 (+5.2% margin)	— none	✅ HIT — 1-2	✅ 12 74.5% +2.0% · buy≥1.41 · probation
2026-09-20 12:30	ITA-SA	Serie A	Fiorentina v Napoli	U4.25 85.9% **−2.8%** · buy≥1.19 (+5.4% margin)	✅ **Fiorentina U1.5** 74.8% +14.4% (team) · buy≥1.39 (+4.2% margin)	✅ HIT — 1-1	
2026-09-20 13:00	ENG-CH	Championship	Wolves v West Brom	O1.5 77.2% +4.4% · buy≥1.38 (+6.8% margin)	— none	❌ MISS — 1-0	
2026-09-20 13:30	BEL-PL	Pro League	Antwerp v St. Gilloise	O1.5 80.1% +3.8% · buy≥1.31 (+4.7% margin)	✅ **St. Gilloise O1.5** 56.3% +21.9% (team) · buy≥1.83 (+2.9% margin)	✅ HIT — 0-2	✅ 12 77.9% +4.3% · buy≥1.35 · probation
2026-09-20 13:30	GER-B2	2. Bundesliga	Arminia Bielefeld v Heidenheim	O1.5 83.9% +3.5% · buy≥1.26 (+5.4% margin)	✅ **Heidenheim O0.5** 81.4% +8.1% (team) · buy≥1.32 (+7.7% margin)	✅ HIT — 2-2	❌ 12 78.0% +3.3% · buy≥1.35 · probation
2026-09-20 13:30	GER-B2	2. Bundesliga	Energie Cottbus v St. Pauli	O1.5 81.0% **+0.5%** · buy≥1.28 (+4.0% margin)	❌ **St. Pauli O1.5** 55.0% +14.3% (team) · buy≥1.87 (+2.8% margin)	✅ HIT — 1-1	❌ 12 77.1% +2.4% · buy≥1.36 · probation
2026-09-20 13:30	GER-B2	2. Bundesliga	Hannover 96 v Bochum	U4.25 83.0% +1.9% · buy≥1.29 (+5.2% margin)	✅ U3.75 66.8% +2.6% (floor −8.2) · buy≥1.38 (+0.5% margin)	✅ HIT — 2-1	
2026-09-20 14:00	DEN-SL	Superliga	Brøndby v FC København	O1.5 84.7% +4.0% · buy≥1.22 (+9.0% margin)	❌ **FC København O1.5** 80.6% +37.0% (team) · buy≥1.33 (+7.1% margin)	❌ MISS — 0-1	✅ 12 84.2% +9.9% · buy≥1.25 · probation
2026-09-20 14:00	DEN-SL	Superliga	SønderjyskE v Randers	U4.25 85.0% +4.2% · buy≥1.29 (+9.1% margin)	❌ U3.75 70.7% +6.9% (floor −4.3) · buy≥1.36 (+3.9% margin)	❌ MISS — 4-2	
2026-09-20 14:00	SWE-AL	Allsvenskan	Djurgården v Elfsborg	O1.5 79.2% +1.2% · buy≥1.29 (+2.1% margin)	❌ **Elfsborg U1.5** 75.4% +11.9% (team) · buy≥1.38 (+4.2% margin)	✅ HIT — 1-2	❌ DNB1 77.7% +22.4% · buy≥1.35 · probation
2026-09-20 14:00	SWE-AL	Allsvenskan	Halmstad v AIK	U4.25 83.3% **−0.3%** · buy≥1.22 (+5.1% margin)	❌ **Halmstad U1.5** 74.4% +19.2% (team) · buy≥1.40 (+4.2% margin)	✅ HIT — 2-1	❌ DNB2 67.3% +22.5% · buy≥1.56 · probation
2026-09-20 14:00	SWE-AL	Allsvenskan	Kalmar FF v Häcken	U4.25 83.4% **−0.3%** · buy≥1.23 (+5.1% margin)	❌ U3.75 72.0% +4.3% (floor −3.0) · buy≥1.34 (+4.0% margin)	❌ MISS — 0-5	
2026-09-20 14:00	ESP-LL	LaLiga	Getafe v Málaga	U3.0 80.1% +7.7% · buy≥1.43 (+7.0% margin)	✅ U2.75 59.8% +9.3% (floor −15.2) · buy≥1.55 (+3.2% margin)	✅ HIT — 1-0	
2026-09-20 14:00	ESP-L2	LaLiga 2	Sabadell v Real Oviedo	U3.0 76.5% **+0.0%** · buy≥1.36 (+1.0% margin)	❌ **Sabadell U1.5** 75.4% +16.7% (team) · buy≥1.38 (+4.2% margin)	❌ MISS — 3-1	
2026-09-20 14:00	SUI-SL	Super League	Vaduz v Thun	U4.25 83.1% +2.4% · buy≥1.29 (+5.1% margin)	✅ U3.75 66.9% +3.2% (floor −8.1) · buy≥1.38 (+0.5% margin)	✅ HIT — 1-2	✅ 12 77.6% +2.5% · buy≥1.35 · probation
2026-09-20 14:30	ENG-CH	Championship	Norwich v Bolton	U3.0 75.5% +1.3% · buy≥1.49 (+2.1% margin)	❌ **Bolton U1.5** 75.4% +6.7% (team) · buy≥1.40 (+5.4% margin)	❌ MISS — 3-4	❌ DNB1 76.6% +17.2% · buy≥1.37 · probation
2026-09-20 14:30	NOR-EL	Eliteserien	Vålerenga v Fredrikstad	O1.5 82.1% **+0.9%** · buy≥1.27 (+4.4% margin)	❌ O2.25 60.7% +1.4% (floor −14.3) · buy≥1.47 (+0.1% margin)	✅ HIT — 1-1	
2026-09-20 14:30	NED-ED	Eredivisie	AZ Alkmaar v Telstar 1963	O1.5 84.0% +1.9% · buy≥1.24 (+4.6% margin)	❌ **AZ Alkmaar O1.5** 55.6% +5.8% (team) · buy≥1.85 (+2.8% margin)	❌ MISS — 1-0	✅ 12 78.0% +3.8% · buy≥1.35 · probation
2026-09-20 14:30	NED-ED	Eredivisie	Twente v PSV Eindhoven	O1.5 87.2% +5.2% · buy≥1.24 (+9.0% margin)	✅ **PSV Eindhoven O1.5** 69.8% +27.8% (team) · buy≥1.49 (+3.9% margin)	✅ HIT — 3-2	✅ 12 80.4% +6.2% · buy≥1.31 · probation
2026-09-20 14:45	POL-EK	Ekstraklasa	Zagłębie Lubin v Wisła Płock	U4.25 86.0% **+0.4%** · buy≥1.21 (+7.2% margin)	❌ **Wisła Płock U1.5** 75.4% +8.3% (team) · buy≥1.42 (+6.9% margin)	✅ HIT — 0-2	❌ DNB1 67.2% +6.4% · buy≥1.56 · probation
2026-09-20 15:00	ENG-PL	Premier League	Bournemouth v Liverpool	U4.25 82.3% **+0.4%** · buy≥1.28 (+3.2% margin)	❌ **Bournemouth O0.5** 81.5% +3.4% (team) · buy≥1.26 (+2.6% margin)	✅ HIT — 0-1	
2026-09-20 15:00	ENG-PL	Premier League	Leeds v Crystal Palace	U4.25 82.4% **+0.5%** · buy≥1.28 (+3.3% margin)	❌ **Leeds O1.5** 60.5% +11.5% (team) · buy≥1.71 (+3.2% margin)	✅ HIT — 0-0	◦ DNB1 78.8% +21.7% · buy≥1.33 · probation
2026-09-20 15:00	ENG-PL	Premier League	Manchester City v Sunderland	O1.5 81.7% +2.0% · buy≥1.26 (+2.7% margin)	✅ **Manchester City O1.5** 56.2% +7.2% (team) · buy≥1.83 (+2.9% margin)	✅ HIT — 5-3	✅ DNB1 75.5% +18.5% · buy≥1.39 · probation
2026-09-20 15:00	FRA-L1	Ligue 1	Auxerre v Brest	U4.25 83.4% **−0.9%** · buy≥1.26 (+5.8% margin)	✅ **Auxerre O0.5** 79.5% +2.3% (team) · buy≥1.31 (+4.4% margin)	✅ HIT — 2-1	
2026-09-20 15:00	ITA-SA	Serie A	Frosinone v Como	U4.25 86.0% **−2.7%** · buy≥1.24 (+5.4% margin)	— none	✅ HIT — 2-0	
2026-09-20 15:00	ITA-SA	Serie A	Parma v Genoa	U3.0 75.1% **+0.0%** · buy≥1.28 (+1.0% margin)	✅ **Genoa U1.5** 72.9% +7.3% (team) · buy≥1.43 (+4.1% margin)	✅ HIT — 2-1	
2026-09-20 15:00	ITA-SB	Serie B	Arezzo v Südtirol	U3.0 74.9% **−0.5%** · buy≥1.49 (+1.2% margin)	✅ **Arezzo O0.5** 82.8% +5.3% (team) · buy≥1.32 (+9.2% margin)	❌ MISS — 1-4	❌ DNB1 74.6% +14.0% · buy≥1.41 · probation
2026-09-20 15:00	ITA-SB	Serie B	Verona v Vicenza	U3.0 76.5% +1.2% · buy≥1.46 (+2.6% margin)	❌ U2.75 55.3% +1.4% (floor −19.7) · buy≥1.61 (−0.4% margin)	✅ HIT — 2-1	✅ 12 73.9% +6.2% · buy≥1.42 · probation
2026-09-20 15:30	GER-BL	Bundesliga	Bayer Leverkusen v RB Leipzig	O1.5 86.8% +4.1% · buy≥1.24 (+9.1% margin)	❌ **RB Leipzig O1.5** 55.2% +14.2% (team) · buy≥1.86 (+2.8% margin)	✅ HIT — 2-0	✅ 12 79.5% +4.8% · buy≥1.32 · probation
2026-09-20 16:00	DEN-SL	Superliga	Horsens v AGF	O1.5 83.0% +2.3% · buy≥1.27 (+5.2% margin)	✅ **AGF O1.5** 56.2% +12.5% (team) · buy≥1.83 (+2.9% margin)	✅ HIT — 2-2	❌ 12 77.7% +3.4% · buy≥1.35 · probation
2026-09-20 16:00	BEL-PL	Pro League	Sint-Truiden v Westerlo	U4.25 85.6% **+0.3%** · buy≥1.25 (+5.2% margin)	❌ **Sint-Truiden O0.5** 79.5% +2.1% (team) · buy≥1.27 (+1.2% margin)	✅ HIT — 0-2	✅ 12 76.7% +3.0% · buy≥1.37 · probation
2026-09-20 16:00	TUR-SL	Trendyol Süper Lig	Erzurumspor v Samsunspor	U4.25 85.0% **+0.4%** · buy≥1.25 (+6.2% margin)	❌ **Samsunspor O0.5** 80.3% +10.9% (team) · buy≥1.35 (+8.4% margin)	✅ HIT — 1-0	
2026-09-20 16:00	TUR-SL	Trendyol Süper Lig	Fenerbahçe v Eyüpspor	U4.25 81.0% **−3.5%** · buy≥1.33 (+5.2% margin)	✅ **Fenerbahçe O1.5** 58.1% +11.6% (team) · buy≥1.77 (+3.0% margin)	❌ MISS — 8-0	✅ DNB1 74.6% +12.8% · buy≥1.41 · probation
2026-09-20 16:00	BRA-SA	Brasileirão	Grêmio v Palmeiras	U4.25 82.8% **−6.0%** · buy≥1.23 (+6.8% margin)	❌ O1.75 72.8% +1.1% (floor −2.2) · buy≥1.49 (+2.5% margin)	✅ HIT — 0-0	
2026-09-20 16:00	BRA-SB	Brasileirão Série B	Ponte Preta v CRB	U3.0 81.5% **+0.0%** · buy≥1.34 (+3.1% margin)	❌ **CRB O0.5** 80.0% +19.2% (team) · buy≥1.32 (+5.2% margin)	✅ HIT — 1-0	❌ DNB2 66.1% +32.2% · buy≥1.59 · probation
2026-09-20 16:15	ESP-LL	LaLiga	Atlético Madrid v Real Madrid	O1.5 76.7% +2.3% · buy≥1.32 (+1.0% margin)	— none	✅ HIT — 2-1	
2026-09-20 16:15	ESP-L2	LaLiga 2	AD Ceuta v Real Valladolid	U3.0 76.5% **+0.0%** · buy≥1.31 (+1.0% margin)	— none	✅ HIT — 1-1	◦ DNB1 66.6% +3.7% · buy≥1.58 · probation
2026-09-20 16:30	SWE-AL	Allsvenskan	Degerfors v Hammarby	O1.5 78.2% **+0.1%** · buy≥1.30 (+1.2% margin)	✅ **Hammarby O0.5** 81.3% +9.3% (team) · buy≥1.32 (+7.0% margin)	❌ MISS — 0-1	
2026-09-20 16:30	SWE-AL	Allsvenskan	Mjällby v GAIS	U4.25 83.4% **−0.3%** · buy≥1.23 (+5.1% margin)	✅ U3.75 72.1% +4.5% (floor −2.9) · buy≥1.34 (+4.0% margin)	✅ HIT — 0-3	
2026-09-20 16:30	POR-PL	Liga Portugal	Estrela Amadora v Académico Viseu	U4.25 84.1% **−2.2%** · buy≥1.23 (+5.9% margin)	✅ U3.75 72.5% +1.0% (floor −2.5) · buy≥1.29 (+0.8% margin)	✅ HIT — 0-2	
2026-09-20 16:30	POR-PL	Liga Portugal	Vitória de Guimarães v Moreirense	U3.0 77.5% +6.0% · buy≥1.48 (+6.0% margin)	✅ U2.75 56.5% +7.1% (floor −18.5) · buy≥1.63 (+2.9% margin)	✅ HIT — 1-1	
2026-09-20 16:30	SUI-SL	Super League	Basel v St. Gallen	O1.5 81.4% **+0.6%** · buy≥1.28 (+4.1% margin)	✅ **St. Gallen O0.5** 82.1% +6.9% (team) · buy≥1.32 (+8.0% margin)	✅ HIT — 1-3	✅ 12 77.3% +2.1% · buy≥1.36 · probation
2026-09-20 16:30	SUI-SL	Super League	Lausanne v Lugano	O1.5 82.0% +1.2% · buy≥1.27 (+4.5% margin)	✅ **Lugano O1.5** 53.9% +17.1% (team) · buy≥1.90 (+2.6% margin)	✅ HIT — 0-4	✅ 12 77.8% +2.7% · buy≥1.35 · probation
2026-09-20 16:45	NED-ED	Eredivisie	NEC v Go Ahead Eagles	O1.5 82.7% **+0.6%** · buy≥1.25 (+3.5% margin)	— none	✅ HIT — 1-1	❌ 12 77.3% +3.1% · buy≥1.36 · probation
2026-09-20 16:45	NED-D2	Eerste Divisie	De Graafschap v NAC Breda	O1.5 84.2% +2.2% · buy≥1.24 (+4.9% margin)	✅ **NAC Breda O0.5** 83.1% +10.1% (team) · buy≥1.29 (+7.4% margin)	✅ HIT — 1-2	✅ 12 79.1% +2.1% · buy≥1.33 · probation
2026-09-20 17:00	NOR-EL	Eliteserien	Sandefjord v Start	U4.25 86.4% +6.2% · buy≥1.28 (+9.2% margin)	✅ U3.75 71.7% +8.7% (floor −3.3) · buy≥1.34 (+4.0% margin)	✅ HIT — 3-0	
2026-09-20 17:00	NOR-EL	Eliteserien	Tromsø v HamKam	U4.25 81.1% **+0.9%** · buy≥1.31 (+3.6% margin)	✅ **Tromsø O1.5** 61.3% +11.9% (team) · buy≥1.69 (+3.3% margin)	❌ MISS — 3-2	✅ DNB1 79.0% +19.1% · buy≥1.33 · probation
2026-09-20 17:00	NOR-EL	Eliteserien	Viking v Lillestrøm	O1.5 83.2% +2.0% · buy≥1.26 (+5.1% margin)	✅ **Viking O1.5** 70.5% +21.2% (team) · buy≥1.47 (+3.9% margin)	✅ HIT — 3-0	✅ DNB1 85.5% +25.6% · buy≥1.23 · probation
2026-09-20 17:15	FRA-L1	Ligue 1	Nice v Lille	U4.25 83.1% **−1.3%** · buy≥1.20 (+5.7% margin)	❌ **Nice U1.5** 72.9% +17.4% (team) · buy≥1.43 (+4.1% margin)	✅ HIT — 2-1	
2026-09-20 17:15	ITA-SB	Serie B	Mantova v Pisa	O1.5 74.1% +2.4% · buy≥1.36 (+0.9% margin)	— none	✅ HIT — 2-2	❌ 12 75.2% +7.5% · buy≥1.40 · probation
2026-09-20 17:30	ENG-PL	Premier League	Fulham v Manchester United	U4.25 84.5% +2.7% · buy≥1.26 (+4.9% margin)	✅ U3.75 68.9% +3.7% (floor −6.1) · buy≥1.39 (+3.8% margin)	✅ HIT — 1-1	
2026-09-20 17:30	GER-BL	Bundesliga	Schalke 04 v Elversberg	O1.5 82.7% **+0.0%** · buy≥1.26 (+4.0% margin)	❌ **Elversberg O0.5** 80.3% +5.6% (team) · buy≥1.31 (+5.4% margin)	❌ MISS — 0-0	❌ 12 77.8% +3.1% · buy≥1.35 · probation
2026-09-20 17:30	POL-EK	Ekstraklasa	Jagiellonia Białystok v Legia Warszawa	U4.25 85.2% **−0.4%** · buy≥1.27 (+7.0% margin)	— none	✅ HIT — 1-3	✅ 12 74.7% +2.3% · buy≥1.40 · probation
2026-09-20 18:00	DEN-SL	Superliga	Viborg v Nordsjælland	U4.25 85.0% +4.2% · buy≥1.29 (+9.1% margin)	❌ U3.75 71.0% +7.1% (floor −4.0) · buy≥1.35 (+4.0% margin)	❌ MISS — 4-1	
2026-09-20 18:00	ITA-SA	Serie A	Juventus v Atalanta	U4.25 85.9% **−2.8%** · buy≥1.20 (+5.4% margin)	— none	✅ HIT — 2-0	✅ 1X 74.4% +6.3% · buy≥1.41 · probation
2026-09-20 18:30	ESP-LL	LaLiga	Deportivo La Coruña v Real Betis	O1.5 77.1% +2.8% · buy≥1.31 (+1.4% margin)	— none	✅ HIT — 1-1	❌ 12 76.2% +2.5% · buy≥1.38 · probation
2026-09-20 18:30	ESP-LL	LaLiga	Villarreal v Levante	O1.5 79.9% +5.5% · buy≥1.34 (+6.9% margin)	✅ **Villarreal O1.5** 66.7% +24.7% (team) · buy≥1.55 (+3.7% margin)	✅ HIT — 3-1	✅ DNB1 76.8% +14.7% · buy≥1.37 · probation
2026-09-20 18:30	ESP-L2	LaLiga 2	Almeria v Celta B	— no tip: engine abstained (thin history or an unresolved name)	—	FT 2-0 (no tip)	
2026-09-20 18:30	ESP-L2	LaLiga 2	Las Palmas v Burgos	U3.0 76.5% **+0.0%** · buy≥1.37 (+1.0% margin)	— none	✅ HIT — 1-2	
2026-09-20 18:30	BEL-PL	Pro League	Club Brugge v Genk	O1.5 83.6% +7.3% · buy≥1.29 (+7.5% margin)	✅ O2.25 63.2% +11.0% (floor −11.8) · buy≥1.47 (+3.4% margin)	✅ HIT — 3-0	✅ 12 75.9% +2.3% · buy≥1.38 · probation
2026-09-20 19:00	POR-PL	Liga Portugal	Estoril v Casa Pia	U3.0 83.8% +12.3% · buy≥1.37 (+9.2% margin)	❌ U2.75 64.8% +15.4% (floor −10.2) · buy≥1.45 (+3.6% margin)	✅ HIT — 1-2	
2026-09-20 19:00	POR-PL	Liga Portugal	Santa Clara v Braga	O1.5 78.9% +3.8% · buy≥1.36 (+7.1% margin)	❌ O2.25 55.9% +5.3% (floor −19.1) · buy≥1.63 (+2.8% margin)	❌ MISS — 0-0	
2026-09-20 19:00	TUR-SL	Trendyol Süper Lig	Amedspor v Besiktas	— no tip: engine abstained (thin history or an unresolved name)	—	FT 3-2 (no tip)	
2026-09-20 19:00	TUR-SL	Trendyol Süper Lig	Göztepe v Çaykur Rizespor	U4.25 82.8% **−1.8%** · buy≥1.30 (+5.6% margin)	✅ **Göztepe O0.5** 81.2% +2.7% (team) · buy≥1.30 (+5.2% margin)	✅ HIT — 2-2	❌ 12 77.1% +2.7% · buy≥1.36 · probation
2026-09-20 19:15	NOR-EL	Eliteserien	Brann v Bodø/Glimt	O1.5 85.4% +4.2% · buy≥1.28 (+9.0% margin)	❌ **Bodø/Glimt O1.5** 61.3% +23.2% (team) · buy≥1.69 (+3.3% margin)	✅ HIT — 2-1	
2026-09-20 19:15	BEL-PL	Pro League	Kortrijk v Beveren	U3.0 75.5% +5.4% · buy≥1.52 (+4.2% margin)	— none	✅ HIT — 1-0	
2026-09-20 19:30	ITA-SB	Serie B	Modena v Empoli	U3.0 76.6% +1.3% · buy≥1.46 (+2.7% margin)	❌ U2.75 55.4% +1.5% (floor −19.6) · buy≥1.61 (−0.4% margin)	✅ HIT — 2-1	✅ 12 73.1% +5.3% · buy≥1.44 · probation
2026-09-20 19:30	GER-BL	Bundesliga	Paderborn v Hoffenheim	U4.25 81.2% +2.9% · buy≥1.29 (+2.9% margin)	✅ **Hoffenheim O0.5** 83.1% +8.4% (team) · buy≥1.30 (+7.7% margin)	✅ HIT — 3-1	✅ 12 76.7% +2.0% · buy≥1.37 · probation
2026-09-20 20:00	PER-L1	Liga 1	Sport Huancayo v UTC	U4.25 81.1% **−6.0%** · buy≥1.24 (+6.5% margin)	✅ **Sport Huancayo O1.5** 56.0% +8.5% (team) · buy≥1.84 (+2.8% margin)	❌ MISS — 3-2	✅ DNB1 76.2% +9.1% · buy≥1.38 · probation
2026-09-20 20:15	POL-EK	Ekstraklasa	Lech Poznań v Radomiak Radom	U4.25 85.8% **+0.2%** · buy≥1.27 (+7.2% margin)	✅ **Lech Poznań O1.5** 63.0% +17.3% (team) · buy≥1.64 (+3.4% margin)	❌ MISS — 5-1	✅ DNB1 83.3% +22.5% · buy≥1.26 · probation
2026-09-20 20:45	FRA-L1	Ligue 1	Marseille v Paris Saint-Germain	O1.5 81.1% +3.7% · buy≥1.34 (+8.6% margin)	✅ **Paris Saint-Germain O0.5** 80.4% +11.2% (team) · buy≥1.35 (+8.4% margin)	✅ HIT — 1-2	
2026-09-20 20:45	ITA-SA	Serie A	AC Milan v Lecce	U3.0 75.1% **+0.0%** · buy≥1.38 (+1.0% margin)	— none	✅ HIT — 3-0	✅ 1X 72.5% +4.5% · buy≥1.45 · probation
2026-09-20 21:00	ESP-LL	LaLiga	Valencia v Real Sociedad	U4.25 84.8% **−2.1%** · buy≥1.21 (+5.8% margin)	❌ U3.75 74.5% +2.2% (floor −0.5) · buy≥1.26 (+0.9% margin)	❌ MISS — 2-3	
2026-09-20 21:00	ESP-L2	LaLiga 2	Leganés v Granada	U3.0 76.5% **+0.0%** · buy≥1.34 (+1.0% margin)	❌ **Granada U1.5** 75.2% +3.8% (team) · buy≥1.39 (+4.2% margin)	❌ MISS — 3-2	
2026-09-20 21:00	BRA-SA	Brasileirão	Corinthians v Fluminense	U3.0 75.5% **+0.2%** · buy≥1.52 (+4.7% margin)	— none	❌ MISS — 1-3	
2026-09-20 21:00	BRA-SA	Brasileirão	Vitória v Cruzeiro	U3.0 75.4% **+0.2%** · buy≥1.52 (+4.7% margin)	— none	❌ MISS — 1-3	
2026-09-20 21:00	BRA-SB	Brasileirão Série B	Goiás v Avaí	U3.0 82.9% +1.4% · buy≥1.32 (+4.2% margin)	❌ U2.75 63.6% +2.0% (floor −11.4) · buy≥1.42 (+0.3% margin)	✅ HIT — 2-1	
2026-09-20 21:00	COL-PA	Categoría Primera A	Fortaleza CEIF v Junior Barranquilla	U4.25 85.9% **−5.4%** · buy≥1.17 (+5.4% margin)	— none	❌ MISS — 1-4	
2026-09-20 21:30	POR-PL	Liga Portugal	Porto v Benfica	O1.5 83.6% +8.5% · buy≥1.31 (+9.2% margin)	✅ O2.25 63.1% +12.6% (floor −11.9) · buy≥1.47 (+3.4% margin)	✅ HIT — 3-1	✅ 12 76.8% +2.8% · buy≥1.37 · probation
2026-09-20 22:30	PER-L1	Liga 1	Juan Pablo II v Moquegua	U3.0 76.1% +3.6% · buy≥1.56 (+8.5% margin)	✅ **Moquegua U1.5** 75.0% +3.4% (team) · buy≥1.39 (+4.6% margin)	❌ MISS — 4-0	✅ DNB1 72.7% +5.6% · buy≥1.44 · probation
2026-09-20 23:05	COL-PA	Categoría Primera A	Atlético Bucaramanga v Inter de Bogotá	U4.25 86.0% **−5.3%** · buy≥1.19 (+5.4% margin)	— none	✅ HIT — 2-0	✅ 12 75.7% +3.6% · buy≥1.39 · probation
2026-09-20 23:30	BRA-SA	Brasileirão	Flamengo v RB Bragantino	O1.5 77.6% +5.8% · buy≥1.40 (+8.9% margin)	✅ **RB Bragantino U1.5** 75.4% +3.7% (team) · buy≥1.43 (+8.0% margin)	✅ HIT — 2-1	✅ DNB1 77.6% +12.6% · buy≥1.35 · probation
2026-09-20 23:30	BRA-SB	Brasileirão Série B	Londrina v Fortaleza	U3.0 82.1% **+0.8%** · buy≥1.33 (+3.5% margin)	❌ U2.75 62.5% +1.0% (floor −12.5) · buy≥1.45 (+0.2% margin)	✅ HIT — 1-2	
2026-09-21 00:30	BRA-SA	Brasileirão	Athletico v Bahia	U4.25 82.8% **−6.1%** · buy≥1.22 (+6.8% margin)	— none	✅ HIT — 2-1	
2026-09-21 01:00	MLS	MLS	Inter Miami v San Diego	O1.5 80.5% **−1.0%** · buy≥1.27 (+6.1% margin)	✅ **Inter Miami O1.5** 69.8% +18.0% (team) · buy≥1.49 (+3.9% margin)	✅ HIT — 2-2	◦ DNB1 80.4% +20.2% · buy≥1.31 · probation
2026-09-21 01:10	COL-PA	Categoría Primera A	Tolima v América	U4.25 85.9% **−5.3%** · buy≥1.17 (+5.4% margin)	— none	✅ HIT — 1-1	
2026-09-21 02:00	MEX-LMX	Liga MX	Toluca v Santos	U4.25 83.3% **−0.9%** · buy≥1.25 (+5.5% margin)	❌ **Santos U1.5** 74.3% +9.1% (team) · buy≥1.40 (+4.2% margin)	❌ MISS — 2-3	❌ DNB1 77.3% +15.4% · buy≥1.36 · probation
2026-09-21 02:00	MEX-LMX	Liga MX	Pachuca v Tijuana	U4.25 83.4% **−0.8%** · buy≥1.27 (+5.5% margin)	— none	✅ HIT — 2-2	
2026-09-21 03:15	COL-PA	Categoría Primera A	Llaneros v Atl. Nacional	U4.25 86.0% **−5.2%** · buy≥1.20 (+5.4% margin)	— none	✅ HIT — 2-0	
2026-09-21 04:00	MEX-LMX	Liga MX	Querétaro v León	U4.25 83.4% **−0.8%** · buy≥1.27 (+5.5% margin)	— none	✅ HIT — 1-1	
2026-09-23 00:30	BRA-SB	Brasileirão Série B	Criciúma v Operário-PR	U3.0 81.8% **+0.4%** · buy≥1.34 (+3.3% margin)	— none	✅ HIT — 0-2	
2026-09-22 02:30	BRA-SB	Brasileirão Série B	Cuiabá v Náutico	O1.0 88.5% **−0.8%** · buy≥1.22 (+6.1% margin)	✅ O1.75 66.9% +1.6% (floor −8.1) · buy≥1.63 (+0.5% margin)	✅ HIT — 3-0	
2026-09-22 18:00	ALG-L1	Ligue 1	Biskra v Saoura	U3.0 87.4% +4.7% · buy≥1.30 (+9.9% margin)	✅ **Biskra U1.5** 75.4% +14.3% (team) · buy≥1.38 (+4.2% margin)	✅ HIT — 0-0	
2026-09-23 01:00	COL-PA	Categoría Primera A	Ind. Medellín v Jaguares	U4.25 85.9% **−5.3%** · buy≥1.18 (+5.4% margin)	✅ **Ind. Medellín O0.5** 80.1% +4.5% (team) · buy≥1.31 (+5.1% margin)	✅ HIT — 2-1	✅ DNB1 71.0% +6.7% · buy≥1.48 · probation
2026-09-23 03:00	COL-PA	Categoría Primera A	Santa Fe v Dep. Cali	U4.25 85.9% **−5.3%** · buy≥1.17 (+5.4% margin)	— none	✅ HIT — 0-1	
2026-10-23 19:00	DEN-SL	Superliga	Randers v Brøndby	U4.25 82.4% +1.9% · buy≥1.30 (+5.1% margin)	**Brøndby O0.5** 81.5% +6.6% (team) · buy≥1.32 (+7.8% margin)		
2026-09-23 22:00	PER-L1	Liga 1	ADT v Cienciano	U4.25 81.1% **−5.9%** · buy≥1.24 (+6.5% margin)	✅ **Cienciano O0.5** 80.3% +16.7% (team) · buy≥1.37 (+9.7% margin)	✅ HIT — 2-1	
2026-09-24 02:30	COL-PA	Categoría Primera A	América v Águilas Doradas	U4.25 86.1% **−5.2%** · buy≥1.20 (+5.4% margin)	✅ **América O0.5** 77.9% +2.4% (team) · buy≥1.30 (+1.1% margin)	✅ HIT — 1-0	✅ DNB1 71.8% +7.6% · buy≥1.46 · probation
2026-09-24 03:30	MLS	MLS	Seattle v Salt Lake	U4.25 80.7% **+0.8%** · buy≥1.32 (+6.1% margin)	✅ U3.75 65.7% +3.2% (floor −9.3) · buy≥1.40 (+0.4% margin)	✅ HIT — 2-0	
2026-09-26 19:00	MAR-BP	Botola Pro	DHJ v CODM	— no tip: engine abstained (thin history or an unresolved name)	—		
2026-09-24 22:00	MAR-BP	Botola Pro	Amal Tiznit v Ittihad Tanger	— no tip: engine abstained (thin history or an unresolved name)	—		
2026-09-25 02:30	COL-PA	Categoría Primera A	Atl. Nacional v Millonarios	U4.25 86.2% **−5.1%** · buy≥1.22 (+5.5% margin)	— none	✅ HIT — 1-1	
2026-09-25 20:30	ESP-L2	LaLiga 2	Girona v Albacete	U4.25 84.4% **−5.1%** · buy≥1.22 (+5.4% margin)	— none		DNB1 68.3% +5.6% · buy≥1.54 · probation
2026-09-25 21:00	NED-D2	Eerste Divisie	Dordrecht v Almere	O1.5 83.1% +1.1% · buy≥1.25 (+4.1% margin)	**Almere O1.5** 62.0% +21.5% (team) · buy≥1.67 (+3.4% margin)		
2026-09-26 00:30	BRA-SB	Brasileirão Série B	Novorizontino v São Bernardo	O1.0 88.3% **−1.0%** · buy≥1.16 (+6.0% margin)	**Novorizontino O1.5** 52.8% +14.4% (team) · buy≥1.94 (+2.5% margin)		DNB1 73.4% +6.9% · buy≥1.43 · probation
2026-09-26 01:10	COL-PA	Categoría Primera A	Boyacá Chicó v Dep. Pasto	— no tip: engine abstained (thin history or an unresolved name)	—		
2026-09-26 01:30	BRA-SB	Brasileirão Série B	Vila Nova v Londrina	O1.0 88.5% **−0.8%** · buy≥1.21 (+6.1% margin)	O1.75 68.3% +3.1% (floor −6.7) · buy≥1.58 (+0.6% margin)		DNB1 72.7% +6.1% · buy≥1.44 · probation
2026-09-26 03:00	MEX-LMX	Liga MX	Atlante v Monterrey	U4.25 83.3% **−1.0%** · buy≥1.25 (+5.4% margin)	— none		
2026-09-26 03:15	COL-PA	Categoría Primera A	Once Caldas v Bucaramanga	U4.25 86.0% **−5.3%** · buy≥1.20 (+5.4% margin)	— none		DNB1 67.7% +3.5% · buy≥1.55 · probation
2026-09-26 05:00	MEX-LMX	Liga MX	Tijuana v Atlas	U4.25 83.4% **−0.9%** · buy≥1.27 (+5.5% margin)	— none		DNB1 69.4% +7.2% · buy≥1.51 · probation
2026-09-26 14:00	ESP-L2	LaLiga 2	Ceuta v Real Sociedad B	U3.0 76.4% **+0.0%** · buy≥1.40 (+1.0% margin)	— none		
2026-09-26 16:15	ESP-L2	LaLiga 2	Granada v FC Andorra	U4.25 84.3% **−5.2%** · buy≥1.20 (+5.4% margin)	— none		
2026-09-26 16:30	NED-D2	Eerste Divisie	Heracles v Vitesse	O1.5 83.9% +1.8% · buy≥1.20 (+4.7% margin)	**Heracles O1.5** 62.8% +10.8% (team) · buy≥1.65 (+3.4% margin)		12 80.0% +2.6% · buy≥1.31 · probation
2026-09-26 18:00	MAR-BP	Botola Pro	Union Touarga v FUS Rabat	U4.25 86.0% **−6.1%** · buy≥1.17 (+5.4% margin)	— none		12 72.5% +3.1% · buy≥1.45 · probation
2026-09-26 18:30	ESP-L2	LaLiga 2	Tenerife v Cádiz	U3.0 76.4% **+0.0%** · buy≥1.33 (+1.0% margin)	**Cádiz U1.5** 75.4% +4.1% (team) · buy≥1.38 (+4.2% margin)		
2026-09-26 18:30	ESP-L2	LaLiga 2	Celta Fortuna v Sabadell	— no tip: engine abstained (thin history or an unresolved name)	—		
2026-09-26 20:00	NED-D2	Eerste Divisie	Emmen v TOP Oss	O1.5 83.8% +1.7% · buy≥1.25 (+4.6% margin)	**TOP Oss O0.5** 81.0% +8.1% (team) · buy≥1.31 (+5.8% margin)		
2026-09-26 20:00	NED-D2	Eerste Divisie	Volendam v VVV-Venlo	O1.5 83.3% +1.2% · buy≥1.25 (+4.3% margin)	**Volendam O1.5** 57.7% +5.7% (team) · buy≥1.79 (+3.0% margin)		
2026-09-26 20:00	NED-D2	Eerste Divisie	MVV Maastricht v Helmond Sport	U4.25 84.1% +5.0% · buy≥1.29 (+8.2% margin)	U3.75 69.8% +8.2% (floor −5.2) · buy≥1.37 (+3.9% margin)		
2026-09-26 20:00	NED-D2	Eerste Divisie	NAC Breda v FC Eindhoven	U4.25 81.7% +2.6% · buy≥1.29 (+3.1% margin)	U3.75 65.0% +3.4% (floor −10.0) · buy≥1.41 (+0.4% margin)		DNB1 73.7% +15.4% · buy≥1.43 · probation
2026-09-26 20:00	NED-D2	Eerste Divisie	Roda JC v RKC Waalwijk	O1.5 83.5% +1.4% · buy≥1.25 (+4.4% margin)	O2.25 62.9% +2.2% (floor −12.1) · buy≥1.43 (+0.2% margin)		
2026-09-26 21:30	BRA-SB	Brasileirão Série B	Náutico v Sport Recife	O1.0 88.5% **−0.8%** · buy≥1.21 (+6.1% margin)	O1.75 67.8% +2.5% (floor −7.2) · buy≥1.60 (+0.5% margin)		
2026-09-26 21:30	BRA-SB	Brasileirão Série B	Operário-PR v Ceará	O1.0 88.5% **−0.8%** · buy≥1.21 (+6.1% margin)	O1.75 68.2% +3.0% (floor −6.8) · buy≥1.59 (+0.6% margin)		12 74.5% +2.9% · buy≥1.41 · probation
2026-09-26 22:00	MAR-BP	Botola Pro	Wydad AC v WS Temara	— no tip: engine abstained (thin history or an unresolved name)	—		
2026-09-26 22:00	PER-L1	Liga 1	ADT v Cajamarca	U4.25 81.0% **−5.8%** · buy≥1.23 (+6.5% margin)	— none		
2026-09-26 23:10	COL-PA	Categoría Primera A	Deportivo Pereira v Inter de Bogotá	U3.0 79.4% **+0.0%** · buy≥1.33 (+1.2% margin)	— none		
2026-09-26 23:30	BRA-SB	Brasileirão Série B	Goiás v Atlético-GO	U3.0 82.2% **+0.9%** · buy≥1.33 (+3.7% margin)	U2.75 62.7% +1.2% (floor −12.3) · buy≥1.44 (+0.2% margin)		
2026-09-27 01:00	MEX-LMX	Liga MX	Cruz Azul v Toluca	U4.25 83.3% **−1.0%** · buy≥1.24 (+5.4% margin)	— none		
2026-09-27 01:07	MEX-LMX	Liga MX	Guadalajara v Querétaro	U4.25 81.6% **−2.7%** · buy≥1.31 (+5.0% margin)	— none		
2026-09-27 01:15	COL-PA	Categoría Primera A	Cúcuta v Llaneros	U4.25 85.9% **−5.4%** · buy≥1.16 (+5.4% margin)	— none		12 74.1% +2.0% · buy≥1.42 · probation
2026-09-27 01:30	MLS	MLS	Atlanta United v New York City	U4.25 80.8% **+0.9%** · buy≥1.34 (+6.1% margin)	U3.75 64.2% +1.7% (floor −10.8) · buy≥1.43 (+0.3% margin)		
2026-09-27 01:30	MLS	MLS	CF Montréal v FC Cincinnati	U4.25 80.7% **+0.9%** · buy≥1.33 (+6.1% margin)	**FC Cincinnati O0.5** 81.1% +7.6% (team) · buy≥1.35 (+9.6% margin)		
2026-09-27 01:30	MLS	MLS	Charlotte v Chicago Fire	O1.5 80.6% **−0.9%** · buy≥1.28 (+6.1% margin)	**Charlotte O1.5** 61.9% +10.2% (team) · buy≥1.67 (+3.4% margin)		12 79.8% +4.4% · buy≥1.32 · probation
2026-09-27 01:30	MLS	MLS	New York Red Bulls v St. Louis City	O1.5 80.7% **−0.8%** · buy≥1.29 (+6.1% margin)	**St. Louis City O0.5** 80.0% +6.5% (team) · buy≥1.37 (+9.3% margin)		
2026-09-27 01:30	MLS	MLS	Philadelphia Union v Orlando City	O1.5 80.4% **−1.0%** · buy≥1.26 (+6.0% margin)	**Philadelphia Union O1.5** 58.5% +6.7% (team) · buy≥1.76 (+3.1% margin)		12 79.7% +4.4% · buy≥1.32 · probation
2026-09-27 02:30	MLS	MLS	Austin FC v San Diego FC	U4.25 80.7% **+0.9%** · buy≥1.33 (+6.1% margin)	U3.75 64.7% +2.1% (floor −10.3) · buy≥1.42 (+0.3% margin)		DNB1 67.4% +7.2% · buy≥1.56 · probation
2026-09-27 02:30	MLS	MLS	FC Dallas v Los Angeles FC	O1.5 80.6% **−0.9%** · buy≥1.28 (+6.1% margin)	O2.25 61.7% +1.8% (floor −13.3) · buy≥1.45 (+0.1% margin)		
2026-09-27 02:30	MLS	MLS	Houston Dynamo v Sporting Kansas City	U4.25 80.7% **+0.8%** · buy≥1.32 (+6.1% margin)	**Sporting Kansas City U1.5** 75.4% +15.5% (team) · buy≥1.42 (+7.5% margin)		DNB1 76.0% +15.9% · buy≥1.38 · probation
2026-09-27 02:30	MLS	MLS	Nashville SC v Toronto FC	O1.5 80.7% **−0.8%** · buy≥1.29 (+6.1% margin)	**Nashville SC O1.5** 62.4% +10.7% (team) · buy≥1.66 (+3.4% margin)		DNB1 83.3% +23.1% · buy≥1.26 · probation
2026-09-27 02:30	MLS	MLS	Seattle Sounders v Minnesota United	U4.25 80.8% **+0.9%** · buy≥1.34 (+6.1% margin)	U3.75 64.1% +1.5% (floor −10.9) · buy≥1.43 (+0.3% margin)		
2026-09-27 03:00	MEX-LMX	Liga MX	Santos v Pachuca	U4.25 83.1% **−1.2%** · buy≥1.21 (+5.4% margin)	— none		
2026-09-27 03:00	MEX-LMX	Liga MX	Tigres v Puebla	U4.25 83.4% **−0.9%** · buy≥1.26 (+5.5% margin)	— none		DNB1 69.0% +6.8% · buy≥1.52 · probation
2026-09-27 03:20	COL-PA	Categoría Primera A	Junior Barranquilla v Ind. Medellín	U4.25 86.0% **−5.3%** · buy≥1.19 (+5.4% margin)	— none		12 74.3% +2.2% · buy≥1.41 · probation
2026-09-27 03:30	MLS	MLS	Real Salt Lake v New England Revolution	O1.5 80.7% **−0.8%** · buy≥1.30 (+6.1% margin)	**New England Revolution O1.5** 56.8% +16.7% (team) · buy≥1.81 (+2.9% margin)		12 77.7% +2.4% · buy≥1.35 · probation
2026-09-27 04:30	MLS	MLS	LA Galaxy v Colorado Rapids	U4.25 80.6% **+0.7%** · buy≥1.31 (+6.1% margin)	U3.75 66.2% +3.7% (floor −8.8) · buy≥1.44 (+3.7% margin)		
2026-09-27 04:30	MLS	MLS	San Jose Earthquakes v Portland Timbers	U4.25 80.0% **+0.2%** · buy≥1.36 (+5.9% margin)	**Portland Timbers O0.5** 80.7% +7.2% (team) · buy≥1.36 (+9.5% margin)		
2026-09-27 04:30	MLS	MLS	Vancouver Whitecaps v DC United	U4.25 80.7% **+0.8%** · buy≥1.34 (+6.1% margin)	U3.75 63.6% +1.1% (floor −11.4) · buy≥1.44 (+0.3% margin)		DNB1 69.0% +8.9% · buy≥1.52 · probation
2026-09-27 14:00	ESP-L2	LaLiga 2	Real Valladolid v Córdoba	U3.0 76.4% **+0.0%** · buy≥1.43 (+1.0% margin)	— none		12 74.6% +2.4% · buy≥1.41 · probation
2026-09-27 14:30	NED-D2	Eerste Divisie	De Graafschap v Den Bosch	O1.5 82.6% **+0.5%** · buy≥1.26 (+3.7% margin)	**Den Bosch O0.5** 83.7% +10.8% (team) · buy≥1.29 (+7.9% margin)		
2026-09-27 16:00	BRA-SB	Brasileirão Série B	Criciúma v Avaí	U3.0 83.1% +1.7% · buy≥1.32 (+4.3% margin)	U2.75 63.9% +2.4% (floor −11.1) · buy≥1.42 (+0.3% margin)		
2026-09-27 16:15	ESP-L2	LaLiga 2	Mallorca v Almería	U4.25 84.5% **−5.0%** · buy≥1.23 (+5.5% margin)	— none		
2026-09-27 17:00	MAR-BP	Botola Pro	Moghreb Tetouan v RS Berkane	U4.25 86.0% **−6.1%** · buy≥1.17 (+5.4% margin)	**RS Berkane O0.5** 80.9% +17.4% (team) · buy≥1.31 (+5.6% margin)		DNB2 67.6% +28.8% · buy≥1.55 · probation
2026-09-27 18:30	ESP-L2	LaLiga 2	Burgos v Eldense	U3.0 76.4% **+0.0%** · buy≥1.37 (+1.0% margin)	**Eldense U1.5** 75.4% +4.1% (team) · buy≥1.38 (+4.2% margin)		DNB1 70.6% +7.9% · buy≥1.49 · probation
2026-09-27 18:30	ESP-L2	LaLiga 2	Eibar v Las Palmas	U3.0 76.4% **+0.0%** · buy≥1.40 (+1.0% margin)	— none		12 74.9% +2.7% · buy≥1.40 · probation
2026-09-27 20:00	MEX-LMX	Liga MX	Pumas v Atlético San Luis	U4.25 83.2% **−1.1%** · buy≥1.23 (+5.4% margin)	— none		DNB1 67.4% +5.2% · buy≥1.56 · probation
2026-09-27 20:00	MAR-BP	Botola Pro	Maghreb de Fès v Renaissance Zemamra	— no tip: engine abstained (thin history or an unresolved name)	—		
2026-09-27 21:00	ESP-L2	LaLiga 2	Real Oviedo v Sporting Gijón	U3.0 76.4% **+0.0%** · buy≥1.43 (+1.0% margin)	**Sporting Gijón U1.5** 75.4% +4.1% (team) · buy≥1.38 (+4.2% margin)		
2026-09-27 21:00	BRA-SB	Brasileirão Série B	CRB v Cuiabá	O1.0 88.5% **−0.8%** · buy≥1.21 (+6.1% margin)	O1.75 68.4% +3.1% (floor −6.6) · buy≥1.58 (+0.6% margin)		
2026-09-27 22:00	MAR-BP	Botola Pro	KACM v Hassania Agadir	— no tip: engine abstained (thin history or an unresolved name)	—		
2026-09-27 23:00	COL-PA	Categoría Primera A	Jaguares v Alianza Valledupar	U3.0 79.4% **+0.0%** · buy≥1.33 (+1.2% margin)	— none		DNB1 72.8% +8.6% · buy≥1.44 · probation
2026-09-27 23:30	BRA-SB	Brasileirão Série B	Fortaleza v Athletic Club	O1.0 88.5% **−0.8%** · buy≥1.22 (+6.1% margin)	O1.75 66.5% +1.3% (floor −8.5) · buy≥1.64 (+0.5% margin)		
2026-09-28 01:00	MLS	MLS	Columbus Crew v Inter Miami	O1.5 80.5% **−1.0%** · buy≥1.27 (+6.1% margin)	**Inter Miami O1.5** 60.1% +20.1% (team) · buy≥1.72 (+3.2% margin)		12 79.1% +3.8% · buy≥1.33 · probation
2026-09-28 01:05	COL-PA	Categoría Primera A	Fortaleza CEIF v Tolima	U4.25 85.9% **−5.3%** · buy≥1.18 (+5.4% margin)	— none		12 74.2% +2.1% · buy≥1.42 · probation
2026-09-21 06:00	INT-FR	International friendlies	New Caledonia v Solomon Islands	U3.0 77.7% +6.5% · buy≥1.52 (+9.4% margin)	✅ U2.75 57.0% +7.9% (floor −18.0) · buy≥1.62 (+2.9% margin)	✅ HIT — 0-2	
2026-09-21 09:00	INT-FR	International friendlies	Fiji v Vanuatu	U4.25 76.7% **−9.4%** · buy≥1.22 (+5.7% margin)	❌ **Fiji O1.5** 56.4% +10.0% (team) · buy≥1.83 (+2.9% margin)	✅ HIT — 0-1	❌ DNB1 79.5% +13.7% · buy≥1.32 · probation
2026-09-21 17:00	INT-FR	International friendlies	Dominica v Anguilla	U4.25 76.8% **−9.3%** · buy≥1.24 (+5.8% margin)	✅ **Dominica O0.5** 81.0% +6.2% (team) · buy≥1.36 (+10.3% margin)	✅ HIT — 1-0	
2026-09-23 18:00	INT-FR	International friendlies	Azerbaijan v Tajikistan	U4.25 76.7% **−9.4%** · buy≥1.22 (+5.7% margin)	✅ U3.75 73.5% +2.3% (floor −1.5) · buy≥1.32 (+4.5% margin)	✅ HIT — 1-0	
2026-09-23 18:00	INT-FR	International friendlies	Gibraltar v Sao Tome and Principe	— no tip: engine abstained (thin history or an unresolved name)	—	FT 0-0 (no tip)	
2026-09-23 21:00	INT-CONCACAF	CONCACAF internationals	Turks and Caicos Islands v Montserrat	U4.25 72.7% **−5.4%** · buy≥1.26 (+8.5% margin)	✅ U3.75 72.8% +12.5% (floor −2.2) · buy≥1.43 (+12.1% margin)	✅ HIT — 0-2	❌ 1X 72.7% +7.3% · buy≥1.44 · probation
2026-09-23 22:00	INT-CONCACAF	CONCACAF internationals	Bahamas v St. Martin	O1.5 72.9% **−9.9%** · buy≥1.28 (+8.6% margin)	✅ **St. Martin O1.5** 74.3% +38.7% (team) · buy≥1.51 (+12.4% margin)	✅ HIT — 0-8	
2026-09-24 01:00	INT-CONCACAF	CONCACAF internationals	Aruba v Antigua and Barbuda	U4.25 72.8% **−5.3%** · buy≥1.28 (+8.6% margin)	✅ U3.75 71.3% +11.0% (floor −3.7) · buy≥1.45 (+11.7% margin)	✅ HIT — 1-0	✅ DNB1 68.3% +10.9% · buy≥1.54 · probation
2026-09-24 06:00	INT-FR	International friendlies	Solomon Islands v Vanuatu	U3.0 75.2% +4.1% · buy≥1.59 (+8.7% margin)	✅ **Solomon Islands O0.5** 81.8% +6.9% (team) · buy≥1.35 (+10.5% margin)	❌ MISS — 3-3	◦ DNB1 73.4% +7.5% · buy≥1.43 · probation
2026-09-24 09:00	INT-FR	International friendlies	Papua New Guinea v New Caledonia	U3.0 77.1% +6.0% · buy≥1.37 (+9.2% margin)	✅ **Papua New Guinea U1.5** 73.6% +20.0% (team) · buy≥1.47 (+8.0% margin)	✅ HIT — 1-2	
2026-09-24 11:30	INT-FR	International friendlies	Palestine v New Zealand	U3.0 77.6% +6.4% · buy≥1.49 (+9.4% margin)	❌ U2.75 58.3% +9.2% (floor −16.7) · buy≥1.59 (+3.1% margin)	❌ MISS — 2-2	
2026-09-24 12:05	INT-FR	International friendlies	Japan v Uruguay	O1.5 77.6% +2.3% · buy≥1.35 (+6.0% margin)	✅ **Japan O0.5** 82.5% +7.6% (team) · buy≥1.34 (+10.6% margin)	✅ HIT — 3-1	✅ DNB1 76.9% +11.0% · buy≥1.37 · probation
2026-09-24 13:00	INT-FR	International friendlies	South Korea v Ecuador	O1.5 77.2% +1.8% · buy≥1.28 (+5.9% margin)	❌ **Ecuador O0.5** 81.7% +21.0% (team) · buy≥1.35 (+10.4% margin)	✅ HIT — 3-0	
2026-09-24 13:35	INT-FR	International friendlies	China v Maldives	U4.25 76.8% **−9.4%** · buy≥1.23 (+5.8% margin)	✅ **China O0.5** 81.3% +6.4% (team) · buy≥1.36 (+10.3% margin)	✅ HIT — 3-0	✅ DNB1 74.6% +8.7% · buy≥1.41 · probation
2026-09-24 16:00	INT-FR	International friendlies	Uzbekistan v Iran	U4.25 76.7% **−9.4%** · buy≥1.22 (+5.7% margin)	✅ **Iran U1.5** 74.6% +2.7% (team) · buy≥1.41 (+5.2% margin)	✅ HIT — 3-1	
2026-09-24 18:00	INT-UEFA	UEFA internationals	Andorra v Malta	U3.0 80.0% +13.7% · buy≥1.45 (+8.8% margin)	❌ U2.75 59.7% +15.8% (floor −15.3) · buy≥1.55 (+3.2% margin)	✅ HIT — 1-2	
2026-09-24 20:45	INT-UEFA	UEFA internationals	Austria v Israel	O1.5 81.1% +2.1% · buy≥1.25 (+5.7% margin)	✅ **Austria O1.5** 61.6% +15.3% (team) · buy≥1.68 (+3.3% margin)	✅ HIT — 3-1	✅ DNB1 77.0% +19.9% · buy≥1.36 · probation
2026-09-24 20:45	INT-UEFA	UEFA internationals	Kosovo v Republic of Ireland	U4.25 81.2% **−1.5%** · buy≥1.29 (+5.7% margin)	✅ U3.75 67.6% +1.3% (floor −7.4) · buy≥1.37 (+0.5% margin)	✅ HIT — 1-0	
2026-09-24 20:45	INT-UEFA	UEFA internationals	Liechtenstein v Lithuania	U3.0 79.8% +13.5% · buy≥1.46 (+8.7% margin)	✅ **Liechtenstein U1.5** 75.4% +21.7% (team) · buy≥1.40 (+5.9% margin)	✅ HIT — 0-2	
2026-09-24 20:45	INT-UEFA	UEFA internationals	Netherlands v Germany	O1.5 80.9% +1.9% · buy≥1.22 (+5.6% margin)	❌ O2.25 68.1% +12.0% (floor −6.9) · buy≥1.38 (+3.8% margin)	✅ HIT — 1-1	
2026-09-24 20:45	INT-UEFA	UEFA internationals	Norway v Denmark	O1.5 80.6% +1.6% · buy≥1.18 (+5.6% margin)	✅ O2.25 73.8% +17.7% (floor −1.2) · buy≥1.30 (+4.5% margin)	✅ HIT — 3-2	
2026-09-24 20:45	INT-UEFA	UEFA internationals	Portugal v Wales	O1.5 80.9% +1.9% · buy≥1.22 (+5.7% margin)	❌ **Wales O0.5** 79.5% +14.0% (team) · buy≥1.37 (+8.6% margin)	❌ MISS — 1-0	
2026-09-24 20:45	INT-UEFA	UEFA internationals	Serbia v Greece	U4.25 81.2% **−1.5%** · buy≥1.29 (+5.7% margin)	— none	✅ HIT — 1-2	
2026-09-24 21:00	INT-CONCACAF	CONCACAF internationals	Puerto Rico v Guyana	O1.5 72.7% **−10.1%** · buy≥1.25 (+8.6% margin)	❌ **Puerto Rico O0.5** 88.6% +16.1% (team) · buy≥1.30 (+15.6% margin)	❌ MISS — 0-1	
2026-09-25 02:00	INT-CONCACAF	CONCACAF internationals	Dominican Republic v Nicaragua	O1.5 72.6% **−10.2%** · buy≥1.24 (+8.5% margin)	✅ **Dominican Republic O1.5** 72.3% +23.1% (team) · buy≥1.55 (+11.9% margin)	✅ HIT — 3-2	✅ DNB1 89.9% +32.5% · buy≥1.17 · probation
2026-09-25 02:10	INT-CONCACAF	CONCACAF internationals	Cayman Islands v Dominica	U4.25 72.9% **−5.2%** · buy≥1.29 (+8.6% margin)	✅ U3.75 69.8% +9.5% (floor −5.2) · buy≥1.47 (+11.2% margin)	✅ HIT — 0-0	
2026-09-25 02:20	INT-CONCACAF	CONCACAF internationals	Haiti v Trinidad and Tobago	U4.25 73.5% **−4.6%** · buy≥1.42 (+8.8% margin)	✅ **Haiti O0.5** 81.6% +9.1% (team) · buy≥1.40 (+14.2% margin)	❌ MISS — 3-2	
2026-09-25 04:00	INT-CONCACAF	CONCACAF internationals	Costa Rica v Curaçao	O1.5 72.8% **−10.0%** · buy≥1.27 (+8.6% margin)	✅ O2.25 66.5% +4.6% (floor −8.5) · buy≥1.50 (+10.3% margin)	✅ HIT — 3-4	
2026-09-25 12:00	INT-FR	International friendlies	Australia v Brazil	O1.5 77.0% +1.6% · buy≥1.25 (+5.8% margin)	❌ **Brazil O1.5** 60.8% +32.7% (team) · buy≥1.70 (+3.3% margin)	✅ HIT — 1-1	❌ 12 78.5% +3.0% · buy≥1.34 · probation
2026-09-25 16:00	INT-FR	International friendlies	India v Panama	U3.0 77.3% +6.2% · buy≥1.53 (+9.3% margin)	U2.75 56.3% +7.2% (floor −18.7) · buy≥1.64 (+2.9% margin)	LIVE 3' 0-0	
2026-09-25 18:00	INT-UEFA	UEFA internationals	Armenia v Latvia	U3.0 75.5% +9.2% · buy≥1.54 (+5.9% margin)	— none		
2026-09-25 18:00	INT-UEFA	UEFA internationals	Georgia v Northern Ireland	U4.25 81.2% **−1.5%** · buy≥1.28 (+5.7% margin)	U3.75 67.9% +1.6% (floor −7.1) · buy≥1.36 (+0.6% margin)		
2026-09-25 20:45	INT-UEFA	UEFA internationals	Hungary v Ukraine	O1.5 79.6% **+0.6%** · buy≥1.32 (+5.3% margin)	**Ukraine O0.5** 81.1% +15.6% (team) · buy≥1.35 (+9.1% margin)		
2026-09-25 20:45	INT-UEFA	UEFA internationals	Italy v Belgium	O1.5 80.8% +1.8% · buy≥1.21 (+5.6% margin)	**Belgium O1.5** 55.8% +22.6% (team) · buy≥1.84 (+2.8% margin)		
2026-09-25 20:45	INT-UEFA	UEFA internationals	Montenegro v Cyprus	U4.25 81.2% **−1.4%** · buy≥1.30 (+5.7% margin)	— none		
2026-09-25 20:45	INT-UEFA	UEFA internationals	Poland v Bosnia-Herzegovina	O1.5 81.2% +2.2% · buy≥1.27 (+5.7% margin)	O2.25 62.2% +6.1% (floor −12.8) · buy≥1.49 (+3.4% margin)		
2026-09-25 20:45	INT-UEFA	UEFA internationals	Sweden v Romania	O1.5 81.3% +2.3% · buy≥1.28 (+5.8% margin)	**Romania O0.5** 79.2% +13.7% (team) · buy≥1.37 (+8.6% margin)		
2026-09-25 20:45	INT-UEFA	UEFA internationals	Türkiye v France	O1.5 81.0% +2.0% · buy≥1.24 (+5.7% margin)	**France O1.5** 56.6% +23.4% (team) · buy≥1.82 (+2.9% margin)		
2026-09-25 21:00	INT-CONCACAF	CONCACAF internationals	Bermuda v Guadeloupe	O1.5 73.0% **−9.9%** · buy≥1.29 (+8.6% margin)	**Guadeloupe O1.5** 65.8% +30.2% (team) · buy≥1.67 (+10.0% margin)		
2026-09-25 23:00	INT-CONCACAF	CONCACAF internationals	Grenada v Cuba	O1.5 73.1% **−9.7%** · buy≥1.31 (+8.7% margin)	**Grenada O0.5** 78.6% +6.1% (team) · buy≥1.44 (+13.5% margin)		
2026-09-26 02:00	INT-CONCACAF	CONCACAF internationals	Barbados v St. Lucia	O1.5 72.9% **−10.0%** · buy≥1.27 (+8.6% margin)	**Barbados O1.5** 64.8% +15.7% (team) · buy≥1.69 (+9.7% margin)		
2026-09-26 02:00	INT-CONCACAF	CONCACAF internationals	Bonaire v St. Kitts and Nevis	U4.25 73.5% **−4.6%** · buy≥1.42 (+8.8% margin)	**Bonaire O0.5** 81.8% +9.3% (team) · buy≥1.40 (+14.2% margin)		
2026-09-26 02:00	INT-CONCACAF	CONCACAF internationals	Jamaica v Guatemala	U4.25 73.5% **−4.6%** · buy≥1.42 (+8.8% margin)	**Jamaica O0.5** 80.9% +8.4% (team) · buy≥1.41 (+14.0% margin)		DNB1 69.2% +11.8% · buy≥1.52 · probation
2026-09-26 03:00	INT-CONCACAF	CONCACAF internationals	Honduras v Suriname	U4.25 73.2% **−4.9%** · buy≥1.36 (+8.7% margin)	U3.75 64.9% +4.5% (floor −10.1) · buy≥1.55 (+9.7% margin)		DNB1 69.2% +11.9% · buy≥1.52 · probation
2026-09-26 05:00	INT-CONCACAF	CONCACAF internationals	El Salvador v Martinique	U4.25 72.8% **−5.3%** · buy≥1.28 (+8.6% margin)	U3.75 70.6% +10.3% (floor −4.4) · buy≥1.46 (+11.5% margin)		
2026-09-26 15:00	INT-UEFA	UEFA internationals	Slovenia v Scotland	U4.25 81.0% **−1.7%** · buy≥1.25 (+5.7% margin)	U3.75 70.7% +4.4% (floor −4.3) · buy≥1.36 (+3.9% margin)		
2026-09-26 18:00	INT-UEFA	UEFA internationals	Bulgaria v Luxembourg	U3.0 76.6% +10.3% · buy≥1.52 (+6.8% margin)	U2.75 55.4% +11.5% (floor −19.6) · buy≥1.66 (+2.8% margin)		
2026-09-26 18:00	INT-UEFA	UEFA internationals	Faroe Islands v Kazakhstan	U4.25 80.9% **−1.8%** · buy≥1.23 (+5.6% margin)	U3.75 72.3% +6.0% (floor −2.7) · buy≥1.33 (+4.0% margin)		DNB1 71.1% +14.0% · buy≥1.48 · probation
2026-09-26 18:00	INT-UEFA	UEFA internationals	Iceland v Estonia	U4.25 81.0% **−1.7%** · buy≥1.25 (+5.7% margin)	**Iceland O0.5** 83.9% +10.8% (team) · buy≥1.31 (+9.8% margin)		DNB1 77.1% +20.0% · buy≥1.36 · probation
2026-09-26 18:00	INT-UEFA	UEFA internationals	San Marino v Finland	U3.0 75.8% +9.5% · buy≥1.53 (+6.2% margin)	— none		
2026-09-26 20:00	INT-FR	International friendlies	Mexico v Colombia	O1.5 77.0% +1.6% · buy≥1.25 (+5.8% margin)	O2.25 65.1% +14.2% (floor −9.9) · buy≥1.43 (+3.6% margin)		
2026-09-26 20:45	INT-UEFA	UEFA internationals	Albania v Belarus	U3.0 75.4% +9.1% · buy≥1.54 (+5.8% margin)	**Belarus U1.5** 75.4% +8.6% (team) · buy≥1.40 (+5.9% margin)		DNB1 67.9% +10.8% · buy≥1.55 · probation
2026-09-26 20:45	INT-UEFA	UEFA internationals	Czechia v Croatia	O1.5 80.9% +1.9% · buy≥1.22 (+5.7% margin)	**Croatia O1.5** 49.1% +15.9% (team) · buy≥2.08 (+2.1% margin)		
2026-09-26 20:45	INT-UEFA	UEFA internationals	England v Spain	O1.5 80.6% +1.6% · buy≥1.18 (+5.6% margin)	O2.25 73.9% +17.8% (floor −1.1) · buy≥1.30 (+4.5% margin)		
2026-09-26 20:45	INT-UEFA	UEFA internationals	North Macedonia v Switzerland	O1.5 79.4% **+0.3%** · buy≥1.33 (+5.3% margin)	— none		
2026-09-26 20:45	INT-UEFA	UEFA internationals	Slovakia v Moldova	U4.25 80.9% **−1.8%** · buy≥1.23 (+5.6% margin)	**Slovakia O0.5** 84.5% +11.4% (team) · buy≥1.30 (+9.9% margin)		DNB1 77.5% +20.5% · buy≥1.35 · probation
2026-09-26 21:00	INT-CONCACAF	CONCACAF internationals	Montserrat v British Virgin Islands	U3.0 73.9% +13.6% · buy≥1.65 (+12.3% margin)	**British Virgin Islands U1.5** 73.3% +8.9% (team) · buy≥1.53 (+12.2% margin)		DNB1 68.3% +10.9% · buy≥1.54 · probation
2026-09-21 19:30	ARG-PD	Primera División	Aldosivi Mar del Plata v Atlético Tucuman	U3.0 86.5% +1.5% · buy≥1.24 (+3.9% margin)	✅ **Aldosivi Mar del Plata U1.5** 75.4% +8.2% (team) · buy≥1.38 (+4.2% margin)	✅ HIT — 1-0	
2026-09-22 00:00	ARG-PD	Primera División	Barracas Central v Independiente Rivadavia	O1.0 87.4% **+0.4%** · buy≥1.26 (+4.6% margin)	— none	◦ PUSH — 0-1	
2026-09-22 02:15	ARG-PD	Primera División	Lanus v Estudiantes	U3.0 86.3% +1.3% · buy≥1.24 (+3.8% margin)	❌ **Lanus U1.5** 75.4% +8.2% (team) · buy≥1.38 (+4.2% margin)	✅ HIT — 2-1	
2026-09-25 20:45	IRL-PD	Premier Division	Galway United v Shelbourne Dublin	U4.25 84.8% **−4.8%** · buy≥1.19 (+5.4% margin)	— none		12 74.0% +3.9% · buy≥1.42 · probation
2026-09-26 16:00	ENG-L1	League One	Bradford City v Barnsley	U4.25 83.1% **−4.5%** · buy≥1.22 (+6.1% margin)	— none		DNB1 66.0% +7.9% · buy≥1.59 · probation
2026-09-26 16:00	ENG-L1	League One	Cambridge United v Wimbledon	U3.0 78.9% +5.6% · buy≥1.48 (+8.4% margin)	U2.75 58.2% +6.8% (floor −16.8) · buy≥1.59 (+3.1% margin)		DNB1 71.2% +13.1% · buy≥1.48 · probation
2026-09-26 16:00	ENG-L1	League One	Doncaster Rovers v Oxford United	O1.5 77.2% +3.7% · buy≥1.39 (+7.1% margin)	— none		
2026-09-26 16:00	ENG-L1	League One	Huddersfield Town v Luton	O1.5 80.1% +6.5% · buy≥1.36 (+8.7% margin)	**Luton O1.5** 53.7% +20.5% (team) · buy≥1.91 (+2.6% margin)		12 77.9% +2.7% · buy≥1.35 · probation
2026-09-26 16:00	ENG-L1	League One	Mansfield Town v Leyton Orient	U4.25 83.0% **−4.5%** · buy≥1.21 (+6.1% margin)	**Leyton Orient U1.5** 73.8% +7.0% (team) · buy≥1.41 (+4.2% margin)		DNB1 69.7% +11.6% · buy≥1.51 · probation
2026-09-26 16:00	ENG-L1	League One	Milton Keynes Dons v Bromley FC	U4.25 83.0% **−4.5%** · buy≥1.21 (+6.1% margin)	U3.75 74.8% +1.5% (floor −0.2) · buy≥1.27 (+1.7% margin)		DNB1 65.5% +7.4% · buy≥1.60 · probation
2026-09-26 16:00	ENG-L1	League One	Notts County v Blackpool	U4.25 83.1% **−4.5%** · buy≥1.22 (+6.1% margin)	— none		
2026-09-26 16:00	ENG-L1	League One	Plymouth Argyle v Burton Albion	O1.5 77.4% +3.8% · buy≥1.39 (+7.2% margin)	**Plymouth Argyle O0.5** 80.0% +4.1% (team) · buy≥1.36 (+8.7% margin)		DNB1 70.2% +12.1% · buy≥1.50 · probation
2026-09-26 16:00	ENG-L1	League One	Stevenage v Sheffield Wednesday	U3.0 79.9% +6.6% · buy≥1.45 (+8.7% margin)	**Sheffield Wednesday U1.5** 75.4% +8.6% (team) · buy≥1.40 (+5.5% margin)		
2026-09-26 16:00	ENG-L1	League One	Stockport County FC v Peterborough United	O1.5 77.6% +4.0% · buy≥1.38 (+7.4% margin)	**Stockport County FC O1.5** 60.9% +19.1% (team) · buy≥1.70 (+3.3% margin)		DNB1 81.4% +23.3% · buy≥1.29 · probation
2026-09-26 16:00	ENG-L1	League One	Wycombe Wanderers v Reading	U4.25 83.2% **−4.3%** · buy≥1.24 (+6.1% margin)	**Wycombe Wanderers O0.5** 81.0% +5.0% (team) · buy≥1.35 (+8.9% margin)		DNB1 70.3% +12.2% · buy≥1.49 · probation
2026-09-26 16:00	ENG-L2	League Two	Bristol Rovers v Exeter City	U4.25 85.6% **−1.3%** · buy≥1.23 (+4.3% margin)	O1.75 75.9% +1.6% (floor −2.1) · buy≥1.39 (+1.0% margin)		
2026-09-26 16:00	ENG-L2	League Two	Cheltenham Town v Chesterfield FC	U4.25 89.2% +2.3% · buy≥1.19 (+5.6% margin)	U3.75 75.9% +3.5% (floor −2.1) · buy≥1.28 (+4.2% margin)		
2026-09-26 16:00	ENG-L2	League Two	Fleetwood Town v Rochdale	U4.25 89.4% +2.5% · buy≥1.19 (+5.7% margin)	**Rochdale U1.5** 75.4% +9.7% (team) · buy≥1.38 (+4.2% margin)		DNB1 71.2% +13.5% · buy≥1.48 · probation
2026-09-26 16:00	ENG-L2	League Two	Newport County v Grimsby Town	U4.25 84.6% **−2.4%** · buy≥1.24 (+3.5% margin)	O1.75 77.1% +2.8% (floor −0.9) · buy≥1.37 (+1.1% margin)		
2026-09-26 16:00	ENG-L2	League Two	Rotherham United v Crewe Alexandra	U4.25 86.0% **−0.9%** · buy≥1.23 (+4.6% margin)	O1.75 75.5% +1.2% (floor −2.5) · buy≥1.40 (+1.0% margin)		DNB1 67.6% +9.9% · buy≥1.55 · probation
2026-09-26 16:00	ENG-L2	League Two	Shrewsbury Town v Colchester United	U4.25 88.4% +1.4% · buy≥1.20 (+5.4% margin)	U3.75 74.6% +2.2% (floor −3.4) · buy≥1.26 (+0.9% margin)		
2026-09-26 16:00	ENG-L2	League Two	Swindon Town v Accrington Stanley	U4.25 88.6% +1.7% · buy≥1.20 (+5.5% margin)	U3.75 75.0% +2.6% (floor −3.0) · buy≥1.25 (+1.0% margin)		
2026-09-26 16:00	ENG-L2	League Two	Tranmere Rovers v Walsall	U4.25 88.1% +1.2% · buy≥1.21 (+5.4% margin)	U3.75 74.1% +1.8% (floor −3.9) · buy≥1.27 (+0.9% margin)		
2026-09-26 16:00	ENG-L2	League Two	York City v Gillingham	U4.25 87.5% **+0.5%** · buy≥1.22 (+5.2% margin)	**York City O0.5** 83.2% +6.6% (team) · buy≥1.27 (+5.8% margin)		DNB1 71.4% +13.7% · buy≥1.47 · probation
2026-09-26 18:30	ENG-L2	League Two	Oldham Athletic v Salford City	U4.25 86.6% **−0.3%** · buy≥1.23 (+5.0% margin)	— none		
2026-09-27 18:00	INT-UEFA	Nations League & qualifiers	Denmark v Wales	O1.5 80.9% +1.9% · buy≥1.22 (+5.7% margin)	O2.25 67.8% +11.7% (floor −7.2) · buy≥1.39 (+3.8% margin)		
2026-09-27 18:00	INT-UEFA	Nations League & qualifiers	Serbia v Netherlands	O1.5 81.3% +2.3% · buy≥1.28 (+5.7% margin)	**Netherlands O0.5** 79.9% +14.4% (team) · buy≥1.36 (+8.8% margin)		
2026-09-27 20:45	INT-UEFA	Nations League & qualifiers	Germany v Greece	O1.5 81.2% +2.2% · buy≥1.27 (+5.7% margin)	**Germany O1.5** 60.9% +14.6% (team) · buy≥1.70 (+3.3% margin)		
2026-09-27 20:45	INT-UEFA	Nations League & qualifiers	Norway v Portugal	O1.5 80.6% +1.6% · buy≥1.18 (+5.6% margin)	O2.25 73.4% +17.3% (floor −1.6) · buy≥1.30 (+4.1% margin)		DNB1 78.0% +20.9% · buy≥1.35 · probation
2026-09-28 03:00	MEX-LMX	Liga MX	León v FC Juárez	U4.25 83.2% **−1.0%** · buy≥1.24 (+5.4% margin)	**León O1.5** 57.9% +9.6% (team) · buy≥1.78 (+3.0% margin)		DNB1 79.2% +16.9% · buy≥1.33 · probation
2026-09-28 05:00	MEX-LMX	Liga MX	Necaxa v América	U4.25 81.6% **−2.6%** · buy≥1.31 (+5.0% margin)	**América O1.5** 61.2% +26.6% (team) · buy≥1.69 (+3.3% margin)		12 78.5% +3.1% · buy≥1.34 · probation
2026-09-26 13:30	ENG-L2	League Two	Crawley Town v Barnet	U4.25 84.2% **−2.7%** · buy≥1.25 (+3.2% margin)	**Barnet O0.5** 73.5% +4.1% (team) · buy≥1.42 (+4.1% margin)		
2026-09-26 16:00	ENG-L2	League Two	Port Vale v Northampton Town	U4.25 86.6% **−0.3%** · buy≥1.23 (+5.0% margin)	— none		1X 73.7% +5.2% · buy≥1.42 · probation
2026-09-27 15:00	INT-UEFA	Nations League & qualifiers	Lithuania v Azerbaijan	U3.0 77.1% +10.8% · buy≥1.51 (+7.3% margin)	U2.75 56.0% +12.1% (floor −19.0) · buy≥1.64 (+2.9% margin)		DNB1 71.0% +13.9% · buy≥1.48 · probation
2026-09-27 18:00	INT-UEFA	Nations League & qualifiers	Austria v Kosovo	O1.5 81.2% +2.2% · buy≥1.27 (+5.7% margin)	**Austria O0.5** 80.0% +7.0% (team) · buy≥1.36 (+8.8% margin)		DNB1 72.8% +15.7% · buy≥1.44 · probation
2026-09-27 18:00	INT-UEFA	Nations League & qualifiers	Gibraltar v Andorra	U3.0 81.2% +14.9% · buy≥1.38 (+9.1% margin)	**Gibraltar U1.5** 75.4% +21.7% (team) · buy≥1.40 (+5.9% margin)		
2026-09-27 20:45	INT-UEFA	Nations League & qualifiers	Israel v Republic of Ireland	O1.5 80.9% +1.9% · buy≥1.31 (+5.7% margin)	**Israel O0.5** 81.8% +8.8% (team) · buy≥1.34 (+9.3% margin)		
2026-09-28 18:00	INT-UEFA	Nations League & qualifiers	Armenia v Montenegro	U4.25 80.9% **−1.7%** · buy≥1.25 (+5.7% margin)	**Montenegro O0.5** 81.2% +15.7% (team) · buy≥1.34 (+9.1% margin)		
2026-09-28 18:00	INT-UEFA	Nations League & qualifiers	Georgia v Ukraine	O1.5 80.1% +1.1% · buy≥1.32 (+5.4% margin)	**Ukraine O0.5** 80.0% +14.5% (team) · buy≥1.36 (+8.8% margin)		
2026-09-28 18:00	INT-UEFA	Nations League & qualifiers	Latvia v Cyprus	U4.25 80.9% **−1.8%** · buy≥1.24 (+5.6% margin)	U3.75 71.8% +5.5% (floor −3.2) · buy≥1.34 (+4.0% margin)		
2026-09-28 20:30	ESP-L2	LaLiga 2	Leganés v CD Castellón	U4.25 84.5% **−5.0%** · buy≥1.22 (+5.4% margin)	— none		12 74.5% +2.2% · buy≥1.41 · probation
2026-09-28 20:45	INT-UEFA	Nations League & qualifiers	Belgium v France	O1.5 80.7% +1.7% · buy≥1.19 (+5.6% margin)	O2.25 72.0% +15.9% (floor −3.0) · buy≥1.32 (+4.0% margin)		
2026-09-28 20:45	INT-UEFA	Nations League & qualifiers	Northern Ireland v Hungary	U4.25 81.1% **−1.5%** · buy≥1.28 (+5.7% margin)	**Northern Ireland O0.5** 80.3% +7.2% (team) · buy≥1.36 (+8.9% margin)		
2026-09-28 20:45	INT-UEFA	Nations League & qualifiers	Romania v Bosnia & Herzegovina	O1.5 81.2% +2.2% · buy≥1.27 (+5.7% margin)	O2.25 62.5% +6.4% (floor −12.5) · buy≥1.48 (+3.4% margin)		
2026-09-28 20:45	INT-UEFA	Nations League & qualifiers	Sweden v Poland	O1.5 81.3% +2.3% · buy≥1.28 (+5.7% margin)	**Poland O0.5** 82.4% +16.9% (team) · buy≥1.33 (+9.4% margin)		
2026-09-29 00:30	BRA-SB	Brasileirão Série B	América Mineiro v Juventude	U3.0 83.8% +2.5% · buy≥1.31 (+4.8% margin)	**América Mineiro U1.5** 74.2% +12.7% (team) · buy≥1.40 (+4.1% margin)		
2026-09-29 20:45	INT-UEFA	Nations League & qualifiers	Scotland v Switzerland	O1.5 80.5% +1.5% · buy≥1.31 (+5.6% margin)	O2.25 58.3% +2.2% (floor −16.7) · buy≥1.52 (−0.1% margin)		
2026-09-29 20:45	INT-UEFA	Nations League & qualifiers	Slovenia v North Macedonia	U4.25 80.9% **−1.8%** · buy≥1.23 (+5.6% margin)	U3.75 72.2% +5.9% (floor −2.8) · buy≥1.34 (+4.0% margin)		
2026-09-29 20:45	INT-UEFA	Nations League & qualifiers	Spain v Croatia	O1.5 80.6% +1.6% · buy≥1.18 (+5.6% margin)	**Croatia O1.5** 50.6% +17.4% (team) · buy≥2.02 (+2.3% margin)		
2026-09-30 00:30	BRA-SB	Brasileirão Série B	Botafogo-SP v Ponte Preta	U3.0 84.5% +3.3% · buy≥1.30 (+5.1% margin)	U2.75 65.9% +4.5% (floor −9.1) · buy≥1.43 (+3.6% margin)		DNB1 72.1% +5.8% · buy≥1.46 · probation
2026-10-01 20:45	INT-UEFA	Nations League & qualifiers	Greece v Netherlands	O1.5 81.1% +2.1% · buy≥1.25 (+5.7% margin)	**Netherlands O1.5** 57.9% +24.7% (team) · buy≥1.78 (+3.0% margin)		
2026-10-02 01:30	BRA-SB	Brasileirão Série B	Athletic Club (MG) v Sport Recife	O1.0 88.5% **−0.9%** · buy≥1.19 (+6.1% margin)	O1.75 69.8% +4.3% (floor −5.2) · buy≥1.59 (+3.9% margin)		12 74.5% +2.7% · buy≥1.41 · probation
2026-10-02 02:00	BRA-SB	Brasileirão Série B	Grêmio Novorizontino v Goiás	O1.0 88.4% **−1.0%** · buy≥1.18 (+6.0% margin)	O1.75 71.9% +6.5% (floor −3.1) · buy≥1.53 (+4.0% margin)		DNB1 75.0% +8.7% · buy≥1.40 · probation
2026-10-02 03:30	MLS	Major League Soccer	Seattle Sounders FC v Sporting Kansas City	U4.25 80.7% **+1.0%** · buy≥1.33 (+6.1% margin)	U3.75 64.7% +2.4% (floor −10.3) · buy≥1.42 (+0.4% margin)		
