# Closing prices for the bank's past matches, from football-data.co.uk:
# best of the panel (mx_) and one book (b_), over 2.5 / under 2.5 /
# home / away. Written by scripts/retro_odds.py --build; read by
# scripts/matchbank.py to give a past card the verdict a live one gets.
# code	date	home	away	mx_o	mx_u	mx_h	mx_a	b_o	b_u	b_h	b_a
BEL-PL	2024-07-26	Club Brugge	Mechelen	1.53	2.75	1.37	9.58	1.48	2.60	1.33	8.00
BEL-PL	2024-07-27	Anderlecht	St Truiden	1.63	2.50	1.41	8.50	1.57	2.35	1.36	7.50
BEL-PL	2024-07-27	Beerschot VA	Oud-Heverlee Leuven	2.02	1.96	3.38	2.31	1.93	1.93	3.20	2.15
BEL-PL	2024-07-27	Dender	St. Gilloise	1.68	2.43	6.10	1.66	1.62	2.25	5.25	1.60
BEL-PL	2024-07-28	Charleroi	Antwerp	2.18	1.89	3.73	2.15	2.05	1.80	3.40	2.00
BEL-PL	2024-07-28	Genk	Standard	1.68	2.50	1.62	6.24	1.57	2.35	1.55	5.75
BEL-PL	2024-07-28	Kortrijk	Gent	1.66	2.42	4.50	1.90	1.62	2.25	3.75	1.80
BEL-PL	2024-07-28	Westerlo	Cercle Brugge	1.77	2.28	3.28	2.36	1.70	2.10	3.00	2.20
BEL-PL	2024-08-02	St. Gilloise	Beerschot VA	1.56	2.61	1.30	11.00	1.48	2.60	1.27	9.00
BEL-PL	2024-08-03	Mechelen	Westerlo	1.67	2.38	2.47	3.20	1.62	2.25	2.25	2.88
BEL-PL	2024-08-03	Oud-Heverlee Leuven	Genk	1.99	2.02	3.15	2.49	1.90	1.95	2.88	2.45
BEL-PL	2024-08-03	St Truiden	Charleroi	1.99	2.05	3.04	2.75	1.85	2.00	2.88	2.30
BEL-PL	2024-08-04	Antwerp	Anderlecht	1.83	2.15	1.95	5.00	1.73	2.08	1.80	3.90
BEL-PL	2024-08-04	Cercle Brugge	Kortrijk	1.67	2.39	1.53	6.60	1.57	2.35	1.45	5.50
BEL-PL	2024-08-04	Gent	Dender	1.62	2.42	1.54	6.24	1.57	2.35	1.48	5.75
BEL-PL	2024-08-04	Standard	Club Brugge	1.61	2.55	5.93	1.60	1.60	2.30	5.25	1.50
BEL-PL	2024-08-09	Standard	Mechelen	1.91	2.11	2.75	2.83	1.88	1.98	2.60	2.70
BEL-PL	2024-08-10	Anderlecht	Oud-Heverlee Leuven	1.68	2.47	1.76	5.00	1.57	2.35	1.73	4.20
BEL-PL	2024-08-10	Dender	Kortrijk	2.08	1.97	2.34	3.35	2.00	1.85	2.20	3.10
BEL-PL	2024-08-10	Westerlo	St. Gilloise	1.70	2.26	3.67	2.15	1.67	2.15	3.50	1.95
BEL-PL	2024-08-11	Antwerp	St Truiden	1.90	2.10	1.42	9.00	1.80	2.00	1.40	8.50
BEL-PL	2024-08-11	Cercle Brugge	Beerschot VA	1.66	2.51	1.53	6.50	1.53	2.40	1.48	5.75
BEL-PL	2024-08-11	Charleroi	Gent	1.83	2.10	3.07	2.47	1.75	2.05	2.80	2.45
BEL-PL	2024-08-11	Genk	Club Brugge	1.69	2.35	3.92	1.95	1.65	2.20	3.60	1.90
BEL-PL	2024-08-16	St. Gilloise	Charleroi	1.99	2.05	1.86	4.50	1.85	2.00	1.80	4.20
BEL-PL	2024-08-17	Beerschot VA	Genk	1.70	2.34	5.50	1.65	1.62	2.25	5.00	1.62
BEL-PL	2024-08-17	Mechelen	Anderlecht	1.69	2.30	3.31	2.28	1.65	2.20	3.10	2.25
BEL-PL	2024-08-17	St Truiden	Dender	2.07	1.90	2.93	2.60	1.98	1.88	2.75	2.50
BEL-PL	2024-08-18	Club Brugge	Antwerp	1.66	2.40	1.75	4.89	1.57	2.35	1.70	4.75
BEL-PL	2024-08-18	Gent	Westerlo	1.56	2.57	2.02	3.67	1.50	2.50	1.95	3.40
BEL-PL	2024-08-18	Kortrijk	Standard	2.24	1.85	2.35	3.29	2.05	1.80	2.25	3.20
BEL-PL	2024-08-18	Oud-Heverlee Leuven	Cercle Brugge	1.74	2.34	2.63	2.85	1.70	2.10	2.45	2.75
BEL-PL	2024-08-24	Antwerp	Mechelen	1.56	2.65	1.50	6.50	1.50	2.50	1.44	5.75
BEL-PL	2024-08-24	Westerlo	Oud-Heverlee Leuven	1.67	2.35	2.37	3.20	1.62	2.25	2.25	2.88
BEL-PL	2024-08-25	Charleroi	Kortrijk	1.91	2.00	1.83	4.70	1.88	1.98	1.73	4.10
BEL-PL	2024-08-25	Dender	Club Brugge	1.70	2.33	6.80	1.53	1.65	2.20	5.50	1.45
BEL-PL	2024-08-25	St Truiden	St. Gilloise	1.91	2.13	5.00	1.75	1.75	2.05	4.33	1.67
BEL-PL	2024-08-25	Standard	Beerschot VA	2.07	1.89	2.08	3.92	2.00	1.85	2.00	3.50
BEL-PL	2024-08-30	Genk	Westerlo	1.41	3.10	1.70	4.82	1.40	2.88	1.67	4.33
BEL-PL	2024-08-31	Beerschot VA	Dender	1.99	1.98	3.01	2.53	1.88	1.98	2.88	2.45
BEL-PL	2024-08-31	Mechelen	Charleroi	1.90	2.12	2.85	2.57	1.70	2.10	2.75	2.45
BEL-PL	2024-08-31	Oud-Heverlee Leuven	Standard	2.13	1.90	2.01	4.10	1.95	1.90	1.95	3.80
BEL-PL	2024-09-01	Club Brugge	Cercle Brugge	1.56	2.69	1.61	5.87	1.48	2.60	1.53	5.75
BEL-PL	2024-09-01	Gent	Antwerp	1.82	2.25	2.56	2.84	1.70	2.10	2.40	2.75
BEL-PL	2024-09-01	Kortrijk	St Truiden	2.13	1.92	2.13	3.82	1.98	1.88	2.00	3.60
BEL-PL	2024-09-01	St. Gilloise	Anderlecht	1.91	2.11	2.01	4.07	1.83	2.03	1.91	3.80
BEL-PL	2024-09-13	Dender	Standard	2.24	1.81	2.18	4.41	2.05	1.75	1.91	4.10
BEL-PL	2024-09-14	Anderlecht	Westerlo	1.68	2.44	1.99	4.86	1.57	2.35	1.70	4.50
BEL-PL	2024-09-14	Cercle Brugge	Genk	1.56	2.64	3.08	2.28	1.53	2.40	3.00	2.20
BEL-PL	2024-09-14	Kortrijk	Club Brugge	1.61	2.44	7.30	1.47	1.57	2.35	6.50	1.40
BEL-PL	2024-09-15	Antwerp	St. Gilloise	1.93	2.00	2.78	2.70	1.88	1.98	2.63	2.55
BEL-PL	2024-09-15	Charleroi	Beerschot VA	1.83	2.14	1.57	6.82	1.75	2.05	1.45	6.50
BEL-PL	2024-09-15	Gent	Mechelen	1.56	2.60	1.80	4.64	1.50	2.50	1.73	4.33
BEL-PL	2024-09-15	St Truiden	Oud-Heverlee Leuven	1.92	2.01	3.02	2.43	1.88	1.98	2.88	2.38
BEL-PL	2024-09-17	Anderlecht	Genk	1.68	2.43	2.69	2.70	1.57	2.35	2.55	2.55
BEL-PL	2024-09-20	Standard	St. Gilloise	2.25	1.77	5.00	1.85	2.10	1.70	4.50	1.70
BEL-PL	2024-09-21	Anderlecht	Charleroi	1.90	2.09	2.31	3.30	1.80	2.00	2.15	3.00
BEL-PL	2024-09-21	Beerschot VA	St Truiden	2.08	2.00	2.65	2.85	1.93	1.93	2.50	2.63
BEL-PL	2024-09-21	Westerlo	Antwerp	1.66	2.38	3.28	2.25	1.62	2.25	2.88	2.10
BEL-PL	2024-09-22	Club Brugge	Gent	1.51	2.77	1.51	6.50	1.44	2.70	1.44	5.75
BEL-PL	2024-09-22	Genk	Dender	1.56	2.56	1.55	6.53	1.50	2.50	1.48	5.25
BEL-PL	2024-09-22	Mechelen	Cercle Brugge	1.51	2.83	2.19	3.35	1.48	2.60	2.00	3.10
BEL-PL	2024-09-22	Oud-Heverlee Leuven	Kortrijk	1.90	2.13	1.81	4.70	1.75	2.05	1.70	4.33
BEL-PL	2024-09-26	Cercle Brugge	Gent	1.83	2.20	3.52	2.17	1.75	2.05	3.25	2.10
BEL-PL	2024-09-27	Charleroi	Club Brugge	1.77	2.28	4.03	1.93	1.67	2.15	3.75	1.85
BEL-PL	2024-09-28	Dender	Anderlecht	1.83	2.20	4.03	2.15	1.70	2.10	3.75	1.91
BEL-PL	2024-09-28	Genk	Mechelen	1.41	3.11	1.43	7.20	1.36	3.10	1.38	6.50
BEL-PL	2024-09-28	Standard	Westerlo	1.99	1.98	2.87	2.67	1.90	1.95	2.75	2.50
BEL-PL	2024-09-29	Antwerp	Beerschot VA	1.41	3.14	1.25	12.00	1.36	3.10	1.22	9.00
BEL-PL	2024-09-29	Cercle Brugge	St Truiden	1.90	2.09	2.00	4.05	1.75	2.05	1.91	3.70
BEL-PL	2024-09-29	Gent	Oud-Heverlee Leuven	1.85	2.10	2.26	3.47	1.80	2.00	2.10	3.10
BEL-PL	2024-09-29	St. Gilloise	Kortrijk	1.82	2.18	1.36	10.40	1.70	2.10	1.33	8.50
BEL-PL	2024-10-04	Westerlo	Beerschot VA	1.48	2.92	1.42	8.08	1.40	2.88	1.40	6.50
BEL-PL	2024-10-05	Dender	Charleroi	2.25	1.84	3.55	2.28	2.08	1.73	3.40	2.20
BEL-PL	2024-10-05	Kortrijk	Genk	1.70	2.40	5.20	1.68	1.65	2.20	4.75	1.62
BEL-PL	2024-10-05	Mechelen	Oud-Heverlee Leuven	1.99	2.07	2.50	2.99	1.85	2.00	2.35	2.90
BEL-PL	2024-10-06	Anderlecht	Standard	1.99	2.05	1.80	4.80	1.93	1.93	1.75	4.33
BEL-PL	2024-10-06	Antwerp	Cercle Brugge	1.54	2.62	1.73	5.00	1.50	2.50	1.62	4.75
BEL-PL	2024-10-06	Club Brugge	St. Gilloise	1.92	2.04	2.15	3.75	1.88	1.98	2.05	3.50
BEL-PL	2024-10-06	St Truiden	Gent	1.90	2.11	2.73	2.70	1.73	2.08	2.55	2.60
BEL-PL	2024-10-18	Beerschot VA	Anderlecht	1.61	2.52	6.80	1.55	1.53	2.40	5.50	1.48
BEL-PL	2024-10-19	Cercle Brugge	Dender	1.82	2.13	2.00	4.07	1.67	2.10	1.87	3.70
BEL-PL	2024-10-19	St. Gilloise	Gent	1.99	2.00	1.62	6.74	1.88	1.98	1.48	6.00
BEL-PL	2024-10-19	Westerlo	Club Brugge	1.68	2.43	4.10	1.99	1.60	2.30	3.50	1.85
BEL-PL	2024-10-20	Genk	St Truiden	1.57	2.56	1.55	6.50	1.53	2.40	1.45	6.00
BEL-PL	2024-10-20	Mechelen	Kortrijk	1.71	2.28	1.71	5.20	1.67	2.15	1.65	4.50
BEL-PL	2024-10-20	Oud-Heverlee Leuven	Antwerp	2.03	1.96	2.96	2.55	1.87	1.87	2.63	2.45
BEL-PL	2024-10-20	Standard	Charleroi	2.37	1.70	3.09	2.55	2.25	1.58	2.80	2.40
BEL-PL	2024-10-25	Kortrijk	Beerschot VA	1.83	2.21	1.82	4.70	1.73	2.08	1.73	4.50
BEL-PL	2024-10-26	Charleroi	Oud-Heverlee Leuven	2.35	1.81	2.14	3.92	2.20	1.65	2.05	3.70
BEL-PL	2024-10-26	Dender	Mechelen	2.08	2.04	2.95	2.63	1.85	2.00	2.75	2.55
BEL-PL	2024-10-26	St Truiden	Westerlo	1.61	2.50	2.70	2.75	1.53	2.40	2.45	2.62
BEL-PL	2024-10-27	Antwerp	Standard	1.99	1.96	1.85	4.80	1.93	1.93	1.80	4.20
BEL-PL	2024-10-27	Club Brugge	Anderlecht	1.55	2.66	1.65	5.50	1.44	2.60	1.57	4.75
BEL-PL	2024-10-27	Gent	Genk	1.66	2.38	3.10	2.45	1.65	2.20	2.90	2.30
BEL-PL	2024-10-27	St. Gilloise	Cercle Brugge	1.90	2.17	1.47	8.00	1.73	2.08	1.42	6.50
BEL-PL	2024-11-01	Westerlo	Dender	1.63	2.52	1.85	4.20	1.53	2.40	1.80	3.90
BEL-PL	2024-11-02	Mechelen	St. Gilloise	1.83	2.12	3.36	2.23	1.73	2.08	3.10	2.10
BEL-PL	2024-11-02	Oud-Heverlee Leuven	Club Brugge	1.99	2.02	5.09	1.78	1.93	1.93	5.00	1.67
BEL-PL	2024-11-02	Standard	St Truiden	2.24	1.83	2.44	3.64	2.08	1.73	2.35	3.10
BEL-PL	2024-11-03	Anderlecht	Kortrijk	1.61	2.50	1.52	7.00	1.53	2.40	1.48	5.25
BEL-PL	2024-11-03	Beerschot VA	Gent	1.82	2.25	5.35	1.66	1.70	2.10	5.00	1.60
BEL-PL	2024-11-03	Cercle Brugge	Charleroi	2.08	2.04	2.26	3.31	1.88	1.98	2.20	3.20
BEL-PL	2024-11-03	Genk	Antwerp	1.61	2.47	1.76	4.98	1.53	2.40	1.70	4.50
BEL-PL	2024-11-08	St Truiden	Mechelen	1.67	2.47	2.55	2.90	1.57	2.35	2.30	2.80
BEL-PL	2024-11-09	Charleroi	Westerlo	1.68	2.38	2.24	3.30	1.65	2.20	2.05	3.30
BEL-PL	2024-11-09	Dender	Oud-Heverlee Leuven	2.24	1.80	3.38	2.40	2.05	1.75	3.10	2.15
BEL-PL	2024-11-09	Kortrijk	Antwerp	1.90	2.16	3.31	2.25	1.75	2.05	3.10	2.20
BEL-PL	2024-11-10	Beerschot VA	Club Brugge	1.61	2.70	10.50	1.31	1.53	2.40	8.00	1.27
BEL-PL	2024-11-10	Cercle Brugge	Anderlecht	1.83	2.21	3.11	2.40	1.73	2.08	2.90	2.25
BEL-PL	2024-11-10	Gent	Standard	2.04	1.91	1.88	4.54	1.98	1.88	1.80	4.20
BEL-PL	2024-11-10	St. Gilloise	Genk	2.00	2.05	2.40	3.40	1.95	1.90	2.15	3.20
BEL-PL	2024-11-22	Antwerp	Dender	1.90	2.23	1.57	6.63	1.73	2.08	1.53	5.50
BEL-PL	2024-11-23	Club Brugge	St Truiden	1.68	2.55	1.36	9.08	1.57	2.35	1.33	8.50
BEL-PL	2024-11-23	Genk	Charleroi	1.75	2.28	1.61	5.95	1.67	2.15	1.52	5.50
BEL-PL	2024-11-23	Standard	Cercle Brugge	2.14	1.84	2.60	2.95	2.05	1.80	2.40	2.80
BEL-PL	2024-11-24	Anderlecht	Gent	1.86	2.28	2.03	4.11	1.67	2.15	1.90	3.80
BEL-PL	2024-11-24	Mechelen	Beerschot VA	1.61	2.60	1.46	7.20	1.53	2.40	1.42	6.50
BEL-PL	2024-11-24	Oud-Heverlee Leuven	St. Gilloise	2.38	1.72	4.30	2.04	2.30	1.60	3.90	2.00
BEL-PL	2024-11-24	Westerlo	Kortrijk	1.68	2.48	1.83	4.70	1.57	2.35	1.70	4.20
BEL-PL	2024-11-29	Kortrijk	Mechelen	1.90	2.14	3.61	2.11	1.73	2.08	3.30	2.05
BEL-PL	2024-11-30	Charleroi	Standard	2.57	1.61	1.97	4.70	2.35	1.57	1.90	4.20
BEL-PL	2024-11-30	Club Brugge	Dender	1.54	2.62	1.23	15.08	1.50	2.50	1.20	10.00
BEL-PL	2024-12-01	Beerschot VA	Cercle Brugge	1.90	2.20	4.26	1.95	1.75	2.05	4.10	1.85
BEL-PL	2024-12-01	Oud-Heverlee Leuven	Anderlecht	1.99	1.98	3.44	2.24	1.93	1.93	3.20	2.20
BEL-PL	2024-12-01	St Truiden	Genk	1.68	2.40	4.20	2.04	1.57	2.35	3.40	2.00
BEL-PL	2024-12-01	St. Gilloise	Antwerp	2.07	1.91	1.90	5.09	2.00	1.85	1.83	4.10
BEL-PL	2024-12-01	Westerlo	Gent	1.61	2.48	2.33	3.11	1.57	2.35	2.20	2.90
BEL-PL	2024-12-07	Genk	Kortrijk	1.77	2.40	1.45	9.00	1.67	2.15	1.42	7.00
BEL-PL	2024-12-07	Gent	St Truiden	1.74	2.23	1.80	4.93	1.67	2.15	1.67	4.50
BEL-PL	2024-12-07	Mechelen	Club Brugge	1.77	2.32	5.31	1.70	1.67	2.15	5.00	1.65
BEL-PL	2024-12-07	Standard	Oud-Heverlee Leuven	2.56	1.64	3.15	2.70	2.25	1.62	2.90	2.50
BEL-PL	2024-12-08	Anderlecht	Beerschot VA	1.57	2.70	1.32	12.00	1.53	2.40	1.29	9.50
BEL-PL	2024-12-08	Antwerp	Charleroi	1.91	2.06	1.92	4.38	1.85	2.00	1.90	3.90
BEL-PL	2024-12-08	Cercle Brugge	St. Gilloise	1.91	2.12	4.32	1.89	1.80	2.00	4.00	1.83
BEL-PL	2024-12-08	Dender	Westerlo	1.70	2.28	3.05	2.52	1.65	2.20	2.80	2.45
BEL-PL	2024-12-13	Mechelen	Antwerp	2.09	2.10	2.62	3.03	2.03	1.83	2.35	2.90
BEL-PL	2024-12-14	Beerschot VA	Standard	2.25	2.02	3.01	2.58	1.90	1.95	2.70	2.50
BEL-PL	2024-12-14	Kortrijk	Dender	2.15	1.79	2.15	3.87	2.10	1.70	2.05	3.70
BEL-PL	2024-12-14	Oud-Heverlee Leuven	Charleroi	2.13	1.85	2.54	3.00	2.03	1.83	2.40	2.80
BEL-PL	2024-12-15	Club Brugge	Genk	1.65	2.38	1.63	5.50	1.62	2.25	1.57	5.25
BEL-PL	2024-12-15	Gent	Cercle Brugge	1.70	2.38	2.02	4.03	1.65	2.20	1.91	3.75
BEL-PL	2024-12-15	St Truiden	Anderlecht	1.90	2.16	3.82	2.27	1.75	2.05	3.50	2.05
BEL-PL	2024-12-15	St. Gilloise	Westerlo	1.51	2.95	1.48	7.23	1.44	2.70	1.42	6.00
BEL-PL	2024-12-20	Westerlo	Mechelen	1.68	2.48	2.43	3.21	1.62	2.25	2.25	3.00
BEL-PL	2024-12-21	Beerschot VA	Kortrijk	2.34	1.97	2.61	3.57	2.05	1.75	2.25	3.25
BEL-PL	2024-12-21	Charleroi	St Truiden	1.91	2.06	1.90	4.80	1.83	2.03	1.75	4.33
BEL-PL	2024-12-21	Dender	Antwerp	1.99	1.92	3.97	2.06	1.98	1.88	3.70	1.95
BEL-PL	2024-12-22	Cercle Brugge	Oud-Heverlee Leuven	2.25	1.89	2.50	3.22	2.05	1.80	2.35	3.10
BEL-PL	2024-12-22	Genk	Anderlecht	1.83	2.21	2.20	3.81	1.70	2.10	1.95	3.70
BEL-PL	2024-12-22	St. Gilloise	Club Brugge	2.00	2.06	2.64	3.03	1.80	2.00	2.45	2.75
BEL-PL	2024-12-22	Standard	Gent	2.13	1.88	3.13	2.56	2.03	1.83	2.90	2.38
BEL-PL	2024-12-26	Antwerp	Genk	1.99	2.06	2.85	2.98	1.88	1.98	2.30	2.80
BEL-PL	2024-12-26	Club Brugge	Westerlo	1.44	3.15	1.32	10.00	1.40	2.88	1.29	7.00
BEL-PL	2024-12-26	Gent	St. Gilloise	1.75	2.25	3.28	2.30	1.70	2.10	3.00	2.10
BEL-PL	2024-12-26	Kortrijk	Charleroi	2.13	1.87	4.18	2.11	2.00	1.85	3.80	1.85
BEL-PL	2024-12-26	Mechelen	Standard	1.92	2.13	1.76	5.45	1.73	2.08	1.60	5.00
BEL-PL	2024-12-27	Anderlecht	Dender	1.90	2.25	1.62	7.00	1.83	2.03	1.53	5.25
BEL-PL	2024-12-27	Oud-Heverlee Leuven	Beerschot VA	1.91	2.13	1.75	5.40	1.83	2.03	1.65	4.50
BEL-PL	2024-12-27	St Truiden	Cercle Brugge	1.91	2.12	2.60	3.02	1.83	2.03	2.38	2.70
BEL-PL	2025-01-10	Standard	Kortrijk	2.37	1.76	2.24	3.85	2.25	1.62	2.15	3.50
BEL-PL	2025-01-11	Charleroi	St. Gilloise	1.99	1.91	3.37	2.30	1.98	1.88	3.10	2.25
BEL-PL	2025-01-11	Genk	Oud-Heverlee Leuven	1.66	2.31	1.55	6.75	1.62	2.25	1.48	5.50
BEL-PL	2025-01-11	Westerlo	St Truiden	1.57	2.50	2.09	3.80	1.53	2.40	1.95	3.40
BEL-PL	2025-01-12	Anderlecht	Club Brugge	1.83	2.12	5.00	1.96	1.75	2.05	5.00	1.70
BEL-PL	2025-01-12	Beerschot VA	Antwerp	1.90	2.13	4.52	1.98	1.73	2.08	4.20	1.80
BEL-PL	2025-01-12	Cercle Brugge	Mechelen	2.08	1.98	2.66	2.92	1.98	1.88	2.50	2.80
BEL-PL	2025-01-12	Dender	Gent	2.04	1.91	3.52	2.36	2.00	1.85	3.20	2.30
BEL-PL	2025-01-17	Gent	Charleroi	1.99	1.95	2.26	3.48	1.90	1.95	2.15	3.10
BEL-PL	2025-01-18	Club Brugge	Beerschot VA	1.48	2.89	1.25	12.63	1.44	2.70	1.22	10.00
BEL-PL	2025-01-18	Dender	Cercle Brugge	2.26	1.84	2.76	2.87	2.15	1.67	2.63	2.75
BEL-PL	2025-01-18	Mechelen	Genk	1.80	2.22	3.23	2.50	1.75	2.05	2.80	2.45
BEL-PL	2025-01-19	Antwerp	Westerlo	1.65	2.35	1.99	4.02	1.62	2.25	1.95	3.60
BEL-PL	2025-01-19	Kortrijk	Anderlecht	1.99	1.93	3.90	2.09	1.93	1.93	3.50	2.05
BEL-PL	2025-01-19	St Truiden	Standard	1.86	2.12	1.87	4.75	1.73	2.08	1.73	4.75
BEL-PL	2025-01-19	St. Gilloise	Oud-Heverlee Leuven	1.99	2.10	1.54	7.50	1.88	1.98	1.48	5.75
BEL-PL	2025-01-24	St Truiden	Antwerp	1.82	2.30	2.52	3.08	1.73	2.08	2.30	2.88
BEL-PL	2025-01-25	Charleroi	Cercle Brugge	2.06	1.92	2.03	4.20	1.98	1.88	1.91	3.90
BEL-PL	2025-01-25	Club Brugge	Kortrijk	1.50	2.77	1.23	14.40	1.48	2.60	1.20	13.00
BEL-PL	2025-01-25	Westerlo	Genk	1.48	2.75	3.50	2.05	1.48	2.60	3.30	2.00
BEL-PL	2025-01-26	Anderlecht	Mechelen	2.02	1.93	2.12	3.87	1.98	1.88	2.05	3.60
BEL-PL	2025-01-26	Beerschot VA	St. Gilloise	1.82	2.20	7.71	1.45	1.73	2.08	7.00	1.40
BEL-PL	2025-01-26	Oud-Heverlee Leuven	Gent	2.24	1.86	2.68	3.01	2.05	1.75	2.50	2.80
BEL-PL	2025-01-26	Standard	Dender	2.36	1.68	2.68	3.14	2.15	1.67	2.55	2.90
BEL-PL	2025-01-31	Oud-Heverlee Leuven	Mechelen	2.08	1.89	2.42	3.22	2.03	1.83	2.35	3.00
BEL-PL	2025-02-01	Cercle Brugge	Standard	2.08	1.95	1.84	4.93	1.93	1.93	1.75	4.50
BEL-PL	2025-02-01	Charleroi	Dender	2.08	1.91	1.91	4.85	1.98	1.88	1.80	4.50
BEL-PL	2025-02-01	Genk	Beerschot VA	1.45	3.00	1.22	15.74	1.40	2.88	1.18	13.00
BEL-PL	2025-02-02	Antwerp	Club Brugge	1.90	2.24	4.75	1.83	1.88	1.98	4.75	1.73
BEL-PL	2025-02-02	Gent	Anderlecht	2.13	2.05	2.21	3.67	2.03	1.83	2.05	3.40
BEL-PL	2025-02-02	Kortrijk	Westerlo	1.77	2.31	3.43	2.31	1.67	2.15	3.10	2.20
BEL-PL	2025-02-02	St. Gilloise	St Truiden	1.63	2.51	1.43	9.16	1.50	2.50	1.36	8.00
BEL-PL	2025-02-07	Mechelen	Gent	1.90	2.08	2.25	3.48	1.75	2.05	2.10	3.25
BEL-PL	2025-02-08	Club Brugge	Oud-Heverlee Leuven	1.69	2.47	1.37	10.80	1.53	2.40	1.33	9.00
BEL-PL	2025-02-08	Dender	St Truiden	2.04	1.95	2.87	2.64	1.98	1.88	2.70	2.55
BEL-PL	2025-02-08	Genk	Cercle Brugge	1.90	2.14	1.73	5.60	1.83	2.03	1.67	4.50
BEL-PL	2025-02-09	Anderlecht	Antwerp	1.86	2.26	2.17	4.81	1.70	2.10	1.73	4.75
BEL-PL	2025-02-09	Beerschot VA	Charleroi	1.98	2.00	4.64	1.88	1.90	1.95	4.50	1.80
BEL-PL	2025-02-09	Kortrijk	St. Gilloise	1.82	2.23	6.50	1.53	1.75	2.05	5.75	1.48
BEL-PL	2025-02-09	Westerlo	Standard	1.69	2.48	1.76	5.10	1.53	2.40	1.70	4.33
BEL-PL	2025-02-14	Standard	Genk	2.03	1.99	5.09	1.81	1.98	1.88	4.75	1.73
BEL-PL	2025-02-15	Antwerp	Kortrijk	1.96	2.06	1.72	5.38	1.90	1.95	1.62	4.75
BEL-PL	2025-02-15	Oud-Heverlee Leuven	Dender	2.35	1.76	2.20	4.10	2.15	1.67	2.10	3.75
BEL-PL	2025-02-15	St Truiden	Club Brugge	1.68	2.52	5.12	1.77	1.60	2.30	4.50	1.62
BEL-PL	2025-02-16	Cercle Brugge	Westerlo	1.77	2.25	2.34	3.28	1.70	2.10	2.25	3.10
BEL-PL	2025-02-16	Charleroi	Anderlecht	2.24	1.79	2.65	2.97	2.08	1.73	2.45	2.88
BEL-PL	2025-02-16	Gent	Beerschot VA	1.70	2.34	1.63	5.80	1.62	2.25	1.60	5.00
BEL-PL	2025-02-16	St. Gilloise	Mechelen	1.90	2.25	1.66	5.60	1.67	2.15	1.62	5.00
BEL-PL	2025-02-21	Mechelen	St Truiden	1.68	2.47	1.90	4.30	1.57	2.35	1.80	4.00
BEL-PL	2025-02-22	Antwerp	Oud-Heverlee Leuven	1.82	2.15	1.75	5.15	1.77	2.00	1.67	4.75
BEL-PL	2025-02-22	Dender	Beerschot VA	2.08	2.15	1.84	4.91	1.88	1.98	1.73	4.75
BEL-PL	2025-02-22	Westerlo	Charleroi	1.77	2.28	2.77	2.65	1.67	2.15	2.50	2.50
BEL-PL	2025-02-23	Anderlecht	St. Gilloise	2.16	1.85	3.04	2.60	2.05	1.75	2.75	2.38
BEL-PL	2025-02-23	Club Brugge	Standard	1.66	2.38	1.30	11.50	1.62	2.25	1.27	9.50
BEL-PL	2025-02-23	Genk	Gent	1.61	2.46	1.63	6.25	1.57	2.35	1.53	5.50
BEL-PL	2025-02-23	Kortrijk	Cercle Brugge	2.24	1.78	3.42	2.41	2.10	1.70	3.10	2.20
BEL-PL	2025-02-28	Charleroi	Genk	2.00	1.97	2.86	2.68	1.93	1.93	2.63	2.55
BEL-PL	2025-03-01	Cercle Brugge	Antwerp	2.35	1.75	2.43	3.28	2.10	1.70	2.25	3.00
BEL-PL	2025-03-01	Gent	Club Brugge	1.70	2.27	3.89	1.99	1.65	2.20	3.40	1.91
BEL-PL	2025-03-01	St Truiden	Kortrijk	1.90	2.06	1.86	5.00	1.85	2.00	1.75	4.33
BEL-PL	2025-03-01	St. Gilloise	Dender	1.70	2.38	1.40	8.50	1.62	2.25	1.36	7.00
BEL-PL	2025-03-02	Beerschot VA	Mechelen	1.98	2.06	3.75	2.11	1.90	1.95	3.40	2.05
BEL-PL	2025-03-02	Oud-Heverlee Leuven	Westerlo	2.08	2.00	2.33	3.35	1.93	1.93	2.20	3.20
BEL-PL	2025-03-02	Standard	Anderlecht	2.33	1.67	3.50	2.37	2.20	1.62	3.10	2.30
BEL-PL	2025-03-07	St Truiden	Beerschot VA	1.68	2.38	1.58	5.75	1.60	2.30	1.55	5.00
BEL-PL	2025-03-08	Charleroi	Mechelen	1.98	1.92	2.22	3.69	1.98	1.88	2.15	3.30
BEL-PL	2025-03-08	Dender	Genk	1.98	1.97	5.12	1.79	1.90	1.95	4.75	1.73
BEL-PL	2025-03-08	Kortrijk	Oud-Heverlee Leuven	2.39	1.65	2.63	3.09	2.25	1.62	2.55	2.88
BEL-PL	2025-03-09	Antwerp	Gent	1.82	2.21	2.05	4.04	1.73	2.08	1.95	3.75
BEL-PL	2025-03-09	Cercle Brugge	Club Brugge	2.03	1.90	5.50	1.74	2.00	1.85	4.75	1.70
BEL-PL	2025-03-09	St. Gilloise	Standard	1.77	2.29	1.37	9.60	1.67	2.15	1.33	7.50
BEL-PL	2025-03-09	Westerlo	Anderlecht	1.82	2.15	3.25	2.39	1.73	2.08	2.90	2.35
BEL-PL	2025-03-15	Genk	St. Gilloise	1.82	2.10	2.66	2.88	1.75	2.05	2.55	2.70
BEL-PL	2025-03-16	Anderlecht	Cercle Brugge	2.34	1.73	2.13	4.44	2.25	1.62	1.91	4.20
BEL-PL	2025-03-16	Beerschot VA	Westerlo	1.75	2.32	3.30	2.35	1.65	2.20	3.20	2.10
BEL-PL	2025-03-16	Club Brugge	Charleroi	1.74	2.25	1.46	8.50	1.65	2.20	1.42	7.00
BEL-PL	2025-03-16	Gent	Kortrijk	1.85	2.14	1.94	4.90	1.83	2.03	1.90	3.80
BEL-PL	2025-03-16	Mechelen	Dender	1.85	2.05	2.05	3.92	1.80	2.00	1.95	3.70
BEL-PL	2025-03-16	Oud-Heverlee Leuven	St Truiden	2.29	1.81	2.83	2.86	2.08	1.73	2.80	2.80
BEL-PL	2025-03-16	Standard	Antwerp	2.37	1.71	3.22	2.62	2.25	1.62	2.90	2.50
BEL-PL	2025-03-28	Oud-Heverlee Leuven	Charleroi	2.24	1.83	2.90	2.74	2.03	1.83	2.75	2.63
BEL-PL	2025-03-29	Beerschot VA	St Truiden	1.90	2.21	3.50	2.20	1.70	2.10	3.50	2.05
BEL-PL	2025-03-29	St. Gilloise	Antwerp	1.82	2.21	1.50	7.28	1.70	2.10	1.44	7.00
BEL-PL	2025-03-29	Standard	Mechelen	2.14	1.82	2.81	2.80	2.05	1.75	2.70	2.70
BEL-PL	2025-03-30	Club Brugge	Anderlecht	1.90	2.20	1.60	7.15	1.73	2.08	1.50	7.00
BEL-PL	2025-03-30	Dender	Westerlo	1.70	2.32	2.38	2.97	1.67	2.15	2.30	2.90
BEL-PL	2025-03-30	Genk	Gent	1.61	2.49	1.58	6.75	1.57	2.35	1.53	6.00
BEL-PL	2025-03-30	Kortrijk	Cercle Brugge	2.38	1.70	2.62	3.06	2.25	1.62	2.55	3.00
BEL-PL	2025-04-04	Mechelen	Dender	1.90	2.10	1.88	4.40	1.83	2.03	1.85	4.00
BEL-PL	2025-04-05	Cercle Brugge	Beerschot VA	1.90	2.15	1.50	8.00	1.75	2.05	1.42	7.00
BEL-PL	2025-04-05	Gent	St. Gilloise	1.82	2.21	4.40	1.87	1.70	2.10	4.00	1.80
BEL-PL	2025-04-05	Westerlo	Oud-Heverlee Leuven	1.77	2.27	2.02	4.64	1.65	2.20	1.75	4.50
BEL-PL	2025-04-06	Anderlecht	Genk	1.90	2.13	2.83	2.57	1.73	2.08	2.63	2.50
BEL-PL	2025-04-06	Antwerp	Club Brugge	1.82	2.14	5.40	1.74	1.73	2.08	5.00	1.70
BEL-PL	2025-04-06	Charleroi	Standard	2.29	1.75	1.98	4.50	2.15	1.67	1.91	3.90
BEL-PL	2025-04-06	St Truiden	Kortrijk	1.90	2.08	1.82	4.89	1.75	2.05	1.73	4.50
BEL-PL	2025-04-11	Westerlo	Charleroi	1.77	2.25	2.85	2.60	1.73	2.08	2.63	2.50
BEL-PL	2025-04-12	Kortrijk	Beerschot VA	1.82	2.24	1.67	5.43	1.67	2.15	1.62	5.25
BEL-PL	2025-04-12	St Truiden	Cercle Brugge	2.08	2.00	2.38	3.40	1.93	1.93	2.20	3.20
BEL-PL	2025-04-12	St. Gilloise	Anderlecht	1.99	2.05	1.68	5.47	1.83	2.03	1.62	5.25
BEL-PL	2025-04-13	Antwerp	Gent	1.70	2.33	2.06	3.89	1.62	2.25	2.00	3.40
BEL-PL	2025-04-13	Club Brugge	Genk	1.68	2.40	1.69	5.03	1.60	2.30	1.62	4.75
BEL-PL	2025-04-13	Dender	Standard	2.35	1.77	2.46	3.32	2.10	1.70	2.30	3.10
BEL-PL	2025-04-13	Mechelen	Oud-Heverlee Leuven	1.72	2.25	1.81	4.50	1.70	2.10	1.75	4.33
BEL-PL	2025-04-19	Charleroi	Mechelen	1.90	2.10	2.40	3.29	1.83	2.03	2.25	3.10
BEL-PL	2025-04-19	Oud-Heverlee Leuven	Dender	2.08	1.93	2.22	3.61	1.95	1.90	2.15	3.50
BEL-PL	2025-04-19	Standard	Westerlo	1.98	1.98	2.45	3.21	1.90	1.95	2.25	3.00
BEL-PL	2025-04-20	Anderlecht	Antwerp	1.90	2.14	2.03	4.25	1.75	2.05	2.00	3.70
BEL-PL	2025-04-20	Genk	St. Gilloise	1.98	2.05	2.69	2.81	1.80	2.00	2.50	2.63
BEL-PL	2025-04-20	Gent	Club Brugge	1.68	2.35	5.60	1.64	1.60	2.30	5.00	1.60
BEL-PL	2025-04-22	Dender	Charleroi	1.90	2.10	3.63	2.17	1.80	2.00	3.40	2.10
BEL-PL	2025-04-22	Mechelen	Westerlo	1.48	3.10	1.88	4.33	1.36	3.10	1.83	3.70
BEL-PL	2025-04-22	Standard	Oud-Heverlee Leuven	2.35	1.71	2.38	3.42	2.15	1.67	2.30	3.25
BEL-PL	2025-04-23	Anderlecht	Gent	2.08	2.02	1.94	4.50	1.90	1.95	1.80	4.50
BEL-PL	2025-04-23	Antwerp	Genk	1.70	2.36	3.20	2.26	1.62	2.25	2.88	2.15
BEL-PL	2025-04-24	Club Brugge	St. Gilloise	2.08	1.95	2.00	4.41	1.98	1.88	1.95	4.00
BEL-PL	2025-04-25	Beerschot VA	Kortrijk	1.76	2.21	4.23	1.94	1.70	2.10	4.10	1.82
BEL-PL	2025-04-26	Cercle Brugge	St Truiden	2.08	2.00	2.40	3.31	1.88	1.98	2.35	3.10
BEL-PL	2025-04-26	Charleroi	Dender	1.75	2.38	1.63	5.96	1.67	2.15	1.53	5.50
BEL-PL	2025-04-26	Oud-Heverlee Leuven	Standard	2.35	1.77	2.31	3.70	2.10	1.70	2.20	3.30
BEL-PL	2025-04-26	Westerlo	Mechelen	1.56	2.96	2.55	2.83	1.50	2.50	2.50	2.55
BEL-PL	2025-04-27	Genk	Antwerp	1.56	2.61	1.55	5.98	1.53	2.40	1.50	5.25
BEL-PL	2025-04-27	Gent	Anderlecht	1.90	2.08	3.55	2.46	1.80	2.00	3.30	2.20
BEL-PL	2025-04-27	St. Gilloise	Club Brugge	2.35	1.76	2.74	3.00	2.10	1.70	2.70	2.80
BEL-PL	2025-05-01	Antwerp	Anderlecht	1.90	2.21	2.20	3.60	1.73	2.08	1.95	3.20
BEL-PL	2025-05-01	Club Brugge	Gent	1.38	3.50	1.25	14.00	1.33	3.40	1.22	9.00
BEL-PL	2025-05-02	Westerlo	Dender	1.48	3.17	1.74	4.59	1.40	2.88	1.70	4.20
BEL-PL	2025-05-03	Cercle Brugge	Kortrijk	2.13	1.91	1.86	4.69	1.98	1.88	1.80	4.33
BEL-PL	2025-05-03	Oud-Heverlee Leuven	Mechelen	1.70	2.31	2.79	2.70	1.62	2.20	2.70	2.45
BEL-PL	2025-05-03	St. Gilloise	Genk	2.08	2.07	1.85	5.24	1.93	1.93	1.70	4.50
BEL-PL	2025-05-04	St Truiden	Beerschot VA	1.38	3.25	1.43	7.69	1.36	3.10	1.36	6.50
BEL-PL	2025-05-04	Standard	Charleroi	2.08	1.96	4.34	1.98	1.95	1.90	4.00	1.90
BEL-PL	2025-05-09	Charleroi	Westerlo	1.48	2.88	1.69	5.00	1.40	2.88	1.65	4.50
BEL-PL	2025-05-10	Anderlecht	St. Gilloise	2.24	1.79	3.90	2.16	2.05	1.75	3.50	2.15
BEL-PL	2025-05-10	Beerschot VA	Cercle Brugge	1.61	2.48	5.75	1.59	1.53	2.40	5.00	1.55
BEL-PL	2025-05-10	Kortrijk	St Truiden	1.71	2.48	3.43	2.15	1.57	2.35	3.25	2.05
BEL-PL	2025-05-10	Mechelen	Standard	1.68	2.40	1.58	5.99	1.60	2.30	1.53	5.25
BEL-PL	2025-05-11	Dender	Oud-Heverlee Leuven	1.70	2.35	2.51	2.86	1.60	2.30	2.40	2.70
BEL-PL	2025-05-11	Genk	Club Brugge	1.63	2.51	3.88	2.00	1.53	2.40	3.60	1.90
BEL-PL	2025-05-11	Gent	Antwerp	1.56	2.63	2.79	2.55	1.50	2.50	2.70	2.38
BEL-PL	2025-05-16	Oud-Heverlee Leuven	Westerlo	1.56	2.57	2.70	2.67	1.50	2.50	2.55	2.45
BEL-PL	2025-05-17	Antwerp	St. Gilloise	1.99	2.11	5.80	1.68	1.83	1.98	5.25	1.62
BEL-PL	2025-05-17	Standard	Dender	1.77	2.28	2.32	3.84	1.67	2.15	1.95	3.60
BEL-PL	2025-05-18	Anderlecht	Club Brugge	1.82	2.26	4.99	1.74	1.67	2.15	4.50	1.67
BEL-PL	2025-05-18	Gent	Genk	1.48	2.91	3.45	2.03	1.40	2.88	3.30	1.95
BEL-PL	2025-05-18	Mechelen	Charleroi	1.56	2.48	2.20	3.12	1.53	2.40	2.15	3.10
BEL-PL	2025-05-24	Charleroi	Oud-Heverlee Leuven	1.56	2.55	1.62	5.60	1.50	2.50	1.55	5.25
BEL-PL	2025-05-24	Dender	Mechelen	1.41	3.27	3.16	2.20	1.36	3.10	2.90	2.15
BEL-PL	2025-05-24	Westerlo	Standard	1.56	2.55	1.82	4.86	1.50	2.50	1.75	4.00
BEL-PL	2025-05-25	Club Brugge	Antwerp	1.32	3.52	1.20	15.70	1.30	3.50	1.17	11.00
BEL-PL	2025-05-25	Genk	Anderlecht	1.68	2.38	2.04	3.93	1.57	2.35	1.95	3.60
BEL-PL	2025-05-25	St. Gilloise	Gent	1.36	3.40	1.11	29.00	1.33	3.40	1.09	19.00
BEL-PL	2025-07-25	Antwerp	St. Gilloise	1.95	1.95	4.50	1.87	1.95	1.85	4.20	1.80
BEL-PL	2025-07-26	Dender	Cercle Brugge	1.95	1.94	3.11	2.63	1.93	1.88	2.63	2.63
BEL-PL	2025-07-26	RAAL La Louviere	Standard	2.63	1.55	2.90	2.87	2.50	1.50	2.80	2.70
BEL-PL	2025-07-26	Waregem	Mechelen	1.59	2.45	3.30	2.17	1.57	2.35	3.20	2.05
BEL-PL	2025-07-27	Anderlecht	Westerlo	1.68	2.33	1.85	4.63	1.62	2.25	1.75	4.20
BEL-PL	2025-07-27	Club Brugge	Genk	1.72	2.30	1.67	5.20	1.60	2.30	1.60	4.75
BEL-PL	2025-07-27	Oud-Heverlee Leuven	Charleroi	1.95	1.98	3.02	3.00	1.95	1.85	2.38	2.88
BEL-PL	2025-07-27	St Truiden	Gent	1.63	2.38	2.18	3.23	1.57	2.35	2.15	3.10
BEL-PL	2025-08-01	Mechelen	Club Brugge	1.55	2.60	4.40	1.79	1.53	2.40	4.20	1.73
BEL-PL	2025-08-02	Gent	RAAL La Louviere	1.93	1.90	1.75	5.25	1.90	1.90	1.67	5.25
BEL-PL	2025-08-02	Standard	Dender	2.16	1.70	2.32	3.55	2.10	1.70	2.30	3.10
BEL-PL	2025-08-02	Westerlo	Waregem	1.47	2.75	2.11	3.35	1.44	2.70	2.10	3.00
BEL-PL	2025-08-03	Cercle Brugge	Anderlecht	1.90	1.95	3.30	2.32	1.85	1.95	3.20	2.20
BEL-PL	2025-08-03	Charleroi	St Truiden	1.83	2.00	2.10	3.70	1.83	1.98	2.10	3.60
BEL-PL	2025-08-03	Genk	Antwerp	1.65	2.28	1.70	5.00	1.65	2.20	1.67	4.75
BEL-PL	2025-08-03	St. Gilloise	Oud-Heverlee Leuven	1.81	2.05	1.37	9.50	1.80	2.00	1.33	8.00
BEL-PL	2025-08-08	St Truiden	Dender	1.80	2.02	2.10	3.60	1.80	2.00	2.05	3.25
BEL-PL	2025-08-09	Club Brugge	Cercle Brugge	1.64	2.25	1.50	8.00	1.58	2.25	1.45	6.25
BEL-PL	2025-08-09	Gent	St. Gilloise	1.88	2.08	5.33	1.66	1.88	1.93	4.75	1.65
BEL-PL	2025-08-09	Westerlo	Mechelen	1.48	2.90	2.28	3.00	1.44	2.70	2.10	2.88
BEL-PL	2025-08-10	Anderlecht	Waregem	1.65	2.25	1.71	5.00	1.65	2.20	1.65	4.50
BEL-PL	2025-08-10	Antwerp	Oud-Heverlee Leuven	1.95	1.98	1.71	5.75	1.95	1.85	1.57	5.50
BEL-PL	2025-08-10	RAAL La Louviere	Charleroi	2.05	1.76	3.45	2.20	2.05	1.75	3.40	2.10
BEL-PL	2025-08-10	Standard	Genk	2.00	1.83	4.25	1.93	1.98	1.83	4.10	1.85
BEL-PL	2025-08-15	Oud-Heverlee Leuven	Genk	1.67	2.23	5.00	1.78	1.67	2.15	4.50	1.73
BEL-PL	2025-08-16	Mechelen	Gent	1.67	2.28	2.25	3.60	1.67	2.15	2.15	3.20
BEL-PL	2025-08-16	St. Gilloise	Standard	1.90	1.91	1.36	10.50	1.90	1.90	1.36	10.00
BEL-PL	2025-08-16	Waregem	Club Brugge	1.57	2.55	5.50	1.62	1.57	2.35	4.75	1.60
BEL-PL	2025-08-17	Cercle Brugge	Westerlo	1.67	2.38	2.15	3.25	1.67	2.15	2.05	3.25
BEL-PL	2025-08-17	Charleroi	Antwerp	2.05	1.80	2.45	3.25	2.05	1.75	2.35	3.00
BEL-PL	2025-08-17	Dender	Anderlecht	1.85	2.00	3.30	2.20	1.85	1.95	3.30	2.15
BEL-PL	2025-08-17	St Truiden	RAAL La Louviere	1.88	1.95	1.75	5.30	1.88	1.93	1.73	4.75
BEL-PL	2025-08-23	Standard	Cercle Brugge	2.10	1.80	2.80	2.65	2.00	1.80	2.70	2.55
BEL-PL	2025-08-23	Waregem	St Truiden	1.83	2.07	2.57	2.80	1.83	1.98	2.50	2.63
BEL-PL	2025-08-24	Antwerp	Mechelen	1.86	2.00	2.10	3.75	1.80	2.00	1.95	3.70
BEL-PL	2025-08-24	Dender	Oud-Heverlee Leuven	2.00	1.86	2.50	3.20	2.00	1.80	2.45	2.90
BEL-PL	2025-08-24	RAAL La Louviere	St. Gilloise	1.77	2.12	8.50	1.41	1.75	2.05	6.50	1.38
BEL-PL	2025-08-29	Cercle Brugge	St Truiden	1.80	2.08	2.10	3.50	1.73	2.08	2.00	3.30
BEL-PL	2025-08-30	Charleroi	Dender	1.88	1.95	1.78	5.00	1.88	1.93	1.73	4.75
BEL-PL	2025-08-30	Mechelen	RAAL La Louviere	1.85	2.02	2.10	3.60	1.85	1.95	2.00	3.50
BEL-PL	2025-08-30	Westerlo	Antwerp	1.67	2.26	2.10	3.80	1.62	2.25	1.95	3.70
BEL-PL	2025-08-31	Genk	Waregem	1.55	2.60	1.43	7.50	1.53	2.40	1.40	6.00
BEL-PL	2025-08-31	Gent	Club Brugge	1.54	2.63	5.10	1.63	1.48	2.60	5.00	1.62
BEL-PL	2025-08-31	Oud-Heverlee Leuven	Standard	2.25	1.62	2.26	3.66	2.25	1.62	2.15	3.50
BEL-PL	2025-08-31	St. Gilloise	Anderlecht	1.80	2.05	1.69	5.00	1.75	2.05	1.67	4.50
BEL-PL	2025-09-12	Standard	Mechelen	1.93	1.90	2.31	3.33	1.90	1.90	2.15	3.30
BEL-PL	2025-09-13	Dender	St. Gilloise	1.83	2.05	8.00	1.46	1.75	2.05	6.50	1.42
BEL-PL	2025-09-13	RAAL La Louviere	Club Brugge	1.73	2.10	5.25	1.67	1.70	2.10	4.75	1.62
BEL-PL	2025-09-13	Waregem	Oud-Heverlee Leuven	2.11	1.75	2.63	3.10	2.05	1.75	2.63	2.63
BEL-PL	2025-09-14	Anderlecht	Genk	1.70	2.20	2.55	2.75	1.70	2.10	2.55	2.75
BEL-PL	2025-09-14	Antwerp	Gent	1.77	2.10	2.40	3.00	1.70	2.10	2.38	3.00
BEL-PL	2025-09-14	Cercle Brugge	Charleroi	1.80	2.00	2.18	3.55	1.80	2.00	2.10	3.30
BEL-PL	2025-09-14	St Truiden	Westerlo	1.65	2.25	2.15	3.40	1.65	2.20	2.15	3.00
BEL-PL	2025-09-17	Genk	Charleroi	1.58	2.43	1.63	5.33	1.57	2.35	1.62	4.75
BEL-PL	2025-09-19	Gent	Dender	1.65	2.25	1.70	5.00	1.65	2.20	1.67	4.33
BEL-PL	2025-09-20	Anderlecht	Antwerp	1.77	2.15	1.70	5.33	1.67	2.15	1.60	5.00
BEL-PL	2025-09-20	Charleroi	Waregem	1.73	2.10	1.85	4.35	1.73	2.08	1.80	3.80
BEL-PL	2025-09-20	Oud-Heverlee Leuven	RAAL La Louviere	2.15	1.73	2.10	3.90	2.15	1.67	2.00	3.75
BEL-PL	2025-09-21	Club Brugge	St Truiden	1.45	2.88	1.30	10.00	1.40	2.88	1.27	7.00
BEL-PL	2025-09-21	Genk	St. Gilloise	1.80	2.08	3.15	2.30	1.73	2.08	2.88	2.25
BEL-PL	2025-09-21	Mechelen	Cercle Brugge	1.65	2.30	2.42	2.88	1.60	2.30	2.20	2.80
BEL-PL	2025-09-21	Westerlo	Standard	1.62	2.30	1.91	4.00	1.62	2.25	1.90	3.60
BEL-PL	2025-09-23	Anderlecht	Gent	1.70	2.15	1.80	4.35	1.70	2.10	1.80	4.33
BEL-PL	2025-09-24	Club Brugge	Westerlo	1.33	3.50	1.33	8.00	1.30	3.50	1.30	8.00
BEL-PL	2025-09-26	Oud-Heverlee Leuven	Anderlecht	1.93	1.91	3.65	2.10	1.90	1.90	3.30	2.00
BEL-PL	2025-09-27	St. Gilloise	Westerlo	1.45	2.88	1.41	7.50	1.44	2.70	1.40	7.00
BEL-PL	2025-09-27	Standard	Club Brugge	1.54	2.55	5.66	1.57	1.50	2.50	5.25	1.53
BEL-PL	2025-09-27	Waregem	Antwerp	1.83	2.00	2.30	3.25	1.80	2.00	2.20	3.10
BEL-PL	2025-09-28	Cercle Brugge	Gent	1.67	2.15	2.25	3.10	1.67	2.15	2.25	2.80
BEL-PL	2025-09-28	Charleroi	Mechelen	1.83	2.05	2.15	3.55	1.83	1.98	2.15	3.30
BEL-PL	2025-09-28	Dender	RAAL La Louviere	2.30	1.62	2.65	3.00	2.30	1.60	2.38	2.90
BEL-PL	2025-09-28	St Truiden	Genk	1.67	2.20	3.45	2.10	1.67	2.15	3.30	2.05
BEL-PL	2025-10-03	Gent	Charleroi	1.77	2.05	2.15	3.55	1.75	2.05	2.15	3.20
BEL-PL	2025-10-04	Antwerp	Cercle Brugge	1.83	2.00	2.88	2.60	1.83	1.98	2.88	2.45
BEL-PL	2025-10-04	Mechelen	St Truiden	1.80	2.00	2.20	3.25	1.80	2.00	2.10	3.10
BEL-PL	2025-10-04	RAAL La Louviere	Waregem	1.98	1.85	2.38	3.10	1.95	1.85	2.38	3.00
BEL-PL	2025-10-05	Anderlecht	Standard	1.77	2.10	1.65	5.50	1.70	2.10	1.62	5.00
BEL-PL	2025-10-05	Club Brugge	St. Gilloise	1.67	2.30	2.25	3.10	1.60	2.30	2.15	3.00
BEL-PL	2025-10-05	Genk	Dender	1.55	2.42	1.45	7.50	1.53	2.40	1.42	6.25
BEL-PL	2025-10-05	Westerlo	Oud-Heverlee Leuven	1.67	2.23	2.25	3.20	1.67	2.15	2.25	2.90
BEL-PL	2025-10-18	Oud-Heverlee Leuven	Club Brugge	1.68	2.16	4.80	1.76	1.67	2.15	4.33	1.73
BEL-PL	2025-10-18	RAAL La Louviere	Westerlo	1.80	2.00	2.62	2.65	1.80	2.00	2.60	2.63
BEL-PL	2025-10-18	St. Gilloise	Charleroi	1.80	2.05	1.53	6.66	1.75	2.05	1.48	6.50
BEL-PL	2025-10-19	Cercle Brugge	Genk	1.60	2.40	3.20	2.15	1.53	2.40	3.00	2.10
BEL-PL	2025-10-19	Dender	Mechelen	1.98	1.86	2.70	2.88	1.98	1.83	2.38	2.88
BEL-PL	2025-10-19	St Truiden	Anderlecht	1.80	2.00	3.33	2.20	1.80	2.00	3.30	2.05
BEL-PL	2025-10-19	Waregem	Gent	1.69	2.20	2.75	2.63	1.67	2.15	2.60	2.60
BEL-PL	2025-10-20	Standard	Antwerp	2.00	1.90	2.05	4.10	1.90	1.90	1.91	4.10
BEL-PL	2025-10-24	Charleroi	Anderlecht	2.08	1.80	2.80	2.63	2.08	1.73	2.70	2.63
BEL-PL	2025-10-25	Gent	Standard	1.93	1.88	2.00	4.00	1.93	1.88	1.95	3.70
BEL-PL	2025-10-25	Mechelen	Oud-Heverlee Leuven	1.95	1.85	2.62	2.75	1.95	1.85	2.55	2.55
BEL-PL	2025-10-25	Westerlo	Dender	1.65	2.30	1.86	4.00	1.60	2.30	1.83	3.75
BEL-PL	2025-10-26	Antwerp	Club Brugge	1.62	2.30	5.00	1.65	1.62	2.25	4.75	1.62
BEL-PL	2025-10-26	Cercle Brugge	Waregem	1.58	2.45	2.00	3.70	1.53	2.40	1.95	3.50
BEL-PL	2025-10-26	Genk	RAAL La Louviere	2.00	1.84	1.62	5.66	2.00	1.80	1.60	5.00
BEL-PL	2025-10-26	St. Gilloise	St Truiden	1.57	2.40	1.43	7.50	1.53	2.40	1.42	6.50
BEL-PL	2025-10-31	Standard	Charleroi	2.30	1.62	2.90	2.66	2.30	1.60	2.75	2.63
BEL-PL	2025-11-01	Anderlecht	Mechelen	1.57	2.40	1.55	5.75	1.53	2.40	1.53	5.25
BEL-PL	2025-11-01	Club Brugge	Dender	1.40	3.40	1.25	10.50	1.33	3.40	1.22	9.00
BEL-PL	2025-11-01	Waregem	St. Gilloise	1.71	2.16	5.50	1.67	1.70	2.10	4.33	1.67
BEL-PL	2025-11-02	Oud-Heverlee Leuven	Gent	1.90	1.98	2.50	2.90	1.85	1.95	2.38	2.80
BEL-PL	2025-11-02	RAAL La Louviere	Cercle Brugge	1.90	1.90	2.75	2.63	1.90	1.90	2.55	2.63
BEL-PL	2025-11-02	St Truiden	Antwerp	1.83	2.00	2.15	3.55	1.80	2.00	2.15	3.40
BEL-PL	2025-11-02	Westerlo	Genk	1.45	2.70	3.33	2.10	1.44	2.70	3.25	1.95
BEL-PL	2025-11-07	Dender	Waregem	1.80	2.05	2.45	2.95	1.75	2.05	2.35	2.88
BEL-PL	2025-11-08	Antwerp	RAAL La Louviere	2.50	1.57	2.23	4.00	2.50	1.50	2.05	4.00
BEL-PL	2025-11-08	Cercle Brugge	Oud-Heverlee Leuven	1.75	2.10	2.05	3.80	1.73	2.08	2.05	3.40
BEL-PL	2025-11-08	Charleroi	Westerlo	1.71	2.20	2.10	3.75	1.70	2.10	2.00	3.50
BEL-PL	2025-11-09	Anderlecht	Club Brugge	1.70	2.20	3.10	2.25	1.70	2.10	3.00	2.25
BEL-PL	2025-11-09	Gent	Genk	1.75	2.10	3.15	2.28	1.75	2.05	3.10	2.25
BEL-PL	2025-11-09	Mechelen	St. Gilloise	1.62	2.28	6.00	1.52	1.62	2.25	6.00	1.48
BEL-PL	2025-11-09	St Truiden	Standard	1.80	2.00	2.05	3.75	1.80	2.00	2.00	3.60
BEL-PL	2025-11-21	Standard	Waregem	1.83	2.00	2.50	2.95	1.83	1.98	2.35	2.70
BEL-PL	2025-11-22	Club Brugge	Charleroi	1.65	2.20	1.62	5.40	1.65	2.20	1.57	5.25
BEL-PL	2025-11-22	St. Gilloise	Cercle Brugge	1.65	2.35	1.44	7.00	1.65	2.20	1.44	6.50
BEL-PL	2025-11-22	Westerlo	Gent	1.57	2.45	2.32	2.90	1.53	2.40	2.20	2.75
BEL-PL	2025-11-23	Antwerp	Dender	2.02	1.88	2.15	3.80	1.93	1.88	2.10	3.25
BEL-PL	2025-11-23	Genk	Mechelen	1.44	2.75	1.50	6.00	1.44	2.70	1.42	6.00
BEL-PL	2025-11-23	Oud-Heverlee Leuven	St Truiden	1.95	1.85	2.70	2.85	1.95	1.85	2.55	2.63
BEL-PL	2025-11-23	RAAL La Louviere	Anderlecht	2.05	1.78	4.10	1.95	2.03	1.78	3.75	1.90
BEL-PL	2025-11-28	Mechelen	Standard	1.95	1.87	2.50	3.05	1.95	1.85	2.38	2.75
BEL-PL	2025-11-29	Charleroi	RAAL La Louviere	2.38	1.67	2.10	4.20	2.15	1.67	2.00	3.60
BEL-PL	2025-11-29	Dender	Westerlo	1.60	2.38	2.90	2.38	1.57	2.35	2.63	2.30
BEL-PL	2025-11-29	Waregem	Cercle Brugge	1.60	2.30	3.00	2.32	1.60	2.30	3.00	2.10
BEL-PL	2025-11-30	Anderlecht	St. Gilloise	1.90	1.92	3.13	2.30	1.90	1.90	3.10	2.15
BEL-PL	2025-11-30	Club Brugge	Antwerp	1.62	2.35	1.34	9.25	1.60	2.30	1.30	8.50
BEL-PL	2025-11-30	Genk	Oud-Heverlee Leuven	1.85	1.96	1.62	5.75	1.85	1.95	1.57	5.50
BEL-PL	2025-11-30	Gent	St Truiden	1.67	2.18	2.22	3.10	1.67	2.15	2.15	3.00
BEL-PL	2025-12-05	RAAL La Louviere	Dender	2.23	1.70	2.25	3.60	2.10	1.70	2.15	3.40
BEL-PL	2025-12-06	Cercle Brugge	Standard	1.87	1.95	2.00	3.95	1.85	1.95	1.95	3.90
BEL-PL	2025-12-06	St Truiden	Club Brugge	1.50	2.55	3.20	2.15	1.50	2.50	3.10	2.15
BEL-PL	2025-12-06	St. Gilloise	Gent	1.57	2.38	1.36	9.60	1.57	2.35	1.33	8.50
BEL-PL	2025-12-07	Antwerp	Genk	1.88	2.02	4.10	1.91	1.88	1.93	4.10	1.90
BEL-PL	2025-12-07	Mechelen	Charleroi	1.98	1.88	3.25	2.33	1.98	1.83	3.20	2.25
BEL-PL	2025-12-07	Oud-Heverlee Leuven	Waregem	1.83	2.00	2.15	3.66	1.80	2.00	2.05	3.50
BEL-PL	2025-12-07	Westerlo	Anderlecht	1.65	2.35	3.10	2.35	1.62	2.25	2.88	2.35
BEL-PL	2025-12-12	Standard	Oud-Heverlee Leuven	2.38	1.62	2.30	3.50	2.25	1.62	2.25	3.50
BEL-PL	2025-12-13	Anderlecht	St Truiden	1.75	2.14	1.91	4.20	1.75	2.05	1.83	3.90
BEL-PL	2025-12-13	Cercle Brugge	Mechelen	1.62	2.25	1.73	5.00	1.62	2.25	1.60	4.75
BEL-PL	2025-12-13	Waregem	RAAL La Louviere	2.08	1.75	2.25	3.50	2.08	1.73	2.15	3.40
BEL-PL	2025-12-14	Charleroi	St. Gilloise	2.25	1.80	4.33	1.95	2.25	1.62	4.33	1.91
BEL-PL	2025-12-14	Dender	Club Brugge	1.53	2.60	6.40	1.57	1.48	2.60	5.75	1.50
BEL-PL	2025-12-14	Genk	Westerlo	1.66	2.50	2.05	4.20	1.65	2.20	2.05	3.40
BEL-PL	2025-12-14	Gent	Antwerp	1.95	1.91	2.20	3.35	1.95	1.85	2.15	3.25
BEL-PL	2025-12-19	Charleroi	Genk	2.05	1.75	2.88	2.63	2.05	1.75	2.63	2.55
BEL-PL	2025-12-20	Dender	Standard	2.25	1.67	2.30	3.40	2.25	1.62	2.15	3.25
BEL-PL	2025-12-20	St. Gilloise	Waregem	1.55	2.45	1.32	11.50	1.53	2.40	1.25	10.00
BEL-PL	2025-12-20	Westerlo	RAAL La Louviere	1.81	2.00	1.73	5.33	1.80	2.00	1.62	4.75
BEL-PL	2025-12-21	Antwerp	Anderlecht	2.10	1.75	3.40	2.30	2.10	1.70	3.10	2.25
BEL-PL	2025-12-21	Club Brugge	Gent	1.50	2.60	1.48	7.00	1.48	2.60	1.42	6.00
BEL-PL	2025-12-21	Oud-Heverlee Leuven	Cercle Brugge	2.05	1.87	2.65	2.80	2.05	1.75	2.50	2.70
BEL-PL	2025-12-21	St Truiden	Mechelen	1.60	2.38	1.75	4.60	1.57	2.35	1.65	4.50
BEL-PL	2025-12-26	Anderlecht	Charleroi	1.90	1.92	1.75	5.00	1.90	1.90	1.67	4.50
BEL-PL	2025-12-26	Cercle Brugge	St. Gilloise	2.05	1.80	3.85	2.02	2.05	1.75	3.70	1.91
BEL-PL	2025-12-26	Genk	Club Brugge	1.58	2.38	3.05	2.25	1.57	2.35	2.75	2.25
BEL-PL	2025-12-26	Standard	St Truiden	2.10	1.73	3.50	2.17	2.10	1.70	3.40	2.05
BEL-PL	2025-12-27	Antwerp	Waregem	1.85	1.98	1.80	4.60	1.85	1.95	1.73	4.00
BEL-PL	2025-12-27	Gent	Westerlo	1.60	2.38	2.50	2.88	1.57	2.35	2.45	2.60
BEL-PL	2025-12-27	Mechelen	Dender	2.00	1.85	2.10	4.00	1.95	1.85	2.00	3.50
BEL-PL	2025-12-27	RAAL La Louviere	Oud-Heverlee Leuven	2.55	1.53	2.50	3.25	2.50	1.50	2.38	3.20
BEL-PL	2026-01-16	Club Brugge	RAAL La Louviere	1.55	2.50	1.33	9.50	1.53	2.40	1.33	8.00
BEL-PL	2026-01-17	St. Gilloise	Mechelen	1.75	2.16	1.37	9.50	1.73	2.08	1.36	8.50
BEL-PL	2026-01-17	Waregem	Genk	1.80	2.05	3.60	2.00	1.80	2.00	3.60	1.95
BEL-PL	2026-01-17	Westerlo	Cercle Brugge	1.58	2.45	2.37	3.00	1.53	2.40	2.35	2.70
BEL-PL	2026-01-18	Charleroi	Standard	2.25	1.65	1.98	4.25	2.20	1.65	1.90	4.10
BEL-PL	2026-01-18	Dender	Antwerp	2.15	1.70	3.15	2.40	2.15	1.67	3.10	2.30
BEL-PL	2026-01-18	Gent	Anderlecht	2.05	1.80	2.90	2.55	2.05	1.75	2.75	2.50
BEL-PL	2026-01-18	St Truiden	Oud-Heverlee Leuven	1.85	1.95	1.78	4.75	1.85	1.95	1.73	4.50
BEL-PL	2026-01-23	Standard	Gent	2.12	1.70	2.90	2.63	2.10	1.70	2.70	2.63
BEL-PL	2026-01-24	Club Brugge	Waregem	1.65	2.38	1.44	7.50	1.65	2.20	1.42	6.50
BEL-PL	2026-01-24	Oud-Heverlee Leuven	St. Gilloise	2.12	1.70	4.00	2.15	2.10	1.70	3.80	1.95
BEL-PL	2026-01-24	RAAL La Louviere	St Truiden	1.90	1.95	2.70	2.71	1.85	1.95	2.60	2.63
BEL-PL	2026-01-25	Anderlecht	Dender	1.80	2.00	1.62	5.80	1.80	2.00	1.60	5.25
BEL-PL	2026-01-25	Antwerp	Charleroi	2.10	1.75	2.90	2.65	2.05	1.75	2.88	2.45
BEL-PL	2026-01-25	Genk	Cercle Brugge	1.80	2.10	1.95	4.00	1.70	2.10	1.91	3.80
BEL-PL	2026-01-25	Mechelen	Westerlo	1.77	2.15	2.80	2.55	1.75	2.05	2.70	2.40
BEL-PL	2026-01-30	RAAL La Louviere	Gent	1.95	1.92	2.50	3.00	1.95	1.85	2.30	3.00
BEL-PL	2026-01-31	Cercle Brugge	Antwerp	1.95	1.89	2.10	3.80	1.95	1.85	2.05	3.50
BEL-PL	2026-01-31	St Truiden	Charleroi	1.83	2.00	2.33	3.10	1.80	2.00	2.15	3.00
BEL-PL	2026-01-31	Waregem	Westerlo	1.80	2.30	2.30	3.00	1.60	2.30	2.15	2.80
BEL-PL	2026-02-01	Dender	Genk	1.95	1.88	4.00	2.00	1.95	1.85	3.90	1.90
BEL-PL	2026-02-01	Oud-Heverlee Leuven	Mechelen	1.98	1.85	2.20	3.45	1.98	1.83	2.15	3.10
BEL-PL	2026-02-01	St. Gilloise	Club Brugge	1.93	1.88	2.30	3.25	1.93	1.88	2.20	3.00
BEL-PL	2026-02-01	Standard	Anderlecht	2.35	1.66	3.60	2.22	2.25	1.62	3.50	2.10
BEL-PL	2026-02-06	Westerlo	St Truiden	1.53	2.55	2.40	2.75	1.53	2.40	2.30	2.70
BEL-PL	2026-02-07	Charleroi	Cercle Brugge	1.95	1.85	2.25	3.40	1.95	1.85	2.25	2.90
BEL-PL	2026-02-07	Gent	Oud-Heverlee Leuven	1.85	1.96	2.00	4.10	1.85	1.95	2.00	3.50
BEL-PL	2026-02-07	Waregem	Dender	2.05	1.83	2.30	3.45	2.05	1.75	2.25	3.20
BEL-PL	2026-02-08	Club Brugge	Standard	1.57	2.38	1.30	12.00	1.57	2.35	1.27	9.00
BEL-PL	2026-02-08	Genk	Anderlecht	1.95	1.93	1.92	4.20	1.95	1.85	1.85	4.10
BEL-PL	2026-02-08	Mechelen	Antwerp	2.05	1.80	2.45	3.15	2.05	1.75	2.40	2.90
BEL-PL	2026-02-08	St. Gilloise	RAAL La Louviere	1.98	1.88	1.48	8.00	1.98	1.83	1.48	7.00
BEL-PL	2026-02-13	Mechelen	Genk	1.76	2.05	3.25	2.23	1.75	2.05	3.10	2.20
BEL-PL	2026-02-14	Charleroi	Gent	1.90	1.95	2.00	4.10	1.85	1.95	1.90	3.90
BEL-PL	2026-02-14	Oud-Heverlee Leuven	Dender	2.05	1.80	2.20	3.70	2.00	1.80	2.15	3.30
BEL-PL	2026-02-14	Standard	St. Gilloise	2.20	1.73	8.00	1.52	2.20	1.65	7.50	1.48
BEL-PL	2026-02-15	Anderlecht	RAAL La Louviere	2.08	1.75	1.80	5.20	2.08	1.73	1.80	4.50
BEL-PL	2026-02-15	Antwerp	Westerlo	1.80	2.00	2.20	3.35	1.80	2.00	2.15	3.10
BEL-PL	2026-02-15	Cercle Brugge	Club Brugge	1.60	2.38	5.20	1.62	1.60	2.30	4.75	1.62
BEL-PL	2026-02-15	St Truiden	Waregem	1.75	2.10	1.83	4.50	1.73	2.08	1.73	4.50
BEL-PL	2026-02-20	Gent	Cercle Brugge	1.70	2.25	2.22	3.20	1.70	2.10	2.15	2.90
BEL-PL	2026-02-21	Club Brugge	Oud-Heverlee Leuven	1.53	2.50	1.38	8.60	1.50	2.50	1.33	8.00
BEL-PL	2026-02-21	Dender	St Truiden	1.90	1.93	3.50	2.15	1.90	1.90	3.20	2.15
BEL-PL	2026-02-21	St. Gilloise	Antwerp	1.83	2.07	1.40	9.50	1.80	2.00	1.36	8.50
BEL-PL	2026-02-22	Genk	Standard	1.83	2.00	1.48	7.80	1.83	1.98	1.40	7.50
BEL-PL	2026-02-22	RAAL La Louviere	Mechelen	1.93	1.90	2.38	3.10	1.90	1.90	2.20	3.00
BEL-PL	2026-02-22	Waregem	Anderlecht	1.85	1.98	3.10	2.30	1.83	1.98	2.88	2.20
BEL-PL	2026-02-22	Westerlo	Charleroi	1.73	2.10	2.70	2.63	1.70	2.10	2.50	2.45
BEL-PL	2026-02-27	Standard	RAAL La Louviere	2.40	1.57	2.50	3.20	2.40	1.53	2.35	3.00
BEL-PL	2026-02-28	Anderlecht	Oud-Heverlee Leuven	1.88	1.93	1.77	4.90	1.88	1.93	1.73	4.33
BEL-PL	2026-02-28	Antwerp	St Truiden	1.75	2.10	3.25	2.20	1.70	2.10	3.00	2.15
BEL-PL	2026-02-28	Mechelen	Waregem	1.70	2.25	2.45	3.00	1.70	2.10	2.30	2.75
BEL-PL	2026-03-01	Cercle Brugge	Dender	1.90	1.93	1.85	4.50	1.90	1.90	1.80	4.20
BEL-PL	2026-03-01	Charleroi	Club Brugge	1.67	2.20	3.75	2.00	1.67	2.15	3.60	1.90
BEL-PL	2026-03-01	Genk	Gent	1.65	2.30	1.85	4.00	1.65	2.20	1.83	3.80
BEL-PL	2026-03-01	Westerlo	St. Gilloise	1.80	2.00	4.50	1.80	1.80	2.00	4.50	1.70
BEL-PL	2026-03-06	RAAL La Louviere	Antwerp	2.30	1.67	2.10	3.90	2.25	1.62	2.05	3.90
BEL-PL	2026-03-07	Dender	Charleroi	2.00	1.84	4.00	2.02	2.00	1.80	3.75	1.95
BEL-PL	2026-03-07	Oud-Heverlee Leuven	Westerlo	1.75	2.10	2.38	3.00	1.75	2.05	2.25	2.90
BEL-PL	2026-03-07	St. Gilloise	Genk	1.85	2.00	1.65	5.50	1.85	1.95	1.62	5.00
BEL-PL	2026-03-08	Club Brugge	Anderlecht	1.50	2.70	1.46	7.00	1.44	2.70	1.40	7.00
BEL-PL	2026-03-08	Gent	Mechelen	1.66	2.25	2.10	3.40	1.65	2.20	2.00	3.40
BEL-PL	2026-03-08	St Truiden	Cercle Brugge	1.55	2.50	1.75	4.50	1.53	2.40	1.67	4.50
BEL-PL	2026-03-08	Waregem	Standard	2.00	1.83	1.91	4.50	1.98	1.83	1.85	4.10
BEL-PL	2026-03-13	Gent	Waregem	1.65	2.30	2.30	3.00	1.62	2.25	2.25	2.75
BEL-PL	2026-03-14	Charleroi	Oud-Heverlee Leuven	1.80	2.10	1.80	4.50	1.73	2.08	1.73	4.20
BEL-PL	2026-03-14	St. Gilloise	Dender	1.80	2.16	1.30	12.00	1.80	2.00	1.27	11.00
BEL-PL	2026-03-14	Westerlo	Club Brugge	1.45	2.88	5.60	1.55	1.40	2.88	5.00	1.53
BEL-PL	2026-03-15	Antwerp	Standard	2.35	1.66	2.37	3.45	2.35	1.57	2.20	3.30
BEL-PL	2026-03-15	Cercle Brugge	RAAL La Louviere	1.91	1.95	2.00	3.90	1.85	1.95	1.85	3.75
BEL-PL	2026-03-15	Genk	St Truiden	1.70	2.25	2.16	3.25	1.70	2.10	2.10	3.00
BEL-PL	2026-03-15	Mechelen	Anderlecht	1.83	2.02	3.10	2.36	1.83	1.98	2.80	2.30
BEL-PL	2026-03-22	Anderlecht	Cercle Brugge	1.67	2.30	2.05	3.65	1.62	2.25	2.00	3.30
BEL-PL	2026-03-22	Club Brugge	Mechelen	1.40	3.10	1.28	11.00	1.40	2.88	1.25	9.00
BEL-PL	2026-03-22	Dender	Gent	1.88	2.00	3.25	2.25	1.88	1.93	3.00	2.25
BEL-PL	2026-03-22	Oud-Heverlee Leuven	Antwerp	1.90	1.95	2.05	3.90	1.85	1.95	1.95	3.60
BEL-PL	2026-03-22	RAAL La Louviere	Genk	1.80	2.20	3.15	2.30	1.80	2.00	2.80	2.30
BEL-PL	2026-03-22	St Truiden	St. Gilloise	1.98	1.83	3.14	2.50	1.98	1.83	2.75	2.45
BEL-PL	2026-03-22	Standard	Westerlo	2.05	1.80	2.57	3.00	2.05	1.75	2.35	2.88
BEL-PL	2026-03-22	Waregem	Charleroi	1.80	2.10	2.42	2.90	1.73	2.08	2.30	2.90
BEL-PL	2026-04-03	Antwerp	Genk	1.91	1.95	3.00	2.40	1.85	1.95	2.75	2.40
BEL-PL	2026-04-04	Oud-Heverlee Leuven	Standard	2.10	1.75	2.15	3.60	2.05	1.75	2.10	3.30
BEL-PL	2026-04-04	St. Gilloise	St Truiden	1.80	2.00	1.62	5.75	1.80	2.00	1.60	5.00
BEL-PL	2026-04-04	Waregem	Cercle Brugge	1.80	2.10	2.71	2.65	1.80	2.00	2.55	2.50
BEL-PL	2026-04-05	Westerlo	Charleroi	1.67	2.25	2.80	2.60	1.67	2.15	2.75	2.30
BEL-PL	2026-04-06	Club Brugge	Anderlecht	1.44	3.00	1.44	7.00	1.44	2.70	1.38	6.50
BEL-PL	2026-04-06	Gent	Mechelen	1.75	2.12	1.88	4.00	1.70	2.10	1.80	4.00
BEL-PL	2026-04-06	RAAL La Louviere	Dender	2.00	1.85	1.95	4.25	1.95	1.85	1.85	3.90
BEL-PL	2026-04-10	Charleroi	Antwerp	1.90	2.00	1.82	4.90	1.90	1.90	1.80	4.20
BEL-PL	2026-04-11	Cercle Brugge	RAAL La Louviere	2.00	1.90	1.85	4.50	1.90	1.90	1.80	4.10
BEL-PL	2026-04-11	St Truiden	Club Brugge	1.48	2.75	3.80	1.85	1.44	2.70	3.75	1.80
BEL-PL	2026-04-11	Standard	Westerlo	1.93	1.91	2.45	3.00	1.90	1.90	2.35	2.80
BEL-PL	2026-04-12	Anderlecht	Gent	1.73	2.12	2.00	3.60	1.73	2.08	1.95	3.50
BEL-PL	2026-04-12	Dender	Waregem	1.95	1.91	3.10	2.30	1.95	1.85	3.00	2.25
BEL-PL	2026-04-12	Genk	Oud-Heverlee Leuven	1.67	2.23	1.68	5.00	1.65	2.20	1.62	4.75
BEL-PL	2026-04-12	Mechelen	St. Gilloise	2.00	1.85	5.75	1.67	1.95	1.85	5.75	1.57
BEL-PL	2026-04-18	Antwerp	Oud-Heverlee Leuven	1.91	1.91	2.12	3.75	1.90	1.90	2.00	3.40
BEL-PL	2026-04-18	Charleroi	Standard	2.05	1.80	2.05	4.00	2.05	1.75	2.00	3.50
BEL-PL	2026-04-18	Mechelen	Anderlecht	1.85	2.00	2.80	2.50	1.85	1.95	2.70	2.45
BEL-PL	2026-04-18	Westerlo	Genk	1.62	2.50	2.60	2.60	1.53	2.40	2.55	2.38
BEL-PL	2026-04-19	Dender	Cercle Brugge	1.66	2.25	3.80	1.95	1.62	2.25	3.70	1.85
BEL-PL	2026-04-19	Gent	St Truiden	1.75	2.18	2.55	2.66	1.75	2.05	2.45	2.60
BEL-PL	2026-04-19	RAAL La Louviere	Waregem	1.91	1.91	2.45	3.10	1.90	1.90	2.20	3.00
BEL-PL	2026-04-19	St. Gilloise	Club Brugge	2.05	1.87	2.20	3.30	2.05	1.75	2.10	3.25
BEL-PL	2026-04-21	Genk	Charleroi	1.87	2.00	1.91	4.75	1.85	1.95	1.75	4.10
BEL-PL	2026-04-21	Oud-Heverlee Leuven	Westerlo	1.67	2.20	2.65	2.70	1.65	2.20	2.45	2.50
BEL-PL	2026-04-21	Standard	Antwerp	2.20	1.73	2.66	3.00	2.15	1.67	2.60	2.60
BEL-PL	2026-04-22	Club Brugge	Mechelen	1.33	3.40	1.28	11.50	1.33	3.40	1.22	10.00
BEL-PL	2026-04-22	St. Gilloise	Gent	1.95	1.91	1.40	9.60	1.95	1.85	1.36	9.00
BEL-PL	2026-04-23	St Truiden	Anderlecht	1.73	2.25	2.10	3.33	1.70	2.10	2.05	3.25
BEL-PL	2026-04-24	Cercle Brugge	Dender	1.50	2.80	1.40	8.20	1.48	2.60	1.33	7.50
BEL-PL	2026-04-25	Genk	Standard	1.70	2.10	1.60	5.75	1.70	2.10	1.57	5.50
BEL-PL	2026-04-25	Oud-Heverlee Leuven	Charleroi	1.90	1.96	2.70	2.62	1.88	1.93	2.55	2.50
BEL-PL	2026-04-25	Westerlo	Antwerp	1.73	2.10	2.30	3.35	1.70	2.10	2.20	2.88
BEL-PL	2026-04-26	Anderlecht	St. Gilloise	2.00	1.83	5.00	1.73	2.00	1.80	5.00	1.67
BEL-PL	2026-04-26	Gent	Club Brugge	1.53	2.55	5.40	1.60	1.53	2.40	5.25	1.53
BEL-PL	2026-04-26	Mechelen	St Truiden	1.73	2.25	3.40	2.07	1.73	2.08	3.40	1.95
BEL-PL	2026-04-26	Waregem	RAAL La Louviere	1.91	1.93	1.95	4.00	1.88	1.93	1.85	3.80
BEL-PL	2026-05-01	Cercle Brugge	Waregem	1.55	2.63	1.95	3.75	1.50	2.50	1.90	3.60
BEL-PL	2026-05-02	Charleroi	Genk	1.73	2.25	2.75	2.55	1.73	2.08	2.60	2.55
BEL-PL	2026-05-02	St Truiden	St. Gilloise	2.06	1.91	4.00	2.00	2.05	1.75	3.90	1.95
BEL-PL	2026-05-02	Westerlo	Oud-Heverlee Leuven	1.65	2.50	1.95	3.80	1.53	2.40	1.90	3.70
BEL-PL	2026-05-03	Anderlecht	Club Brugge	1.50	3.00	5.00	1.62	1.40	2.88	4.75	1.57
BEL-PL	2026-05-03	Antwerp	Standard	1.85	2.00	1.95	4.00	1.83	1.98	1.95	3.70
BEL-PL	2026-05-03	Mechelen	Gent	1.73	2.10	2.70	2.50	1.73	2.08	2.63	2.45
BEL-PL	2026-05-08	Standard	Oud-Heverlee Leuven	1.85	2.04	1.95	4.00	1.85	1.95	1.90	3.80
BEL-PL	2026-05-09	Club Brugge	St Truiden	1.38	3.20	1.44	8.00	1.36	3.10	1.38	6.00
BEL-PL	2026-05-09	RAAL La Louviere	Cercle Brugge	1.57	2.50	2.28	3.00	1.53	2.40	2.15	2.90
BEL-PL	2026-05-09	Waregem	Dender	1.55	2.50	1.73	4.60	1.53	2.40	1.70	4.20
BEL-PL	2026-05-10	Antwerp	Charleroi	1.91	1.98	2.80	2.60	1.83	1.98	2.70	2.45
BEL-PL	2026-05-10	Genk	Westerlo	1.42	3.00	1.67	4.80	1.40	2.88	1.57	4.50
BEL-PL	2026-05-10	Gent	Anderlecht	1.75	2.10	2.37	3.10	1.73	2.08	2.20	2.88
BEL-PL	2026-05-10	St. Gilloise	Mechelen	1.75	2.10	1.49	7.50	1.73	2.08	1.42	7.00
BEL-PL	2026-05-15	Oud-Heverlee Leuven	Antwerp	1.95	2.05	3.00	2.45	1.93	1.88	2.88	2.30
BEL-PL	2026-05-16	Charleroi	Westerlo	1.57	2.50	1.80	4.20	1.50	2.50	1.70	3.90
BEL-PL	2026-05-16	St Truiden	Gent	1.57	2.40	2.10	3.40	1.57	2.35	2.05	3.10
BEL-PL	2026-05-16	Standard	Genk	1.73	2.20	3.25	2.20	1.70	2.10	3.00	2.10
BEL-PL	2026-05-17	Anderlecht	Mechelen	1.80	2.00	1.91	4.20	1.80	2.00	1.85	3.80
BEL-PL	2026-05-17	Club Brugge	St. Gilloise	1.91	1.93	2.05	3.80	1.90	1.90	1.95	3.50
BEL-PL	2026-05-19	Charleroi	Oud-Heverlee Leuven	1.53	2.55	1.48	6.60	1.50	2.50	1.44	6.25
BEL-PL	2026-05-19	Genk	Antwerp	1.55	2.50	1.48	7.40	1.53	2.40	1.45	6.25
BEL-PL	2026-05-19	Westerlo	Standard	1.56	2.50	2.00	3.70	1.50	2.50	1.85	3.70
BEL-PL	2026-05-21	Anderlecht	St Truiden	1.73	2.25	1.90	4.20	1.70	2.10	1.80	4.10
BEL-PL	2026-05-21	Gent	St. Gilloise	1.98	1.91	4.35	1.90	1.98	1.83	3.90	1.90
BEL-PL	2026-05-21	Mechelen	Club Brugge	1.36	3.30	8.00	1.36	1.36	3.10	7.50	1.36
BEL-PL	2026-05-23	Antwerp	Westerlo	1.50	2.75	1.95	3.65	1.50	2.50	1.90	3.50
BEL-PL	2026-05-23	Oud-Heverlee Leuven	Genk	1.50	2.70	4.33	1.77	1.48	2.60	4.20	1.67
BEL-PL	2026-05-23	Standard	Charleroi	2.15	1.73	2.55	3.20	2.15	1.67	2.50	2.75
BEL-PL	2026-05-24	Club Brugge	Gent	1.38	3.40	1.48	6.50	1.33	3.40	1.42	5.25
BEL-PL	2026-05-24	St Truiden	Mechelen	1.50	2.70	1.85	3.75	1.48	2.60	1.80	3.40
BEL-PL	2026-05-24	St. Gilloise	Anderlecht	1.65	2.38	1.50	6.50	1.60	2.30	1.45	6.00
ENG-CH	2024-08-09	Blackburn	Derby	2.07	1.88	2.25	3.62	2.03	1.83	2.10	3.30
ENG-CH	2024-08-09	Preston	Sheffield United	2.02	2.00	3.33	2.31	1.95	1.90	3.10	2.20
ENG-CH	2024-08-10	Cardiff	Sunderland	2.35	1.70	3.06	2.60	2.20	1.65	2.88	2.45
ENG-CH	2024-08-10	Hull	Bristol City	2.24	1.79	2.92	2.71	2.08	1.73	2.70	2.60
ENG-CH	2024-08-10	Leeds	Portsmouth	1.56	2.75	1.29	11.76	1.50	2.50	1.25	10.00
ENG-CH	2024-08-10	Middlesbrough	Swansea	1.82	2.29	1.70	5.36	1.70	2.10	1.62	5.25
ENG-CH	2024-08-10	Millwall	Watford	2.44	1.62	2.46	3.36	2.30	1.60	2.38	3.20
ENG-CH	2024-08-10	Oxford	Norwich	1.99	1.99	3.10	2.40	1.95	1.90	2.88	2.30
ENG-CH	2024-08-10	QPR	West Brom	2.37	1.67	2.79	2.86	2.20	1.65	2.60	2.63
ENG-CH	2024-08-10	Stoke	Coventry	1.90	2.13	2.57	2.89	1.75	2.05	2.40	2.70
ENG-CH	2024-08-11	Sheffield Weds	Plymouth	1.84	2.17	1.76	5.04	1.70	2.10	1.73	4.75
ENG-CH	2024-08-12	Luton	Burnley	1.83	2.20	2.82	2.63	1.75	2.05	2.70	2.50
ENG-CH	2024-08-16	Coventry	Oxford	1.82	2.28	1.70	5.50	1.67	2.15	1.67	4.75
ENG-CH	2024-08-17	Bristol City	Millwall	2.47	1.63	2.12	4.04	2.35	1.57	2.05	3.90
ENG-CH	2024-08-17	Burnley	Cardiff	1.90	2.20	1.64	7.50	1.80	2.00	1.60	5.50
ENG-CH	2024-08-17	Derby	Middlesbrough	1.90	2.08	4.10	1.96	1.80	2.05	3.75	1.90
ENG-CH	2024-08-17	Norwich	Blackburn	1.99	2.03	2.52	3.20	1.90	1.95	2.45	2.90
ENG-CH	2024-08-17	Plymouth	Hull	1.70	2.33	2.88	2.44	1.62	2.25	2.75	2.30
ENG-CH	2024-08-17	Portsmouth	Luton	1.90	2.16	3.74	2.10	1.75	2.05	3.40	2.05
ENG-CH	2024-08-17	Sheffield United	QPR	1.99	2.00	1.73	5.30	1.93	1.93	1.70	4.75
ENG-CH	2024-08-17	Swansea	Preston	2.08	1.94	2.05	4.05	1.95	1.90	1.95	3.70
ENG-CH	2024-08-17	Watford	Stoke	2.24	1.85	2.79	2.84	2.05	1.75	2.63	2.63
ENG-CH	2024-08-17	West Brom	Leeds	1.96	2.00	3.60	2.23	1.93	1.93	3.30	2.10
ENG-CH	2024-08-18	Sunderland	Sheffield Weds	1.96	2.00	2.26	3.52	1.93	1.93	2.15	3.30
ENG-CH	2024-08-23	Sheffield Weds	Leeds	1.93	2.00	4.25	2.02	1.90	1.95	3.90	2.00
ENG-CH	2024-08-24	Blackburn	Oxford	1.79	2.25	1.65	5.50	1.73	2.10	1.60	5.50
ENG-CH	2024-08-24	Bristol City	Coventry	1.85	2.20	2.63	2.92	1.73	2.08	2.60	2.63
ENG-CH	2024-08-24	Hull	Millwall	2.25	1.80	2.47	3.30	2.10	1.70	2.35	3.10
ENG-CH	2024-08-24	Middlesbrough	Portsmouth	1.53	2.70	1.32	11.00	1.50	2.63	1.29	9.00
ENG-CH	2024-08-24	Norwich	Sheffield United	1.82	2.20	2.75	2.67	1.73	2.10	2.60	2.60
ENG-CH	2024-08-24	Preston	Luton	1.99	2.02	3.09	2.47	1.88	1.98	2.90	2.38
ENG-CH	2024-08-24	QPR	Plymouth	1.84	2.35	1.74	5.40	1.60	2.30	1.70	4.50
ENG-CH	2024-08-24	Stoke	West Brom	2.26	1.83	2.68	2.90	2.10	1.73	2.60	2.70
ENG-CH	2024-08-24	Sunderland	Burnley	2.13	1.92	2.50	3.06	2.00	1.85	2.40	2.90
ENG-CH	2024-08-24	Watford	Derby	2.13	1.99	1.92	4.53	2.03	1.83	1.85	4.20
ENG-CH	2024-08-25	Swansea	Cardiff	2.13	1.92	2.07	4.12	2.00	1.85	2.00	3.90
ENG-CH	2024-08-30	Luton	QPR	1.88	2.09	1.96	4.13	1.85	2.00	1.85	3.90
ENG-CH	2024-08-31	Burnley	Blackburn	2.04	1.96	2.21	3.76	2.00	1.85	2.15	3.30
ENG-CH	2024-08-31	Cardiff	Middlesbrough	1.97	2.00	3.83	2.08	1.88	1.98	3.50	2.00
ENG-CH	2024-08-31	Coventry	Norwich	1.68	2.41	2.01	3.90	1.60	2.30	1.91	3.70
ENG-CH	2024-08-31	Derby	Bristol City	2.26	1.82	2.95	2.67	2.15	1.67	2.80	2.55
ENG-CH	2024-08-31	Leeds	Hull	1.70	2.32	1.45	8.60	1.67	2.15	1.44	7.00
ENG-CH	2024-08-31	Millwall	Sheffield Weds	2.36	1.66	2.50	3.20	2.25	1.62	2.35	3.10
ENG-CH	2024-08-31	Oxford	Preston	2.17	1.88	2.78	2.85	2.10	1.70	2.70	2.63
ENG-CH	2024-08-31	Plymouth	Stoke	1.58	2.61	3.30	2.15	1.50	2.50	3.10	2.10
ENG-CH	2024-08-31	Portsmouth	Sunderland	2.12	1.84	4.01	2.05	2.05	1.75	3.70	1.91
ENG-CH	2024-08-31	West Brom	Swansea	2.06	1.88	1.97	4.50	2.00	1.85	1.90	4.20
ENG-CH	2024-09-01	Sheffield United	Watford	1.76	2.30	1.86	4.40	1.67	2.15	1.80	3.90
ENG-CH	2024-09-13	Hull	Sheffield United	1.91	2.19	3.41	2.25	1.73	2.10	3.10	2.15
ENG-CH	2024-09-14	Blackburn	Bristol City	2.00	1.92	2.42	3.29	1.98	1.88	2.35	3.00
ENG-CH	2024-09-14	Derby	Cardiff	2.35	1.75	2.33	3.53	2.20	1.67	2.20	3.25
ENG-CH	2024-09-14	Leeds	Burnley	2.02	2.04	1.68	5.70	1.85	2.00	1.60	5.50
ENG-CH	2024-09-14	Middlesbrough	Preston	1.70	2.35	1.57	7.00	1.67	2.20	1.53	6.00
ENG-CH	2024-09-14	Millwall	Luton	2.40	1.71	2.57	3.11	2.30	1.62	2.45	3.00
ENG-CH	2024-09-14	Oxford	Stoke	1.93	2.01	3.13	2.39	1.88	1.98	3.00	2.30
ENG-CH	2024-09-14	Plymouth	Sunderland	1.77	2.23	5.26	1.70	1.73	2.10	5.25	1.65
ENG-CH	2024-09-14	Sheffield Weds	QPR	2.02	1.93	2.31	3.30	1.98	1.88	2.20	3.20
ENG-CH	2024-09-14	Swansea	Norwich	2.00	1.94	2.44	3.09	1.93	1.93	2.35	3.00
ENG-CH	2024-09-14	Watford	Coventry	1.90	2.06	2.60	2.89	1.85	2.00	2.45	2.75
ENG-CH	2024-09-15	Portsmouth	West Brom	1.99	2.00	4.35	1.96	1.93	1.93	4.10	1.85
ENG-CH	2024-09-20	Stoke	Hull	1.92	2.02	2.20	3.57	1.88	1.98	2.10	3.40
ENG-CH	2024-09-21	Bristol City	Oxford	1.93	2.02	1.83	4.60	1.85	2.00	1.75	4.50
ENG-CH	2024-09-21	Burnley	Portsmouth	1.82	2.19	1.54	7.50	1.73	2.10	1.48	6.50
ENG-CH	2024-09-21	Cardiff	Leeds	2.13	1.85	5.80	1.70	2.05	1.80	5.25	1.62
ENG-CH	2024-09-21	Coventry	Swansea	1.65	2.40	1.95	4.00	1.62	2.30	1.90	3.90
ENG-CH	2024-09-21	Luton	Sheffield Weds	2.00	1.95	2.04	4.00	1.98	1.88	1.95	3.90
ENG-CH	2024-09-21	Norwich	Watford	1.77	2.23	2.18	3.58	1.73	2.10	2.00	3.30
ENG-CH	2024-09-21	QPR	Millwall	2.42	1.68	2.48	3.27	2.30	1.62	2.35	3.00
ENG-CH	2024-09-21	Sheffield United	Derby	1.99	2.05	1.79	4.78	1.88	1.98	1.75	4.50
ENG-CH	2024-09-21	Sunderland	Middlesbrough	1.98	1.96	2.74	2.80	1.93	1.93	2.60	2.55
ENG-CH	2024-09-21	West Brom	Plymouth	1.56	2.74	1.43	8.00	1.53	2.50	1.36	8.00
ENG-CH	2024-09-22	Preston	Blackburn	2.06	1.88	3.00	2.53	2.03	1.83	2.80	2.40
ENG-CH	2024-09-27	Plymouth	Luton	1.65	2.38	4.07	2.00	1.62	2.30	3.80	1.91
ENG-CH	2024-09-28	Blackburn	QPR	2.08	1.84	2.02	4.10	2.05	1.80	1.95	3.60
ENG-CH	2024-09-28	Derby	Norwich	2.13	1.84	2.87	2.60	2.00	1.80	2.70	2.45
ENG-CH	2024-09-28	Hull	Cardiff	2.13	1.92	1.86	4.50	2.03	1.83	1.80	4.20
ENG-CH	2024-09-28	Leeds	Coventry	1.82	2.21	1.63	5.90	1.73	2.10	1.57	5.00
ENG-CH	2024-09-28	Middlesbrough	Stoke	1.62	2.42	1.66	5.50	1.57	2.38	1.57	5.00
ENG-CH	2024-09-28	Millwall	Preston	2.54	1.60	2.03	4.41	2.38	1.57	1.91	3.90
ENG-CH	2024-09-28	Oxford	Burnley	1.99	1.93	3.50	2.31	1.95	1.90	3.10	2.15
ENG-CH	2024-09-28	Portsmouth	Sheffield United	1.90	2.09	4.50	1.82	1.80	2.00	4.00	1.80
ENG-CH	2024-09-28	Sheffield Weds	West Brom	2.13	1.81	2.88	2.66	2.10	1.73	2.63	2.60
ENG-CH	2024-09-28	Watford	Sunderland	1.99	1.95	3.21	2.33	1.93	1.93	3.00	2.15
ENG-CH	2024-09-29	Swansea	Bristol City	2.02	2.02	2.50	2.90	1.90	1.95	2.38	2.70
ENG-CH	2024-10-01	Burnley	Plymouth	1.61	2.50	1.49	7.50	1.57	2.38	1.45	6.25
ENG-CH	2024-10-01	Cardiff	Millwall	2.55	1.64	3.45	2.40	2.30	1.62	3.20	2.20
ENG-CH	2024-10-01	Coventry	Blackburn	1.85	2.09	2.13	3.75	1.80	2.00	2.05	3.75
ENG-CH	2024-10-01	Luton	Oxford	1.85	2.11	1.70	5.10	1.83	2.03	1.65	4.75
ENG-CH	2024-10-01	Norwich	Leeds	1.93	2.01	3.80	2.13	1.88	1.98	3.50	2.10
ENG-CH	2024-10-01	QPR	Hull	1.95	1.98	2.63	2.88	1.90	1.95	2.55	2.70
ENG-CH	2024-10-01	Sunderland	Derby	2.07	1.91	1.64	6.00	2.03	1.83	1.60	5.25
ENG-CH	2024-10-01	West Brom	Middlesbrough	1.93	2.05	2.42	3.10	1.90	1.95	2.35	2.90
ENG-CH	2024-10-02	Bristol City	Sheffield Weds	2.13	1.88	2.17	3.62	2.05	1.80	2.05	3.40
ENG-CH	2024-10-02	Preston	Watford	2.08	1.91	2.59	2.91	2.03	1.83	2.40	2.80
ENG-CH	2024-10-02	Sheffield United	Swansea	1.88	2.07	1.80	5.00	1.83	2.03	1.73	4.50
ENG-CH	2024-10-02	Stoke	Portsmouth	1.94	2.00	1.91	4.69	1.90	1.95	1.80	4.50
ENG-CH	2024-10-04	Sunderland	Leeds	2.21	1.76	3.27	2.45	2.10	1.73	3.25	2.25
ENG-CH	2024-10-05	Burnley	Preston	2.44	1.64	1.87	5.24	2.38	1.57	1.75	4.75
ENG-CH	2024-10-05	Coventry	Sheffield Weds	1.96	1.97	1.80	5.55	1.93	1.93	1.73	5.00
ENG-CH	2024-10-05	Derby	QPR	2.18	1.81	2.38	3.45	2.10	1.73	2.20	3.20
ENG-CH	2024-10-05	Norwich	Hull	1.67	2.41	2.10	3.82	1.62	2.30	2.00	3.60
ENG-CH	2024-10-05	Plymouth	Blackburn	1.80	2.14	3.23	2.31	1.80	2.00	3.00	2.15
ENG-CH	2024-10-05	Portsmouth	Oxford	2.06	1.89	2.68	2.85	2.03	1.83	2.50	2.75
ENG-CH	2024-10-05	Sheffield United	Luton	2.06	1.92	2.05	4.02	2.00	1.85	1.95	3.80
ENG-CH	2024-10-05	Swansea	Stoke	1.88	2.05	2.38	3.25	1.85	2.00	2.25	3.00
ENG-CH	2024-10-05	Watford	Middlesbrough	1.67	2.36	3.61	2.04	1.62	2.30	3.40	2.00
ENG-CH	2024-10-05	West Brom	Millwall	2.40	1.66	1.94	4.70	2.30	1.62	1.80	4.33
ENG-CH	2024-10-06	Bristol City	Cardiff	2.01	1.91	1.74	5.10	1.98	1.88	1.70	4.50
ENG-CH	2024-10-18	Leeds	Sheffield United	2.06	2.00	1.92	4.33	1.98	1.88	1.85	3.90
ENG-CH	2024-10-19	Blackburn	Swansea	1.88	2.11	2.20	3.52	1.80	2.00	2.00	3.50
ENG-CH	2024-10-19	Cardiff	Plymouth	1.70	2.33	2.14	3.58	1.62	2.30	2.05	3.30
ENG-CH	2024-10-19	Luton	Watford	1.82	2.17	2.09	4.00	1.73	2.10	1.95	3.80
ENG-CH	2024-10-19	Middlesbrough	Bristol City	1.73	2.29	1.67	5.30	1.67	2.20	1.60	5.25
ENG-CH	2024-10-19	Millwall	Derby	2.50	1.63	2.05	4.41	2.50	1.53	1.95	4.20
ENG-CH	2024-10-19	Oxford	West Brom	2.24	1.82	4.17	2.06	2.10	1.73	3.90	1.95
ENG-CH	2024-10-19	Preston	Coventry	2.35	1.76	3.18	2.51	2.20	1.67	3.00	2.35
ENG-CH	2024-10-19	QPR	Portsmouth	1.94	2.02	1.92	4.40	1.93	1.93	1.90	4.10
ENG-CH	2024-10-19	Sheffield Weds	Burnley	2.55	1.58	2.65	3.06	2.50	1.53	2.50	2.90
ENG-CH	2024-10-19	Stoke	Norwich	1.77	2.21	2.61	2.79	1.73	2.10	2.45	2.70
ENG-CH	2024-10-20	Hull	Sunderland	1.90	2.05	2.95	2.47	1.79	1.94	2.88	2.38
ENG-CH	2024-10-22	Cardiff	Portsmouth	1.90	2.07	1.86	4.77	1.83	2.03	1.75	4.50
ENG-CH	2024-10-22	Leeds	Watford	1.62	2.51	1.34	11.00	1.57	2.38	1.33	9.50
ENG-CH	2024-10-22	Oxford	Derby	2.17	1.81	2.70	2.83	2.10	1.73	2.60	2.70
ENG-CH	2024-10-22	Preston	Norwich	2.24	1.81	2.98	2.62	2.10	1.73	2.80	2.55
ENG-CH	2024-10-22	QPR	Coventry	1.94	2.01	3.00	2.53	1.90	1.95	2.88	2.45
ENG-CH	2024-10-22	Sheffield Weds	Swansea	2.13	1.81	2.10	3.91	2.00	1.80	2.00	3.70
ENG-CH	2024-10-22	Stoke	Bristol City	2.00	1.95	2.38	3.18	1.93	1.93	2.20	3.10
ENG-CH	2024-10-23	Blackburn	West Brom	2.19	1.77	2.75	2.81	2.10	1.73	2.60	2.60
ENG-CH	2024-10-23	Hull	Burnley	2.10	1.83	3.15	2.50	2.00	1.80	3.00	2.35
ENG-CH	2024-10-23	Luton	Sunderland	2.11	1.87	2.63	2.90	2.00	1.80	2.50	2.88
ENG-CH	2024-10-23	Middlesbrough	Sheffield United	1.93	2.00	1.97	4.00	1.88	1.98	1.87	3.75
ENG-CH	2024-10-23	Millwall	Plymouth	1.90	2.13	1.63	6.10	1.80	2.00	1.57	5.25
ENG-CH	2024-10-25	Portsmouth	Sheffield Weds	2.03	1.93	3.87	2.10	1.98	1.88	3.70	1.95
ENG-CH	2024-10-26	Bristol City	Leeds	1.99	2.00	4.40	1.96	1.93	1.93	3.90	1.90
ENG-CH	2024-10-26	Burnley	QPR	2.33	1.73	1.78	5.75	2.20	1.67	1.67	5.50
ENG-CH	2024-10-26	Coventry	Luton	1.82	2.17	2.38	3.19	1.73	2.10	2.25	3.10
ENG-CH	2024-10-26	Derby	Hull	1.94	2.02	2.30	3.39	1.85	2.00	2.20	3.25
ENG-CH	2024-10-26	Plymouth	Preston	2.13	1.88	3.17	2.45	2.00	1.80	3.00	2.30
ENG-CH	2024-10-26	Sheffield United	Stoke	1.93	2.11	1.77	5.10	1.88	1.98	1.70	5.00
ENG-CH	2024-10-26	Sunderland	Oxford	1.92	2.08	1.63	6.20	1.90	1.95	1.57	5.25
ENG-CH	2024-10-26	Swansea	Millwall	2.44	1.65	2.60	3.10	2.30	1.62	2.40	2.90
ENG-CH	2024-10-26	Watford	Blackburn	2.00	2.00	2.46	3.16	1.95	1.90	2.40	2.90
ENG-CH	2024-10-26	West Brom	Cardiff	2.10	1.93	1.91	4.40	1.98	1.88	1.85	4.00
ENG-CH	2024-10-27	Norwich	Middlesbrough	1.73	2.28	2.94	2.55	1.67	2.20	2.80	2.45
ENG-CH	2024-11-01	Luton	West Brom	2.00	2.00	2.70	2.81	1.95	1.90	2.55	2.63
ENG-CH	2024-11-02	Blackburn	Sheffield United	2.20	1.87	3.02	2.79	2.03	1.83	2.70	2.70
ENG-CH	2024-11-02	Cardiff	Norwich	1.82	2.23	2.67	3.14	1.73	2.10	2.20	3.10
ENG-CH	2024-11-02	Hull	Portsmouth	1.75	2.26	1.70	5.50	1.67	2.20	1.62	5.25
ENG-CH	2024-11-02	Leeds	Plymouth	1.42	3.35	1.17	21.00	1.36	3.20	1.14	13.00
ENG-CH	2024-11-02	Middlesbrough	Coventry	1.70	2.36	1.89	4.40	1.62	2.30	1.75	4.10
ENG-CH	2024-11-02	Oxford	Swansea	2.24	1.77	3.34	2.57	2.10	1.73	3.25	2.30
ENG-CH	2024-11-02	Preston	Bristol City	2.35	1.69	2.70	3.08	2.20	1.67	2.50	2.88
ENG-CH	2024-11-02	QPR	Sunderland	2.20	1.84	3.90	2.13	2.00	1.80	3.70	2.00
ENG-CH	2024-11-02	Sheffield Weds	Watford	1.95	2.01	2.00	4.52	1.88	1.98	1.80	4.33
ENG-CH	2024-11-02	Stoke	Derby	2.02	1.92	2.42	3.35	1.98	1.88	2.35	3.00
ENG-CH	2024-11-03	Millwall	Burnley	2.87	1.48	2.83	2.96	2.75	1.44	2.63	2.80
ENG-CH	2024-11-05	Bristol City	Sheffield United	2.02	1.94	3.23	2.38	1.98	1.88	3.10	2.25
ENG-CH	2024-11-05	Oxford	Hull	2.13	1.90	3.11	2.55	2.05	1.80	2.90	2.50
ENG-CH	2024-11-05	Plymouth	Portsmouth	1.79	2.16	2.47	3.00	1.73	2.10	2.38	2.75
ENG-CH	2024-11-05	QPR	Middlesbrough	1.85	2.11	4.40	1.90	1.80	2.00	4.10	1.75
ENG-CH	2024-11-05	Sheffield Weds	Norwich	2.00	2.00	2.21	3.70	1.93	1.93	2.15	3.30
ENG-CH	2024-11-05	Swansea	Watford	1.80	2.15	2.00	3.98	1.80	2.00	1.91	3.90
ENG-CH	2024-11-06	Blackburn	Stoke	1.93	2.04	2.20	3.54	1.88	1.98	2.10	3.30
ENG-CH	2024-11-06	Coventry	Derby	2.03	1.91	1.59	6.50	1.98	1.88	1.53	6.25
ENG-CH	2024-11-06	Luton	Cardiff	1.90	2.08	1.94	4.60	1.80	2.00	1.85	4.10
ENG-CH	2024-11-06	Millwall	Leeds	2.40	1.66	4.87	1.90	2.30	1.62	4.50	1.80
ENG-CH	2024-11-06	Preston	Sunderland	2.55	1.61	2.88	2.87	2.38	1.57	2.75	2.80
ENG-CH	2024-11-07	West Brom	Burnley	2.47	1.62	2.53	3.28	2.38	1.57	2.40	3.00
ENG-CH	2024-11-08	Watford	Oxford	1.99	1.98	1.79	5.10	1.95	1.90	1.73	4.75
ENG-CH	2024-11-09	Cardiff	Blackburn	2.13	1.85	2.45	3.11	2.05	1.80	2.30	3.00
ENG-CH	2024-11-09	Derby	Plymouth	1.90	2.08	1.75	5.00	1.85	2.00	1.70	4.75
ENG-CH	2024-11-09	Leeds	QPR	1.77	2.20	1.30	13.00	1.73	2.10	1.27	11.00
ENG-CH	2024-11-09	Middlesbrough	Luton	1.73	2.30	1.65	6.13	1.67	2.20	1.53	5.50
ENG-CH	2024-11-09	Norwich	Bristol City	1.99	2.04	2.22	3.50	1.85	2.00	2.15	3.40
ENG-CH	2024-11-09	Portsmouth	Preston	2.38	1.67	3.00	2.68	2.30	1.62	2.75	2.55
ENG-CH	2024-11-09	Stoke	Millwall	2.40	1.67	2.39	3.40	2.30	1.62	2.25	3.20
ENG-CH	2024-11-09	Sunderland	Coventry	2.06	1.87	2.27	3.72	2.03	1.83	2.20	3.50
ENG-CH	2024-11-10	Burnley	Swansea	2.36	1.68	2.02	4.30	2.30	1.62	1.95	3.75
ENG-CH	2024-11-10	Hull	West Brom	2.17	1.78	3.11	2.47	2.10	1.73	2.90	2.40
ENG-CH	2024-11-10	Sheffield United	Sheffield Weds	2.21	1.79	1.86	5.10	2.10	1.73	1.75	4.50
ENG-CH	2024-11-22	Plymouth	Watford	1.73	2.25	3.44	2.25	1.67	2.20	3.25	2.15
ENG-CH	2024-11-23	Bristol City	Burnley	2.47	1.66	3.04	2.78	2.38	1.57	2.88	2.70
ENG-CH	2024-11-23	Coventry	Sheffield United	2.24	1.79	2.66	2.93	2.10	1.73	2.50	2.80
ENG-CH	2024-11-23	Luton	Hull	2.13	1.85	2.20	3.75	2.00	1.80	2.10	3.50
ENG-CH	2024-11-23	Millwall	Sunderland	2.81	1.50	2.27	3.93	2.75	1.44	2.15	3.50
ENG-CH	2024-11-23	Oxford	Middlesbrough	1.91	2.02	5.20	1.78	1.85	2.00	4.33	1.73
ENG-CH	2024-11-23	Preston	Derby	2.63	1.56	2.47	3.31	2.63	1.50	2.38	3.20
ENG-CH	2024-11-23	QPR	Stoke	1.99	2.00	2.97	2.60	1.90	1.95	2.80	2.45
ENG-CH	2024-11-23	Sheffield Weds	Cardiff	2.13	1.88	2.05	4.00	2.03	1.83	2.00	3.70
ENG-CH	2024-11-23	West Brom	Norwich	1.99	1.98	1.91	4.33	1.93	1.93	1.85	4.00
ENG-CH	2024-11-24	Swansea	Leeds	2.15	1.83	4.57	1.91	2.00	1.80	4.33	1.85
ENG-CH	2024-11-26	Burnley	Coventry	2.35	1.73	2.25	3.57	2.30	1.62	2.15	3.30
ENG-CH	2024-11-26	Hull	Sheffield Weds	2.16	1.82	2.46	3.16	2.10	1.73	2.35	2.90
ENG-CH	2024-11-26	Norwich	Plymouth	1.65	2.45	1.48	7.50	1.62	2.30	1.42	7.00
ENG-CH	2024-11-26	Sheffield United	Oxford	2.05	2.11	1.44	8.60	1.83	2.03	1.40	8.00
ENG-CH	2024-11-26	Stoke	Preston	2.08	1.88	2.07	4.00	2.00	1.85	1.91	3.90
ENG-CH	2024-11-26	Sunderland	West Brom	2.29	1.73	2.31	3.85	2.20	1.67	2.10	3.40
ENG-CH	2024-11-26	Watford	Bristol City	1.99	1.92	2.40	3.40	1.98	1.88	2.30	3.00
ENG-CH	2024-11-27	Cardiff	QPR	2.14	1.82	2.07	4.04	2.10	1.73	1.95	3.75
ENG-CH	2024-11-27	Derby	Swansea	2.40	1.63	2.67	2.99	2.30	1.62	2.40	2.80
ENG-CH	2024-11-27	Leeds	Luton	2.08	1.95	1.50	8.00	2.03	1.83	1.45	8.00
ENG-CH	2024-11-27	Middlesbrough	Blackburn	1.75	2.26	1.77	4.89	1.73	2.10	1.73	4.50
ENG-CH	2024-11-29	Sheffield United	Sunderland	2.35	1.70	2.09	4.00	2.20	1.67	2.00	3.80
ENG-CH	2024-11-30	Blackburn	Leeds	2.07	1.99	5.20	1.74	2.03	1.83	4.75	1.70
ENG-CH	2024-11-30	Bristol City	Plymouth	1.69	2.35	1.42	8.72	1.62	2.30	1.38	7.50
ENG-CH	2024-11-30	Coventry	Cardiff	1.90	2.06	1.75	5.00	1.83	2.03	1.67	4.50
ENG-CH	2024-11-30	Middlesbrough	Hull	1.67	2.41	1.69	5.50	1.62	2.30	1.65	4.50
ENG-CH	2024-11-30	Norwich	Luton	1.92	2.11	2.18	3.76	1.80	2.00	2.10	3.20
ENG-CH	2024-11-30	Oxford	Millwall	2.51	1.62	3.87	2.15	2.50	1.53	3.50	2.05
ENG-CH	2024-11-30	Preston	West Brom	2.44	1.61	3.30	2.47	2.38	1.57	3.00	2.38
ENG-CH	2024-11-30	Stoke	Burnley	2.38	1.67	3.41	2.40	2.30	1.62	3.10	2.38
ENG-CH	2024-11-30	Swansea	Portsmouth	2.00	1.94	1.91	4.60	1.98	1.88	1.83	4.10
ENG-CH	2024-11-30	Watford	QPR	2.02	2.00	1.86	4.81	1.93	1.93	1.73	4.50
ENG-CH	2024-12-01	Derby	Sheffield Weds	2.50	1.63	2.66	3.10	2.50	1.53	2.50	2.90
ENG-CH	2024-12-06	Burnley	Middlesbrough	2.16	1.81	2.58	3.12	2.10	1.73	2.45	2.88
ENG-CH	2024-12-07	Hull	Blackburn	2.03	2.06	2.68	3.03	1.83	2.03	2.55	2.63
ENG-CH	2024-12-07	Leeds	Derby	2.03	1.92	1.39	10.00	1.98	1.88	1.38	8.00
ENG-CH	2024-12-07	Luton	Swansea	2.09	1.84	2.40	3.20	2.05	1.80	2.30	3.10
ENG-CH	2024-12-07	Millwall	Coventry	2.49	1.60	3.05	2.88	2.38	1.57	2.90	2.45
ENG-CH	2024-12-07	Portsmouth	Bristol City	2.16	1.81	3.78	2.20	2.10	1.73	3.60	2.05
ENG-CH	2024-12-07	QPR	Norwich	1.92	2.06	3.63	2.38	1.85	2.00	3.50	2.05
ENG-CH	2024-12-07	Sheffield Weds	Preston	2.47	1.63	2.15	4.00	2.38	1.57	2.05	3.60
ENG-CH	2024-12-07	Sunderland	Stoke	1.91	2.13	1.78	5.05	1.80	2.00	1.67	4.75
ENG-CH	2024-12-08	West Brom	Sheffield United	2.20	1.86	2.43	3.21	2.10	1.73	2.30	3.10
ENG-CH	2024-12-10	Burnley	Derby	2.75	1.54	1.69	6.60	2.63	1.50	1.62	6.00
ENG-CH	2024-12-10	Leeds	Middlesbrough	1.90	2.07	1.79	5.18	1.85	2.00	1.75	4.50
ENG-CH	2024-12-10	Luton	Stoke	1.99	1.94	2.04	4.39	1.95	1.90	1.90	4.10
ENG-CH	2024-12-10	Plymouth	Swansea	1.99	2.15	4.84	1.78	1.85	2.00	4.50	1.73
ENG-CH	2024-12-10	Portsmouth	Norwich	2.00	1.96	3.42	2.29	1.95	1.90	3.20	2.20
ENG-CH	2024-12-10	Sheffield Weds	Blackburn	2.35	1.75	2.35	3.45	2.20	1.67	2.20	3.10
ENG-CH	2024-12-10	Sunderland	Bristol City	2.24	1.78	1.99	4.47	2.10	1.73	1.90	4.20
ENG-CH	2024-12-11	Cardiff	Preston	2.51	1.62	2.45	3.41	2.50	1.53	2.30	3.20
ENG-CH	2024-12-11	Hull	Watford	1.93	2.00	2.43	3.14	1.90	1.95	2.30	2.90
ENG-CH	2024-12-11	Millwall	Sheffield United	2.55	1.62	3.38	2.80	2.38	1.57	2.70	2.70
ENG-CH	2024-12-11	QPR	Oxford	2.34	1.79	2.04	4.37	2.10	1.73	1.85	4.10
ENG-CH	2024-12-11	West Brom	Coventry	2.08	1.88	2.52	3.05	2.03	1.83	2.45	2.88
ENG-CH	2024-12-13	Derby	Portsmouth	2.33	1.73	2.16	4.30	2.20	1.67	1.95	4.00
ENG-CH	2024-12-14	Blackburn	Luton	2.10	1.85	2.33	3.50	2.00	1.80	2.25	3.10
ENG-CH	2024-12-14	Bristol City	QPR	2.26	1.76	1.92	5.00	2.10	1.73	1.75	4.50
ENG-CH	2024-12-14	Coventry	Hull	1.83	2.20	1.73	4.90	1.80	2.00	1.70	4.50
ENG-CH	2024-12-14	Middlesbrough	Millwall	2.16	1.83	1.67	5.83	2.05	1.80	1.62	5.25
ENG-CH	2024-12-14	Oxford	Sheffield Weds	2.20	1.77	3.82	2.11	2.10	1.73	3.60	2.10
ENG-CH	2024-12-14	Preston	Leeds	2.19	1.79	6.35	1.68	2.10	1.73	5.50	1.57
ENG-CH	2024-12-14	Sheffield United	Plymouth	1.62	2.56	1.36	11.79	1.57	2.38	1.36	7.50
ENG-CH	2024-12-14	Stoke	Cardiff	2.00	1.95	2.20	4.09	1.95	1.90	1.90	4.00
ENG-CH	2024-12-14	Swansea	Sunderland	2.16	1.80	2.84	2.66	2.10	1.73	2.70	2.63
ENG-CH	2024-12-15	Norwich	Burnley	2.37	1.74	3.01	2.77	2.30	1.62	2.80	2.60
ENG-CH	2024-12-15	Watford	West Brom	2.17	1.81	2.92	2.94	2.00	1.80	2.55	2.75
ENG-CH	2024-12-20	Luton	Derby	2.42	1.63	2.18	3.95	2.38	1.57	2.05	3.90
ENG-CH	2024-12-21	Burnley	Watford	2.35	1.75	1.75	5.40	2.20	1.67	1.70	5.25
ENG-CH	2024-12-21	Cardiff	Sheffield United	2.25	1.76	3.35	2.42	2.10	1.73	3.00	2.38
ENG-CH	2024-12-21	Hull	Swansea	2.12	1.83	2.55	3.13	2.05	1.80	2.35	3.00
ENG-CH	2024-12-21	Leeds	Oxford	1.65	2.45	1.19	20.00	1.57	2.38	1.17	19.00
ENG-CH	2024-12-21	Millwall	Blackburn	2.75	1.60	2.44	3.50	2.38	1.57	2.20	3.30
ENG-CH	2024-12-21	Plymouth	Middlesbrough	1.55	2.75	5.93	1.54	1.44	2.75	5.75	1.50
ENG-CH	2024-12-21	Portsmouth	Coventry	1.85	2.11	4.55	1.85	1.80	2.00	4.20	1.75
ENG-CH	2024-12-21	QPR	Preston	2.63	1.54	2.81	2.95	2.63	1.50	2.70	2.80
ENG-CH	2024-12-21	Sheffield Weds	Stoke	1.97	1.99	1.88	4.90	1.90	1.95	1.83	4.10
ENG-CH	2024-12-21	Sunderland	Norwich	1.99	2.00	1.97	4.35	1.95	1.90	1.85	4.20
ENG-CH	2024-12-22	West Brom	Bristol City	2.35	1.71	2.32	3.66	2.20	1.67	2.10	3.40
ENG-CH	2024-12-26	Blackburn	Sunderland	2.16	1.80	3.06	2.55	2.00	1.80	2.90	2.40
ENG-CH	2024-12-26	Bristol City	Luton	2.17	1.81	2.15	4.00	2.10	1.73	2.00	3.75
ENG-CH	2024-12-26	Coventry	Plymouth	1.46	2.88	1.31	9.50	1.44	2.75	1.29	8.00
ENG-CH	2024-12-26	Derby	West Brom	2.70	1.56	3.09	2.76	2.63	1.50	3.00	2.60
ENG-CH	2024-12-26	Middlesbrough	Sheffield Weds	1.82	2.20	1.91	4.60	1.73	2.10	1.83	4.10
ENG-CH	2024-12-26	Norwich	Millwall	2.38	1.69	2.34	3.49	2.30	1.62	2.25	3.30
ENG-CH	2024-12-26	Oxford	Cardiff	2.37	1.66	2.83	2.83	2.30	1.62	2.75	2.75
ENG-CH	2024-12-26	Preston	Hull	2.32	1.75	2.37	3.34	2.30	1.62	2.25	3.25
ENG-CH	2024-12-26	Sheffield United	Burnley	2.73	1.51	2.48	3.32	2.63	1.50	2.38	3.10
ENG-CH	2024-12-26	Stoke	Leeds	1.86	2.10	7.60	1.50	1.80	2.00	6.50	1.48
ENG-CH	2024-12-26	Swansea	QPR	2.16	1.83	1.94	4.58	2.10	1.73	1.85	4.20
ENG-CH	2024-12-26	Watford	Portsmouth	1.90	2.08	1.92	4.50	1.83	2.03	1.85	4.10
ENG-CH	2024-12-29	Blackburn	Hull	2.13	1.80	2.05	4.20	2.00	1.80	1.95	3.75
ENG-CH	2024-12-29	Bristol City	Portsmouth	1.99	1.94	1.71	6.00	1.98	1.88	1.60	5.75
ENG-CH	2024-12-29	Coventry	Millwall	2.29	1.72	1.90	4.65	2.20	1.67	1.85	4.10
ENG-CH	2024-12-29	Derby	Leeds	2.28	1.75	6.00	1.63	2.20	1.67	5.25	1.60
ENG-CH	2024-12-29	Middlesbrough	Burnley	2.25	1.80	2.79	2.88	2.10	1.73	2.63	2.80
ENG-CH	2024-12-29	Norwich	QPR	1.90	2.10	1.70	5.71	1.83	2.03	1.62	5.25
ENG-CH	2024-12-29	Oxford	Plymouth	1.99	1.96	2.01	4.24	1.93	1.93	1.91	3.90
ENG-CH	2024-12-29	Preston	Sheffield Weds	2.44	1.62	2.95	2.80	2.38	1.57	2.75	2.63
ENG-CH	2024-12-29	Sheffield United	West Brom	2.29	1.80	2.09	4.20	2.10	1.73	2.00	3.80
ENG-CH	2024-12-29	Stoke	Sunderland	2.13	1.94	3.45	2.28	2.00	1.85	3.25	2.20
ENG-CH	2024-12-29	Swansea	Luton	2.13	1.86	2.07	4.06	2.03	1.83	1.95	3.90
ENG-CH	2024-12-29	Watford	Cardiff	2.00	1.97	1.96	4.90	1.98	1.88	1.90	4.10
ENG-CH	2025-01-01	Burnley	Stoke	1.99	1.99	1.55	7.50	1.90	1.95	1.50	6.25
ENG-CH	2025-01-01	Cardiff	Coventry	2.20	1.79	3.46	2.38	2.20	1.67	3.20	2.25
ENG-CH	2025-01-01	Hull	Middlesbrough	1.78	2.20	3.23	2.31	1.73	2.10	3.00	2.20
ENG-CH	2025-01-01	Leeds	Blackburn	1.79	2.21	1.34	10.77	1.67	2.20	1.30	9.50
ENG-CH	2025-01-01	Luton	Norwich	2.00	2.00	2.83	2.75	1.95	1.90	2.60	2.60
ENG-CH	2025-01-01	Millwall	Oxford	2.47	1.62	1.81	5.50	2.38	1.57	1.75	5.00
ENG-CH	2025-01-01	Plymouth	Bristol City	1.87	2.10	4.97	1.79	1.85	2.00	4.75	1.70
ENG-CH	2025-01-01	Portsmouth	Swansea	1.99	1.91	3.42	2.26	1.98	1.88	3.20	2.20
ENG-CH	2025-01-01	QPR	Watford	2.11	1.87	2.66	3.00	2.10	1.73	2.50	2.80
ENG-CH	2025-01-01	Sheffield Weds	Derby	2.67	1.65	2.12	4.17	2.63	1.50	2.05	3.90
ENG-CH	2025-01-01	Sunderland	Sheffield United	2.17	1.90	2.17	4.02	2.05	1.80	2.00	3.70
ENG-CH	2025-01-01	West Brom	Preston	2.36	1.73	2.04	4.43	2.20	1.67	1.95	4.00
ENG-CH	2025-01-04	Blackburn	Burnley	2.92	1.50	3.59	2.38	2.75	1.44	3.30	2.30
ENG-CH	2025-01-04	Bristol City	Derby	2.35	1.79	1.86	5.10	2.10	1.73	1.75	4.75
ENG-CH	2025-01-04	Hull	Leeds	2.08	1.87	6.70	1.55	2.03	1.83	6.00	1.50
ENG-CH	2025-01-04	Middlesbrough	Cardiff	1.83	2.20	1.60	6.10	1.73	2.10	1.55	5.50
ENG-CH	2025-01-04	Norwich	Coventry	2.02	1.98	2.22	3.85	1.98	1.88	2.00	3.60
ENG-CH	2025-01-04	Preston	Oxford	2.32	1.67	1.98	4.50	2.20	1.67	1.90	4.20
ENG-CH	2025-01-04	Sheffield Weds	Millwall	2.75	1.51	2.35	3.62	2.63	1.50	2.25	3.30
ENG-CH	2025-01-04	Stoke	Plymouth	1.61	2.47	1.65	5.15	1.57	2.38	1.62	4.50
ENG-CH	2025-01-04	Swansea	West Brom	2.15	1.79	2.48	3.31	2.10	1.73	2.25	3.10
ENG-CH	2025-01-04	Watford	Sheffield United	2.24	1.80	2.89	2.80	2.10	1.73	2.60	2.70
ENG-CH	2025-01-05	Sunderland	Portsmouth	1.74	2.33	1.54	7.00	1.67	2.20	1.50	5.50
ENG-CH	2025-01-06	QPR	Luton	2.42	1.66	2.71	3.23	2.30	1.62	2.35	3.00
ENG-CH	2025-01-14	Cardiff	Watford	2.24	1.80	2.36	3.41	2.10	1.73	2.25	3.20
ENG-CH	2025-01-14	Plymouth	Oxford	2.24	1.77	2.27	3.55	2.10	1.73	2.15	3.30
ENG-CH	2025-01-15	Blackburn	Portsmouth	2.13	1.89	1.73	5.24	2.00	1.85	1.70	5.00
ENG-CH	2025-01-17	Burnley	Sunderland	2.65	1.54	2.29	3.67	2.63	1.50	2.20	3.30
ENG-CH	2025-01-18	Cardiff	Swansea	2.51	1.60	2.83	2.82	2.50	1.53	2.70	2.70
ENG-CH	2025-01-18	Coventry	Bristol City	2.24	1.76	2.53	3.40	2.10	1.73	2.45	3.00
ENG-CH	2025-01-18	Derby	Watford	2.24	1.74	2.23	4.00	2.20	1.67	1.95	3.90
ENG-CH	2025-01-18	Luton	Preston	2.57	1.65	2.08	4.35	2.50	1.53	1.95	4.33
ENG-CH	2025-01-18	Millwall	Hull	2.60	1.56	2.19	3.91	2.50	1.53	2.10	3.80
ENG-CH	2025-01-18	Oxford	Blackburn	2.47	1.63	3.51	2.38	2.30	1.62	3.25	2.25
ENG-CH	2025-01-18	Plymouth	QPR	2.13	1.83	2.81	2.70	2.10	1.73	2.70	2.63
ENG-CH	2025-01-18	Portsmouth	Middlesbrough	1.90	2.14	4.26	1.96	1.88	1.98	4.10	1.91
ENG-CH	2025-01-18	Sheffield United	Norwich	2.13	1.84	2.10	4.10	2.05	1.80	1.95	3.70
ENG-CH	2025-01-18	West Brom	Stoke	2.24	1.79	2.03	4.43	2.10	1.73	1.95	3.70
ENG-CH	2025-01-19	Leeds	Sheffield Weds	1.77	2.23	1.43	9.00	1.73	2.10	1.40	7.00
ENG-CH	2025-01-21	Blackburn	Coventry	2.13	1.84	2.64	3.00	2.05	1.80	2.40	2.88
ENG-CH	2025-01-21	Derby	Sunderland	2.26	1.87	4.20	2.09	2.03	1.83	4.00	1.85
ENG-CH	2025-01-21	Hull	QPR	2.42	1.70	2.31	3.61	2.30	1.62	2.20	3.50
ENG-CH	2025-01-21	Middlesbrough	West Brom	1.92	2.10	1.98	4.43	1.85	2.00	1.90	3.80
ENG-CH	2025-01-21	Millwall	Cardiff	3.40	1.38	2.31	4.29	3.40	1.33	2.20	4.00
ENG-CH	2025-01-21	Oxford	Luton	2.50	1.58	3.37	2.48	2.50	1.53	3.25	2.30
ENG-CH	2025-01-21	Swansea	Sheffield United	2.35	1.72	2.81	2.88	2.20	1.67	2.60	2.80
ENG-CH	2025-01-21	Watford	Preston	2.33	1.73	2.23	3.85	2.20	1.67	2.05	3.60
ENG-CH	2025-01-22	Leeds	Norwich	1.76	2.33	1.36	10.48	1.67	2.20	1.33	9.00
ENG-CH	2025-01-22	Plymouth	Burnley	2.25	1.76	6.50	1.63	2.20	1.67	5.75	1.57
ENG-CH	2025-01-22	Portsmouth	Stoke	2.29	1.74	2.55	3.17	2.20	1.67	2.38	3.10
ENG-CH	2025-01-22	Sheffield Weds	Bristol City	2.35	1.73	2.42	3.33	2.20	1.67	2.30	3.25
ENG-CH	2025-01-24	Sheffield United	Hull	2.14	1.80	1.78	5.50	2.10	1.73	1.73	5.00
ENG-CH	2025-01-25	Bristol City	Blackburn	2.42	1.76	1.87	5.18	2.30	1.62	1.80	4.75
ENG-CH	2025-01-25	Cardiff	Derby	2.60	1.63	2.12	4.09	2.38	1.57	2.05	3.80
ENG-CH	2025-01-25	Coventry	Watford	1.86	2.11	1.82	4.75	1.83	2.03	1.75	4.75
ENG-CH	2025-01-25	Luton	Millwall	3.23	1.47	2.20	4.84	3.20	1.36	1.95	4.50
ENG-CH	2025-01-25	Norwich	Swansea	2.10	1.98	2.19	3.98	1.93	1.93	2.15	3.60
ENG-CH	2025-01-25	Preston	Middlesbrough	2.13	1.92	3.50	2.20	2.00	1.85	3.50	2.10
ENG-CH	2025-01-25	QPR	Sheffield Weds	2.29	1.74	2.60	3.05	2.20	1.67	2.55	2.88
ENG-CH	2025-01-25	Stoke	Oxford	2.24	1.80	2.30	3.57	2.10	1.73	2.20	3.30
ENG-CH	2025-01-25	Sunderland	Plymouth	1.66	2.50	1.24	14.00	1.62	2.30	1.22	11.00
ENG-CH	2025-01-25	West Brom	Portsmouth	2.00	1.93	1.65	6.45	1.98	1.88	1.57	5.50
ENG-CH	2025-01-27	Burnley	Leeds	2.53	1.63	3.68	2.46	2.50	1.53	3.10	2.38
ENG-CH	2025-01-28	Portsmouth	Millwall	2.76	1.48	2.51	3.44	2.75	1.44	2.38	3.30
ENG-CH	2025-01-31	Blackburn	Preston	2.63	1.58	2.25	3.91	2.63	1.50	2.15	3.80
ENG-CH	2025-02-01	Derby	Sheffield United	2.35	1.74	3.78	2.25	2.20	1.67	3.30	2.20
ENG-CH	2025-02-01	Hull	Stoke	2.13	1.83	2.08	4.36	2.00	1.80	2.00	3.60
ENG-CH	2025-02-01	Leeds	Cardiff	1.90	2.08	1.32	12.50	1.83	2.03	1.29	9.50
ENG-CH	2025-02-01	Millwall	QPR	3.08	1.46	2.36	4.12	2.75	1.44	2.10	3.80
ENG-CH	2025-02-01	Oxford	Bristol City	2.44	1.66	3.35	2.44	2.30	1.62	3.00	2.30
ENG-CH	2025-02-01	Plymouth	West Brom	2.13	1.94	5.35	1.85	2.05	1.80	4.75	1.75
ENG-CH	2025-02-01	Portsmouth	Burnley	2.57	1.58	4.74	2.09	2.50	1.53	4.00	2.05
ENG-CH	2025-02-01	Sheffield Weds	Luton	2.29	1.73	2.05	4.21	2.20	1.67	1.95	4.10
ENG-CH	2025-02-01	Swansea	Coventry	2.13	1.90	2.79	2.73	2.00	1.85	2.60	2.63
ENG-CH	2025-02-01	Watford	Norwich	2.04	2.01	2.81	2.66	1.98	1.88	2.75	2.55
ENG-CH	2025-02-03	Middlesbrough	Sunderland	2.00	1.95	2.86	2.74	1.95	1.90	2.70	2.60
ENG-CH	2025-02-04	Burnley	Oxford	2.47	1.65	1.55	8.11	2.38	1.57	1.50	7.50
ENG-CH	2025-02-04	QPR	Blackburn	2.35	1.69	2.67	2.90	2.20	1.67	2.55	2.80
ENG-CH	2025-02-05	Coventry	Leeds	1.92	2.06	4.70	1.85	1.90	1.95	4.20	1.80
ENG-CH	2025-02-08	Norwich	Derby	2.24	1.95	1.83	5.10	2.10	1.73	1.80	4.33
ENG-CH	2025-02-08	Sheffield United	Portsmouth	2.02	1.92	1.61	6.40	1.98	1.88	1.55	5.50
ENG-CH	2025-02-08	Sunderland	Watford	1.90	2.08	1.52	7.30	1.85	2.00	1.45	6.25
ENG-CH	2025-02-08	West Brom	Sheffield Weds	2.13	1.85	2.26	3.68	2.05	1.80	2.05	3.40
ENG-CH	2025-02-09	Bristol City	Swansea	2.14	1.82	1.88	4.78	2.10	1.73	1.75	4.33
ENG-CH	2025-02-11	Coventry	QPR	2.35	1.92	2.00	4.20	2.20	1.67	1.91	4.00
ENG-CH	2025-02-11	Derby	Oxford	2.78	1.53	2.35	3.83	2.63	1.50	2.15	3.70
ENG-CH	2025-02-11	Norwich	Preston	2.06	1.92	1.74	5.35	1.98	1.88	1.70	5.00
ENG-CH	2025-02-11	Portsmouth	Cardiff	2.24	1.85	2.26	3.70	2.05	1.80	2.10	3.50
ENG-CH	2025-02-11	Watford	Leeds	1.85	2.14	10.00	1.41	1.83	2.03	9.50	1.36
ENG-CH	2025-02-12	Bristol City	Stoke	2.13	1.87	1.81	4.92	2.05	1.80	1.75	4.75
ENG-CH	2025-02-12	Burnley	Hull	2.50	1.60	1.75	5.87	2.38	1.57	1.70	5.50
ENG-CH	2025-02-12	Plymouth	Millwall	3.00	1.48	3.86	2.35	2.75	1.44	3.50	2.25
ENG-CH	2025-02-12	Sheffield United	Middlesbrough	2.02	1.93	2.29	3.43	1.98	1.88	2.20	3.20
ENG-CH	2025-02-12	Sunderland	Luton	2.13	1.86	1.58	7.91	2.03	1.83	1.45	7.00
ENG-CH	2025-02-12	Swansea	Sheffield Weds	2.13	1.81	2.77	2.75	2.00	1.80	2.63	2.60
ENG-CH	2025-02-12	West Brom	Blackburn	2.24	1.85	1.95	4.66	2.10	1.73	1.90	4.20
ENG-CH	2025-02-14	QPR	Derby	2.75	1.56	2.19	4.39	2.50	1.53	2.00	4.00
ENG-CH	2025-02-15	Blackburn	Plymouth	2.04	1.88	1.90	5.00	2.00	1.85	1.83	4.20
ENG-CH	2025-02-15	Cardiff	Bristol City	2.13	1.88	3.19	2.48	2.00	1.85	3.10	2.25
ENG-CH	2025-02-15	Hull	Norwich	1.99	1.98	2.55	2.95	1.93	1.93	2.38	2.90
ENG-CH	2025-02-15	Luton	Sheffield United	2.35	1.70	3.00	2.65	2.20	1.67	2.70	2.60
ENG-CH	2025-02-15	Middlesbrough	Watford	1.82	2.30	1.65	5.60	1.73	2.10	1.60	5.50
ENG-CH	2025-02-15	Millwall	West Brom	2.71	1.53	2.86	2.94	2.63	1.50	2.75	2.80
ENG-CH	2025-02-15	Oxford	Portsmouth	2.24	1.81	2.47	3.16	2.10	1.73	2.30	3.10
ENG-CH	2025-02-15	Preston	Burnley	2.89	1.50	4.60	2.14	2.75	1.44	4.00	2.10
ENG-CH	2025-02-15	Sheffield Weds	Coventry	2.13	1.86	2.42	3.21	2.03	1.83	2.30	3.00
ENG-CH	2025-02-15	Stoke	Swansea	2.04	1.95	2.52	3.19	1.93	1.93	2.30	3.10
ENG-CH	2025-02-17	Leeds	Sunderland	1.96	2.01	1.60	6.75	1.87	1.87	1.53	6.25
ENG-CH	2025-02-18	Preston	Millwall	3.25	1.39	2.56	3.53	3.20	1.36	2.40	3.30
ENG-CH	2025-02-19	Luton	Plymouth	2.25	1.74	1.92	4.80	2.20	1.67	1.83	4.50
ENG-CH	2025-02-21	Bristol City	Middlesbrough	2.07	1.91	2.40	3.32	2.03	1.83	2.30	3.10
ENG-CH	2025-02-21	Burnley	Sheffield Weds	2.55	1.61	2.00	5.00	2.38	1.57	1.91	4.20
ENG-CH	2025-02-22	Coventry	Preston	2.24	1.83	1.93	4.75	2.00	1.80	1.80	4.33
ENG-CH	2025-02-22	Derby	Millwall	3.32	1.39	2.69	3.32	3.20	1.36	2.60	3.10
ENG-CH	2025-02-22	Norwich	Stoke	1.99	2.09	1.79	5.05	1.93	1.93	1.67	4.75
ENG-CH	2025-02-22	Plymouth	Cardiff	2.33	1.70	2.72	2.85	2.20	1.67	2.60	2.70
ENG-CH	2025-02-22	Portsmouth	QPR	2.35	1.73	2.71	2.90	2.20	1.67	2.60	2.80
ENG-CH	2025-02-22	Sunderland	Hull	2.03	1.94	1.63	6.15	1.98	1.88	1.57	5.75
ENG-CH	2025-02-22	Swansea	Blackburn	2.35	1.73	2.40	3.44	2.10	1.73	2.15	3.20
ENG-CH	2025-02-22	West Brom	Oxford	2.35	1.74	1.74	5.89	2.20	1.67	1.65	5.50
ENG-CH	2025-02-23	Watford	Luton	2.30	1.73	2.43	3.34	2.20	1.67	2.30	3.10
ENG-CH	2025-02-24	Sheffield United	Leeds	2.20	1.83	4.50	1.93	2.10	1.73	4.00	1.83
ENG-CH	2025-02-25	Cardiff	Hull	2.24	1.81	2.65	2.98	2.10	1.73	2.55	2.90
ENG-CH	2025-02-25	Stoke	Middlesbrough	1.99	1.95	3.35	2.33	1.95	1.90	3.20	2.15
ENG-CH	2025-02-28	Sheffield Weds	Sunderland	2.24	1.79	2.87	2.78	2.20	1.67	2.70	2.63
ENG-CH	2025-03-01	Blackburn	Norwich	2.11	1.88	2.60	2.99	2.10	1.73	2.40	2.88
ENG-CH	2025-03-01	Leeds	West Brom	1.82	2.20	1.36	10.00	1.73	2.10	1.33	9.00
ENG-CH	2025-03-01	Luton	Portsmouth	2.08	1.88	2.11	3.92	2.03	1.83	2.00	3.75
ENG-CH	2025-03-01	Middlesbrough	Derby	1.99	1.98	1.58	6.72	1.93	1.93	1.50	6.25
ENG-CH	2025-03-01	Oxford	Coventry	2.13	1.87	4.45	2.03	2.03	1.83	4.10	1.95
ENG-CH	2025-03-01	QPR	Sheffield United	2.29	1.73	3.58	2.37	2.20	1.67	3.30	2.20
ENG-CH	2025-03-01	Stoke	Watford	2.24	1.82	2.80	2.84	2.10	1.73	2.60	2.70
ENG-CH	2025-03-04	Cardiff	Burnley	2.75	1.54	4.20	2.11	2.63	1.50	3.90	2.05
ENG-CH	2025-03-04	Hull	Plymouth	2.13	1.84	1.66	6.50	2.00	1.80	1.60	6.00
ENG-CH	2025-03-04	Millwall	Bristol City	3.06	1.43	2.78	3.09	3.00	1.40	2.63	2.88
ENG-CH	2025-03-04	Preston	Swansea	2.38	1.65	2.53	3.22	2.30	1.62	2.40	3.00
ENG-CH	2025-03-07	Norwich	Oxford	1.99	2.00	1.63	6.40	1.90	1.95	1.57	5.50
ENG-CH	2025-03-08	Bristol City	Hull	2.35	1.69	2.10	4.00	2.20	1.67	2.00	3.60
ENG-CH	2025-03-08	Burnley	Luton	2.35	1.71	1.65	7.02	2.20	1.67	1.57	6.50
ENG-CH	2025-03-08	Coventry	Stoke	1.90	2.07	1.70	6.00	1.80	2.00	1.65	4.75
ENG-CH	2025-03-08	Derby	Blackburn	2.80	1.54	3.03	2.89	2.63	1.50	2.80	2.75
ENG-CH	2025-03-08	Plymouth	Sheffield Weds	2.24	1.79	4.30	1.96	2.10	1.73	4.10	1.85
ENG-CH	2025-03-08	Sheffield United	Preston	2.24	1.74	1.72	5.67	2.10	1.73	1.67	5.25
ENG-CH	2025-03-08	Sunderland	Cardiff	1.99	2.01	1.57	6.60	1.98	1.88	1.53	5.50
ENG-CH	2025-03-08	Swansea	Middlesbrough	2.13	1.89	2.74	2.72	2.00	1.85	2.63	2.60
ENG-CH	2025-03-08	Watford	Millwall	2.77	1.50	2.30	3.76	2.75	1.44	2.15	3.60
ENG-CH	2025-03-08	West Brom	QPR	2.24	1.84	1.82	5.00	2.10	1.73	1.73	4.75
ENG-CH	2025-03-09	Portsmouth	Leeds	1.87	2.10	8.20	1.45	1.83	2.03	7.50	1.42
ENG-CH	2025-03-11	Burnley	West Brom	2.48	1.68	1.84	5.83	2.30	1.62	1.70	5.25
ENG-CH	2025-03-11	Cardiff	Luton	2.35	1.69	2.43	3.34	2.20	1.67	2.30	3.10
ENG-CH	2025-03-11	Derby	Coventry	2.63	1.58	3.76	2.26	2.50	1.53	3.50	2.20
ENG-CH	2025-03-11	Middlesbrough	QPR	1.90	2.06	1.91	4.56	1.85	2.00	1.83	4.50
ENG-CH	2025-03-11	Norwich	Sheffield Weds	2.13	1.87	2.35	3.57	2.03	1.83	2.20	3.30
ENG-CH	2025-03-11	Sheffield United	Bristol City	2.37	1.67	2.28	3.80	2.20	1.67	2.15	3.50
ENG-CH	2025-03-11	Sunderland	Preston	2.17	1.80	1.73	6.50	2.10	1.73	1.57	5.50
ENG-CH	2025-03-12	Hull	Oxford	2.24	1.76	1.72	5.98	2.20	1.67	1.62	5.50
ENG-CH	2025-03-12	Leeds	Millwall	1.95	2.03	1.30	17.00	1.90	1.95	1.22	12.00
ENG-CH	2025-03-12	Portsmouth	Plymouth	2.13	1.81	1.62	6.50	2.05	1.80	1.57	5.75
ENG-CH	2025-03-12	Stoke	Blackburn	2.43	1.66	2.62	3.06	2.38	1.57	2.45	2.90
ENG-CH	2025-03-12	Watford	Swansea	2.33	1.83	2.45	3.21	2.20	1.67	2.30	3.10
ENG-CH	2025-03-14	Bristol City	Norwich	2.11	1.88	2.20	3.92	2.05	1.80	2.10	3.70
ENG-CH	2025-03-15	Blackburn	Cardiff	2.35	1.72	2.00	4.40	2.20	1.67	1.85	4.20
ENG-CH	2025-03-15	Coventry	Sunderland	2.13	1.88	2.89	2.66	2.00	1.85	2.80	2.50
ENG-CH	2025-03-15	Luton	Middlesbrough	1.99	1.95	2.80	2.70	1.95	1.90	2.70	2.60
ENG-CH	2025-03-15	Millwall	Stoke	2.89	1.54	2.52	3.51	2.75	1.44	2.40	3.20
ENG-CH	2025-03-15	Oxford	Watford	2.47	1.65	3.09	2.63	2.38	1.57	2.88	2.55
ENG-CH	2025-03-15	Plymouth	Derby	3.06	1.44	3.38	2.61	3.00	1.40	3.10	2.45
ENG-CH	2025-03-15	Preston	Portsmouth	2.45	1.64	2.37	3.50	2.30	1.62	2.25	3.40
ENG-CH	2025-03-15	QPR	Leeds	1.95	2.01	8.50	1.46	1.93	1.93	7.00	1.42
ENG-CH	2025-03-15	Swansea	Burnley	2.68	1.56	4.31	2.12	2.50	1.53	4.00	1.95
ENG-CH	2025-03-15	West Brom	Hull	2.24	1.75	1.94	4.60	2.10	1.73	1.85	4.20
ENG-CH	2025-03-16	Sheffield Weds	Sheffield United	2.26	1.75	2.57	3.19	2.20	1.67	2.40	2.87
ENG-CH	2025-03-28	Sheffield United	Coventry	2.01	2.01	2.21	3.66	2.00	1.85	2.10	3.40
ENG-CH	2025-03-29	Burnley	Bristol City	2.35	1.73	1.78	5.50	2.10	1.73	1.75	4.75
ENG-CH	2025-03-29	Cardiff	Sheffield Weds	2.24	1.81	2.95	2.78	2.10	1.73	2.70	2.60
ENG-CH	2025-03-29	Hull	Luton	2.35	1.70	2.42	3.30	2.20	1.67	2.30	3.20
ENG-CH	2025-03-29	Leeds	Swansea	1.99	2.02	1.29	15.00	1.98	1.88	1.25	13.00
ENG-CH	2025-03-29	Middlesbrough	Oxford	1.90	2.04	1.59	6.50	1.83	2.03	1.53	6.50
ENG-CH	2025-03-29	Norwich	West Brom	2.00	1.98	2.15	3.80	1.88	1.98	2.05	3.60
ENG-CH	2025-03-29	Portsmouth	Blackburn	2.35	1.74	2.32	3.40	2.20	1.67	2.25	3.25
ENG-CH	2025-03-29	Stoke	QPR	2.47	1.66	2.22	3.80	2.38	1.57	2.15	3.60
ENG-CH	2025-03-29	Sunderland	Millwall	2.40	1.64	1.74	6.00	2.30	1.62	1.67	5.25
ENG-CH	2025-03-29	Watford	Plymouth	2.13	1.87	1.68	6.20	2.00	1.80	1.62	5.25
ENG-CH	2025-04-02	Derby	Preston	3.20	1.42	2.27	4.03	3.20	1.36	2.20	3.80
ENG-CH	2025-04-04	Blackburn	Middlesbrough	1.99	1.95	2.95	2.55	1.93	1.93	2.70	2.45
ENG-CH	2025-04-05	Bristol City	Watford	2.05	1.91	1.92	4.50	2.00	1.85	1.90	4.20
ENG-CH	2025-04-05	Coventry	Burnley	2.24	1.81	3.73	2.48	2.10	1.73	3.50	2.15
ENG-CH	2025-04-05	Luton	Leeds	2.01	2.01	5.81	1.65	1.98	1.88	5.00	1.62
ENG-CH	2025-04-05	Millwall	Portsmouth	2.86	1.48	2.41	3.68	2.75	1.44	2.25	3.40
ENG-CH	2025-04-05	Oxford	Sheffield United	2.35	1.74	5.14	1.78	2.20	1.67	4.75	1.73
ENG-CH	2025-04-05	Plymouth	Norwich	1.90	2.08	4.82	1.85	1.80	2.00	4.50	1.75
ENG-CH	2025-04-05	Preston	Stoke	2.57	1.60	2.53	3.19	2.38	1.57	2.45	3.00
ENG-CH	2025-04-05	QPR	Cardiff	2.35	1.69	2.38	3.40	2.20	1.67	2.20	3.30
ENG-CH	2025-04-05	Sheffield Weds	Hull	2.06	1.91	2.13	3.87	1.98	1.88	2.00	3.60
ENG-CH	2025-04-05	Swansea	Derby	3.30	1.41	2.26	4.12	3.20	1.36	2.10	4.00
ENG-CH	2025-04-05	West Brom	Sunderland	2.24	1.77	2.31	3.33	2.10	1.73	2.25	3.20
ENG-CH	2025-04-08	Blackburn	Sheffield Weds	2.35	1.71	2.47	3.20	2.20	1.67	2.30	2.90
ENG-CH	2025-04-08	Bristol City	West Brom	2.24	1.75	2.57	3.05	2.10	1.73	2.45	2.80
ENG-CH	2025-04-08	Derby	Burnley	3.38	1.43	5.08	1.95	3.00	1.40	4.75	1.90
ENG-CH	2025-04-08	Middlesbrough	Leeds	1.69	2.32	4.50	1.79	1.67	2.20	4.20	1.75
ENG-CH	2025-04-08	Norwich	Sunderland	2.13	1.92	2.30	3.40	2.03	1.83	2.15	3.10
ENG-CH	2025-04-08	Preston	Cardiff	2.57	1.59	2.60	3.14	2.50	1.53	2.45	2.90
ENG-CH	2025-04-08	Sheffield United	Millwall	2.24	1.77	1.62	6.41	2.20	1.67	1.57	5.50
ENG-CH	2025-04-08	Stoke	Luton	2.51	1.62	2.56	3.12	2.38	1.57	2.45	2.90
ENG-CH	2025-04-08	Watford	Hull	2.38	1.68	2.73	2.80	2.20	1.67	2.63	2.63
ENG-CH	2025-04-09	Coventry	Portsmouth	1.75	2.21	1.65	5.63	1.73	2.10	1.60	5.00
ENG-CH	2025-04-09	Oxford	QPR	2.77	1.49	2.62	3.15	2.75	1.44	2.55	2.90
ENG-CH	2025-04-09	Swansea	Plymouth	2.25	1.75	1.74	5.77	2.10	1.73	1.70	4.75
ENG-CH	2025-04-11	Burnley	Norwich	2.14	1.80	1.59	6.97	2.00	1.80	1.57	5.50
ENG-CH	2025-04-12	Cardiff	Stoke	2.35	1.71	2.32	3.31	2.20	1.67	2.25	3.00
ENG-CH	2025-04-12	Leeds	Preston	1.82	2.10	1.26	14.48	1.80	2.00	1.25	12.00
ENG-CH	2025-04-12	Luton	Blackburn	2.35	1.70	1.83	5.19	2.20	1.67	1.73	5.00
ENG-CH	2025-04-12	Millwall	Middlesbrough	2.35	1.71	3.34	2.40	2.20	1.67	3.10	2.30
ENG-CH	2025-04-12	Plymouth	Sheffield United	1.75	2.23	6.76	1.53	1.73	2.10	6.00	1.48
ENG-CH	2025-04-12	Portsmouth	Derby	3.32	1.41	2.60	3.48	3.20	1.36	2.40	3.25
ENG-CH	2025-04-12	QPR	Bristol City	2.40	1.65	3.33	2.40	2.30	1.62	3.10	2.30
ENG-CH	2025-04-12	Sheffield Weds	Oxford	2.13	1.88	1.65	6.60	2.00	1.85	1.60	6.00
ENG-CH	2025-04-12	Sunderland	Swansea	2.24	1.77	1.90	4.75	2.10	1.73	1.83	4.20
ENG-CH	2025-04-12	West Brom	Watford	2.08	1.91	1.81	5.06	1.98	1.88	1.73	4.50
ENG-CH	2025-04-14	Hull	Coventry	2.03	2.01	2.88	2.76	1.92	1.82	2.70	2.70
ENG-CH	2025-04-18	Blackburn	Millwall	2.50	1.85	2.30	3.74	2.20	1.67	2.10	3.30
ENG-CH	2025-04-18	Bristol City	Sunderland	2.34	1.74	2.45	3.42	2.30	1.62	2.25	3.20
ENG-CH	2025-04-18	Coventry	West Brom	1.84	2.12	2.35	3.53	1.80	2.00	2.05	3.40
ENG-CH	2025-04-18	Derby	Luton	3.03	1.48	2.62	3.42	3.00	1.40	2.50	3.20
ENG-CH	2025-04-18	Middlesbrough	Plymouth	1.56	2.63	1.44	9.25	1.53	2.50	1.33	7.50
ENG-CH	2025-04-18	Norwich	Portsmouth	1.90	2.03	1.98	4.50	1.88	1.98	1.91	3.70
ENG-CH	2025-04-18	Oxford	Leeds	1.82	2.11	9.76	1.37	1.80	2.00	8.50	1.33
ENG-CH	2025-04-18	Preston	QPR	2.53	1.58	2.43	3.63	2.50	1.53	2.25	3.40
ENG-CH	2025-04-18	Sheffield United	Cardiff	1.79	2.21	1.57	6.52	1.73	2.10	1.53	5.75
ENG-CH	2025-04-18	Stoke	Sheffield Weds	2.24	1.81	2.28	3.52	2.10	1.73	2.15	3.40
ENG-CH	2025-04-18	Swansea	Hull	2.35	1.74	2.44	3.47	2.20	1.67	2.20	3.25
ENG-CH	2025-04-18	Watford	Burnley	2.37	1.67	5.50	1.81	2.30	1.62	4.75	1.75
ENG-CH	2025-04-21	Burnley	Sheffield United	2.35	1.79	1.98	4.36	2.20	1.67	1.91	4.00
ENG-CH	2025-04-21	Cardiff	Oxford	2.53	1.64	1.95	5.25	2.30	1.62	1.75	5.25
ENG-CH	2025-04-21	Hull	Preston	2.35	1.72	2.05	4.77	2.20	1.67	1.83	4.50
ENG-CH	2025-04-21	Leeds	Stoke	1.70	2.36	1.30	13.00	1.62	2.30	1.29	10.00
ENG-CH	2025-04-21	Luton	Bristol City	2.47	1.62	2.65	3.10	2.38	1.57	2.55	2.90
ENG-CH	2025-04-21	Millwall	Norwich	2.13	1.83	2.68	2.85	2.03	1.83	2.55	2.60
ENG-CH	2025-04-21	Plymouth	Coventry	1.82	2.25	4.75	1.80	1.73	2.10	4.20	1.75
ENG-CH	2025-04-21	Portsmouth	Watford	2.13	1.85	1.85	4.80	2.03	1.83	1.80	4.50
ENG-CH	2025-04-21	QPR	Swansea	2.42	1.63	2.82	2.80	2.38	1.57	2.63	2.63
ENG-CH	2025-04-21	Sheffield Weds	Middlesbrough	1.65	2.45	3.13	2.30	1.57	2.38	2.90	2.25
ENG-CH	2025-04-21	Sunderland	Blackburn	2.24	1.80	2.28	3.55	2.10	1.73	2.20	3.30
ENG-CH	2025-04-21	West Brom	Derby	2.57	1.57	2.04	4.49	2.50	1.53	2.00	4.10
ENG-CH	2025-04-25	Stoke	Sheffield United	2.35	1.70	2.50	3.10	2.20	1.67	2.35	3.00
ENG-CH	2025-04-26	Blackburn	Watford	1.99	1.95	1.68	5.64	1.93	1.93	1.60	5.50
ENG-CH	2025-04-26	Cardiff	West Brom	2.35	1.75	2.26	3.50	2.10	1.73	2.15	3.30
ENG-CH	2025-04-26	Hull	Derby	2.86	1.50	2.40	3.57	2.75	1.44	2.25	3.40
ENG-CH	2025-04-26	Luton	Coventry	2.13	1.91	2.50	3.15	1.98	1.88	2.35	3.00
ENG-CH	2025-04-26	Middlesbrough	Norwich	1.70	2.45	1.66	5.17	1.67	2.20	1.62	5.00
ENG-CH	2025-04-26	Millwall	Swansea	2.47	1.61	2.37	3.50	2.38	1.57	2.30	3.25
ENG-CH	2025-04-26	Oxford	Sunderland	2.37	1.66	3.67	2.24	2.30	1.62	3.40	2.15
ENG-CH	2025-04-26	Preston	Plymouth	2.24	1.78	1.85	5.00	2.10	1.73	1.75	4.75
ENG-CH	2025-04-26	QPR	Burnley	2.53	1.61	5.38	1.97	2.38	1.57	5.00	1.70
ENG-CH	2025-04-26	Sheffield Weds	Portsmouth	1.70	2.29	1.91	4.30	1.67	2.20	1.73	3.90
ENG-CH	2025-04-28	Leeds	Bristol City	1.77	2.33	1.43	9.00	1.73	2.10	1.38	7.50
ENG-CH	2025-05-03	Bristol City	Preston	2.24	1.81	1.99	4.48	2.10	1.73	1.91	4.20
ENG-CH	2025-05-03	Burnley	Millwall	1.90	2.07	1.55	6.52	1.83	2.03	1.50	6.25
ENG-CH	2025-05-03	Coventry	Middlesbrough	1.65	2.35	2.18	3.30	1.62	2.30	2.10	3.00
ENG-CH	2025-05-03	Derby	Stoke	3.06	1.47	2.24	4.32	3.00	1.40	2.20	4.10
ENG-CH	2025-05-03	Norwich	Cardiff	1.62	2.42	1.56	5.91	1.57	2.38	1.50	5.50
ENG-CH	2025-05-03	Plymouth	Leeds	1.48	2.85	11.76	1.28	1.44	2.75	9.50	1.25
ENG-CH	2025-05-03	Portsmouth	Hull	1.99	1.95	3.25	2.34	1.95	1.90	3.10	2.10
ENG-CH	2025-05-03	Sheffield United	Blackburn	1.99	1.93	2.60	2.95	1.95	1.90	2.55	2.60
ENG-CH	2025-05-03	Sunderland	QPR	1.82	2.23	1.57	7.56	1.67	2.20	1.42	6.50
ENG-CH	2025-05-03	Swansea	Oxford	1.90	2.00	1.63	5.91	1.85	2.00	1.57	5.25
ENG-CH	2025-05-03	Watford	Sheffield Weds	1.66	2.37	2.75	2.78	1.62	2.30	2.50	2.63
ENG-CH	2025-05-03	West Brom	Luton	2.13	1.86	3.33	2.34	2.03	1.83	3.10	2.25
ENG-CH	2025-08-08	Birmingham	Ipswich	2.18	1.73	2.60	2.88	2.10	1.73	2.55	2.75
ENG-CH	2025-08-09	Charlton	Watford	2.20	1.70	2.38	3.33	2.20	1.67	2.25	3.20
ENG-CH	2025-08-09	Coventry	Hull	1.93	1.93	1.85	5.33	1.93	1.93	1.67	4.75
ENG-CH	2025-08-09	Middlesbrough	Swansea	2.15	1.76	2.15	4.00	2.05	1.68	2.10	3.60
ENG-CH	2025-08-09	Norwich	Millwall	2.14	1.75	2.20	3.70	2.05	1.68	2.15	3.40
ENG-CH	2025-08-09	Oxford	Portsmouth	2.25	1.73	2.75	2.90	2.15	1.62	2.63	2.60
ENG-CH	2025-08-09	QPR	Preston	2.30	1.67	2.63	2.88	2.15	1.62	2.55	2.88
ENG-CH	2025-08-09	Sheffield United	Bristol City	1.94	1.93	1.73	5.25	1.93	1.93	1.70	4.75
ENG-CH	2025-08-09	Southampton	Wrexham	2.20	1.77	1.92	4.50	2.20	1.67	1.90	4.10
ENG-CH	2025-08-09	Stoke	Derby	2.70	1.52	2.14	4.10	2.57	1.46	2.05	3.75
ENG-CH	2025-08-09	West Brom	Blackburn	2.23	1.68	1.91	4.50	2.15	1.62	1.83	4.33
ENG-CH	2025-08-10	Leicester	Sheffield Weds	1.73	2.23	1.28	15.00	1.73	2.10	1.22	13.00
ENG-CH	2025-08-16	Blackburn	Birmingham	2.38	1.63	3.35	2.45	2.38	1.57	3.25	2.30
ENG-CH	2025-08-16	Bristol City	Charlton	2.10	1.83	2.00	4.10	2.03	1.83	1.95	3.70
ENG-CH	2025-08-16	Derby	Coventry	2.50	1.62	3.75	2.25	2.50	1.53	3.50	2.15
ENG-CH	2025-08-16	Millwall	Middlesbrough	2.23	1.73	2.25	3.50	2.10	1.73	2.15	3.40
ENG-CH	2025-08-16	Portsmouth	Norwich	1.98	1.91	2.63	2.80	1.98	1.88	2.50	2.70
ENG-CH	2025-08-16	Preston	Leicester	2.12	1.73	4.00	2.01	2.10	1.73	4.00	1.91
ENG-CH	2025-08-16	Sheffield Weds	Stoke	2.10	1.75	3.60	2.18	2.10	1.73	3.40	2.15
ENG-CH	2025-08-16	Swansea	Sheffield United	2.20	1.68	2.63	3.10	2.20	1.67	2.38	3.10
ENG-CH	2025-08-16	Watford	QPR	2.10	1.80	2.00	4.20	2.10	1.73	1.91	3.90
ENG-CH	2025-08-16	Wrexham	West Brom	2.22	1.67	2.80	2.75	2.20	1.67	2.70	2.70
ENG-CH	2025-08-17	Hull	Oxford	2.30	1.65	1.95	4.50	2.30	1.62	1.90	4.00
ENG-CH	2025-08-17	Ipswich	Southampton	1.83	2.05	1.97	4.00	1.80	2.00	1.85	3.90
ENG-CH	2025-08-22	Derby	Bristol City	2.63	1.53	3.15	2.54	2.63	1.50	3.00	2.50
ENG-CH	2025-08-23	Birmingham	Oxford	2.05	1.83	1.50	8.00	2.03	1.83	1.48	6.50
ENG-CH	2025-08-23	Charlton	Leicester	2.30	1.67	3.00	2.60	2.30	1.62	2.88	2.50
ENG-CH	2025-08-23	Coventry	QPR	1.74	2.25	1.51	7.50	1.67	2.20	1.44	6.25
ENG-CH	2025-08-23	Hull	Blackburn	2.20	1.73	2.38	3.33	2.10	1.73	2.30	3.10
ENG-CH	2025-08-23	Norwich	Middlesbrough	1.96	1.91	2.38	3.00	1.95	1.90	2.35	3.00
ENG-CH	2025-08-23	Preston	Ipswich	2.14	1.73	3.50	2.23	2.10	1.73	3.40	2.15
ENG-CH	2025-08-23	Sheffield United	Millwall	2.00	1.95	1.88	4.33	1.90	1.95	1.75	4.20
ENG-CH	2025-08-23	Southampton	Stoke	1.97	1.94	1.95	4.10	1.93	1.93	1.91	3.60
ENG-CH	2025-08-23	Swansea	Watford	2.22	1.72	1.88	5.00	2.20	1.67	1.73	4.75
ENG-CH	2025-08-23	West Brom	Portsmouth	1.98	1.91	1.73	5.50	1.98	1.88	1.67	5.00
ENG-CH	2025-08-23	Wrexham	Sheffield Weds	1.95	1.93	1.63	6.00	1.95	1.90	1.60	5.25
ENG-CH	2025-08-29	Leicester	Birmingham	2.10	1.77	2.57	2.95	2.10	1.73	2.45	2.82
ENG-CH	2025-08-30	Blackburn	Norwich	2.12	1.80	2.28	3.33	2.00	1.80	2.05	3.25
ENG-CH	2025-08-30	Bristol City	Hull	1.96	1.93	1.95	4.50	1.93	1.93	1.72	4.50
ENG-CH	2025-08-30	Ipswich	Derby	2.22	1.70	1.56	7.00	2.20	1.67	1.43	7.00
ENG-CH	2025-08-30	Middlesbrough	Sheffield United	1.93	2.00	2.20	3.40	1.80	2.00	2.05	3.20
ENG-CH	2025-08-30	Millwall	Wrexham	2.20	1.73	2.16	3.75	2.10	1.73	1.97	3.75
ENG-CH	2025-08-30	Oxford	Coventry	1.79	2.10	5.00	1.70	1.73	2.10	4.75	1.53
ENG-CH	2025-08-30	Portsmouth	Preston	2.15	1.73	2.20	3.60	2.10	1.73	2.01	3.50
ENG-CH	2025-08-30	QPR	Charlton	2.17	1.77	3.30	2.35	2.10	1.73	3.30	2.05
ENG-CH	2025-08-30	Sheffield Weds	Swansea	2.20	1.73	3.45	2.25	2.20	1.67	3.25	2.15
ENG-CH	2025-08-30	Stoke	West Brom	2.20	1.73	2.66	2.85	2.10	1.73	2.52	2.60
ENG-CH	2025-08-30	Watford	Southampton	2.05	1.85	3.00	2.60	2.00	1.85	2.70	2.35
ENG-CH	2025-09-12	Ipswich	Sheffield United	1.91	1.98	1.78	4.80	1.88	1.98	1.68	4.75
ENG-CH	2025-09-13	Charlton	Millwall	2.45	1.57	2.50	3.33	2.38	1.57	2.35	3.00
ENG-CH	2025-09-13	Coventry	Norwich	1.57	2.50	1.75	4.50	1.57	2.38	1.66	4.20
ENG-CH	2025-09-13	Oxford	Leicester	2.05	1.80	4.00	2.02	2.05	1.80	3.70	1.96
ENG-CH	2025-09-13	Preston	Middlesbrough	2.17	1.75	3.25	2.38	2.10	1.73	3.00	2.25
ENG-CH	2025-09-13	Sheffield Weds	Bristol City	2.00	1.91	3.90	2.00	2.00	1.85	3.90	1.91
ENG-CH	2025-09-13	Stoke	Birmingham	2.30	1.70	3.10	2.54	2.30	1.62	2.82	2.45
ENG-CH	2025-09-13	Swansea	Hull	1.98	1.93	1.83	4.70	1.93	1.93	1.76	4.33
ENG-CH	2025-09-13	Watford	Blackburn	2.22	1.72	2.50	3.10	2.20	1.67	2.40	2.82
ENG-CH	2025-09-13	West Brom	Derby	2.35	1.62	1.85	5.00	2.30	1.62	1.68	5.00
ENG-CH	2025-09-13	Wrexham	QPR	2.10	1.84	2.15	3.90	2.10	1.73	2.10	3.40
ENG-CH	2025-09-14	Southampton	Portsmouth	1.77	2.14	1.80	4.60	1.73	2.10	1.68	4.33
ENG-CH	2025-09-19	Middlesbrough	West Brom	2.10	1.80	2.20	3.50	2.10	1.73	2.15	3.25
ENG-CH	2025-09-20	Birmingham	Swansea	2.45	1.58	2.12	4.25	2.38	1.57	2.01	3.80
ENG-CH	2025-09-20	Derby	Preston	2.65	1.53	2.40	3.35	2.50	1.53	2.25	3.10
ENG-CH	2025-09-20	Hull	Southampton	1.73	2.28	3.10	2.35	1.73	2.10	2.85	2.25
ENG-CH	2025-09-20	Leicester	Coventry	1.70	2.20	2.50	2.85	1.67	2.20	2.45	2.65
ENG-CH	2025-09-20	Norwich	Wrexham	1.80	2.07	2.12	3.80	1.80	2.00	2.05	3.30
ENG-CH	2025-09-20	Portsmouth	Sheffield Weds	2.03	1.90	1.71	6.00	2.03	1.83	1.66	5.25
ENG-CH	2025-09-20	QPR	Stoke	2.08	1.85	3.00	2.60	2.00	1.85	2.75	2.40
ENG-CH	2025-09-20	Sheffield United	Charlton	2.10	1.88	1.88	4.60	2.05	1.80	1.76	4.20
ENG-CH	2025-09-21	Bristol City	Oxford	1.90	2.00	1.62	6.00	1.80	2.00	1.53	5.25
ENG-CH	2025-09-22	Millwall	Watford	2.25	1.67	2.04	4.20	2.20	1.67	1.91	4.10
ENG-CH	2025-09-26	West Brom	Leicester	2.20	1.73	2.25	3.40	2.20	1.67	2.15	3.30
ENG-CH	2025-09-27	Charlton	Blackburn	2.38	1.62	2.38	3.40	2.30	1.62	2.25	3.10
ENG-CH	2025-09-27	Coventry	Birmingham	1.98	1.96	2.17	3.60	1.98	1.88	2.01	3.50
ENG-CH	2025-09-27	Ipswich	Portsmouth	1.70	2.30	1.44	8.50	1.67	2.20	1.35	8.50
ENG-CH	2025-09-27	Oxford	Sheffield United	2.10	1.83	3.10	2.40	2.03	1.83	3.10	2.25
ENG-CH	2025-09-27	Preston	Bristol City	2.20	1.73	2.75	2.85	2.20	1.67	2.65	2.55
ENG-CH	2025-09-27	Sheffield Weds	QPR	2.00	1.93	3.20	2.33	1.93	1.93	3.10	2.15
ENG-CH	2025-09-27	Southampton	Middlesbrough	1.84	2.03	2.38	3.00	1.83	2.03	2.20	3.00
ENG-CH	2025-09-27	Stoke	Norwich	1.91	1.98	1.98	4.00	1.88	1.98	1.86	3.70
ENG-CH	2025-09-27	Swansea	Millwall	2.33	1.67	2.23	3.55	2.20	1.67	2.10	3.40
ENG-CH	2025-09-27	Watford	Hull	1.98	1.91	2.40	3.10	1.98	1.88	2.30	2.85
ENG-CH	2025-09-27	Wrexham	Derby	2.23	1.73	2.15	3.70	2.10	1.73	2.01	3.40
ENG-CH	2025-09-30	Birmingham	Sheffield Weds	2.05	1.93	1.50	8.00	1.93	1.93	1.42	8.00
ENG-CH	2025-09-30	Blackburn	Swansea	2.38	1.64	2.55	3.00	2.38	1.57	2.35	3.00
ENG-CH	2025-09-30	Bristol City	Ipswich	2.03	1.90	2.85	2.60	2.03	1.83	2.65	2.50
ENG-CH	2025-09-30	Derby	Charlton	2.66	1.50	2.78	2.80	2.63	1.50	2.65	2.57
ENG-CH	2025-09-30	Hull	Preston	2.10	1.75	2.08	3.80	2.10	1.73	1.91	3.75
ENG-CH	2025-09-30	Leicester	Wrexham	1.88	2.00	1.83	4.50	1.88	1.98	1.76	4.20
ENG-CH	2025-09-30	Middlesbrough	Stoke	2.05	1.88	1.91	4.50	1.98	1.88	1.81	4.20
ENG-CH	2025-09-30	Sheffield United	Southampton	2.03	1.83	2.52	2.90	2.03	1.83	2.40	2.75
ENG-CH	2025-10-01	Millwall	Coventry	1.98	1.91	3.70	2.12	1.98	1.88	3.70	1.96
ENG-CH	2025-10-01	Norwich	West Brom	2.10	1.84	3.33	2.25	2.10	1.73	3.25	2.15
ENG-CH	2025-10-01	Portsmouth	Watford	2.20	1.73	2.40	3.20	2.20	1.67	2.30	3.00
ENG-CH	2025-10-01	QPR	Oxford	2.04	1.85	2.12	3.55	2.00	1.85	2.05	3.30
ENG-CH	2025-10-03	Wrexham	Birmingham	2.25	1.73	2.95	2.62	2.20	1.67	2.65	2.57
ENG-CH	2025-10-04	Blackburn	Stoke	2.20	1.75	2.60	3.00	2.10	1.73	2.35	2.85
ENG-CH	2025-10-04	Bristol City	QPR	1.85	2.05	1.95	4.50	1.85	2.00	1.76	4.50
ENG-CH	2025-10-04	Derby	Southampton	2.22	1.78	3.65	2.22	2.20	1.67	3.50	2.10
ENG-CH	2025-10-04	Hull	Sheffield United	1.98	1.91	2.62	2.85	1.98	1.88	2.57	2.65
ENG-CH	2025-10-04	Millwall	West Brom	2.63	1.60	2.88	2.75	2.63	1.50	2.75	2.55
ENG-CH	2025-10-04	Portsmouth	Middlesbrough	2.10	1.84	3.15	2.40	2.05	1.80	3.00	2.25
ENG-CH	2025-10-04	Preston	Charlton	2.63	1.55	2.75	3.00	2.63	1.50	2.70	2.65
ENG-CH	2025-10-04	Sheffield Weds	Coventry	1.73	2.20	5.00	1.67	1.73	2.10	4.50	1.61
ENG-CH	2025-10-04	Swansea	Leicester	2.20	1.73	2.70	2.80	2.20	1.67	2.45	2.57
ENG-CH	2025-10-04	Watford	Oxford	2.15	1.77	1.98	4.33	2.10	1.73	1.81	4.33
ENG-CH	2025-10-05	Ipswich	Norwich	1.75	2.10	1.60	5.75	1.73	2.10	1.51	5.25
ENG-CH	2025-10-17	Middlesbrough	Ipswich	2.12	1.75	3.05	2.55	2.10	1.73	3.05	2.25
ENG-CH	2025-10-18	Birmingham	Hull	1.98	1.91	1.86	5.00	1.98	1.88	1.79	4.20
ENG-CH	2025-10-18	Charlton	Sheffield Weds	2.16	1.80	1.70	6.25	2.05	1.80	1.62	5.00
ENG-CH	2025-10-18	Coventry	Blackburn	1.67	2.25	1.51	7.00	1.67	2.20	1.45	6.50
ENG-CH	2025-10-18	Leicester	Portsmouth	1.91	1.98	1.57	6.50	1.88	1.98	1.45	6.50
ENG-CH	2025-10-18	Norwich	Bristol City	1.92	1.98	2.55	2.90	1.88	1.98	2.50	2.65
ENG-CH	2025-10-18	Oxford	Derby	2.38	1.67	2.60	3.00	2.20	1.67	2.45	2.85
ENG-CH	2025-10-18	QPR	Millwall	2.25	1.73	2.66	2.90	2.10	1.73	2.57	2.70
ENG-CH	2025-10-18	Sheffield United	Watford	2.10	1.75	2.15	3.90	2.10	1.73	1.96	3.90
ENG-CH	2025-10-18	Southampton	Swansea	2.10	1.80	2.00	3.90	2.00	1.80	1.96	3.70
ENG-CH	2025-10-18	Stoke	Wrexham	2.00	1.91	2.16	3.75	1.98	1.88	2.10	3.30
ENG-CH	2025-10-18	West Brom	Preston	2.30	1.70	1.80	5.00	2.30	1.62	1.68	5.00
ENG-CH	2025-10-21	Blackburn	Sheffield United	2.25	1.67	2.66	2.95	2.20	1.67	2.55	2.70
ENG-CH	2025-10-21	Bristol City	Southampton	1.95	1.96	2.60	2.88	1.95	1.90	2.40	2.75
ENG-CH	2025-10-21	Derby	Norwich	2.10	1.83	2.38	3.33	2.03	1.83	2.25	3.05
ENG-CH	2025-10-21	Hull	Leicester	1.93	1.93	3.60	2.12	1.93	1.93	3.60	1.96
ENG-CH	2025-10-21	Ipswich	Charlton	2.00	1.85	1.62	6.00	2.00	1.85	1.53	5.75
ENG-CH	2025-10-21	Millwall	Stoke	2.28	1.67	2.48	3.10	2.20	1.67	2.35	2.95
ENG-CH	2025-10-21	Portsmouth	Coventry	1.93	1.96	3.75	2.07	1.93	1.93	3.70	1.91
ENG-CH	2025-10-21	Preston	Birmingham	2.54	1.55	3.00	2.60	2.50	1.53	2.85	2.50
ENG-CH	2025-10-22	Sheffield Weds	Middlesbrough	1.83	2.03	5.00	1.77	1.83	2.03	4.33	1.68
ENG-CH	2025-10-22	Swansea	QPR	1.93	1.98	2.15	3.50	1.88	1.98	2.01	3.40
ENG-CH	2025-10-22	Watford	West Brom	2.38	1.68	2.88	2.71	2.38	1.57	2.57	2.65
ENG-CH	2025-10-22	Wrexham	Oxford	2.05	1.83	2.05	3.80	2.05	1.80	1.96	3.60
ENG-CH	2025-10-24	Preston	Sheffield United	2.35	1.63	2.66	2.90	2.30	1.62	2.50	2.85
ENG-CH	2025-10-25	Blackburn	Southampton	2.22	1.76	3.14	2.50	2.10	1.73	2.95	2.32
ENG-CH	2025-10-25	Bristol City	Birmingham	2.20	1.73	2.23	3.45	2.20	1.67	2.15	3.30
ENG-CH	2025-10-25	Coventry	Watford	1.67	2.25	1.57	6.00	1.67	2.20	1.53	5.00
ENG-CH	2025-10-25	Derby	QPR	2.20	1.77	2.80	2.75	2.10	1.73	2.65	2.50
ENG-CH	2025-10-25	Hull	Charlton	2.05	1.86	2.40	3.00	2.05	1.80	2.35	2.85
ENG-CH	2025-10-25	Ipswich	West Brom	2.22	1.71	2.00	4.30	2.20	1.67	1.91	4.20
ENG-CH	2025-10-25	Middlesbrough	Wrexham	2.00	1.91	1.84	4.75	2.00	1.85	1.71	4.50
ENG-CH	2025-10-25	Millwall	Leicester	2.22	1.73	3.25	2.50	2.10	1.73	3.20	2.20
ENG-CH	2025-10-25	Portsmouth	Stoke	2.10	1.77	2.90	2.65	2.10	1.73	2.82	2.55
ENG-CH	2025-10-25	Sheffield Weds	Oxford	2.05	1.80	3.20	2.45	2.00	1.80	3.20	2.20
ENG-CH	2025-10-25	Swansea	Norwich	1.95	1.94	2.36	3.25	1.93	1.93	2.15	3.25
ENG-CH	2025-10-31	Wrexham	Coventry	1.91	2.00	3.25	2.23	1.85	2.00	3.05	2.10
ENG-CH	2025-11-01	Birmingham	Portsmouth	2.10	1.81	1.65	5.75	2.00	1.80	1.57	5.50
ENG-CH	2025-11-01	Charlton	Swansea	2.55	1.55	2.17	3.80	2.50	1.53	2.10	3.50
ENG-CH	2025-11-01	Leicester	Blackburn	2.05	1.83	1.82	5.00	2.05	1.80	1.71	4.50
ENG-CH	2025-11-01	Norwich	Hull	1.73	2.15	2.10	3.50	1.73	2.10	1.96	3.40
ENG-CH	2025-11-01	Oxford	Millwall	2.25	1.67	2.75	2.80	2.20	1.67	2.57	2.57
ENG-CH	2025-11-01	QPR	Ipswich	1.91	1.98	3.50	2.15	1.88	1.98	3.40	2.05
ENG-CH	2025-11-01	Sheffield United	Derby	2.30	1.62	1.85	4.80	2.30	1.62	1.79	4.33
ENG-CH	2025-11-01	Southampton	Preston	1.91	1.95	1.76	4.80	1.90	1.95	1.62	4.50
ENG-CH	2025-11-01	Stoke	Bristol City	2.14	1.74	2.45	3.10	2.10	1.73	2.30	2.85
ENG-CH	2025-11-01	Watford	Middlesbrough	2.25	1.81	2.75	2.66	2.00	1.80	2.57	2.57
ENG-CH	2025-11-01	West Brom	Sheffield Weds	1.91	1.98	1.52	7.00	1.88	1.98	1.46	5.75
ENG-CH	2025-11-04	Birmingham	Millwall	2.20	1.73	1.80	5.00	2.20	1.67	1.68	4.75
ENG-CH	2025-11-04	Bristol City	Blackburn	2.05	1.91	2.30	3.30	2.05	1.80	2.20	3.25
ENG-CH	2025-11-04	Charlton	West Brom	2.63	1.50	2.66	2.95	2.63	1.50	2.55	2.85
ENG-CH	2025-11-04	Coventry	Sheffield United	1.73	2.20	1.70	5.10	1.73	2.10	1.62	4.75
ENG-CH	2025-11-04	Derby	Hull	2.05	1.80	2.20	3.50	2.05	1.80	2.05	3.40
ENG-CH	2025-11-04	Ipswich	Watford	1.91	1.95	1.70	5.50	1.90	1.95	1.61	5.25
ENG-CH	2025-11-04	Leicester	Middlesbrough	2.08	1.83	2.20	3.50	2.03	1.83	2.05	3.40
ENG-CH	2025-11-04	Oxford	Stoke	2.05	1.85	3.15	2.37	2.00	1.85	3.05	2.30
ENG-CH	2025-11-05	Portsmouth	Wrexham	2.20	1.70	2.75	2.80	2.20	1.67	2.65	2.65
ENG-CH	2025-11-05	Preston	Swansea	2.50	1.62	2.32	3.60	2.50	1.53	2.20	3.50
ENG-CH	2025-11-05	QPR	Southampton	1.94	1.94	2.75	2.75	1.93	1.93	2.65	2.55
ENG-CH	2025-11-05	Sheffield Weds	Norwich	1.91	2.00	3.05	2.38	1.88	1.98	2.82	2.30
ENG-CH	2025-11-07	Watford	Bristol City	2.00	1.91	2.16	3.65	1.95	1.90	1.96	3.50
ENG-CH	2025-11-08	Blackburn	Derby	2.14	1.80	2.12	3.75	2.00	1.80	2.01	3.50
ENG-CH	2025-11-08	Hull	Portsmouth	2.00	1.93	2.04	4.00	2.00	1.85	1.86	3.80
ENG-CH	2025-11-08	Middlesbrough	Birmingham	2.25	1.67	2.55	3.00	2.20	1.67	2.30	2.85
ENG-CH	2025-11-08	Millwall	Preston	2.50	1.62	2.25	3.70	2.50	1.53	2.15	3.30
ENG-CH	2025-11-08	Norwich	Leicester	1.91	1.98	3.10	2.38	1.88	1.98	2.85	2.30
ENG-CH	2025-11-08	Sheffield United	QPR	1.93	1.93	2.14	3.60	1.93	1.93	2.05	3.30
ENG-CH	2025-11-08	Southampton	Sheffield Weds	1.70	2.25	1.49	7.00	1.67	2.20	1.41	6.00
ENG-CH	2025-11-08	Stoke	Coventry	1.83	2.10	3.10	2.33	1.73	2.10	2.85	2.20
ENG-CH	2025-11-08	Swansea	Ipswich	2.22	1.72	3.75	2.20	2.20	1.67	3.50	2.05
ENG-CH	2025-11-08	West Brom	Oxford	2.14	1.74	1.73	5.30	2.10	1.73	1.68	5.25
ENG-CH	2025-11-08	Wrexham	Charlton	2.30	1.66	2.23	3.60	2.30	1.62	2.10	3.50
ENG-CH	2025-11-21	Preston	Blackburn	2.23	1.67	2.55	3.10	2.20	1.67	2.35	2.95
ENG-CH	2025-11-22	Birmingham	Norwich	1.96	1.93	1.70	5.20	1.93	1.93	1.62	5.00
ENG-CH	2025-11-22	Bristol City	Swansea	2.06	1.90	2.00	4.00	1.95	1.90	1.86	3.90
ENG-CH	2025-11-22	Charlton	Southampton	1.98	1.91	2.80	2.65	1.95	1.90	2.70	2.50
ENG-CH	2025-11-22	Coventry	West Brom	1.92	1.95	1.93	4.30	1.90	1.95	1.86	4.10
ENG-CH	2025-11-22	Derby	Watford	2.50	1.60	2.50	3.15	2.50	1.53	2.35	2.95
ENG-CH	2025-11-22	Ipswich	Wrexham	1.83	2.05	1.50	7.50	1.83	2.03	1.41	7.50
ENG-CH	2025-11-22	Leicester	Stoke	1.98	1.91	2.10	4.00	1.98	1.88	1.96	4.00
ENG-CH	2025-11-22	Oxford	Middlesbrough	2.05	1.83	3.70	2.10	2.03	1.83	3.50	2.01
ENG-CH	2025-11-22	Portsmouth	Millwall	2.18	1.73	2.48	3.25	2.10	1.73	2.20	3.25
ENG-CH	2025-11-22	QPR	Hull	1.91	2.00	2.06	4.00	1.85	2.00	1.86	4.00
ENG-CH	2025-11-23	Sheffield Weds	Sheffield United	1.95	1.98	3.95	2.00	1.88	1.98	3.70	1.86
ENG-CH	2025-11-25	Hull	Ipswich	1.90	1.98	5.00	1.80	1.88	1.98	4.75	1.68
ENG-CH	2025-11-25	Middlesbrough	Coventry	1.90	1.95	2.75	2.60	1.90	1.95	2.55	2.35
ENG-CH	2025-11-25	Norwich	Oxford	1.93	1.93	1.93	4.50	1.93	1.93	1.76	4.50
ENG-CH	2025-11-25	Southampton	Leicester	1.86	2.00	1.94	4.20	1.85	2.00	1.81	4.00
ENG-CH	2025-11-25	Stoke	Charlton	2.25	1.70	1.91	4.35	2.20	1.67	1.86	4.20
ENG-CH	2025-11-25	Swansea	Derby	2.63	1.53	2.28	3.60	2.63	1.50	2.15	3.60
ENG-CH	2025-11-25	Watford	Preston	2.22	1.67	1.85	5.00	2.20	1.67	1.76	4.75
ENG-CH	2025-11-26	Blackburn	QPR	2.50	2.00	2.43	3.20	2.50	2.00	2.20	3.20
ENG-CH	2025-11-26	Millwall	Sheffield Weds	2.05	1.80	1.66	5.75	2.00	1.80	1.57	5.75
ENG-CH	2025-11-26	Sheffield United	Portsmouth	1.91	1.98	1.73	5.10	1.88	1.98	1.62	5.00
ENG-CH	2025-11-26	West Brom	Birmingham	2.38	1.62	3.00	2.65	2.38	1.57	2.85	2.45
ENG-CH	2025-11-26	Wrexham	Bristol City	2.15	1.75	2.60	3.00	2.10	1.73	2.45	2.75
ENG-CH	2025-11-28	Oxford	Ipswich	1.98	1.92	6.33	1.61	1.98	1.88	5.50	1.57
ENG-CH	2025-11-29	Coventry	Charlton	1.80	2.10	1.48	7.50	1.73	2.10	1.42	7.00
ENG-CH	2025-11-29	Leicester	Sheffield United	1.96	1.91	2.43	3.00	1.91	1.91	2.32	2.95
ENG-CH	2025-11-29	Middlesbrough	Derby	2.18	1.75	2.02	4.10	2.10	1.73	1.91	3.80
ENG-CH	2025-11-29	Millwall	Southampton	2.00	1.91	3.10	2.37	2.00	1.85	2.95	2.20
ENG-CH	2025-11-29	Norwich	QPR	1.84	2.00	2.60	2.75	1.80	2.00	2.45	2.65
ENG-CH	2025-11-29	Portsmouth	Bristol City	2.10	1.80	2.88	2.66	2.10	1.73	2.70	2.50
ENG-CH	2025-11-29	Sheffield Weds	Preston	2.02	1.93	3.40	2.20	1.93	1.93	3.30	2.10
ENG-CH	2025-11-29	Stoke	Hull	1.83	2.00	1.75	5.00	1.80	2.00	1.68	5.00
ENG-CH	2025-11-29	West Brom	Swansea	2.18	1.75	1.94	4.75	2.10	1.73	1.81	4.50
ENG-CH	2025-11-29	Wrexham	Blackburn	2.10	1.77	2.38	3.33	2.10	1.73	2.15	3.25
ENG-CH	2025-12-01	Birmingham	Watford	2.00	1.83	1.89	4.75	2.00	1.80	1.71	4.50
ENG-CH	2025-12-02	Blackburn	Ipswich	1.98	1.91	4.20	2.05	1.98	1.88	3.90	1.91
ENG-CH	2025-12-05	Hull	Middlesbrough	1.72	2.20	2.90	2.45	1.67	2.20	2.65	2.35
ENG-CH	2025-12-06	Bristol City	Millwall	2.14	1.80	2.10	3.75	2.00	1.80	1.91	3.70
ENG-CH	2025-12-06	Derby	Leicester	2.30	1.65	2.80	2.75	2.30	1.62	2.65	2.65
ENG-CH	2025-12-06	Ipswich	Coventry	1.80	2.18	2.16	3.60	1.73	2.10	1.91	3.60
ENG-CH	2025-12-06	Preston	Wrexham	2.23	1.70	2.40	3.33	2.20	1.67	2.25	3.20
ENG-CH	2025-12-06	QPR	West Brom	2.00	1.91	2.45	3.05	1.91	1.91	2.30	3.05
ENG-CH	2025-12-06	Sheffield United	Stoke	2.06	1.91	2.12	3.80	1.91	1.91	1.91	3.80
ENG-CH	2025-12-06	Southampton	Birmingham	1.88	2.10	2.32	3.15	1.73	2.10	2.15	2.95
ENG-CH	2025-12-06	Swansea	Oxford	2.14	1.73	2.14	3.75	2.10	1.73	2.01	3.70
ENG-CH	2025-12-06	Watford	Norwich	1.67	2.30	1.81	4.33	1.62	2.30	1.71	4.10
ENG-CH	2025-12-09	Blackburn	Oxford	2.10	1.76	1.85	5.00	2.10	1.73	1.66	5.00
ENG-CH	2025-12-09	Charlton	Middlesbrough	2.10	1.80	3.20	2.42	2.00	1.80	2.82	2.40
ENG-CH	2025-12-09	Preston	Coventry	2.00	1.95	3.95	2.50	2.00	1.80	3.50	1.96
ENG-CH	2025-12-09	QPR	Birmingham	1.93	1.94	2.95	2.55	1.93	1.93	2.75	2.40
ENG-CH	2025-12-09	Sheffield United	Norwich	1.67	2.30	1.68	5.10	1.62	2.30	1.61	4.75
ENG-CH	2025-12-09	Southampton	West Brom	1.80	2.10	1.85	4.30	1.73	2.10	1.76	4.10
ENG-CH	2025-12-09	Swansea	Portsmouth	2.50	1.91	2.60	4.00	1.91	1.91	1.91	4.00
ENG-CH	2025-12-09	Watford	Sheffield Weds	1.68	2.35	1.58	6.00	1.67	2.20	1.49	5.50
ENG-CH	2025-12-10	Bristol City	Leicester	1.94	1.93	2.30	3.20	1.93	1.93	2.20	3.50
ENG-CH	2025-12-10	Derby	Millwall	2.33	1.65	2.75	2.85	2.30	1.62	2.70	2.57
ENG-CH	2025-12-10	Hull	Wrexham	2.00	1.94	2.54	2.95	2.00	1.85	2.40	2.75
ENG-CH	2025-12-10	Ipswich	Stoke	2.10	1.83	1.63	6.50	2.30	1.83	1.49	6.00
ENG-CH	2025-12-12	West Brom	Sheffield United	2.00	1.93	2.42	3.00	2.00	1.85	2.35	2.85
ENG-CH	2025-12-13	Birmingham	Charlton	2.03	1.86	1.57	6.50	2.03	1.83	1.49	6.25
ENG-CH	2025-12-13	Coventry	Bristol City	1.57	2.63	1.62	5.50	1.50	2.63	1.49	5.50
ENG-CH	2025-12-13	Leicester	Ipswich	2.28	1.68	3.50	2.30	2.20	1.67	3.30	2.15
ENG-CH	2025-12-13	Middlesbrough	QPR	1.93	1.93	1.95	4.10	1.93	1.93	1.81	4.00
ENG-CH	2025-12-13	Millwall	Hull	1.98	2.00	2.04	3.80	1.85	2.00	1.91	3.70
ENG-CH	2025-12-13	Norwich	Southampton	1.58	2.40	3.55	2.00	1.57	2.38	3.30	1.91
ENG-CH	2025-12-13	Oxford	Preston	2.12	1.77	2.70	2.80	2.10	1.73	2.65	2.65
ENG-CH	2025-12-13	Portsmouth	Blackburn	2.14	1.80	2.90	2.60	2.05	1.80	2.75	2.45
ENG-CH	2025-12-13	Stoke	Swansea	2.30	1.67	2.14	3.95	2.20	1.67	2.05	3.50
ENG-CH	2025-12-13	Wrexham	Watford	1.98	1.91	2.80	2.55	1.95	1.90	2.75	2.40
ENG-CH	2025-12-15	Sheffield Weds	Derby	2.16	1.75	3.66	2.15	2.10	1.73	3.50	2.05
ENG-CH	2025-12-19	Swansea	Wrexham	2.10	1.75	2.28	3.40	2.10	1.73	2.10	3.30
ENG-CH	2025-12-20	Blackburn	Millwall	2.14	1.73	2.32	3.33	2.10	1.73	2.20	3.20
ENG-CH	2025-12-20	Bristol City	Middlesbrough	1.81	2.05	2.85	2.50	1.80	2.00	2.55	2.45
ENG-CH	2025-12-20	Charlton	Oxford	2.22	1.67	2.10	4.00	2.20	1.67	2.01	3.60
ENG-CH	2025-12-20	Derby	Portsmouth	2.28	1.67	2.05	4.10	2.20	1.67	1.91	4.00
ENG-CH	2025-12-20	Hull	West Brom	1.98	1.91	2.88	2.50	1.98	1.88	2.82	2.40
ENG-CH	2025-12-20	Ipswich	Sheffield Weds	1.58	2.50	1.22	15.00	1.57	2.38	1.15	15.00
ENG-CH	2025-12-20	Preston	Norwich	1.86	2.03	2.28	3.30	1.83	2.03	2.01	2.95
ENG-CH	2025-12-20	QPR	Leicester	1.94	1.95	2.52	3.00	1.90	1.95	2.35	2.65
ENG-CH	2025-12-20	Sheffield United	Birmingham	2.10	1.83	2.38	3.20	2.10	1.73	2.25	3.05
ENG-CH	2025-12-20	Southampton	Coventry	1.57	2.45	2.50	2.88	1.57	2.38	2.20	2.85
ENG-CH	2025-12-20	Watford	Stoke	2.10	1.77	2.05	3.90	2.10	1.73	1.96	3.90
ENG-CH	2025-12-26	Birmingham	Derby	2.20	1.74	1.95	4.40	2.20	1.67	1.86	4.20
ENG-CH	2025-12-26	Coventry	Swansea	1.66	2.30	1.60	6.00	1.62	2.30	1.49	5.75
ENG-CH	2025-12-26	Leicester	Watford	1.86	2.00	2.28	3.20	1.80	2.00	2.25	2.95
ENG-CH	2025-12-26	Middlesbrough	Blackburn	1.85	2.10	1.75	4.80	1.73	2.10	1.66	4.50
ENG-CH	2025-12-26	Millwall	Ipswich	2.20	1.73	4.00	2.05	2.10	1.73	3.50	1.86
ENG-CH	2025-12-26	Norwich	Charlton	1.96	1.91	2.10	3.65	1.91	1.91	2.01	3.50
ENG-CH	2025-12-26	Oxford	Southampton	1.77	2.10	4.00	1.94	1.73	2.10	3.80	1.81
ENG-CH	2025-12-26	Portsmouth	QPR	2.10	1.79	3.20	2.37	2.10	1.73	3.05	2.20
ENG-CH	2025-12-26	Sheffield Weds	Hull	1.91	2.04	4.50	1.90	1.91	1.91	4.10	1.79
ENG-CH	2025-12-26	Stoke	Preston	2.25	1.73	2.08	4.20	2.10	1.73	1.96	3.75
ENG-CH	2025-12-26	West Brom	Bristol City	2.02	1.83	2.10	3.75	2.00	1.80	1.96	3.50
ENG-CH	2025-12-26	Wrexham	Sheffield United	1.96	1.93	3.25	2.32	1.93	1.93	2.95	2.20
ENG-CH	2025-12-29	Birmingham	Southampton	1.76	2.12	2.48	2.95	1.73	2.10	2.30	2.82
ENG-CH	2025-12-29	Coventry	Ipswich	1.83	2.04	2.30	3.20	1.80	2.00	2.20	3.05
ENG-CH	2025-12-29	Leicester	Derby	2.20	1.71	2.12	3.75	2.20	1.67	2.01	3.50
ENG-CH	2025-12-29	Middlesbrough	Hull	1.73	2.23	1.67	5.10	1.73	2.10	1.56	4.33
ENG-CH	2025-12-29	Millwall	Bristol City	2.10	1.75	2.50	3.05	2.10	1.73	2.32	3.05
ENG-CH	2025-12-29	Norwich	Watford	2.05	1.91	2.62	2.75	1.91	1.91	2.50	2.65
ENG-CH	2025-12-29	Oxford	Swansea	2.23	1.73	2.80	2.80	2.10	1.73	2.57	2.65
ENG-CH	2025-12-29	Portsmouth	Charlton	2.63	1.52	2.45	3.30	2.63	1.50	2.32	2.85
ENG-CH	2025-12-29	Sheffield Weds	Blackburn	2.12	1.76	5.00	1.81	2.10	1.73	5.00	1.66
ENG-CH	2025-12-29	Stoke	Sheffield United	2.08	1.91	2.80	2.60	1.91	1.91	2.65	2.50
ENG-CH	2025-12-29	West Brom	QPR	1.91	2.05	1.91	4.50	1.91	1.91	1.71	4.33
ENG-CH	2025-12-29	Wrexham	Preston	2.14	1.80	2.17	3.60	2.00	1.80	2.05	3.50
ENG-CH	2026-01-01	Blackburn	Wrexham	2.33	1.67	2.07	4.10	2.30	1.62	1.91	4.00
ENG-CH	2026-01-01	Bristol City	Portsmouth	2.10	1.80	1.66	5.80	2.00	1.80	1.57	5.50
ENG-CH	2026-01-01	Charlton	Coventry	1.95	1.94	3.80	2.05	1.95	1.90	3.70	1.96
ENG-CH	2026-01-01	Derby	Middlesbrough	2.20	1.73	3.10	2.50	2.20	1.67	2.82	2.40
ENG-CH	2026-01-01	Hull	Stoke	2.10	1.78	2.33	3.40	2.10	1.73	2.20	3.30
ENG-CH	2026-01-01	Ipswich	Oxford	1.83	2.05	1.40	10.25	1.80	2.00	1.30	9.00
ENG-CH	2026-01-01	Preston	Sheffield Weds	2.05	1.88	1.53	7.00	1.98	1.88	1.49	6.25
ENG-CH	2026-01-01	QPR	Norwich	1.88	2.00	2.05	4.00	1.88	1.98	1.96	3.60
ENG-CH	2026-01-01	Sheffield United	Leicester	1.80	2.10	1.77	4.75	1.73	2.10	1.66	4.75
ENG-CH	2026-01-01	Southampton	Millwall	1.95	1.98	1.96	4.10	1.95	1.90	1.91	3.90
ENG-CH	2026-01-01	Swansea	West Brom	2.50	1.65	3.30	2.43	2.50	1.53	3.25	2.25
ENG-CH	2026-01-01	Watford	Birmingham	2.05	1.82	2.28	3.35	2.05	1.80	2.25	3.05
ENG-CH	2026-01-04	Birmingham	Coventry	1.80	2.05	2.66	2.62	1.80	2.00	2.55	2.57
ENG-CH	2026-01-04	Blackburn	Charlton	2.50	1.58	2.12	4.00	2.50	1.53	2.05	3.90
ENG-CH	2026-01-04	Bristol City	Preston	2.05	1.80	1.90	4.40	2.00	1.80	1.76	4.33
ENG-CH	2026-01-04	Derby	Wrexham	2.45	1.57	2.35	3.60	2.38	1.57	2.15	3.40
ENG-CH	2026-01-04	Middlesbrough	Southampton	1.73	2.16	2.25	3.15	1.73	2.10	2.15	2.95
ENG-CH	2026-01-04	Millwall	Swansea	2.40	1.60	2.15	4.00	2.38	1.57	2.05	3.70
ENG-CH	2026-01-04	Norwich	Stoke	2.03	1.91	2.05	3.75	2.03	1.83	1.91	3.75
ENG-CH	2026-01-04	QPR	Sheffield Weds	1.80	2.12	1.38	10.00	1.73	2.10	1.30	8.50
ENG-CH	2026-01-05	Leicester	West Brom	2.10	1.77	2.88	2.50	2.10	1.73	2.85	2.32
ENG-CH	2026-01-16	West Brom	Middlesbrough	2.10	1.83	2.55	2.90	2.03	1.83	2.40	2.82
ENG-CH	2026-01-17	Charlton	Sheffield United	1.94	1.94	3.90	2.07	1.93	1.93	3.70	1.86
ENG-CH	2026-01-17	Coventry	Leicester	1.65	2.30	1.62	5.50	1.62	2.30	1.56	5.25
ENG-CH	2026-01-17	Ipswich	Blackburn	1.98	1.91	1.50	7.00	1.98	1.88	1.46	6.25
ENG-CH	2026-01-17	Oxford	Bristol City	2.05	1.85	3.33	2.25	2.00	1.85	3.20	2.15
ENG-CH	2026-01-17	Preston	Derby	2.45	1.62	2.33	3.55	2.30	1.62	2.20	3.40
ENG-CH	2026-01-17	Sheffield Weds	Portsmouth	2.14	1.73	4.40	1.94	2.10	1.73	4.20	1.81
ENG-CH	2026-01-17	Southampton	Hull	1.67	2.22	1.62	5.75	1.67	2.20	1.53	5.75
ENG-CH	2026-01-17	Stoke	QPR	2.15	1.73	2.14	3.75	2.10	1.73	2.05	3.70
ENG-CH	2026-01-17	Swansea	Birmingham	2.15	1.73	2.78	2.75	2.10	1.73	2.65	2.65
ENG-CH	2026-01-17	Watford	Millwall	2.10	1.83	2.16	3.70	2.03	1.83	2.10	3.40
ENG-CH	2026-01-17	Wrexham	Norwich	1.91	1.98	2.22	3.40	1.88	1.98	2.10	3.25
ENG-CH	2026-01-20	Charlton	Derby	2.50	1.53	2.70	3.00	2.50	1.53	2.55	2.85
ENG-CH	2026-01-20	Coventry	Millwall	1.80	2.10	1.85	4.60	1.73	2.10	1.81	4.00
ENG-CH	2026-01-20	Ipswich	Bristol City	2.00	1.91	1.65	5.75	1.91	1.91	1.57	5.50
ENG-CH	2026-01-20	Oxford	QPR	2.22	1.67	2.48	3.20	2.20	1.67	2.20	3.00
ENG-CH	2026-01-20	Preston	Hull	2.20	1.75	2.33	3.25	2.20	1.67	2.25	3.20
ENG-CH	2026-01-20	Sheffield Weds	Birmingham	1.83	2.00	8.00	1.46	1.80	2.00	7.50	1.37
ENG-CH	2026-01-20	Swansea	Blackburn	2.20	1.68	1.90	4.75	2.20	1.67	1.71	4.75
ENG-CH	2026-01-20	West Brom	Norwich	2.10	1.81	2.05	3.90	2.00	1.80	1.96	3.60
ENG-CH	2026-01-20	Wrexham	Leicester	1.91	1.98	2.25	3.25	1.88	1.98	2.15	3.10
ENG-CH	2026-01-21	Southampton	Sheffield United	1.70	2.20	2.16	3.25	1.67	2.20	2.01	3.10
ENG-CH	2026-01-21	Stoke	Middlesbrough	2.10	1.80	3.00	2.50	2.05	1.80	2.85	2.32
ENG-CH	2026-01-21	Watford	Portsmouth	2.10	1.77	1.83	4.80	2.10	1.73	1.76	4.50
ENG-CH	2026-01-23	Derby	West Brom	2.30	1.66	2.70	2.88	2.30	1.62	2.65	2.57
ENG-CH	2026-01-24	Birmingham	Stoke	2.04	1.98	1.77	5.00	1.88	1.98	1.68	4.50
ENG-CH	2026-01-24	Blackburn	Watford	2.30	1.65	2.23	3.70	2.30	1.62	2.10	3.70
ENG-CH	2026-01-24	Bristol City	Sheffield Weds	1.58	2.40	1.26	13.00	1.57	2.38	1.22	10.00
ENG-CH	2026-01-24	Hull	Swansea	2.14	1.73	2.28	3.40	2.10	1.73	2.15	3.40
ENG-CH	2026-01-24	Leicester	Oxford	2.22	1.73	1.90	4.75	2.20	1.67	1.79	4.50
ENG-CH	2026-01-24	Middlesbrough	Preston	1.80	2.05	1.53	6.50	1.80	2.00	1.46	6.25
ENG-CH	2026-01-24	Millwall	Charlton	2.12	1.75	1.75	5.40	2.10	1.73	1.66	4.75
ENG-CH	2026-01-24	QPR	Wrexham	2.20	1.73	2.43	3.15	2.20	1.67	2.32	3.00
ENG-CH	2026-01-24	Sheffield United	Ipswich	1.98	1.91	2.85	2.60	1.98	1.88	2.65	2.50
ENG-CH	2026-01-25	Portsmouth	Southampton	1.89	2.03	3.60	2.18	1.83	2.03	3.20	2.05
ENG-CH	2026-01-26	Norwich	Coventry	1.67	2.30	3.20	2.25	1.67	2.20	3.10	2.10
ENG-CH	2026-01-30	Bristol City	Derby	2.04	1.91	2.08	3.90	1.91	1.91	1.86	3.80
ENG-CH	2026-01-31	Blackburn	Hull	2.10	1.80	2.28	3.35	2.10	1.73	2.15	3.20
ENG-CH	2026-01-31	Ipswich	Preston	1.85	2.07	1.40	9.50	1.80	2.00	1.33	8.00
ENG-CH	2026-01-31	Leicester	Charlton	2.20	1.79	1.96	4.33	2.20	1.67	1.86	4.33
ENG-CH	2026-01-31	Middlesbrough	Norwich	1.70	2.30	1.76	4.70	1.62	2.30	1.62	4.50
ENG-CH	2026-01-31	Millwall	Sheffield United	1.94	1.91	2.43	3.10	1.91	1.91	2.40	2.82
ENG-CH	2026-01-31	Oxford	Birmingham	2.10	1.80	3.75	2.12	2.00	1.80	3.70	1.96
ENG-CH	2026-01-31	Portsmouth	West Brom	2.50	1.55	3.05	2.65	2.50	1.53	2.82	2.57
ENG-CH	2026-01-31	QPR	Coventry	1.80	2.07	3.80	2.05	1.80	2.00	3.70	1.86
ENG-CH	2026-01-31	Sheffield Weds	Wrexham	1.91	2.03	6.50	1.57	1.83	2.03	5.25	1.51
ENG-CH	2026-01-31	Stoke	Southampton	1.98	1.91	2.75	2.66	1.98	1.88	2.57	2.55
ENG-CH	2026-01-31	Watford	Swansea	2.20	1.77	2.15	3.65	2.20	1.67	2.10	3.50
ENG-CH	2026-02-03	Blackburn	Sheffield Weds	1.80	2.10	1.36	10.00	1.80	2.00	1.30	9.00
ENG-CH	2026-02-03	Hull	Watford	2.00	1.85	2.40	3.10	2.00	1.80	2.15	3.10
ENG-CH	2026-02-03	Sheffield United	Oxford	1.80	2.10	1.43	8.50	1.73	2.10	1.37	8.50
ENG-CH	2026-02-06	Charlton	QPR	2.36	1.62	3.00	2.60	2.30	1.62	3.00	2.50
ENG-CH	2026-02-07	Birmingham	Leicester	1.91	2.06	1.73	5.00	1.90	1.95	1.66	4.50
ENG-CH	2026-02-07	Coventry	Oxford	1.80	2.10	1.50	7.00	1.73	2.10	1.42	6.50
ENG-CH	2026-02-07	Derby	Ipswich	2.12	1.80	4.00	2.02	2.05	1.80	3.75	1.91
ENG-CH	2026-02-07	Hull	Bristol City	2.03	1.90	2.56	3.00	2.03	1.83	2.50	2.70
ENG-CH	2026-02-07	Norwich	Blackburn	2.10	1.82	2.20	3.65	2.00	1.80	2.10	3.25
ENG-CH	2026-02-07	Preston	Portsmouth	2.36	1.65	2.71	3.00	2.30	1.62	2.57	2.70
ENG-CH	2026-02-07	Southampton	Watford	1.83	2.00	1.95	4.00	1.80	2.00	1.86	3.75
ENG-CH	2026-02-07	West Brom	Stoke	2.38	1.66	2.16	3.80	2.38	1.57	2.10	3.60
ENG-CH	2026-02-07	Wrexham	Millwall	2.14	1.73	2.75	2.75	2.10	1.73	2.70	2.57
ENG-CH	2026-02-08	Swansea	Sheffield Weds	1.65	2.40	1.27	13.00	1.57	2.38	1.22	11.00
ENG-CH	2026-02-09	Sheffield United	Middlesbrough	1.80	2.10	2.38	3.05	1.73	2.10	2.15	3.00
ENG-CH	2026-02-10	Birmingham	West Brom	2.10	1.80	1.75	5.10	2.00	1.80	1.66	5.00
ENG-CH	2026-02-10	Leicester	Southampton	1.85	2.05	3.00	2.50	1.85	2.00	2.75	2.40
ENG-CH	2026-02-10	Oxford	Norwich	2.22	1.70	3.30	2.50	2.20	1.67	3.00	2.32
ENG-CH	2026-02-11	Charlton	Stoke	2.54	1.56	2.80	2.83	2.50	1.53	2.75	2.65
ENG-CH	2026-02-14	Derby	Swansea	2.30	1.70	2.60	3.10	2.20	1.67	2.45	2.75
ENG-CH	2026-02-14	Portsmouth	Sheffield United	2.05	1.85	3.30	2.25	2.00	1.80	3.10	2.20
ENG-CH	2026-02-14	Preston	Watford	2.20	1.80	3.05	2.50	2.20	1.67	2.75	2.45
ENG-CH	2026-02-14	QPR	Blackburn	2.36	1.67	2.25	3.60	2.30	1.62	2.15	3.30
ENG-CH	2026-02-14	Sheffield Weds	Millwall	1.81	2.05	10.25	1.36	1.80	2.00	9.00	1.30
ENG-CH	2026-02-16	Coventry	Middlesbrough	1.73	2.16	2.30	3.15	1.73	2.10	2.20	3.00
ENG-CH	2026-02-17	Bristol City	Wrexham	2.05	1.91	2.20	3.45	2.00	1.80	2.10	3.30
ENG-CH	2026-02-17	Charlton	Portsmouth	2.63	1.62	2.83	3.00	2.63	1.50	2.65	2.82
ENG-CH	2026-02-20	Blackburn	Preston	2.20	1.71	2.15	3.90	2.20	1.67	2.05	3.50
ENG-CH	2026-02-21	Hull	QPR	2.00	1.88	2.33	3.13	2.00	1.85	2.20	3.10
ENG-CH	2026-02-21	Middlesbrough	Oxford	1.73	2.16	1.39	9.00	1.73	2.10	1.35	8.00
ENG-CH	2026-02-21	Millwall	Portsmouth	2.20	1.73	1.94	4.50	2.20	1.67	1.81	4.33
ENG-CH	2026-02-21	Norwich	Birmingham	1.88	1.98	2.62	2.75	1.88	1.98	2.45	2.70
ENG-CH	2026-02-21	Southampton	Charlton	1.80	2.10	1.55	6.50	1.80	2.00	1.49	6.00
ENG-CH	2026-02-21	Stoke	Leicester	2.22	1.73	2.38	3.25	2.10	1.73	2.25	3.20
ENG-CH	2026-02-21	Swansea	Bristol City	1.95	1.90	2.10	3.75	1.95	1.90	1.91	3.70
ENG-CH	2026-02-21	Watford	Derby	2.10	1.80	2.10	3.75	2.10	1.73	2.01	3.60
ENG-CH	2026-02-21	West Brom	Coventry	1.88	2.00	3.66	2.10	1.85	2.00	3.60	1.96
ENG-CH	2026-02-21	Wrexham	Ipswich	2.05	1.83	3.50	2.20	2.03	1.83	3.30	2.10
ENG-CH	2026-02-22	Sheffield United	Sheffield Weds	1.44	2.90	1.16	18.00	1.44	2.75	1.11	13.00
ENG-CH	2026-02-24	Blackburn	Bristol City	2.30	1.68	2.45	3.15	2.30	1.62	2.32	3.10
ENG-CH	2026-02-24	Hull	Derby	1.97	1.93	2.38	3.20	1.93	1.93	2.15	3.20
ENG-CH	2026-02-24	Middlesbrough	Leicester	1.70	2.30	1.50	6.60	1.62	2.30	1.46	5.75
ENG-CH	2026-02-24	Southampton	QPR	1.80	2.14	1.73	4.75	1.80	2.00	1.66	4.50
ENG-CH	2026-02-24	Swansea	Preston	2.10	1.83	1.84	4.75	2.03	1.83	1.76	4.10
ENG-CH	2026-02-24	Watford	Ipswich	2.10	1.75	3.25	2.40	2.10	1.73	3.10	2.20
ENG-CH	2026-02-24	West Brom	Charlton	2.38	1.62	1.91	4.60	2.38	1.57	1.91	4.00
ENG-CH	2026-02-24	Wrexham	Portsmouth	2.25	1.72	2.10	3.70	2.20	1.67	2.01	3.60
ENG-CH	2026-02-25	Millwall	Birmingham	2.10	1.80	2.70	2.80	2.05	1.80	2.65	2.55
ENG-CH	2026-02-25	Norwich	Sheffield Weds	1.50	2.63	1.21	16.50	1.50	2.63	1.15	15.00
ENG-CH	2026-02-25	Sheffield United	Coventry	1.73	2.20	2.50	2.80	1.73	2.10	2.40	2.70
ENG-CH	2026-02-25	Stoke	Oxford	2.25	1.73	1.91	4.60	2.20	1.67	1.86	4.00
ENG-CH	2026-02-27	Bristol City	Watford	2.00	1.91	2.54	3.00	1.91	1.91	2.30	2.85
ENG-CH	2026-02-28	Charlton	Wrexham	2.12	1.74	3.33	2.30	2.10	1.73	3.20	2.20
ENG-CH	2026-02-28	Coventry	Stoke	1.73	2.28	1.55	6.10	1.73	2.10	1.49	5.75
ENG-CH	2026-02-28	Derby	Blackburn	2.28	1.73	2.18	3.75	2.10	1.73	2.05	3.40
ENG-CH	2026-02-28	Ipswich	Swansea	1.91	1.98	1.61	5.75	1.88	1.98	1.53	5.50
ENG-CH	2026-02-28	Leicester	Norwich	1.93	2.05	2.50	2.83	1.93	1.93	2.40	2.75
ENG-CH	2026-02-28	Oxford	West Brom	2.30	1.62	3.30	2.38	2.30	1.62	3.30	2.20
ENG-CH	2026-02-28	Portsmouth	Hull	2.20	1.75	2.00	4.10	2.20	1.67	1.86	4.00
ENG-CH	2026-02-28	Preston	Millwall	2.12	1.80	3.25	2.40	2.00	1.80	3.10	2.15
ENG-CH	2026-02-28	QPR	Sheffield United	2.03	1.91	3.25	2.25	2.03	1.83	3.10	2.15
ENG-CH	2026-02-28	Sheffield Weds	Southampton	1.58	2.40	13.50	1.30	1.57	2.38	10.00	1.25
ENG-CH	2026-03-02	Birmingham	Middlesbrough	1.93	2.08	2.75	2.57	1.93	1.93	2.57	2.40
ENG-CH	2026-03-03	Ipswich	Hull	1.80	2.25	1.48	7.00	1.80	2.00	1.39	7.00
ENG-CH	2026-03-06	Preston	Oxford	2.12	1.80	2.15	3.65	2.00	1.80	2.15	3.25
ENG-CH	2026-03-07	Blackburn	Portsmouth	2.63	1.56	2.70	2.95	2.63	1.50	2.57	2.75
ENG-CH	2026-03-07	Bristol City	Coventry	1.73	2.20	3.50	2.05	1.73	2.10	3.50	1.96
ENG-CH	2026-03-07	Charlton	Birmingham	2.10	1.76	3.90	2.05	2.10	1.73	3.90	1.91
ENG-CH	2026-03-07	Derby	Sheffield Weds	1.67	2.25	1.28	11.50	1.67	2.20	1.24	11.00
ENG-CH	2026-03-07	Hull	Millwall	2.05	1.91	3.10	2.40	1.91	1.91	3.00	2.30
ENG-CH	2026-03-07	Ipswich	Leicester	1.83	2.08	1.53	6.50	1.80	2.00	1.49	5.50
ENG-CH	2026-03-07	Sheffield United	West Brom	1.93	1.94	1.73	5.10	1.91	1.91	1.62	5.00
ENG-CH	2026-03-07	Swansea	Stoke	2.12	1.77	1.96	4.20	2.10	1.73	1.81	4.20
ENG-CH	2026-03-08	QPR	Middlesbrough	1.91	1.98	4.33	1.92	1.88	1.98	4.20	1.81
ENG-CH	2026-03-10	Leicester	Bristol City	1.96	1.95	2.40	3.00	1.95	1.90	2.35	2.75
ENG-CH	2026-03-10	Millwall	Derby	2.02	1.85	2.05	3.95	2.00	1.85	1.91	3.75
ENG-CH	2026-03-10	Portsmouth	Swansea	2.40	1.63	2.40	3.25	2.30	1.62	2.25	3.10
ENG-CH	2026-03-10	Sheffield Weds	Watford	1.96	2.00	8.50	1.44	1.95	1.90	8.00	1.37
ENG-CH	2026-03-10	Stoke	Ipswich	1.87	2.00	5.50	1.65	1.80	2.00	5.00	1.56
ENG-CH	2026-03-10	Wrexham	Hull	1.84	2.03	1.97	3.85	1.83	2.03	1.91	3.60
ENG-CH	2026-03-11	Birmingham	QPR	2.00	1.89	1.70	5.25	2.00	1.80	1.62	5.00
ENG-CH	2026-03-11	Coventry	Preston	1.73	2.20	1.50	7.00	1.67	2.20	1.46	5.25
ENG-CH	2026-03-11	Middlesbrough	Charlton	1.62	2.50	1.31	11.00	1.57	2.38	1.24	8.50
ENG-CH	2026-03-11	Norwich	Sheffield United	1.91	2.07	2.50	2.88	1.91	1.91	2.32	2.82
ENG-CH	2026-03-11	Oxford	Blackburn	2.50	1.54	2.75	2.83	2.50	1.53	2.70	2.70
ENG-CH	2026-03-11	West Brom	Southampton	1.94	1.94	3.20	2.26	1.91	1.91	3.10	2.15
ENG-CH	2026-03-13	Wrexham	Swansea	2.10	1.83	2.33	3.20	2.10	1.73	2.20	3.20
ENG-CH	2026-03-14	Birmingham	Sheffield United	1.85	2.00	2.10	3.50	1.80	2.00	2.01	3.40
ENG-CH	2026-03-14	Coventry	Southampton	1.80	2.15	1.92	3.90	1.80	2.00	1.86	3.75
ENG-CH	2026-03-14	Leicester	QPR	1.94	1.98	1.87	4.40	1.91	1.91	1.71	4.33
ENG-CH	2026-03-14	Middlesbrough	Bristol City	1.57	2.60	1.43	7.50	1.57	2.38	1.39	6.50
ENG-CH	2026-03-14	Millwall	Blackburn	2.22	1.73	1.95	4.60	2.20	1.67	1.86	4.20
ENG-CH	2026-03-14	Norwich	Preston	1.80	2.16	1.55	6.50	1.80	2.00	1.49	5.75
ENG-CH	2026-03-14	Oxford	Charlton	2.40	1.65	2.28	3.50	2.30	1.62	2.10	3.40
ENG-CH	2026-03-14	Sheffield Weds	Ipswich	1.67	2.33	15.00	1.27	1.67	2.20	12.00	1.19
ENG-CH	2026-03-14	Stoke	Watford	2.10	1.77	2.80	2.65	2.10	1.73	2.65	2.45
ENG-CH	2026-03-14	West Brom	Hull	2.20	1.82	2.14	3.75	2.20	1.67	2.01	3.60
ENG-CH	2026-03-16	Portsmouth	Derby	2.14	1.73	2.15	3.66	2.10	1.73	2.05	3.50
ENG-CH	2026-03-17	Watford	Wrexham	2.10	1.86	2.25	3.33	2.10	1.73	2.15	3.20
ENG-CH	2026-03-18	Southampton	Norwich	1.73	2.20	1.93	4.00	1.73	2.10	1.86	3.90
ENG-CH	2026-03-20	Preston	Stoke	2.00	1.88	2.40	3.00	2.00	1.85	2.30	2.85
ENG-CH	2026-03-21	Blackburn	Middlesbrough	1.94	1.91	4.40	1.87	1.91	1.91	4.33	1.76
ENG-CH	2026-03-21	Bristol City	West Brom	2.10	1.80	2.71	2.65	2.00	1.80	2.57	2.50
ENG-CH	2026-03-21	Charlton	Norwich	2.14	1.75	3.30	2.28	2.10	1.73	3.30	2.15
ENG-CH	2026-03-21	Derby	Birmingham	1.96	1.91	2.80	2.60	1.91	1.91	2.65	2.50
ENG-CH	2026-03-21	Hull	Sheffield Weds	1.67	2.28	1.37	9.00	1.67	2.20	1.33	8.00
ENG-CH	2026-03-21	Ipswich	Millwall	1.91	2.00	1.75	5.00	1.80	2.00	1.68	4.50
ENG-CH	2026-03-21	QPR	Portsmouth	2.40	1.65	2.88	2.60	2.38	1.57	2.85	2.45
ENG-CH	2026-03-21	Sheffield United	Wrexham	1.80	2.07	1.95	3.90	1.80	2.00	1.86	3.80
ENG-CH	2026-03-21	Southampton	Oxford	1.91	1.94	1.63	6.00	1.91	1.91	1.56	6.00
ENG-CH	2026-03-21	Swansea	Coventry	1.91	1.95	3.35	2.25	1.91	1.91	3.25	2.10
ENG-CH	2026-03-21	Watford	Leicester	1.91	1.94	2.05	3.75	1.91	1.91	1.96	3.50
ENG-CH	2026-04-03	Birmingham	Blackburn	2.05	1.90	1.80	5.00	1.95	1.90	1.66	5.00
ENG-CH	2026-04-03	Charlton	Bristol City	2.22	1.73	2.55	3.10	2.20	1.67	2.30	3.10
ENG-CH	2026-04-03	Coventry	Derby	1.73	2.20	1.63	5.50	1.73	2.10	1.56	5.25
ENG-CH	2026-04-03	Leicester	Preston	2.00	1.93	1.91	4.60	1.93	1.93	1.76	4.33
ENG-CH	2026-04-03	Middlesbrough	Millwall	1.80	2.12	1.75	4.75	1.80	2.00	1.71	4.33
ENG-CH	2026-04-03	Norwich	Portsmouth	1.96	1.94	2.05	3.80	1.95	1.90	2.01	3.40
ENG-CH	2026-04-03	Oxford	Hull	2.02	1.93	2.40	3.05	1.93	1.93	2.32	2.82
ENG-CH	2026-04-03	QPR	Watford	2.05	1.91	2.70	2.80	1.98	1.88	2.45	2.75
ENG-CH	2026-04-03	Sheffield United	Swansea	1.80	2.10	1.75	5.00	1.73	2.10	1.61	5.00
ENG-CH	2026-04-03	Stoke	Sheffield Weds	1.80	2.14	1.44	9.00	1.80	2.00	1.41	7.50
ENG-CH	2026-04-03	West Brom	Wrexham	2.10	1.80	2.15	3.50	2.10	1.73	2.05	3.50
ENG-CH	2026-04-06	Blackburn	West Brom	2.50	1.62	3.10	2.75	2.50	1.53	3.00	2.45
ENG-CH	2026-04-06	Bristol City	Sheffield United	1.91	1.97	2.60	2.80	1.91	1.91	2.55	2.65
ENG-CH	2026-04-06	Derby	Stoke	1.91	2.00	1.77	4.80	1.80	2.00	1.62	4.75
ENG-CH	2026-04-06	Hull	Coventry	1.67	2.30	4.30	1.93	1.67	2.20	3.90	1.86
ENG-CH	2026-04-06	Ipswich	Birmingham	1.83	2.00	1.62	6.00	1.80	2.00	1.53	6.00
ENG-CH	2026-04-06	Millwall	Norwich	2.00	1.98	2.15	3.50	2.00	1.80	2.10	3.40
ENG-CH	2026-04-06	Portsmouth	Oxford	2.38	1.63	2.00	4.30	2.38	1.57	1.91	4.00
ENG-CH	2026-04-06	Preston	QPR	2.00	1.91	2.54	2.90	2.00	1.80	2.40	2.65
ENG-CH	2026-04-06	Sheffield Weds	Leicester	1.91	2.00	7.00	1.53	1.91	1.91	7.00	1.46
ENG-CH	2026-04-06	Swansea	Middlesbrough	1.75	2.20	4.00	1.98	1.67	2.20	3.80	1.81
ENG-CH	2026-04-06	Watford	Charlton	2.10	1.80	2.00	4.40	2.10	1.73	1.96	4.00
ENG-CH	2026-04-07	Wrexham	Southampton	2.00	1.91	2.70	2.75	2.00	1.80	2.57	2.70
ENG-CH	2026-04-10	West Brom	Millwall	2.14	1.80	2.36	3.20	2.10	1.73	2.25	3.10
ENG-CH	2026-04-11	Charlton	Preston	2.15	1.73	2.30	3.35	2.10	1.73	2.20	3.20
ENG-CH	2026-04-11	Coventry	Sheffield Weds	1.40	3.25	1.16	20.00	1.40	3.00	1.11	17.00
ENG-CH	2026-04-11	Leicester	Swansea	1.83	2.00	2.05	4.10	1.80	2.00	1.81	4.10
ENG-CH	2026-04-11	Middlesbrough	Portsmouth	1.73	2.20	1.53	7.50	1.73	2.10	1.42	7.00
ENG-CH	2026-04-11	Norwich	Ipswich	2.05	1.85	2.90	2.57	2.05	1.80	2.70	2.35
ENG-CH	2026-04-11	Oxford	Watford	2.10	1.75	2.48	3.00	2.10	1.73	2.30	3.00
ENG-CH	2026-04-11	QPR	Bristol City	1.98	1.91	2.33	3.15	1.98	1.88	2.25	3.00
ENG-CH	2026-04-11	Sheffield United	Hull	1.65	2.30	1.80	4.50	1.62	2.30	1.66	4.50
ENG-CH	2026-04-11	Southampton	Derby	1.75	2.18	1.83	5.60	1.73	2.10	1.56	5.00
ENG-CH	2026-04-11	Stoke	Blackburn	2.10	1.77	2.70	2.85	2.10	1.73	2.70	2.50
ENG-CH	2026-04-12	Birmingham	Wrexham	1.91	1.96	2.15	3.60	1.90	1.95	2.01	3.50
ENG-CH	2026-04-14	Portsmouth	Ipswich	2.22	1.67	3.90	2.10	2.20	1.67	3.50	2.01
ENG-CH	2026-04-14	Southampton	Blackburn	1.85	2.00	1.52	7.00	1.85	2.00	1.45	6.25
ENG-CH	2026-04-17	Blackburn	Coventry	2.00	1.91	4.50	1.92	1.91	1.91	4.20	1.86
ENG-CH	2026-04-18	Bristol City	Norwich	1.91	2.00	2.80	2.54	1.91	1.91	2.75	2.35
ENG-CH	2026-04-18	Derby	Oxford	2.05	1.80	2.00	4.10	2.00	1.80	1.96	3.70
ENG-CH	2026-04-18	Hull	Birmingham	2.05	1.83	2.75	2.88	2.00	1.80	2.45	2.65
ENG-CH	2026-04-18	Millwall	QPR	1.80	2.10	1.73	5.00	1.73	2.10	1.66	4.75
ENG-CH	2026-04-18	Portsmouth	Leicester	2.22	1.68	2.36	3.25	2.20	1.67	2.25	3.00
ENG-CH	2026-04-18	Preston	West Brom	2.20	1.73	3.50	2.23	2.20	1.67	3.40	2.10
ENG-CH	2026-04-18	Sheffield Weds	Charlton	2.28	1.67	4.50	2.00	2.20	1.67	4.10	1.91
ENG-CH	2026-04-18	Swansea	Southampton	1.80	2.10	4.40	2.10	1.73	2.10	4.00	1.68
ENG-CH	2026-04-18	Watford	Sheffield United	1.78	2.20	2.90	2.40	1.67	2.20	2.82	2.25
ENG-CH	2026-04-18	Wrexham	Stoke	1.77	2.10	1.85	4.60	1.73	2.10	1.81	3.90
ENG-CH	2026-04-19	Ipswich	Middlesbrough	1.91	2.02	2.28	3.15	1.88	1.98	2.20	3.10
ENG-CH	2026-04-21	Coventry	Portsmouth	1.73	2.22	1.60	6.00	1.73	2.10	1.46	5.75
ENG-CH	2026-04-21	Leicester	Hull	1.80	2.10	2.15	3.33	1.80	2.00	2.05	3.10
ENG-CH	2026-04-21	Norwich	Derby	1.88	2.00	2.20	3.40	1.88	1.98	2.20	3.10
ENG-CH	2026-04-21	Oxford	Wrexham	2.20	1.73	2.48	3.05	2.20	1.67	2.30	3.00
ENG-CH	2026-04-21	QPR	Swansea	1.98	1.88	2.30	3.30	1.98	1.88	2.20	3.20
ENG-CH	2026-04-21	Southampton	Bristol City	1.61	2.40	1.53	8.50	1.57	2.38	1.33	8.50
ENG-CH	2026-04-21	Stoke	Millwall	1.67	2.30	4.75	1.78	1.62	2.30	4.50	1.62
ENG-CH	2026-04-21	West Brom	Watford	1.94	1.93	1.91	5.20	1.93	1.93	1.61	5.00
ENG-CH	2026-04-22	Birmingham	Preston	1.71	2.20	1.61	6.20	1.67	2.20	1.46	5.75
ENG-CH	2026-04-22	Charlton	Ipswich	1.96	1.91	6.33	1.60	1.91	1.91	5.75	1.51
ENG-CH	2026-04-22	Middlesbrough	Sheffield Weds	1.33	3.60	1.17	20.00	1.30	3.50	1.10	19.00
ENG-CH	2026-04-22	Sheffield United	Blackburn	1.92	1.91	2.05	4.00	1.91	1.91	2.05	3.40
ENG-CH	2026-04-24	Leicester	Millwall	1.65	2.30	4.60	1.80	1.62	2.30	4.10	1.71
ENG-CH	2026-04-25	Birmingham	Bristol City	1.75	2.10	1.87	4.60	1.73	2.10	1.79	3.50
ENG-CH	2026-04-25	Charlton	Hull	1.96	1.91	3.10	2.40	1.91	1.91	3.00	2.32
ENG-CH	2026-04-25	Middlesbrough	Watford	1.73	2.30	1.61	6.10	1.73	2.10	1.53	5.50
ENG-CH	2026-04-25	Norwich	Swansea	1.73	2.18	1.70	5.00	1.73	2.10	1.66	4.75
ENG-CH	2026-04-25	Oxford	Sheffield Weds	1.90	1.98	1.58	6.25	1.88	1.98	1.51	5.00
ENG-CH	2026-04-25	QPR	Derby	2.03	1.91	3.13	2.35	2.03	1.83	3.10	2.20
ENG-CH	2026-04-25	Sheffield United	Preston	1.58	2.50	1.63	5.50	1.53	2.50	1.51	4.50
ENG-CH	2026-04-25	Stoke	Portsmouth	1.88	2.00	2.38	3.40	1.88	1.98	2.05	3.40
ENG-CH	2026-04-25	West Brom	Ipswich	2.20	1.75	3.20	2.38	2.20	1.67	3.20	2.25
ENG-CH	2026-04-26	Coventry	Wrexham	1.73	2.30	1.96	3.80	1.73	2.10	1.76	3.40
ENG-CH	2026-04-28	Southampton	Ipswich	1.73	2.15	2.20	3.25	1.73	2.10	2.05	3.20
ENG-CH	2026-05-02	Blackburn	Leicester	1.80	2.10	2.10	3.30	1.73	2.10	2.05	3.20
ENG-CH	2026-05-02	Bristol City	Stoke	1.73	2.25	2.00	3.75	1.73	2.10	1.91	3.75
ENG-CH	2026-05-02	Derby	Sheffield United	1.70	2.25	2.00	3.75	1.67	2.20	1.96	3.40
ENG-CH	2026-05-02	Hull	Norwich	1.56	2.50	2.10	3.25	1.53	2.50	2.05	3.10
ENG-CH	2026-05-02	Ipswich	QPR	1.48	2.80	1.27	11.50	1.44	2.75	1.22	9.00
ENG-CH	2026-05-02	Millwall	Oxford	1.58	2.50	1.40	8.50	1.57	2.38	1.35	7.00
ENG-CH	2026-05-02	Portsmouth	Birmingham	1.83	2.03	3.70	2.05	1.83	2.03	3.50	1.96
ENG-CH	2026-05-02	Preston	Southampton	1.57	2.50	3.85	1.91	1.57	2.38	3.60	1.86
ENG-CH	2026-05-02	Sheffield Weds	West Brom	1.92	2.00	5.25	1.72	1.85	2.00	4.75	1.62
ENG-CH	2026-05-02	Swansea	Charlton	1.75	2.10	1.83	4.33	1.73	2.10	1.68	3.90
ENG-CH	2026-05-02	Watford	Coventry	1.67	2.30	2.95	2.38	1.67	2.20	2.65	2.32
ENG-CH	2026-05-02	Wrexham	Middlesbrough	1.67	2.30	3.20	2.25	1.62	2.30	3.00	2.10
ENG-PL	2024-08-16	Man United	Fulham	1.66	2.45	1.70	5.50	1.62	2.30	1.67	5.00
ENG-PL	2024-08-17	Arsenal	Wolves	1.45	3.00	1.17	21.00	1.40	3.00	1.14	15.00
ENG-PL	2024-08-17	Everton	Brighton	1.95	2.00	3.16	2.45	1.93	1.97	3.10	2.30
ENG-PL	2024-08-17	Ipswich	Liverpool	1.40	3.38	8.57	1.39	1.36	3.20	8.00	1.33
ENG-PL	2024-08-17	Newcastle	Southampton	1.46	3.05	1.44	8.00	1.44	2.75	1.40	7.00
ENG-PL	2024-08-17	Nott'm Forest	Bournemouth	1.93	2.04	2.38	3.37	1.89	2.01	2.20	3.25
ENG-PL	2024-08-17	West Ham	Aston Villa	1.73	2.32	2.56	2.91	1.73	2.10	2.40	2.80
ENG-PL	2024-08-18	Brentford	Crystal Palace	2.09	1.91	3.00	2.72	2.07	1.83	2.88	2.55
ENG-PL	2024-08-18	Chelsea	Man City	1.61	2.52	3.89	2.05	1.57	2.38	3.60	1.95
ENG-PL	2024-08-19	Leicester	Tottenham	1.57	2.62	4.90	1.74	1.57	2.38	4.50	1.70
ENG-PL	2024-08-24	Aston Villa	Arsenal	1.76	2.27	4.85	1.78	1.73	2.10	4.50	1.73
ENG-PL	2024-08-24	Brighton	Man United	1.60	2.62	2.57	2.96	1.53	2.50	2.30	2.88
ENG-PL	2024-08-24	Crystal Palace	West Ham	1.76	2.35	2.15	3.93	1.62	2.30	1.95	3.70
ENG-PL	2024-08-24	Fulham	Leicester	1.95	2.10	1.91	4.70	1.86	2.04	1.85	4.10
ENG-PL	2024-08-24	Man City	Ipswich	1.32	3.75	1.12	32.00	1.30	3.50	1.10	23.00
ENG-PL	2024-08-24	Southampton	Nott'm Forest	1.97	2.18	2.58	3.20	1.80	2.00	2.30	3.00
ENG-PL	2024-08-24	Tottenham	Everton	1.50	3.12	1.41	8.50	1.40	3.00	1.36	7.50
ENG-PL	2024-08-25	Bournemouth	Newcastle	1.66	2.55	2.68	2.74	1.57	2.38	2.55	2.60
ENG-PL	2024-08-25	Liverpool	Brentford	1.34	3.55	1.25	13.50	1.30	3.50	1.20	13.00
ENG-PL	2024-08-25	Wolves	Chelsea	1.69	2.47	4.10	1.93	1.57	2.38	3.75	1.90
ENG-PL	2024-08-31	Arsenal	Brighton	1.58	2.63	1.40	8.60	1.53	2.50	1.36	7.50
ENG-PL	2024-08-31	Brentford	Southampton	1.85	2.12	1.83	4.59	1.80	2.00	1.80	4.33
ENG-PL	2024-08-31	Everton	Bournemouth	1.90	2.06	3.14	2.52	1.87	2.03	3.00	2.35
ENG-PL	2024-08-31	Ipswich	Fulham	1.96	2.00	3.20	2.45	1.95	1.95	3.00	2.38
ENG-PL	2024-08-31	Leicester	Aston Villa	1.82	2.14	4.20	1.95	1.73	2.10	4.00	1.85
ENG-PL	2024-08-31	Nott'm Forest	Wolves	1.91	2.01	2.05	3.88	1.91	1.99	1.95	3.70
ENG-PL	2024-08-31	West Ham	Man City	1.58	2.73	8.11	1.46	1.53	2.50	7.50	1.40
ENG-PL	2024-09-01	Chelsea	Crystal Palace	1.57	2.62	1.69	5.10	1.53	2.50	1.65	4.75
ENG-PL	2024-09-01	Man United	Liverpool	1.52	2.87	3.76	2.00	1.44	2.75	3.50	1.91
ENG-PL	2024-09-01	Newcastle	Tottenham	1.42	3.14	2.60	2.79	1.40	3.00	2.45	2.55
ENG-PL	2024-09-14	Aston Villa	Everton	1.84	2.21	1.72	5.64	1.80	2.00	1.67	5.25
ENG-PL	2024-09-14	Bournemouth	Chelsea	1.52	2.98	3.36	2.28	1.50	2.63	3.10	2.20
ENG-PL	2024-09-14	Brighton	Ipswich	1.68	2.41	1.54	7.00	1.62	2.30	1.45	6.50
ENG-PL	2024-09-14	Crystal Palace	Leicester	1.92	2.05	1.70	5.50	1.88	2.02	1.65	5.25
ENG-PL	2024-09-14	Fulham	West Ham	1.90	2.10	2.39	3.29	1.86	2.04	2.25	3.20
ENG-PL	2024-09-14	Liverpool	Nott'm Forest	1.44	3.06	1.27	13.00	1.40	3.00	1.25	11.00
ENG-PL	2024-09-14	Man City	Brentford	1.45	3.14	1.22	16.10	1.44	2.75	1.17	15.00
ENG-PL	2024-09-14	Southampton	Man United	1.60	2.56	4.50	1.88	1.53	2.50	4.00	1.80
ENG-PL	2024-09-15	Tottenham	Arsenal	1.68	2.45	3.00	2.63	1.62	2.30	2.70	2.60
ENG-PL	2024-09-15	Wolves	Newcastle	1.68	2.39	4.03	2.10	1.62	2.30	3.60	2.05
ENG-PL	2024-09-21	Aston Villa	Wolves	1.68	2.41	1.69	5.50	1.67	2.20	1.65	4.75
ENG-PL	2024-09-21	Crystal Palace	Man United	1.71	2.37	3.00	2.53	1.67	2.20	2.75	2.45
ENG-PL	2024-09-21	Fulham	Newcastle	1.71	2.30	3.11	2.60	1.67	2.20	2.90	2.40
ENG-PL	2024-09-21	Leicester	Everton	1.86	2.20	2.15	3.76	1.73	2.10	2.10	3.50
ENG-PL	2024-09-21	Liverpool	Bournemouth	1.35	3.70	1.29	11.00	1.30	3.50	1.25	10.00
ENG-PL	2024-09-21	Southampton	Ipswich	1.90	2.13	2.49	3.06	1.80	2.00	2.45	2.88
ENG-PL	2024-09-21	Tottenham	Brentford	1.45	3.20	1.50	6.50	1.36	3.20	1.48	6.00
ENG-PL	2024-09-21	West Ham	Chelsea	1.56	2.66	3.81	2.06	1.50	2.63	3.50	1.95
ENG-PL	2024-09-22	Brighton	Nott'm Forest	1.99	2.12	1.89	4.63	1.80	2.00	1.80	4.33
ENG-PL	2024-09-22	Man City	Arsenal	2.07	1.90	1.83	5.37	2.05	1.85	1.75	5.00
ENG-PL	2024-09-28	Arsenal	Leicester	1.63	2.50	1.22	17.50	1.57	2.38	1.20	13.00
ENG-PL	2024-09-28	Brentford	West Ham	1.67	2.40	2.33	3.40	1.62	2.30	2.20	3.10
ENG-PL	2024-09-28	Chelsea	Brighton	1.53	2.88	1.81	4.50	1.44	2.75	1.75	4.00
ENG-PL	2024-09-28	Everton	Crystal Palace	1.93	2.00	2.81	2.71	1.91	1.99	2.70	2.60
ENG-PL	2024-09-28	Newcastle	Man City	1.63	2.49	5.50	1.70	1.57	2.38	4.75	1.67
ENG-PL	2024-09-28	Nott'm Forest	Fulham	2.32	1.73	2.66	3.20	2.20	1.67	2.55	2.90
ENG-PL	2024-09-28	Wolves	Liverpool	1.42	3.17	9.50	1.35	1.40	3.00	8.00	1.33
ENG-PL	2024-09-29	Ipswich	Aston Villa	1.85	2.11	3.90	2.11	1.80	2.00	3.50	2.10
ENG-PL	2024-09-29	Man United	Tottenham	1.46	2.96	2.16	3.46	1.44	2.75	2.05	3.20
ENG-PL	2024-09-30	Bournemouth	Southampton	1.64	2.55	1.58	6.79	1.57	2.38	1.48	6.50
ENG-PL	2024-10-05	Arsenal	Southampton	1.46	3.00	1.21	18.71	1.44	2.75	1.18	13.00
ENG-PL	2024-10-05	Brentford	Wolves	1.79	2.20	2.11	3.86	1.73	2.10	2.10	3.40
ENG-PL	2024-10-05	Crystal Palace	Liverpool	1.70	2.38	5.50	1.72	1.67	2.20	5.00	1.67
ENG-PL	2024-10-05	Everton	Newcastle	1.73	2.32	3.96	2.04	1.73	2.10	3.70	1.95
ENG-PL	2024-10-05	Leicester	Bournemouth	1.67	2.42	3.70	2.11	1.62	2.30	3.50	2.00
ENG-PL	2024-10-05	Man City	Fulham	1.53	2.76	1.29	12.00	1.50	2.63	1.25	10.00
ENG-PL	2024-10-05	West Ham	Ipswich	1.78	2.31	2.00	4.18	1.73	2.10	1.90	3.80
ENG-PL	2024-10-06	Aston Villa	Man United	1.50	2.88	2.25	3.24	1.44	2.75	2.10	3.10
ENG-PL	2024-10-06	Brighton	Tottenham	1.43	3.14	3.06	2.33	1.40	3.00	2.90	2.15
ENG-PL	2024-10-06	Chelsea	Nott'm Forest	1.63	2.49	1.53	7.00	1.57	2.38	1.48	6.50
ENG-PL	2024-10-19	Bournemouth	Arsenal	1.99	2.08	5.37	1.85	1.99	1.91	4.75	1.75
ENG-PL	2024-10-19	Fulham	Aston Villa	1.90	2.13	2.55	3.00	1.80	2.00	2.45	2.80
ENG-PL	2024-10-19	Ipswich	Everton	1.92	2.10	2.44	3.20	1.88	2.02	2.38	2.90
ENG-PL	2024-10-19	Man United	Brentford	1.57	2.75	1.73	5.09	1.50	2.63	1.62	5.00
ENG-PL	2024-10-19	Newcastle	Brighton	1.55	2.66	1.78	4.90	1.53	2.50	1.73	4.50
ENG-PL	2024-10-19	Southampton	Leicester	1.83	2.20	2.25	3.45	1.73	2.10	2.15	3.25
ENG-PL	2024-10-19	Tottenham	West Ham	1.38	3.56	1.49	6.60	1.33	3.40	1.45	5.75
ENG-PL	2024-10-20	Liverpool	Chelsea	1.42	3.30	1.72	5.00	1.40	3.00	1.67	4.20
ENG-PL	2024-10-20	Wolves	Man City	1.52	2.79	9.11	1.39	1.50	2.63	8.50	1.33
ENG-PL	2024-10-21	Nott'm Forest	Crystal Palace	2.38	1.68	2.42	3.32	2.30	1.62	2.30	3.10
ENG-PL	2024-10-25	Leicester	Nott'm Forest	2.04	1.91	3.08	2.53	2.01	1.89	2.88	2.45
ENG-PL	2024-10-26	Aston Villa	Bournemouth	1.68	2.49	1.86	4.59	1.62	2.30	1.75	4.33
ENG-PL	2024-10-26	Brentford	Ipswich	1.73	2.30	1.71	5.50	1.67	2.20	1.67	4.75
ENG-PL	2024-10-26	Brighton	Wolves	1.64	2.44	1.60	5.90	1.62	2.30	1.55	5.50
ENG-PL	2024-10-26	Everton	Fulham	1.94	2.10	2.89	2.73	1.80	2.00	2.60	2.63
ENG-PL	2024-10-26	Man City	Southampton	1.25	4.42	1.14	25.00	1.25	4.00	1.13	15.00
ENG-PL	2024-10-27	Arsenal	Liverpool	1.91	2.02	2.34	3.45	1.84	1.94	2.20	3.30
ENG-PL	2024-10-27	Chelsea	Newcastle	1.53	2.70	1.82	4.40	1.50	2.63	1.75	4.00
ENG-PL	2024-10-27	Crystal Palace	Tottenham	1.56	2.75	4.00	1.97	1.50	2.63	3.60	1.91
ENG-PL	2024-10-27	West Ham	Man United	1.69	2.41	3.45	2.21	1.62	2.30	3.30	2.10
ENG-PL	2024-11-02	Bournemouth	Man City	1.64	2.59	6.30	1.62	1.57	2.38	5.75	1.55
ENG-PL	2024-11-02	Ipswich	Leicester	1.76	2.31	2.42	3.23	1.67	2.20	2.30	2.90
ENG-PL	2024-11-02	Liverpool	Brighton	1.43	3.39	1.41	8.40	1.40	3.00	1.36	7.50
ENG-PL	2024-11-02	Newcastle	Arsenal	1.96	2.05	4.30	2.01	1.95	1.95	4.00	1.95
ENG-PL	2024-11-02	Nott'm Forest	West Ham	2.13	2.00	2.10	4.00	2.03	1.87	2.00	3.75
ENG-PL	2024-11-02	Southampton	Everton	2.00	2.11	2.82	2.85	1.99	1.91	2.63	2.63
ENG-PL	2024-11-02	Wolves	Crystal Palace	2.00	2.00	2.54	3.16	1.99	1.91	2.35	3.00
ENG-PL	2024-11-03	Man United	Chelsea	1.51	2.80	2.73	2.65	1.50	2.63	2.63	2.60
ENG-PL	2024-11-03	Tottenham	Aston Villa	1.48	2.90	1.99	3.77	1.44	2.75	1.91	3.50
ENG-PL	2024-11-04	Fulham	Brentford	1.76	2.29	2.05	3.76	1.67	2.20	1.95	3.60
ENG-PL	2024-11-09	Brentford	Bournemouth	1.75	2.45	2.65	2.75	1.67	2.20	2.60	2.63
ENG-PL	2024-11-09	Brighton	Man City	1.53	2.90	4.48	1.85	1.44	2.75	4.00	1.80
ENG-PL	2024-11-09	Crystal Palace	Fulham	2.24	1.81	3.52	2.34	2.10	1.73	3.30	2.25
ENG-PL	2024-11-09	Liverpool	Aston Villa	1.61	2.50	1.51	7.00	1.57	2.38	1.45	6.25
ENG-PL	2024-11-09	West Ham	Everton	2.00	2.00	2.20	3.71	1.95	1.95	2.15	3.50
ENG-PL	2024-11-09	Wolves	Southampton	1.75	2.26	2.06	4.33	1.73	2.10	1.91	3.80
ENG-PL	2024-11-10	Chelsea	Arsenal	1.84	2.12	3.14	2.52	1.80	2.00	2.80	2.50
ENG-PL	2024-11-10	Man United	Leicester	1.52	2.80	1.36	9.86	1.50	2.63	1.33	8.00
ENG-PL	2024-11-10	Nott'm Forest	Newcastle	1.98	2.00	2.90	2.75	1.97	1.93	2.70	2.60
ENG-PL	2024-11-10	Tottenham	Ipswich	1.36	3.70	1.28	12.00	1.33	3.40	1.25	9.50
ENG-PL	2024-11-23	Arsenal	Nott'm Forest	1.90	2.10	1.43	9.05	1.87	2.03	1.40	7.50
ENG-PL	2024-11-23	Aston Villa	Crystal Palace	1.90	2.10	1.78	5.50	1.88	2.02	1.73	5.00
ENG-PL	2024-11-23	Bournemouth	Brighton	1.61	2.52	2.56	2.90	1.57	2.38	2.35	2.88
ENG-PL	2024-11-23	Everton	Brentford	1.91	2.04	2.42	3.28	1.88	2.02	2.30	3.10
ENG-PL	2024-11-23	Fulham	Wolves	1.65	2.49	1.58	6.12	1.57	2.38	1.53	5.75
ENG-PL	2024-11-23	Leicester	Chelsea	1.61	2.60	7.56	1.50	1.57	2.38	7.00	1.44
ENG-PL	2024-11-23	Man City	Tottenham	1.35	3.71	1.45	7.50	1.33	3.40	1.40	7.00
ENG-PL	2024-11-24	Ipswich	Man United	1.68	2.43	5.50	1.72	1.67	2.20	5.00	1.65
ENG-PL	2024-11-24	Southampton	Liverpool	1.44	3.16	10.00	1.36	1.40	3.00	8.50	1.33
ENG-PL	2024-11-25	Newcastle	West Ham	1.56	2.77	1.50	7.10	1.50	2.63	1.45	6.25
ENG-PL	2024-11-29	Brighton	Southampton	1.42	3.27	1.42	8.00	1.36	3.20	1.38	7.50
ENG-PL	2024-11-30	Brentford	Leicester	1.63	2.49	1.66	5.60	1.57	2.38	1.60	5.00
ENG-PL	2024-11-30	Crystal Palace	Newcastle	1.93	2.10	3.43	2.29	1.88	2.02	3.20	2.20
ENG-PL	2024-11-30	Nott'm Forest	Ipswich	1.89	2.20	1.83	5.01	1.73	2.10	1.70	4.75
ENG-PL	2024-11-30	West Ham	Arsenal	1.73	2.38	8.00	1.48	1.67	2.20	7.00	1.42
ENG-PL	2024-11-30	Wolves	Bournemouth	1.82	2.23	2.90	2.74	1.73	2.10	2.63	2.60
ENG-PL	2024-12-01	Chelsea	Aston Villa	1.58	2.60	1.77	4.85	1.57	2.38	1.70	4.50
ENG-PL	2024-12-01	Liverpool	Man City	1.57	2.75	2.18	3.72	1.49	2.45	2.00	3.50
ENG-PL	2024-12-01	Man United	Everton	1.85	2.13	1.67	6.01	1.80	2.00	1.57	5.75
ENG-PL	2024-12-01	Tottenham	Fulham	1.48	3.14	2.02	3.73	1.40	3.00	1.95	3.30
ENG-PL	2024-12-03	Ipswich	Crystal Palace	2.05	1.91	3.46	2.35	2.04	1.86	3.20	2.25
ENG-PL	2024-12-03	Leicester	West Ham	1.82	2.26	3.14	2.45	1.80	2.00	3.00	2.30
ENG-PL	2024-12-04	Arsenal	Man United	1.70	2.47	1.51	7.50	1.62	2.30	1.45	6.25
ENG-PL	2024-12-04	Aston Villa	Brentford	1.60	2.56	1.83	5.15	1.53	2.50	1.67	5.00
ENG-PL	2024-12-04	Everton	Wolves	2.11	1.87	2.20	3.93	2.07	1.83	2.10	3.60
ENG-PL	2024-12-04	Man City	Nott'm Forest	1.51	2.88	1.35	10.50	1.44	2.75	1.30	9.50
ENG-PL	2024-12-04	Newcastle	Liverpool	1.72	2.43	4.08	2.06	1.62	2.30	3.50	2.00
ENG-PL	2024-12-04	Southampton	Chelsea	1.41	3.35	9.40	1.37	1.36	3.20	8.50	1.30
ENG-PL	2024-12-05	Bournemouth	Tottenham	1.47	2.96	2.36	3.20	1.44	2.75	2.10	3.00
ENG-PL	2024-12-05	Fulham	Brighton	1.72	2.33	2.72	2.80	1.67	2.20	2.55	2.60
ENG-PL	2024-12-07	Aston Villa	Southampton	1.51	2.88	1.38	10.00	1.44	2.75	1.30	9.00
ENG-PL	2024-12-07	Brentford	Newcastle	1.64	2.53	3.10	2.52	1.57	2.38	2.88	2.30
ENG-PL	2024-12-07	Crystal Palace	Man City	1.73	2.42	5.01	1.78	1.62	2.30	4.50	1.73
ENG-PL	2024-12-07	Man United	Nott'm Forest	1.88	2.17	1.73	5.74	1.73	2.10	1.67	5.00
ENG-PL	2024-12-08	Fulham	Arsenal	1.79	2.23	5.85	1.65	1.73	2.10	5.00	1.62
ENG-PL	2024-12-08	Ipswich	Bournemouth	1.70	2.35	4.00	2.00	1.67	2.20	3.70	1.91
ENG-PL	2024-12-08	Leicester	Brighton	1.61	2.63	5.25	1.73	1.53	2.50	5.00	1.65
ENG-PL	2024-12-08	Tottenham	Chelsea	1.37	3.45	3.12	2.35	1.33	3.40	2.88	2.20
ENG-PL	2024-12-09	West Ham	Wolves	1.74	2.37	1.91	4.46	1.67	2.20	1.80	4.20
ENG-PL	2024-12-14	Arsenal	Everton	1.69	2.42	1.26	15.00	1.62	2.30	1.22	13.00
ENG-PL	2024-12-14	Liverpool	Fulham	1.41	3.25	1.31	11.50	1.36	3.20	1.29	9.00
ENG-PL	2024-12-14	Newcastle	Leicester	1.40	3.20	1.32	11.00	1.36	3.20	1.29	9.00
ENG-PL	2024-12-14	Nott'm Forest	Aston Villa	2.15	1.85	2.89	2.85	2.00	1.80	2.70	2.75
ENG-PL	2024-12-14	Wolves	Ipswich	1.87	2.12	2.08	3.93	1.80	2.00	1.91	3.75
ENG-PL	2024-12-15	Brighton	Crystal Palace	1.83	2.20	1.95	4.27	1.73	2.10	1.91	3.90
ENG-PL	2024-12-15	Chelsea	Brentford	1.40	3.56	1.38	8.60	1.33	3.40	1.33	7.50
ENG-PL	2024-12-15	Man City	Man United	1.50	2.93	1.66	6.13	1.44	2.75	1.50	5.75
ENG-PL	2024-12-15	Southampton	Tottenham	1.33	4.14	4.50	1.82	1.25	4.00	3.90	1.75
ENG-PL	2024-12-16	Bournemouth	West Ham	1.59	2.75	1.78	4.60	1.53	2.50	1.73	4.20
ENG-PL	2024-12-21	Aston Villa	Man City	1.66	2.44	3.38	2.25	1.62	2.30	3.10	2.20
ENG-PL	2024-12-21	Brentford	Nott'm Forest	1.64	2.46	2.56	2.80	1.57	2.38	2.50	2.70
ENG-PL	2024-12-21	Crystal Palace	Arsenal	1.90	2.10	7.68	1.50	1.85	2.05	7.00	1.48
ENG-PL	2024-12-21	Ipswich	Newcastle	1.66	2.45	5.24	1.75	1.57	2.38	4.75	1.73
ENG-PL	2024-12-21	West Ham	Brighton	1.52	2.77	2.85	2.58	1.50	2.63	2.75	2.45
ENG-PL	2024-12-22	Everton	Chelsea	1.65	2.42	5.18	1.70	1.62	2.30	4.50	1.67
ENG-PL	2024-12-22	Fulham	Southampton	1.82	2.39	1.68	6.15	1.73	2.10	1.57	5.75
ENG-PL	2024-12-22	Leicester	Wolves	1.80	2.33	3.05	2.53	1.67	2.20	2.90	2.38
ENG-PL	2024-12-22	Man United	Bournemouth	1.75	2.30	1.91	4.39	1.73	2.10	1.80	4.33
ENG-PL	2024-12-22	Tottenham	Liverpool	1.29	3.99	5.10	1.70	1.29	3.75	4.75	1.60
ENG-PL	2024-12-26	Bournemouth	Crystal Palace	1.72	2.30	2.18	3.79	1.67	2.20	2.10	3.40
ENG-PL	2024-12-26	Chelsea	Fulham	1.55	2.85	1.50	6.86	1.50	2.63	1.45	5.75
ENG-PL	2024-12-26	Liverpool	Leicester	1.24	5.40	1.10	38.00	1.17	5.00	1.07	23.00
ENG-PL	2024-12-26	Man City	Everton	1.58	2.63	1.37	9.50	1.50	2.63	1.33	8.50
ENG-PL	2024-12-26	Newcastle	Aston Villa	1.72	2.48	1.98	4.04	1.62	2.30	1.90	3.80
ENG-PL	2024-12-26	Nott'm Forest	Tottenham	1.44	3.14	2.29	3.25	1.40	3.00	2.10	3.00
ENG-PL	2024-12-26	Southampton	West Ham	1.77	2.30	3.28	2.36	1.73	2.10	3.10	2.25
ENG-PL	2024-12-26	Wolves	Man United	1.77	2.23	4.69	1.85	1.73	2.10	4.33	1.80
ENG-PL	2024-12-27	Arsenal	Ipswich	1.40	3.25	1.16	23.50	1.36	3.20	1.14	17.00
ENG-PL	2024-12-27	Brighton	Brentford	1.51	2.94	1.67	5.19	1.44	2.75	1.60	4.75
ENG-PL	2024-12-29	Crystal Palace	Southampton	1.81	2.25	1.62	6.50	1.67	2.20	1.50	6.25
ENG-PL	2024-12-29	Everton	Nott'm Forest	2.45	1.66	2.88	3.00	2.30	1.62	2.63	2.88
ENG-PL	2024-12-29	Fulham	Bournemouth	1.87	2.16	2.42	3.31	1.80	2.00	2.25	3.20
ENG-PL	2024-12-29	Leicester	Man City	1.37	3.56	11.00	1.31	1.33	3.40	9.50	1.27
ENG-PL	2024-12-29	Tottenham	Wolves	1.40	3.35	1.69	4.90	1.36	3.20	1.65	4.50
ENG-PL	2024-12-29	West Ham	Liverpool	1.44	3.18	8.15	1.41	1.40	3.00	7.00	1.38
ENG-PL	2024-12-30	Aston Villa	Brighton	1.70	2.41	2.08	4.37	1.62	2.30	1.85	4.10
ENG-PL	2024-12-30	Ipswich	Chelsea	1.52	2.78	8.50	1.43	1.44	2.75	7.00	1.40
ENG-PL	2024-12-30	Man United	Newcastle	1.69	2.32	2.87	2.59	1.67	2.20	2.70	2.55
ENG-PL	2025-01-01	Brentford	Arsenal	1.68	2.47	7.16	1.57	1.67	2.20	5.50	1.55
ENG-PL	2025-01-04	Aston Villa	Leicester	1.45	3.14	1.37	9.50	1.40	3.00	1.33	8.50
ENG-PL	2025-01-04	Bournemouth	Everton	1.90	2.09	1.72	5.25	1.86	2.07	1.67	5.00
ENG-PL	2025-01-04	Brighton	Arsenal	2.05	2.13	5.45	1.85	2.05	1.88	5.00	1.75
ENG-PL	2025-01-04	Crystal Palace	Chelsea	1.58	2.75	3.89	2.05	1.50	2.63	3.60	1.91
ENG-PL	2025-01-04	Man City	West Ham	1.32	3.80	1.31	12.00	1.29	3.75	1.22	9.50
ENG-PL	2025-01-04	Southampton	Brentford	1.75	2.35	3.49	2.24	1.73	2.10	3.25	2.10
ENG-PL	2025-01-04	Tottenham	Newcastle	1.30	4.14	3.90	1.94	1.25	4.00	3.90	1.73
ENG-PL	2025-01-05	Fulham	Ipswich	1.83	2.14	1.61	6.40	1.80	2.00	1.53	6.00
ENG-PL	2025-01-05	Liverpool	Man United	1.54	2.80	1.40	8.60	1.50	2.63	1.36	7.50
ENG-PL	2025-01-06	Wolves	Nott'm Forest	2.10	2.10	4.18	2.22	1.87	2.03	3.90	1.95
ENG-PL	2025-01-14	Brentford	Man City	1.44	3.01	5.62	1.62	1.44	2.75	5.25	1.60
ENG-PL	2025-01-14	Chelsea	Bournemouth	1.44	3.14	1.57	6.00	1.40	3.00	1.50	5.25
ENG-PL	2025-01-14	Nott'm Forest	Liverpool	1.64	2.49	5.70	1.67	1.62	2.30	5.25	1.62
ENG-PL	2025-01-14	West Ham	Fulham	1.99	2.00	3.22	2.57	1.95	1.95	3.00	2.35
ENG-PL	2025-01-15	Arsenal	Tottenham	1.58	2.70	1.41	8.20	1.50	2.63	1.36	7.50
ENG-PL	2025-01-15	Everton	Aston Villa	2.35	1.69	3.63	2.35	2.30	1.62	3.40	2.25
ENG-PL	2025-01-15	Leicester	Crystal Palace	1.91	2.10	4.10	2.00	1.90	2.00	3.80	1.91
ENG-PL	2025-01-15	Newcastle	Wolves	1.53	2.75	1.40	8.73	1.50	2.63	1.36	7.50
ENG-PL	2025-01-16	Ipswich	Brighton	1.85	2.14	3.95	2.03	1.80	2.00	3.70	1.95
ENG-PL	2025-01-16	Man United	Southampton	1.58	2.53	1.31	12.00	1.57	2.38	1.27	10.00
ENG-PL	2025-01-18	Arsenal	Aston Villa	2.03	2.20	1.65	6.40	1.73	2.10	1.53	6.25
ENG-PL	2025-01-18	Brentford	Liverpool	1.35	3.56	6.50	1.53	1.33	3.40	5.75	1.48
ENG-PL	2025-01-18	Leicester	Fulham	1.85	2.11	4.70	1.86	1.84	2.06	4.50	1.80
ENG-PL	2025-01-18	Newcastle	Bournemouth	1.54	2.77	1.67	5.50	1.53	2.50	1.65	5.00
ENG-PL	2025-01-18	West Ham	Crystal Palace	2.11	1.95	2.86	2.72	2.06	1.84	2.75	2.55
ENG-PL	2025-01-19	Everton	Tottenham	1.88	2.10	2.72	2.85	1.87	2.03	2.50	2.80
ENG-PL	2025-01-19	Ipswich	Man City	1.57	2.74	8.50	1.51	1.50	2.63	7.00	1.40
ENG-PL	2025-01-19	Man United	Brighton	1.84	2.13	2.35	3.35	1.80	2.00	2.25	3.10
ENG-PL	2025-01-19	Nott'm Forest	Southampton	1.75	2.30	1.50	9.23	1.67	2.20	1.38	8.00
ENG-PL	2025-01-20	Chelsea	Wolves	1.41	3.16	1.45	7.50	1.40	3.00	1.45	6.25
ENG-PL	2025-01-25	Bournemouth	Nott'm Forest	1.87	2.25	2.12	3.95	1.73	2.10	1.91	3.80
ENG-PL	2025-01-25	Brighton	Everton	2.08	1.95	1.75	5.80	2.05	1.85	1.73	5.25
ENG-PL	2025-01-25	Liverpool	Ipswich	1.29	4.25	1.13	25.00	1.29	3.75	1.11	15.00
ENG-PL	2025-01-25	Man City	Chelsea	1.46	3.15	2.40	3.05	1.44	2.75	2.38	2.70
ENG-PL	2025-01-25	Southampton	Newcastle	1.52	2.81	7.00	1.53	1.44	2.75	6.50	1.44
ENG-PL	2025-01-25	Wolves	Arsenal	1.98	2.09	6.40	1.62	1.97	1.93	5.75	1.60
ENG-PL	2025-01-26	Aston Villa	West Ham	1.62	2.50	1.54	7.38	1.57	2.38	1.45	6.25
ENG-PL	2025-01-26	Crystal Palace	Brentford	1.68	2.51	2.03	4.09	1.57	2.38	1.95	3.60
ENG-PL	2025-01-26	Fulham	Man United	1.90	2.04	2.49	3.10	1.88	2.02	2.35	3.10
ENG-PL	2025-01-26	Tottenham	Leicester	1.35	3.58	1.55	5.95	1.33	3.40	1.50	5.50
ENG-PL	2025-02-01	Bournemouth	Liverpool	1.47	2.92	4.75	1.73	1.44	2.75	4.33	1.70
ENG-PL	2025-02-01	Everton	Leicester	2.36	1.68	2.00	4.70	2.30	1.62	1.95	4.10
ENG-PL	2025-02-01	Ipswich	Southampton	1.89	2.17	2.10	4.20	1.73	2.10	1.90	3.90
ENG-PL	2025-02-01	Newcastle	Fulham	1.71	2.36	1.78	5.12	1.67	2.20	1.70	4.75
ENG-PL	2025-02-01	Nott'm Forest	Brighton	1.97	2.09	2.68	2.94	1.84	2.06	2.63	2.70
ENG-PL	2025-02-01	Wolves	Aston Villa	1.90	2.11	3.35	2.40	1.88	2.02	3.20	2.20
ENG-PL	2025-02-02	Arsenal	Man City	1.76	2.44	2.07	4.05	1.57	2.38	1.90	3.80
ENG-PL	2025-02-02	Brentford	Tottenham	1.37	3.80	2.09	3.52	1.29	3.75	1.91	3.50
ENG-PL	2025-02-02	Man United	Crystal Palace	1.97	2.01	1.91	5.09	1.95	1.95	1.75	4.75
ENG-PL	2025-02-03	Chelsea	West Ham	1.35	3.58	1.33	10.00	1.33	3.40	1.27	9.50
ENG-PL	2025-02-12	Everton	Liverpool	1.87	2.17	7.90	1.48	1.80	2.00	7.00	1.45
ENG-PL	2025-02-14	Brighton	Chelsea	1.64	2.55	3.11	2.43	1.57	2.38	2.90	2.30
ENG-PL	2025-02-15	Aston Villa	Ipswich	1.57	2.66	1.46	8.00	1.57	2.38	1.42	7.00
ENG-PL	2025-02-15	Crystal Palace	Everton	2.63	1.63	2.09	4.70	2.63	1.50	1.95	4.50
ENG-PL	2025-02-15	Fulham	Nott'm Forest	2.04	1.94	2.27	3.67	1.98	1.92	2.10	3.50
ENG-PL	2025-02-15	Leicester	Arsenal	1.76	2.25	11.00	1.35	1.73	2.10	9.50	1.33
ENG-PL	2025-02-15	Man City	Newcastle	1.42	3.37	2.12	3.57	1.36	3.20	2.05	3.20
ENG-PL	2025-02-15	Southampton	Bournemouth	1.53	2.90	6.50	1.54	1.50	2.63	6.25	1.48
ENG-PL	2025-02-15	West Ham	Brentford	1.60	2.51	2.45	2.94	1.57	2.38	2.35	2.88
ENG-PL	2025-02-16	Liverpool	Wolves	1.47	3.00	1.25	13.00	1.44	2.75	1.22	11.00
ENG-PL	2025-02-16	Tottenham	Man United	1.57	2.85	2.25	3.16	1.50	2.63	2.15	3.10
ENG-PL	2025-02-19	Aston Villa	Liverpool	1.60	2.55	3.97	1.95	1.57	2.38	3.75	1.85
ENG-PL	2025-02-21	Leicester	Brentford	1.63	2.51	3.90	2.02	1.57	2.38	3.50	1.95
ENG-PL	2025-02-22	Arsenal	West Ham	1.87	2.11	1.32	13.00	1.84	2.06	1.27	11.00
ENG-PL	2025-02-22	Aston Villa	Chelsea	1.65	2.44	2.70	2.72	1.62	2.30	2.60	2.63
ENG-PL	2025-02-22	Bournemouth	Wolves	1.72	2.36	1.68	5.60	1.67	2.20	1.62	5.00
ENG-PL	2025-02-22	Everton	Man United	2.34	1.74	2.86	3.00	2.20	1.67	2.63	2.88
ENG-PL	2025-02-22	Fulham	Crystal Palace	2.00	1.96	2.12	3.90	1.98	1.92	2.10	3.60
ENG-PL	2025-02-22	Ipswich	Tottenham	1.54	2.77	3.70	2.16	1.50	2.63	3.30	2.05
ENG-PL	2025-02-22	Southampton	Brighton	1.56	2.69	6.00	1.58	1.53	2.50	5.25	1.53
ENG-PL	2025-02-23	Man City	Liverpool	1.58	2.79	3.31	2.25	1.50	2.63	3.00	2.20
ENG-PL	2025-02-23	Newcastle	Nott'm Forest	1.62	2.53	1.95	4.09	1.57	2.38	1.90	3.75
ENG-PL	2025-02-25	Brighton	Bournemouth	1.61	2.51	2.01	3.80	1.57	2.38	1.95	3.60
ENG-PL	2025-02-25	Chelsea	Southampton	1.31	4.00	1.19	18.00	1.29	3.75	1.17	15.00
ENG-PL	2025-02-25	Crystal Palace	Aston Villa	1.84	2.21	2.35	3.33	1.73	2.10	2.20	3.10
ENG-PL	2025-02-25	Wolves	Fulham	2.20	1.83	2.53	3.21	2.10	1.73	2.35	2.90
ENG-PL	2025-02-26	Brentford	Everton	1.86	2.12	2.15	3.80	1.80	2.00	1.95	3.50
ENG-PL	2025-02-26	Liverpool	Newcastle	1.47	3.16	1.41	8.50	1.40	3.00	1.36	7.50
ENG-PL	2025-02-26	Man United	Ipswich	1.69	2.38	1.56	6.86	1.67	2.20	1.48	6.25
ENG-PL	2025-02-26	Nott'm Forest	Arsenal	2.32	1.78	4.38	1.98	2.20	1.67	4.20	1.91
ENG-PL	2025-02-26	Tottenham	Man City	1.37	3.43	4.10	1.85	1.33	3.40	3.80	1.80
ENG-PL	2025-02-27	West Ham	Leicester	1.97	2.03	1.84	5.15	1.95	1.95	1.75	4.50
ENG-PL	2025-03-08	Brentford	Aston Villa	1.52	2.92	2.27	3.31	1.44	2.75	2.15	3.10
ENG-PL	2025-03-08	Brighton	Fulham	1.90	2.10	2.06	4.01	1.87	2.03	1.95	3.75
ENG-PL	2025-03-08	Crystal Palace	Ipswich	1.89	2.10	1.60	6.63	1.88	2.02	1.53	6.25
ENG-PL	2025-03-08	Liverpool	Southampton	1.30	4.10	1.12	32.00	1.25	4.00	1.10	21.00
ENG-PL	2025-03-08	Nott'm Forest	Man City	1.67	2.51	4.12	2.02	1.57	2.38	3.80	1.91
ENG-PL	2025-03-08	Wolves	Everton	2.63	1.59	2.91	2.90	2.50	1.53	2.80	2.80
ENG-PL	2025-03-09	Chelsea	Leicester	1.46	3.00	1.25	14.40	1.44	2.75	1.22	10.00
ENG-PL	2025-03-09	Man United	Arsenal	2.19	1.90	5.60	1.82	2.00	1.80	5.00	1.75
ENG-PL	2025-03-09	Tottenham	Bournemouth	1.51	2.88	2.89	2.50	1.50	2.63	2.80	2.35
ENG-PL	2025-03-10	West Ham	Newcastle	1.99	2.01	3.54	2.25	1.91	1.99	3.30	2.20
ENG-PL	2025-03-15	Bournemouth	Brentford	1.52	2.88	1.85	4.50	1.50	2.63	1.73	4.10
ENG-PL	2025-03-15	Everton	West Ham	2.49	1.63	2.26	3.98	2.30	1.62	2.05	3.90
ENG-PL	2025-03-15	Ipswich	Nott'm Forest	1.99	2.01	4.20	2.01	1.95	1.95	3.90	1.95
ENG-PL	2025-03-15	Man City	Brighton	1.53	2.78	1.86	4.50	1.50	2.63	1.80	3.90
ENG-PL	2025-03-15	Southampton	Wolves	2.24	1.92	4.19	2.10	2.10	1.73	3.90	2.00
ENG-PL	2025-03-16	Arsenal	Chelsea	2.13	1.90	1.80	5.50	2.00	1.80	1.70	5.25
ENG-PL	2025-03-16	Fulham	Tottenham	1.72	2.35	1.95	4.24	1.67	2.20	1.80	4.10
ENG-PL	2025-03-16	Leicester	Man United	1.95	2.01	4.82	1.85	1.95	1.95	4.50	1.80
ENG-PL	2025-04-01	Arsenal	Fulham	2.08	1.99	1.53	8.00	2.07	1.83	1.50	7.00
ENG-PL	2025-04-01	Nott'm Forest	Man United	2.06	1.91	2.50	3.20	2.03	1.87	2.30	3.20
ENG-PL	2025-04-01	Wolves	West Ham	2.38	1.67	2.43	3.30	2.30	1.62	2.30	3.25
ENG-PL	2025-04-02	Bournemouth	Ipswich	1.67	2.35	1.43	8.50	1.62	2.30	1.40	7.50
ENG-PL	2025-04-02	Brighton	Aston Villa	1.89	2.10	2.45	3.15	1.88	2.02	2.30	3.00
ENG-PL	2025-04-02	Liverpool	Everton	1.86	2.10	1.52	7.50	1.86	2.04	1.48	6.50
ENG-PL	2025-04-02	Man City	Leicester	1.40	3.30	1.23	15.00	1.36	3.20	1.20	12.00
ENG-PL	2025-04-02	Newcastle	Brentford	1.60	2.66	1.70	5.00	1.53	2.50	1.65	4.75
ENG-PL	2025-04-02	Southampton	Crystal Palace	1.87	2.14	6.00	1.65	1.80	2.00	5.50	1.60
ENG-PL	2025-04-03	Chelsea	Tottenham	1.50	2.95	1.72	4.90	1.44	2.75	1.67	4.33
ENG-PL	2025-04-05	Aston Villa	Nott'm Forest	1.99	2.01	2.23	3.73	1.95	1.95	2.10	3.40
ENG-PL	2025-04-05	Crystal Palace	Brighton	1.92	2.04	2.58	2.90	1.90	2.00	2.50	2.70
ENG-PL	2025-04-05	Everton	Arsenal	2.60	1.63	4.40	2.15	2.38	1.57	3.90	2.10
ENG-PL	2025-04-05	Ipswich	Wolves	2.33	1.68	2.94	2.70	2.20	1.67	2.75	2.63
ENG-PL	2025-04-05	West Ham	Bournemouth	1.87	2.10	3.10	2.43	1.85	2.05	2.90	2.38
ENG-PL	2025-04-06	Brentford	Chelsea	1.70	2.54	3.00	2.46	1.62	2.30	2.90	2.35
ENG-PL	2025-04-06	Fulham	Liverpool	1.87	2.10	4.65	2.00	1.80	2.00	4.20	1.91
ENG-PL	2025-04-06	Man United	Man City	1.68	2.43	3.64	2.19	1.67	2.20	3.40	2.05
ENG-PL	2025-04-06	Tottenham	Southampton	1.45	3.20	1.41	8.50	1.36	3.20	1.36	7.00
ENG-PL	2025-04-07	Leicester	Newcastle	1.73	2.32	7.75	1.49	1.67	2.20	6.50	1.45
ENG-PL	2025-04-12	Arsenal	Brentford	1.76	2.30	1.68	5.66	1.73	2.10	1.60	5.00
ENG-PL	2025-04-12	Brighton	Leicester	1.57	2.77	1.33	11.02	1.50	2.63	1.29	9.00
ENG-PL	2025-04-12	Man City	Crystal Palace	1.67	2.40	1.66	5.50	1.62	2.30	1.62	5.00
ENG-PL	2025-04-12	Nott'm Forest	Everton	2.35	1.74	2.02	4.48	2.20	1.67	1.91	4.10
ENG-PL	2025-04-12	Southampton	Aston Villa	1.67	2.50	6.68	1.57	1.57	2.38	6.25	1.50
ENG-PL	2025-04-13	Chelsea	Ipswich	1.45	2.90	1.22	16.00	1.44	2.75	1.17	12.00
ENG-PL	2025-04-13	Liverpool	West Ham	1.59	2.65	1.30	11.70	1.53	2.50	1.25	11.00
ENG-PL	2025-04-13	Newcastle	Man United	1.65	2.42	1.66	5.54	1.62	2.30	1.60	5.25
ENG-PL	2025-04-13	Wolves	Tottenham	1.90	2.10	2.43	3.33	1.80	2.00	2.20	3.10
ENG-PL	2025-04-14	Bournemouth	Fulham	1.90	2.10	2.36	3.43	1.85	1.93	2.20	3.40
ENG-PL	2025-04-16	Newcastle	Crystal Palace	1.71	2.32	1.70	5.37	1.67	2.20	1.65	5.00
ENG-PL	2025-04-19	Aston Villa	Newcastle	1.65	2.45	2.68	2.80	1.62	2.30	2.55	2.60
ENG-PL	2025-04-19	Brentford	Brighton	1.63	2.47	2.75	2.74	1.57	2.38	2.60	2.55
ENG-PL	2025-04-19	Crystal Palace	Bournemouth	1.80	2.21	2.66	2.79	1.73	2.10	2.50	2.70
ENG-PL	2025-04-19	Everton	Man City	2.00	2.06	4.30	1.97	1.86	2.04	4.00	1.90
ENG-PL	2025-04-19	West Ham	Southampton	1.63	2.42	1.64	5.70	1.57	2.38	1.62	5.00
ENG-PL	2025-04-20	Fulham	Chelsea	1.82	2.18	3.28	2.39	1.73	2.10	3.10	2.25
ENG-PL	2025-04-20	Ipswich	Arsenal	1.68	2.35	9.97	1.37	1.67	2.20	9.50	1.36
ENG-PL	2025-04-20	Leicester	Liverpool	1.39	3.37	13.50	1.26	1.36	3.20	10.00	1.22
ENG-PL	2025-04-20	Man United	Wolves	2.00	2.01	2.60	2.89	1.95	1.95	2.55	2.70
ENG-PL	2025-04-21	Tottenham	Nott'm Forest	1.70	2.31	2.46	3.06	1.67	2.20	2.30	3.00
ENG-PL	2025-04-22	Man City	Aston Villa	1.64	2.50	1.98	3.96	1.62	2.30	1.85	3.75
ENG-PL	2025-04-23	Arsenal	Crystal Palace	1.77	2.23	1.43	9.50	1.73	2.10	1.40	8.00
ENG-PL	2025-04-26	Brighton	West Ham	1.82	2.30	1.84	4.66	1.73	2.10	1.75	4.20
ENG-PL	2025-04-26	Chelsea	Everton	1.67	2.40	1.47	7.70	1.62	2.30	1.42	7.00
ENG-PL	2025-04-26	Newcastle	Ipswich	1.36	3.58	1.20	18.00	1.33	3.40	1.20	13.00
ENG-PL	2025-04-26	Southampton	Fulham	1.70	2.33	5.53	1.70	1.67	2.20	5.00	1.65
ENG-PL	2025-04-26	Wolves	Leicester	1.82	2.21	1.56	6.50	1.73	2.10	1.53	6.00
ENG-PL	2025-04-27	Bournemouth	Man United	1.82	2.28	2.02	4.00	1.73	2.10	1.91	3.70
ENG-PL	2025-04-27	Liverpool	Tottenham	1.32	4.10	1.26	15.00	1.30	3.50	1.20	13.00
ENG-PL	2025-05-01	Nott'm Forest	Brentford	1.82	2.24	2.38	3.26	1.73	2.10	2.30	3.00
ENG-PL	2025-05-02	Man City	Wolves	1.58	2.58	1.36	9.80	1.57	2.38	1.33	9.00
ENG-PL	2025-05-03	Arsenal	Bournemouth	1.71	2.29	1.75	5.36	1.67	2.20	1.67	4.75
ENG-PL	2025-05-03	Aston Villa	Fulham	1.75	2.25	1.90	4.40	1.73	2.10	1.85	4.00
ENG-PL	2025-05-03	Everton	Ipswich	1.82	2.20	1.59	6.13	1.73	2.10	1.55	5.75
ENG-PL	2025-05-03	Leicester	Southampton	1.90	2.14	2.55	3.01	1.73	2.10	2.35	2.88
ENG-PL	2025-05-04	Brentford	Man United	1.58	2.62	1.72	5.20	1.53	2.50	1.62	4.75
ENG-PL	2025-05-04	Brighton	Newcastle	1.61	2.55	3.35	2.38	1.57	2.38	3.10	2.15
ENG-PL	2025-05-04	Chelsea	Liverpool	1.53	2.71	2.49	2.98	1.50	2.63	2.30	2.80
ENG-PL	2025-05-04	West Ham	Tottenham	1.61	2.50	1.91	4.22	1.57	2.38	1.83	4.00
ENG-PL	2025-05-05	Crystal Palace	Nott'm Forest	2.05	1.92	2.27	3.50	2.01	1.89	2.15	3.40
ENG-PL	2025-05-10	Bournemouth	Aston Villa	1.72	2.35	2.75	2.75	1.67	2.20	2.55	2.63
ENG-PL	2025-05-10	Fulham	Everton	2.10	1.91	1.79	5.09	2.00	1.90	1.75	5.00
ENG-PL	2025-05-10	Ipswich	Brentford	1.48	2.89	6.00	1.57	1.44	2.75	5.75	1.50
ENG-PL	2025-05-10	Southampton	Man City	1.45	3.20	15.00	1.22	1.40	3.00	13.00	1.20
ENG-PL	2025-05-10	Wolves	Brighton	2.05	1.98	3.08	2.56	2.00	1.90	2.90	2.35
ENG-PL	2025-05-11	Liverpool	Arsenal	1.70	2.32	2.31	3.44	1.62	2.30	2.20	3.10
ENG-PL	2025-05-11	Man United	West Ham	1.82	2.20	2.05	3.85	1.73	2.10	2.00	3.50
ENG-PL	2025-05-11	Newcastle	Chelsea	1.61	2.51	2.29	3.10	1.53	2.50	2.20	3.00
ENG-PL	2025-05-11	Nott'm Forest	Leicester	1.67	2.38	1.42	8.40	1.62	2.30	1.40	7.00
ENG-PL	2025-05-11	Tottenham	Crystal Palace	1.70	2.33	3.15	2.34	1.67	2.20	3.10	2.20
ENG-PL	2025-05-16	Aston Villa	Tottenham	1.37	3.40	1.30	11.22	1.36	3.20	1.25	9.50
ENG-PL	2025-05-16	Chelsea	Man United	1.61	2.63	1.62	5.99	1.53	2.50	1.55	5.25
ENG-PL	2025-05-18	Arsenal	Newcastle	1.76	2.23	1.94	4.28	1.73	2.10	1.91	3.80
ENG-PL	2025-05-18	Brentford	Fulham	1.66	2.36	2.10	3.70	1.62	2.30	2.00	3.40
ENG-PL	2025-05-18	Everton	Southampton	1.82	2.15	1.46	8.00	1.73	2.10	1.40	7.00
ENG-PL	2025-05-18	Leicester	Ipswich	1.70	2.35	2.34	3.11	1.62	2.30	2.20	3.00
ENG-PL	2025-05-18	West Ham	Nott'm Forest	2.03	1.90	3.13	2.50	2.02	1.88	2.90	2.40
ENG-PL	2025-05-19	Brighton	Liverpool	1.50	2.90	2.31	3.09	1.44	2.75	2.15	3.00
ENG-PL	2025-05-20	Crystal Palace	Wolves	2.02	1.98	2.44	3.33	2.02	1.88	2.35	3.10
ENG-PL	2025-05-20	Man City	Bournemouth	1.51	2.80	1.38	9.20	1.50	2.63	1.33	8.00
ENG-PL	2025-05-25	Bournemouth	Leicester	1.50	3.00	1.38	9.10	1.50	2.63	1.33	8.00
ENG-PL	2025-05-25	Fulham	Man City	1.61	2.60	6.32	1.56	1.57	2.38	5.75	1.50
ENG-PL	2025-05-25	Ipswich	West Ham	1.75	2.38	3.28	2.26	1.73	2.10	3.20	2.20
ENG-PL	2025-05-25	Liverpool	Crystal Palace	1.33	3.90	1.40	7.91	1.30	3.50	1.36	6.00
ENG-PL	2025-05-25	Man United	Aston Villa	1.61	2.60	5.21	1.74	1.57	2.38	4.50	1.67
ENG-PL	2025-05-25	Newcastle	Everton	1.50	2.81	1.30	12.50	1.44	2.75	1.29	9.50
ENG-PL	2025-05-25	Nott'm Forest	Chelsea	1.71	2.28	3.55	2.11	1.67	2.20	3.40	2.00
ENG-PL	2025-05-25	Southampton	Arsenal	1.41	3.05	12.20	1.28	1.40	3.00	12.00	1.25
ENG-PL	2025-05-25	Tottenham	Brighton	1.51	2.80	3.90	1.95	1.50	2.63	3.70	1.85
ENG-PL	2025-05-25	Wolves	Brentford	1.52	2.63	3.00	2.45	1.50	2.63	2.90	2.25
ENG-PL	2025-08-15	Liverpool	Bournemouth	1.40	3.20	1.31	9.50	1.36	3.20	1.29	9.00
ENG-PL	2025-08-16	Aston Villa	Newcastle	1.83	2.18	2.45	3.10	1.83	2.03	2.45	2.80
ENG-PL	2025-08-16	Brighton	Fulham	1.91	2.04	1.87	4.40	1.88	1.98	1.80	4.33
ENG-PL	2025-08-16	Sunderland	West Ham	2.25	1.75	3.55	2.31	2.10	1.73	3.40	2.25
ENG-PL	2025-08-16	Tottenham	Burnley	1.93	1.93	1.58	6.50	1.93	1.93	1.55	6.25
ENG-PL	2025-08-16	Wolves	Man City	1.80	2.15	7.00	1.53	1.80	2.00	6.25	1.53
ENG-PL	2025-08-17	Chelsea	Crystal Palace	1.75	2.23	1.88	4.50	1.73	2.10	1.80	4.33
ENG-PL	2025-08-17	Man United	Arsenal	1.73	2.20	4.00	1.97	1.73	2.10	3.80	1.91
ENG-PL	2025-08-17	Nott'm Forest	Brentford	2.08	1.88	1.95	4.30	1.98	1.88	1.90	4.20
ENG-PL	2025-08-18	Leeds	Everton	2.20	1.73	2.40	3.30	2.20	1.67	2.35	3.10
ENG-PL	2025-08-22	West Ham	Chelsea	1.80	2.17	5.00	1.80	1.80	2.00	4.50	1.75
ENG-PL	2025-08-23	Arsenal	Leeds	1.66	2.30	1.35	10.00	1.62	2.30	1.33	8.50
ENG-PL	2025-08-23	Bournemouth	Wolves	1.88	2.07	1.87	4.60	1.88	1.98	1.80	4.33
ENG-PL	2025-08-23	Brentford	Aston Villa	1.91	1.98	3.50	2.28	1.88	1.98	3.40	2.10
ENG-PL	2025-08-23	Burnley	Sunderland	2.40	1.62	2.42	3.30	2.30	1.62	2.35	3.20
ENG-PL	2025-08-23	Man City	Tottenham	1.53	2.75	1.57	5.80	1.50	2.63	1.55	5.25
ENG-PL	2025-08-24	Crystal Palace	Nott'm Forest	2.10	1.83	2.43	3.15	2.10	1.73	2.35	3.10
ENG-PL	2025-08-24	Everton	Brighton	1.94	1.93	3.00	2.50	1.93	1.93	2.88	2.45
ENG-PL	2025-08-24	Fulham	Man United	1.81	2.10	3.65	2.10	1.73	2.10	3.40	2.05
ENG-PL	2025-08-25	Newcastle	Liverpool	1.63	2.50	3.00	2.40	1.57	2.38	2.90	2.30
ENG-PL	2025-08-30	Chelsea	Fulham	1.85	2.12	1.73	5.50	1.85	2.00	1.67	4.75
ENG-PL	2025-08-30	Leeds	Newcastle	2.10	1.80	3.90	2.25	2.10	1.73	3.90	2.00
ENG-PL	2025-08-30	Man United	Burnley	1.60	2.48	1.40	8.00	1.57	2.38	1.40	7.00
ENG-PL	2025-08-30	Sunderland	Brentford	2.17	1.78	3.20	2.42	2.10	1.73	3.10	2.30
ENG-PL	2025-08-30	Tottenham	Bournemouth	1.67	2.35	1.94	4.00	1.67	2.20	1.91	3.75
ENG-PL	2025-08-30	Wolves	Everton	2.50	1.60	3.40	2.38	2.50	1.53	3.40	2.25
ENG-PL	2025-08-31	Aston Villa	Crystal Palace	1.91	2.05	2.15	3.60	1.80	2.00	2.15	3.20
ENG-PL	2025-08-31	Brighton	Man City	1.63	2.40	3.60	2.10	1.53	2.32	3.60	2.00
ENG-PL	2025-08-31	Liverpool	Arsenal	1.81	2.10	2.40	3.10	1.73	2.10	2.38	3.00
ENG-PL	2025-08-31	Nott'm Forest	West Ham	1.80	2.15	1.69	5.50	1.68	2.05	1.62	5.00
ENG-PL	2025-09-13	Arsenal	Nott'm Forest	1.70	2.30	1.44	8.00	1.67	2.20	1.40	7.50
ENG-PL	2025-09-13	Bournemouth	Brighton	1.66	2.30	2.50	2.90	1.62	2.30	2.35	2.90
ENG-PL	2025-09-13	Brentford	Chelsea	1.83	2.05	4.33	1.91	1.83	2.03	4.20	1.83
ENG-PL	2025-09-13	Crystal Palace	Sunderland	2.25	1.71	1.70	5.75	2.20	1.67	1.67	5.50
ENG-PL	2025-09-13	Everton	Aston Villa	2.20	1.76	2.75	2.90	2.20	1.67	2.70	2.80
ENG-PL	2025-09-13	Fulham	Leeds	2.20	1.79	2.10	4.00	2.20	1.67	2.00	3.75
ENG-PL	2025-09-13	Newcastle	Wolves	1.80	2.20	1.40	9.50	1.67	2.20	1.36	8.50
ENG-PL	2025-09-13	West Ham	Tottenham	1.80	2.15	3.45	2.20	1.73	2.10	3.10	2.20
ENG-PL	2025-09-14	Burnley	Liverpool	1.53	2.70	9.50	1.35	1.53	2.50	9.00	1.30
ENG-PL	2025-09-14	Man City	Man United	1.58	2.55	1.73	5.10	1.53	2.50	1.62	4.75
ENG-PL	2025-09-20	Brighton	Tottenham	1.68	2.30	2.20	3.30	1.67	2.20	2.10	3.30
ENG-PL	2025-09-20	Burnley	Nott'm Forest	2.10	1.80	3.60	2.25	2.10	1.73	3.50	2.15
ENG-PL	2025-09-20	Fulham	Brentford	2.10	1.86	2.16	3.80	2.10	1.73	2.10	3.60
ENG-PL	2025-09-20	Liverpool	Everton	1.75	2.23	1.53	7.00	1.73	2.10	1.50	6.25
ENG-PL	2025-09-20	Man United	Chelsea	1.60	2.45	2.70	2.63	1.57	2.38	2.55	2.50
ENG-PL	2025-09-20	West Ham	Crystal Palace	2.00	2.05	3.15	2.40	1.80	2.00	3.10	2.25
ENG-PL	2025-09-20	Wolves	Leeds	2.38	1.64	3.10	2.70	2.30	1.62	3.10	2.45
ENG-PL	2025-09-21	Arsenal	Man City	1.80	2.10	2.10	3.75	1.80	2.00	2.00	3.60
ENG-PL	2025-09-21	Bournemouth	Newcastle	1.94	1.98	2.57	3.20	1.88	1.98	2.50	2.90
ENG-PL	2025-09-21	Sunderland	Aston Villa	2.10	1.80	4.00	2.10	2.00	1.80	3.80	2.00
ENG-PL	2025-09-27	Brentford	Man United	1.64	2.40	3.60	2.10	1.57	2.38	3.20	2.10
ENG-PL	2025-09-27	Chelsea	Brighton	1.72	2.35	2.02	3.80	1.67	2.20	2.00	3.50
ENG-PL	2025-09-27	Crystal Palace	Liverpool	1.73	2.17	4.20	1.91	1.73	2.10	4.20	1.85
ENG-PL	2025-09-27	Leeds	Bournemouth	2.05	1.84	3.05	2.54	2.05	1.80	3.00	2.45
ENG-PL	2025-09-27	Man City	Burnley	1.50	2.90	1.21	15.00	1.50	2.63	1.17	15.00
ENG-PL	2025-09-27	Nott'm Forest	Sunderland	2.02	1.93	1.80	5.00	1.93	1.93	1.75	4.75
ENG-PL	2025-09-27	Tottenham	Wolves	1.75	2.15	1.57	6.50	1.73	2.10	1.50	6.50
ENG-PL	2025-09-28	Aston Villa	Fulham	2.14	1.83	2.32	3.50	2.05	1.80	2.20	3.40
ENG-PL	2025-09-28	Newcastle	Arsenal	2.18	1.75	3.50	2.30	2.10	1.73	3.40	2.15
ENG-PL	2025-09-29	Everton	West Ham	1.92	1.98	1.68	5.50	1.88	1.98	1.62	5.50
ENG-PL	2025-10-03	Bournemouth	Fulham	2.10	1.78	2.00	4.20	2.10	1.73	1.95	4.10
ENG-PL	2025-10-04	Arsenal	West Ham	1.55	3.10	1.20	17.00	1.44	2.75	1.17	15.00
ENG-PL	2025-10-04	Chelsea	Liverpool	1.60	2.60	3.00	2.38	1.57	2.38	2.90	2.30
ENG-PL	2025-10-04	Leeds	Tottenham	1.98	1.91	2.85	2.63	1.95	1.90	2.80	2.50
ENG-PL	2025-10-04	Man United	Sunderland	1.68	2.30	1.69	5.50	1.62	2.30	1.62	5.00
ENG-PL	2025-10-05	Aston Villa	Burnley	1.93	2.00	1.62	6.50	1.93	1.93	1.55	6.00
ENG-PL	2025-10-05	Brentford	Man City	1.62	2.43	5.50	1.65	1.62	2.30	4.75	1.62
ENG-PL	2025-10-05	Everton	Crystal Palace	2.32	1.67	2.75	2.90	2.30	1.62	2.60	2.80
ENG-PL	2025-10-05	Newcastle	Nott'm Forest	1.66	2.30	1.53	6.50	1.62	2.30	1.50	6.00
ENG-PL	2025-10-05	Wolves	Brighton	1.84	2.10	3.75	2.25	1.73	2.10	3.40	2.10
ENG-PL	2025-10-18	Brighton	Newcastle	1.82	2.10	2.90	2.50	1.73	2.10	2.88	2.35
ENG-PL	2025-10-18	Burnley	Leeds	2.30	1.67	3.75	2.23	2.30	1.62	3.40	2.15
ENG-PL	2025-10-18	Crystal Palace	Bournemouth	1.84	2.08	2.15	3.60	1.80	2.00	2.15	3.50
ENG-PL	2025-10-18	Fulham	Arsenal	2.00	1.91	7.50	1.53	1.95	1.90	6.25	1.50
ENG-PL	2025-10-18	Man City	Everton	1.71	2.25	1.48	8.50	1.67	2.20	1.42	8.50
ENG-PL	2025-10-18	Nott'm Forest	Chelsea	1.88	2.10	3.25	2.38	1.88	1.98	3.10	2.25
ENG-PL	2025-10-18	Sunderland	Wolves	2.50	1.60	2.54	3.15	2.38	1.57	2.50	3.10
ENG-PL	2025-10-19	Liverpool	Man United	1.50	2.88	1.73	5.00	1.44	2.75	1.70	4.20
ENG-PL	2025-10-19	Tottenham	Aston Villa	1.89	2.00	2.30	3.40	1.88	1.98	2.20	3.10
ENG-PL	2025-10-20	West Ham	Brentford	1.93	1.93	2.88	2.63	1.93	1.93	2.80	2.55
ENG-PL	2025-10-24	Leeds	West Ham	2.05	1.91	1.83	5.10	2.03	1.83	1.80	4.50
ENG-PL	2025-10-25	Brentford	Liverpool	1.57	2.55	4.20	1.86	1.57	2.38	3.90	1.83
ENG-PL	2025-10-25	Chelsea	Sunderland	1.75	2.20	1.48	8.00	1.73	2.10	1.45	7.00
ENG-PL	2025-10-25	Man United	Brighton	1.53	2.75	2.05	3.50	1.50	2.63	1.95	3.40
ENG-PL	2025-10-25	Newcastle	Fulham	1.85	2.05	1.62	6.25	1.83	2.03	1.60	5.75
ENG-PL	2025-10-26	Arsenal	Crystal Palace	1.71	2.28	1.40	8.50	1.67	2.20	1.38	8.00
ENG-PL	2025-10-26	Aston Villa	Man City	1.75	2.28	4.50	1.92	1.67	2.20	4.20	1.83
ENG-PL	2025-10-26	Bournemouth	Nott'm Forest	1.85	2.00	2.00	4.10	1.80	2.00	2.00	3.60
ENG-PL	2025-10-26	Everton	Tottenham	2.00	2.00	2.28	3.50	1.93	1.93	2.20	3.25
ENG-PL	2025-10-26	Wolves	Burnley	2.30	1.68	1.95	4.50	2.20	1.67	1.91	4.33
ENG-PL	2025-11-01	Brighton	Leeds	1.86	2.07	1.95	4.00	1.83	2.03	1.91	3.90
ENG-PL	2025-11-01	Burnley	Arsenal	1.91	2.02	17.00	1.26	1.90	1.95	13.00	1.22
ENG-PL	2025-11-01	Crystal Palace	Brentford	1.90	2.06	2.15	3.80	1.88	1.98	2.05	3.50
ENG-PL	2025-11-01	Fulham	Wolves	1.98	2.00	1.83	4.60	1.85	2.00	1.73	4.50
ENG-PL	2025-11-01	Liverpool	Aston Villa	1.55	2.60	1.70	4.90	1.53	2.50	1.67	4.33
ENG-PL	2025-11-01	Nott'm Forest	Man United	1.77	2.20	3.50	2.20	1.67	2.20	3.10	2.10
ENG-PL	2025-11-01	Tottenham	Chelsea	1.81	2.15	3.10	2.40	1.73	2.10	3.10	2.25
ENG-PL	2025-11-02	Man City	Bournemouth	1.50	2.75	1.42	7.50	1.50	2.63	1.42	7.00
ENG-PL	2025-11-02	West Ham	Newcastle	1.74	2.20	5.25	1.67	1.73	2.10	4.75	1.65
ENG-PL	2025-11-03	Sunderland	Everton	2.45	1.64	3.40	2.50	2.38	1.57	3.30	2.30
ENG-PL	2025-11-08	Chelsea	Wolves	1.60	2.55	1.40	9.00	1.57	2.38	1.36	8.00
ENG-PL	2025-11-08	Everton	Fulham	2.23	1.73	2.38	3.35	2.10	1.73	2.30	3.20
ENG-PL	2025-11-08	Sunderland	Arsenal	2.20	1.73	8.50	1.50	2.20	1.67	7.50	1.44
ENG-PL	2025-11-08	Tottenham	Man United	1.73	2.20	3.00	2.50	1.73	2.10	2.90	2.35
ENG-PL	2025-11-08	West Ham	Burnley	2.00	1.88	1.91	4.50	1.98	1.88	1.85	4.10
ENG-PL	2025-11-09	Aston Villa	Bournemouth	1.91	2.06	2.38	3.15	1.88	1.98	2.30	3.10
ENG-PL	2025-11-09	Brentford	Newcastle	1.83	2.04	2.90	2.55	1.83	2.03	2.80	2.50
ENG-PL	2025-11-09	Crystal Palace	Brighton	1.85	2.05	2.40	3.05	1.85	2.00	2.38	3.00
ENG-PL	2025-11-09	Man City	Liverpool	1.50	2.80	1.95	3.80	1.50	2.63	1.85	3.80
ENG-PL	2025-11-09	Nott'm Forest	Leeds	2.40	1.65	2.30	3.60	2.38	1.57	2.20	3.60
ENG-PL	2025-11-22	Bournemouth	West Ham	1.70	2.22	1.70	5.50	1.67	2.20	1.65	4.75
ENG-PL	2025-11-22	Brighton	Brentford	1.75	2.15	2.15	3.65	1.73	2.10	2.15	3.40
ENG-PL	2025-11-22	Burnley	Chelsea	1.72	2.20	6.00	1.62	1.67	2.20	5.00	1.60
ENG-PL	2025-11-22	Fulham	Sunderland	2.10	1.83	2.10	4.10	2.10	1.73	2.00	4.00
ENG-PL	2025-11-22	Liverpool	Nott'm Forest	1.62	2.48	1.48	7.00	1.57	2.38	1.45	7.00
ENG-PL	2025-11-22	Newcastle	Man City	1.68	2.40	3.85	2.00	1.62	2.30	3.80	1.91
ENG-PL	2025-11-22	Wolves	Crystal Palace	2.02	1.95	4.75	1.86	1.90	1.95	4.50	1.75
ENG-PL	2025-11-23	Arsenal	Tottenham	2.00	1.91	1.50	8.00	1.98	1.88	1.48	7.00
ENG-PL	2025-11-23	Leeds	Aston Villa	2.12	1.78	3.30	2.40	2.10	1.73	3.20	2.25
ENG-PL	2025-11-24	Man United	Everton	1.85	2.10	1.91	4.35	1.85	2.00	1.85	4.10
ENG-PL	2025-11-29	Brentford	Burnley	1.83	2.08	1.52	7.00	1.80	2.00	1.48	6.50
ENG-PL	2025-11-29	Everton	Newcastle	1.95	1.98	2.80	2.75	1.88	1.98	2.63	2.70
ENG-PL	2025-11-29	Man City	Leeds	1.46	3.00	1.25	13.00	1.40	3.00	1.20	11.00
ENG-PL	2025-11-29	Sunderland	Bournemouth	2.00	1.87	3.25	2.38	2.00	1.85	3.20	2.30
ENG-PL	2025-11-29	Tottenham	Fulham	1.86	2.00	2.38	3.15	1.80	2.00	2.38	3.00
ENG-PL	2025-11-30	Aston Villa	Wolves	1.80	2.18	1.50	7.50	1.80	2.00	1.50	6.25
ENG-PL	2025-11-30	Chelsea	Arsenal	2.14	1.80	3.10	2.55	2.05	1.80	2.88	2.55
ENG-PL	2025-11-30	Crystal Palace	Man United	1.76	2.15	2.12	3.50	1.73	2.10	2.05	3.40
ENG-PL	2025-11-30	Nott'm Forest	Brighton	1.94	1.98	3.00	2.65	1.91	1.91	3.00	2.45
ENG-PL	2025-11-30	West Ham	Liverpool	1.53	2.70	5.33	1.67	1.50	2.63	4.75	1.57
ENG-PL	2025-12-02	Bournemouth	Everton	1.83	2.05	2.23	3.40	1.80	2.00	2.15	3.30
ENG-PL	2025-12-02	Fulham	Man City	1.73	2.30	5.50	1.67	1.73	2.10	5.00	1.62
ENG-PL	2025-12-02	Newcastle	Tottenham	1.71	2.28	1.90	4.40	1.67	2.20	1.85	4.00
ENG-PL	2025-12-03	Arsenal	Brentford	1.93	2.02	1.48	8.00	1.93	1.93	1.42	7.50
ENG-PL	2025-12-03	Brighton	Aston Villa	1.86	2.03	2.32	3.33	1.83	2.03	2.25	3.20
ENG-PL	2025-12-03	Burnley	Crystal Palace	2.20	1.75	5.33	1.80	2.20	1.67	4.75	1.73
ENG-PL	2025-12-03	Leeds	Chelsea	2.00	1.92	4.20	2.00	2.00	1.80	3.90	1.95
ENG-PL	2025-12-03	Liverpool	Sunderland	1.62	2.43	1.37	8.50	1.62	2.30	1.36	7.00
ENG-PL	2025-12-03	Wolves	Nott'm Forest	2.20	1.73	3.20	2.40	2.10	1.73	3.10	2.38
ENG-PL	2025-12-04	Man United	West Ham	1.53	2.63	1.41	7.50	1.50	2.63	1.40	6.50
ENG-PL	2025-12-06	Aston Villa	Arsenal	2.10	1.80	4.40	1.91	2.10	1.73	4.20	1.90
ENG-PL	2025-12-06	Bournemouth	Chelsea	1.66	2.45	3.55	2.10	1.57	2.38	3.30	2.05
ENG-PL	2025-12-06	Everton	Nott'm Forest	2.18	1.75	2.12	3.95	2.10	1.73	2.05	3.90
ENG-PL	2025-12-06	Leeds	Liverpool	1.80	2.10	4.70	1.83	1.73	2.10	4.20	1.75
ENG-PL	2025-12-06	Man City	Sunderland	1.48	2.88	1.29	11.50	1.44	2.75	1.25	10.00
ENG-PL	2025-12-06	Newcastle	Burnley	1.62	2.45	1.33	11.00	1.57	2.38	1.30	9.50
ENG-PL	2025-12-06	Tottenham	Brentford	1.94	1.92	2.50	3.05	1.91	1.91	2.50	2.88
ENG-PL	2025-12-07	Brighton	West Ham	1.62	2.40	1.62	5.50	1.62	2.30	1.60	5.25
ENG-PL	2025-12-07	Fulham	Crystal Palace	2.00	1.91	2.55	2.95	1.91	1.91	2.40	2.90
ENG-PL	2025-12-08	Wolves	Man United	1.73	2.25	5.50	1.67	1.73	2.10	4.75	1.67
ENG-PL	2025-12-13	Arsenal	Wolves	1.50	2.75	1.14	28.00	1.50	2.63	1.11	21.00
ENG-PL	2025-12-13	Burnley	Fulham	2.10	1.78	4.10	2.05	2.10	1.73	3.90	1.95
ENG-PL	2025-12-13	Chelsea	Everton	1.86	2.00	1.75	5.10	1.85	2.00	1.73	4.75
ENG-PL	2025-12-13	Liverpool	Brighton	1.66	2.45	1.76	4.60	1.62	2.30	1.75	4.33
ENG-PL	2025-12-14	Brentford	Leeds	2.20	1.91	2.23	3.75	2.10	1.73	2.15	3.60
ENG-PL	2025-12-14	Crystal Palace	Man City	1.75	2.25	4.20	1.90	1.73	2.10	4.00	1.85
ENG-PL	2025-12-14	Nott'm Forest	Tottenham	2.00	1.91	2.70	2.80	1.91	1.91	2.70	2.70
ENG-PL	2025-12-14	Sunderland	Newcastle	1.95	1.93	3.55	2.25	1.91	1.91	3.40	2.20
ENG-PL	2025-12-14	West Ham	Aston Villa	1.83	2.17	3.60	2.20	1.80	2.00	3.30	2.20
ENG-PL	2025-12-15	Man United	Bournemouth	1.50	2.80	1.83	4.33	1.44	2.75	1.73	4.20
ENG-PL	2025-12-20	Bournemouth	Burnley	1.62	2.43	1.50	7.00	1.62	2.30	1.48	6.25
ENG-PL	2025-12-20	Brighton	Sunderland	1.88	2.00	1.95	4.60	1.88	1.98	1.85	4.10
ENG-PL	2025-12-20	Everton	Arsenal	2.06	1.90	7.00	1.57	1.95	1.90	6.25	1.53
ENG-PL	2025-12-20	Leeds	Crystal Palace	2.50	1.60	2.88	2.75	2.38	1.57	2.88	2.63
ENG-PL	2025-12-20	Man City	West Ham	1.35	3.40	1.22	14.00	1.33	3.40	1.20	11.00
ENG-PL	2025-12-20	Newcastle	Chelsea	1.67	2.38	2.90	2.50	1.67	2.20	2.80	2.30
ENG-PL	2025-12-20	Tottenham	Liverpool	1.80	2.07	3.70	2.10	1.80	2.00	3.60	2.00
ENG-PL	2025-12-20	Wolves	Brentford	2.00	1.86	3.55	2.20	2.00	1.85	3.40	2.10
ENG-PL	2025-12-21	Aston Villa	Man United	1.68	2.43	2.15	3.70	1.67	2.20	2.00	3.60
ENG-PL	2025-12-22	Fulham	Nott'm Forest	1.91	1.96	2.63	2.85	1.91	1.91	2.63	2.75
ENG-PL	2025-12-26	Man United	Newcastle	1.62	2.45	2.50	2.75	1.57	2.38	2.50	2.60
ENG-PL	2025-12-27	Arsenal	Brighton	1.55	2.60	1.36	10.00	1.53	2.50	1.33	8.00
ENG-PL	2025-12-27	Brentford	Bournemouth	1.93	2.12	2.33	3.20	1.93	1.93	2.25	3.20
ENG-PL	2025-12-27	Burnley	Everton	2.63	1.58	3.80	2.20	2.63	1.50	3.60	2.20
ENG-PL	2025-12-27	Chelsea	Aston Villa	1.71	2.25	1.81	4.33	1.67	2.20	1.75	4.20
ENG-PL	2025-12-27	Liverpool	Wolves	1.48	2.80	1.26	13.00	1.44	2.75	1.22	11.00
ENG-PL	2025-12-27	Nott'm Forest	Man City	1.66	2.38	5.60	1.65	1.62	2.30	5.00	1.62
ENG-PL	2025-12-27	West Ham	Fulham	1.95	2.00	3.10	2.45	1.95	1.90	3.00	2.35
ENG-PL	2025-12-28	Crystal Palace	Tottenham	1.93	2.00	2.25	3.30	1.93	1.93	2.20	3.25
ENG-PL	2025-12-28	Sunderland	Leeds	2.38	1.62	2.90	2.75	2.38	1.57	2.90	2.55
ENG-PL	2025-12-30	Arsenal	Aston Villa	1.71	2.25	1.40	9.00	1.67	2.20	1.36	7.50
ENG-PL	2025-12-30	Burnley	Newcastle	1.83	2.06	6.00	1.60	1.80	2.00	5.50	1.57
ENG-PL	2025-12-30	Chelsea	Bournemouth	1.50	3.00	1.62	5.80	1.40	3.00	1.62	5.00
ENG-PL	2025-12-30	Man United	Wolves	1.57	2.55	1.40	8.50	1.53	2.50	1.36	7.00
ENG-PL	2025-12-30	Nott'm Forest	Everton	2.30	1.67	1.95	4.40	2.20	1.67	1.83	4.20
ENG-PL	2025-12-30	West Ham	Brighton	1.75	2.30	3.40	2.15	1.73	2.10	3.40	2.10
ENG-PL	2026-01-01	Brentford	Tottenham	2.00	1.94	2.50	3.00	1.98	1.88	2.40	2.88
ENG-PL	2026-01-01	Crystal Palace	Fulham	2.10	1.82	2.28	3.50	2.10	1.73	2.20	3.40
ENG-PL	2026-01-01	Liverpool	Leeds	1.75	2.25	1.50	7.00	1.73	2.10	1.48	6.50
ENG-PL	2026-01-01	Sunderland	Man City	1.68	2.30	8.00	1.46	1.62	2.30	7.00	1.42
ENG-PL	2026-01-03	Aston Villa	Nott'm Forest	1.91	2.00	1.95	4.40	1.88	1.98	1.91	4.00
ENG-PL	2026-01-03	Bournemouth	Arsenal	1.66	2.40	6.50	1.54	1.62	2.30	6.00	1.50
ENG-PL	2026-01-03	Brighton	Burnley	1.73	2.28	1.48	7.50	1.73	2.10	1.44	7.00
ENG-PL	2026-01-03	Wolves	West Ham	1.96	2.10	2.70	2.75	1.90	1.95	2.60	2.63
ENG-PL	2026-01-04	Everton	Brentford	2.20	1.73	2.55	3.15	2.20	1.67	2.45	3.10
ENG-PL	2026-01-04	Fulham	Liverpool	1.95	2.00	4.25	1.91	1.85	2.00	4.00	1.85
ENG-PL	2026-01-04	Leeds	Man United	2.00	1.87	2.80	2.65	2.00	1.80	2.80	2.60
ENG-PL	2026-01-04	Man City	Chelsea	1.40	3.20	1.50	6.50	1.36	3.20	1.50	5.50
ENG-PL	2026-01-04	Newcastle	Crystal Palace	1.75	2.20	1.73	5.10	1.73	2.10	1.67	4.75
ENG-PL	2026-01-04	Tottenham	Sunderland	2.25	1.75	2.02	4.20	2.10	1.73	1.95	3.90
ENG-PL	2026-01-06	West Ham	Nott'm Forest	1.91	2.00	3.00	2.45	1.80	2.00	2.90	2.35
ENG-PL	2026-01-07	Bournemouth	Tottenham	1.79	2.10	2.25	3.33	1.73	2.10	2.20	3.10
ENG-PL	2026-01-07	Brentford	Sunderland	2.40	1.66	2.05	4.60	2.38	1.57	2.05	3.75
ENG-PL	2026-01-07	Burnley	Man United	1.85	2.05	5.20	1.75	1.80	2.00	4.75	1.70
ENG-PL	2026-01-07	Crystal Palace	Aston Villa	1.91	2.00	3.05	2.45	1.85	2.00	2.90	2.40
ENG-PL	2026-01-07	Everton	Wolves	2.10	1.86	1.91	5.00	2.05	1.80	1.85	4.33
ENG-PL	2026-01-07	Fulham	Chelsea	1.93	2.07	3.70	2.05	1.93	1.93	3.70	2.00
ENG-PL	2026-01-07	Man City	Brighton	1.45	2.95	1.55	6.40	1.44	2.75	1.50	5.75
ENG-PL	2026-01-07	Newcastle	Leeds	1.83	2.06	1.64	6.00	1.80	2.00	1.60	6.00
ENG-PL	2026-01-08	Arsenal	Liverpool	1.83	2.08	1.60	6.40	1.83	2.03	1.57	5.75
ENG-PL	2026-01-17	Chelsea	Brentford	1.64	2.40	1.90	4.20	1.62	2.30	1.85	4.10
ENG-PL	2026-01-17	Leeds	Fulham	1.96	1.93	2.38	3.25	1.93	1.93	2.35	3.00
ENG-PL	2026-01-17	Liverpool	Burnley	1.56	2.50	1.26	14.00	1.53	2.50	1.22	12.00
ENG-PL	2026-01-17	Man United	Man City	1.53	2.75	3.25	2.33	1.53	2.50	2.90	2.30
ENG-PL	2026-01-17	Nott'm Forest	Arsenal	2.05	1.83	6.20	1.62	2.00	1.80	5.50	1.62
ENG-PL	2026-01-17	Sunderland	Crystal Palace	2.33	1.67	2.40	3.30	2.20	1.67	2.40	3.10
ENG-PL	2026-01-17	Tottenham	West Ham	1.76	2.15	1.95	4.40	1.73	2.10	1.85	3.90
ENG-PL	2026-01-18	Aston Villa	Everton	1.85	2.00	1.64	6.50	1.80	2.00	1.62	5.75
ENG-PL	2026-01-18	Wolves	Newcastle	1.66	2.40	4.70	1.75	1.62	2.30	4.50	1.70
ENG-PL	2026-01-19	Brighton	Bournemouth	1.55	2.70	2.02	3.75	1.50	2.63	1.95	3.70
ENG-PL	2026-01-24	Bournemouth	Liverpool	1.57	2.55	4.50	1.87	1.57	2.38	4.20	1.75
ENG-PL	2026-01-24	Burnley	Tottenham	2.14	1.74	4.00	2.06	2.10	1.73	3.90	2.00
ENG-PL	2026-01-24	Fulham	Brighton	1.93	2.00	2.63	2.83	1.88	1.98	2.55	2.75
ENG-PL	2026-01-24	Man City	Wolves	1.56	2.50	1.32	10.50	1.53	2.50	1.30	9.00
ENG-PL	2026-01-24	West Ham	Sunderland	2.10	1.83	2.25	3.40	2.05	1.80	2.20	3.25
ENG-PL	2026-01-25	Arsenal	Man United	1.71	2.25	1.57	5.80	1.67	2.20	1.53	5.75
ENG-PL	2026-01-25	Brentford	Nott'm Forest	2.00	1.91	1.90	4.75	2.00	1.85	1.85	4.33
ENG-PL	2026-01-25	Crystal Palace	Chelsea	1.83	2.05	3.60	2.20	1.80	2.00	3.40	2.10
ENG-PL	2026-01-25	Newcastle	Aston Villa	1.68	2.30	2.22	3.35	1.67	2.20	2.15	3.30
ENG-PL	2026-01-26	Everton	Leeds	2.30	1.67	2.60	3.15	2.20	1.67	2.50	2.90
ENG-PL	2026-01-31	Brighton	Everton	2.05	1.92	1.95	4.20	2.00	1.80	1.91	4.00
ENG-PL	2026-01-31	Chelsea	West Ham	1.55	2.63	1.62	5.50	1.53	2.50	1.62	5.00
ENG-PL	2026-01-31	Leeds	Arsenal	1.92	1.94	6.50	1.62	1.91	1.91	5.50	1.57
ENG-PL	2026-01-31	Liverpool	Newcastle	1.48	2.80	1.70	5.00	1.44	2.75	1.62	4.75
ENG-PL	2026-01-31	Wolves	Bournemouth	1.86	2.05	3.00	2.45	1.80	2.00	2.80	2.45
ENG-PL	2026-02-01	Aston Villa	Brentford	1.91	2.00	2.38	3.30	1.88	1.98	2.38	3.00
ENG-PL	2026-02-01	Man United	Fulham	1.50	2.75	1.55	5.75	1.50	2.63	1.53	5.25
ENG-PL	2026-02-01	Nott'm Forest	Crystal Palace	2.22	1.76	2.15	4.00	2.20	1.67	2.10	3.60
ENG-PL	2026-02-01	Tottenham	Man City	1.65	2.43	5.50	1.70	1.62	2.30	4.75	1.67
ENG-PL	2026-02-02	Sunderland	Burnley	2.50	1.57	1.95	4.75	2.50	1.53	1.91	4.33
ENG-PL	2026-02-06	Leeds	Nott'm Forest	2.00	1.91	2.22	3.50	1.91	1.91	2.10	3.50
ENG-PL	2026-02-07	Arsenal	Sunderland	1.86	2.06	1.29	14.00	1.80	2.00	1.25	11.00
ENG-PL	2026-02-07	Bournemouth	Aston Villa	1.67	2.30	2.90	2.40	1.62	2.30	2.80	2.40
ENG-PL	2026-02-07	Burnley	West Ham	1.77	2.20	3.25	2.25	1.73	2.10	3.20	2.15
ENG-PL	2026-02-07	Fulham	Everton	1.97	1.94	2.17	3.55	1.91	1.91	2.10	3.50
ENG-PL	2026-02-07	Man United	Tottenham	1.50	2.75	1.62	5.30	1.50	2.63	1.60	4.75
ENG-PL	2026-02-07	Newcastle	Brentford	1.68	2.38	1.95	3.90	1.67	2.20	1.91	3.75
ENG-PL	2026-02-07	Wolves	Chelsea	1.66	2.30	5.75	1.62	1.62	2.30	5.00	1.60
ENG-PL	2026-02-08	Brighton	Crystal Palace	1.97	1.91	2.22	3.55	1.91	1.91	2.20	3.40
ENG-PL	2026-02-08	Liverpool	Man City	1.48	2.75	2.25	3.10	1.44	2.75	2.10	3.00
ENG-PL	2026-02-10	Chelsea	Leeds	1.67	2.38	1.53	6.50	1.67	2.20	1.53	5.75
ENG-PL	2026-02-10	Everton	Bournemouth	1.73	2.20	2.38	3.10	1.73	2.10	2.30	3.00
ENG-PL	2026-02-10	Tottenham	Newcastle	1.58	2.45	3.15	2.30	1.57	2.38	3.00	2.25
ENG-PL	2026-02-10	West Ham	Man United	1.50	2.70	4.80	1.73	1.50	2.63	4.33	1.70
ENG-PL	2026-02-11	Aston Villa	Brighton	1.65	2.32	2.10	3.60	1.62	2.30	2.10	3.25
ENG-PL	2026-02-11	Crystal Palace	Burnley	1.78	2.10	1.48	7.50	1.73	2.10	1.45	7.00
ENG-PL	2026-02-11	Man City	Fulham	1.45	2.85	1.40	8.00	1.44	2.75	1.36	7.50
ENG-PL	2026-02-11	Nott'm Forest	Wolves	1.82	2.10	1.75	5.10	1.80	2.00	1.75	4.33
ENG-PL	2026-02-11	Sunderland	Liverpool	1.80	2.17	4.70	1.80	1.80	2.00	4.33	1.75
ENG-PL	2026-02-12	Brentford	Arsenal	1.91	1.96	5.60	1.71	1.90	1.95	5.00	1.67
ENG-PL	2026-02-18	Wolves	Arsenal	1.73	2.28	14.00	1.27	1.73	2.10	12.00	1.22
ENG-PL	2026-02-21	Aston Villa	Leeds	1.80	2.10	1.87	4.50	1.80	2.00	1.83	4.33
ENG-PL	2026-02-21	Brentford	Brighton	1.80	2.10	2.30	3.20	1.73	2.10	2.30	3.10
ENG-PL	2026-02-21	Chelsea	Burnley	1.50	2.80	1.26	13.00	1.50	2.63	1.25	11.00
ENG-PL	2026-02-21	Man City	Newcastle	1.46	2.90	1.57	5.80	1.44	2.75	1.57	5.00
ENG-PL	2026-02-21	West Ham	Bournemouth	1.60	2.55	2.75	2.60	1.57	2.38	2.75	2.45
ENG-PL	2026-02-22	Crystal Palace	Wolves	1.91	1.96	1.83	4.80	1.91	1.91	1.75	4.33
ENG-PL	2026-02-22	Nott'm Forest	Liverpool	1.68	2.28	4.10	1.91	1.67	2.20	3.60	1.91
ENG-PL	2026-02-22	Sunderland	Fulham	2.05	1.83	2.90	2.62	2.00	1.80	2.88	2.50
ENG-PL	2026-02-22	Tottenham	Arsenal	1.90	2.07	7.80	1.50	1.85	2.00	7.50	1.40
ENG-PL	2026-02-23	Everton	Man United	1.78	2.10	3.75	2.05	1.73	2.10	3.30	1.91
ENG-PL	2026-02-27	Wolves	Aston Villa	1.91	1.97	4.80	1.80	1.91	1.91	4.75	1.75
ENG-PL	2026-02-28	Bournemouth	Sunderland	1.90	2.00	1.83	4.60	1.90	1.95	1.83	4.33
ENG-PL	2026-02-28	Burnley	Brentford	1.80	2.12	4.50	1.80	1.80	2.00	4.33	1.75
ENG-PL	2026-02-28	Leeds	Man City	1.83	2.10	5.00	1.73	1.83	2.03	4.75	1.70
ENG-PL	2026-02-28	Liverpool	West Ham	1.45	2.90	1.44	7.00	1.44	2.75	1.40	7.00
ENG-PL	2026-02-28	Newcastle	Everton	1.80	2.10	1.86	4.60	1.80	2.00	1.75	4.33
ENG-PL	2026-03-01	Arsenal	Chelsea	1.71	2.33	1.53	6.50	1.67	2.20	1.53	6.00
ENG-PL	2026-03-01	Brighton	Nott'm Forest	1.96	1.94	2.15	3.60	1.95	1.90	2.10	3.50
ENG-PL	2026-03-01	Fulham	Tottenham	1.70	2.25	2.10	3.60	1.67	2.20	2.05	3.50
ENG-PL	2026-03-01	Man United	Crystal Palace	1.73	2.28	1.53	6.40	1.73	2.10	1.53	5.75
ENG-PL	2026-03-03	Bournemouth	Brentford	1.65	2.38	2.55	2.70	1.62	2.30	2.50	2.70
ENG-PL	2026-03-03	Everton	Burnley	2.10	1.80	1.64	6.00	2.10	1.73	1.62	5.75
ENG-PL	2026-03-03	Leeds	Sunderland	2.10	1.80	1.85	5.00	2.10	1.73	1.80	4.50
ENG-PL	2026-03-03	Wolves	Liverpool	1.62	2.40	7.50	1.46	1.57	2.38	6.50	1.42
ENG-PL	2026-03-04	Aston Villa	Chelsea	1.77	2.15	2.70	2.66	1.73	2.10	2.63	2.55
ENG-PL	2026-03-04	Brighton	Arsenal	1.92	1.95	5.25	1.70	1.91	1.91	5.00	1.67
ENG-PL	2026-03-04	Fulham	West Ham	1.68	2.38	2.28	3.20	1.67	2.20	2.20	3.10
ENG-PL	2026-03-04	Man City	Nott'm Forest	1.65	2.38	1.40	8.50	1.62	2.30	1.38	8.00
ENG-PL	2026-03-04	Newcastle	Man United	1.60	2.55	2.63	2.60	1.57	2.38	2.60	2.60
ENG-PL	2026-03-05	Tottenham	Crystal Palace	1.93	2.00	2.50	2.90	1.93	1.93	2.45	2.88
ENG-PL	2026-03-14	Arsenal	Everton	1.94	1.98	1.40	9.50	1.88	1.98	1.36	9.00
ENG-PL	2026-03-14	Burnley	Bournemouth	1.63	2.40	4.20	1.94	1.57	2.38	3.90	1.83
ENG-PL	2026-03-14	Chelsea	Newcastle	1.50	2.75	1.72	4.40	1.50	2.63	1.67	4.33
ENG-PL	2026-03-14	Sunderland	Brighton	2.10	1.86	3.75	2.05	2.00	1.80	3.60	2.00
ENG-PL	2026-03-14	West Ham	Man City	1.63	2.48	5.10	1.68	1.57	2.38	4.75	1.65
ENG-PL	2026-03-15	Crystal Palace	Leeds	2.10	1.77	2.75	2.75	2.10	1.73	2.70	2.75
ENG-PL	2026-03-15	Liverpool	Tottenham	1.40	3.40	1.33	9.00	1.33	3.40	1.30	8.50
ENG-PL	2026-03-15	Man United	Aston Villa	1.65	2.30	1.73	4.75	1.62	2.30	1.70	4.50
ENG-PL	2026-03-15	Nott'm Forest	Fulham	2.05	1.90	2.38	3.25	2.05	1.80	2.30	3.20
ENG-PL	2026-03-16	Brentford	Wolves	1.70	2.22	1.56	6.00	1.67	2.20	1.53	5.75
ENG-PL	2026-03-20	Bournemouth	Man United	1.58	2.50	3.20	2.20	1.53	2.50	3.10	2.15
ENG-PL	2026-03-21	Brighton	Liverpool	1.63	2.40	3.10	2.25	1.57	2.38	3.10	2.20
ENG-PL	2026-03-21	Everton	Chelsea	1.87	2.00	3.35	2.28	1.80	2.00	3.20	2.25
ENG-PL	2026-03-21	Fulham	Burnley	1.70	2.30	1.55	6.33	1.67	2.20	1.55	5.75
ENG-PL	2026-03-21	Leeds	Brentford	1.91	1.98	2.50	3.00	1.91	1.91	2.38	3.00
ENG-PL	2026-03-22	Aston Villa	West Ham	1.73	2.18	1.80	4.80	1.73	2.10	1.75	4.50
ENG-PL	2026-03-22	Newcastle	Sunderland	1.76	2.20	1.57	6.33	1.67	2.20	1.55	5.75
ENG-PL	2026-03-22	Tottenham	Nott'm Forest	2.10	1.88	2.45	3.10	2.10	1.73	2.35	3.00
ENG-PL	2026-04-10	West Ham	Wolves	1.86	2.10	1.80	4.75	1.83	2.03	1.75	4.50
ENG-PL	2026-04-11	Arsenal	Bournemouth	1.62	2.45	1.50	7.00	1.57	2.38	1.44	7.00
ENG-PL	2026-04-11	Brentford	Everton	1.98	1.92	2.20	3.50	1.91	1.91	2.10	3.50
ENG-PL	2026-04-11	Burnley	Brighton	1.68	2.25	5.70	1.70	1.67	2.20	5.25	1.57
ENG-PL	2026-04-11	Liverpool	Fulham	1.52	2.65	1.78	5.00	1.50	2.63	1.75	4.20
ENG-PL	2026-04-12	Chelsea	Man City	1.54	2.70	3.60	2.10	1.53	2.50	3.60	1.91
ENG-PL	2026-04-12	Crystal Palace	Newcastle	1.91	2.05	3.00	2.50	1.91	1.91	3.00	2.40
ENG-PL	2026-04-12	Nott'm Forest	Aston Villa	2.00	2.00	2.50	3.10	1.80	2.00	2.30	3.00
ENG-PL	2026-04-12	Sunderland	Tottenham	1.89	2.00	2.90	2.63	1.80	2.00	2.90	2.55
ENG-PL	2026-04-13	Man United	Leeds	1.68	2.30	1.70	5.25	1.67	2.20	1.62	5.25
ENG-PL	2026-04-18	Brentford	Fulham	1.68	2.38	2.05	3.66	1.62	2.30	1.95	3.60
ENG-PL	2026-04-18	Chelsea	Man United	1.52	2.70	2.15	3.35	1.50	2.63	2.05	3.20
ENG-PL	2026-04-18	Leeds	Wolves	1.85	2.00	1.67	6.66	1.80	2.00	1.50	6.50
ENG-PL	2026-04-18	Newcastle	Bournemouth	1.55	2.70	2.30	3.50	1.53	2.50	2.20	3.00
ENG-PL	2026-04-18	Tottenham	Brighton	1.66	2.40	3.00	2.50	1.62	2.30	3.00	2.15
ENG-PL	2026-04-19	Aston Villa	Sunderland	2.00	1.91	1.80	5.25	1.98	1.88	1.75	5.00
ENG-PL	2026-04-19	Everton	Liverpool	1.85	2.04	3.30	2.30	1.83	2.03	3.20	2.25
ENG-PL	2026-04-19	Man City	Arsenal	2.00	1.93	2.00	4.50	1.93	1.93	1.85	4.10
ENG-PL	2026-04-19	Nott'm Forest	Burnley	1.76	2.20	1.53	7.50	1.73	2.10	1.45	7.00
ENG-PL	2026-04-20	Crystal Palace	West Ham	1.90	2.00	2.63	3.30	1.85	2.00	2.63	2.70
ENG-PL	2026-04-21	Brighton	Chelsea	1.91	2.00	2.32	3.14	1.91	1.91	2.25	3.00
ENG-PL	2026-04-22	Bournemouth	Leeds	1.66	2.40	1.90	4.33	1.57	2.38	1.80	4.10
ENG-PL	2026-04-22	Burnley	Man City	1.38	3.50	20.00	1.22	1.36	3.20	15.00	1.14
ENG-PL	2026-04-24	Sunderland	Nott'm Forest	2.30	1.70	2.75	2.87	2.30	1.62	2.63	2.80
ENG-PL	2026-04-25	Arsenal	Newcastle	1.68	2.28	1.41	8.00	1.67	2.20	1.38	7.50
ENG-PL	2026-04-25	Fulham	Aston Villa	1.77	2.20	2.50	2.85	1.73	2.10	2.45	2.75
ENG-PL	2026-04-25	Liverpool	Crystal Palace	1.54	2.63	1.60	5.60	1.50	2.63	1.60	5.00
ENG-PL	2026-04-25	West Ham	Everton	1.86	2.03	2.50	2.95	1.83	2.03	2.40	2.80
ENG-PL	2026-04-25	Wolves	Tottenham	1.67	2.30	5.00	1.70	1.67	2.20	4.50	1.67
ENG-PL	2026-04-27	Man United	Brentford	1.61	2.45	2.00	3.75	1.57	2.38	1.95	3.60
ENG-PL	2026-05-01	Leeds	Burnley	1.73	2.23	1.40	9.50	1.73	2.10	1.36	8.50
ENG-PL	2026-05-02	Arsenal	Fulham	1.92	2.02	1.50	8.00	1.88	1.98	1.45	7.00
ENG-PL	2026-05-02	Brentford	West Ham	1.62	2.50	1.90	4.00	1.57	2.38	1.85	3.80
ENG-PL	2026-05-02	Newcastle	Brighton	1.71	2.30	2.75	2.50	1.67	2.20	2.70	2.45
ENG-PL	2026-05-02	Wolves	Sunderland	2.00	1.85	3.82	2.05	2.00	1.80	3.60	2.00
ENG-PL	2026-05-03	Aston Villa	Tottenham	1.74	2.25	2.28	3.10	1.67	2.20	2.25	3.00
ENG-PL	2026-05-03	Bournemouth	Crystal Palace	1.68	2.30	1.61	5.66	1.62	2.30	1.55	5.25
ENG-PL	2026-05-03	Man United	Liverpool	1.53	2.63	2.40	2.83	1.53	2.50	2.35	2.80
ENG-PL	2026-05-04	Chelsea	Nott'm Forest	1.65	2.40	1.45	8.20	1.62	2.30	1.42	7.00
ENG-PL	2026-05-04	Everton	Man City	1.60	2.40	7.00	1.48	1.57	2.38	6.50	1.44
ENG-PL	2026-05-09	Brighton	Wolves	1.55	2.75	1.29	11.00	1.53	2.50	1.29	9.00
ENG-PL	2026-05-09	Fulham	Bournemouth	1.63	2.43	2.70	2.54	1.62	2.30	2.70	2.45
ENG-PL	2026-05-09	Liverpool	Chelsea	1.62	2.50	2.05	3.65	1.62	2.30	2.00	3.40
ENG-PL	2026-05-09	Man City	Brentford	1.38	3.30	1.38	8.50	1.36	3.20	1.36	7.00
ENG-PL	2026-05-09	Sunderland	Man United	1.75	2.20	3.40	2.20	1.73	2.10	3.20	2.15
ENG-PL	2026-05-10	Burnley	Aston Villa	1.78	2.20	7.00	1.52	1.73	2.10	6.25	1.48
ENG-PL	2026-05-10	Crystal Palace	Everton	2.05	1.90	2.88	2.60	2.00	1.80	2.75	2.55
ENG-PL	2026-05-10	Nott'm Forest	Newcastle	1.83	2.10	3.50	2.23	1.80	2.00	3.50	2.10
ENG-PL	2026-05-10	West Ham	Arsenal	1.91	2.10	6.40	1.60	1.91	1.91	6.00	1.55
ENG-PL	2026-05-11	Tottenham	Leeds	1.88	2.14	1.83	4.40	1.88	1.98	1.83	4.20
ENG-PL	2026-05-13	Man City	Crystal Palace	1.45	2.90	1.33	9.50	1.44	2.75	1.30	8.50
ENG-PL	2026-05-15	Aston Villa	Liverpool	1.85	2.10	2.80	2.60	1.85	2.00	2.70	2.55
ENG-PL	2026-05-17	Brentford	Crystal Palace	1.73	2.30	1.75	4.75	1.73	2.10	1.75	4.33
ENG-PL	2026-05-17	Everton	Sunderland	1.91	2.00	1.90	4.40	1.91	1.91	1.75	4.33
ENG-PL	2026-05-17	Leeds	Brighton	1.91	2.08	3.66	2.10	1.91	1.91	3.50	2.05
ENG-PL	2026-05-17	Man United	Nott'm Forest	1.53	2.63	1.57	5.50	1.50	2.63	1.55	5.25
ENG-PL	2026-05-17	Newcastle	West Ham	1.57	2.65	2.15	3.30	1.57	2.38	2.05	3.20
ENG-PL	2026-05-17	Wolves	Fulham	1.90	2.02	4.20	1.90	1.80	2.00	4.00	1.80
ENG-PL	2026-05-18	Arsenal	Burnley	1.40	3.25	1.12	26.00	1.36	3.20	1.09	26.00
ENG-PL	2026-05-19	Bournemouth	Man City	1.55	2.60	4.80	1.68	1.53	2.50	4.75	1.62
ENG-PL	2026-05-19	Chelsea	Tottenham	1.91	1.96	2.25	3.33	1.91	1.91	2.25	3.30
ENG-PL	2026-05-24	Brighton	Man United	1.45	2.88	1.92	3.80	1.44	2.75	1.85	3.50
ENG-PL	2026-05-24	Burnley	Wolves	1.79	2.10	2.50	3.00	1.73	2.10	2.35	2.90
ENG-PL	2026-05-24	Crystal Palace	Arsenal	1.80	2.20	4.10	1.91	1.80	2.00	4.10	1.85
ENG-PL	2026-05-24	Fulham	Newcastle	1.50	2.70	2.60	2.60	1.50	2.63	2.50	2.60
ENG-PL	2026-05-24	Liverpool	Brentford	1.48	3.60	1.81	4.20	1.40	3.00	1.80	4.00
ENG-PL	2026-05-24	Man City	Aston Villa	1.40	3.20	1.44	7.30	1.36	3.20	1.42	6.50
ENG-PL	2026-05-24	Nott'm Forest	Bournemouth	1.64	2.40	3.81	2.05	1.62	2.30	3.70	1.91
ENG-PL	2026-05-24	Sunderland	Chelsea	1.75	2.18	3.50	2.05	1.73	2.10	3.30	2.05
ENG-PL	2026-05-24	Tottenham	Everton	2.05	1.91	1.92	4.40	2.00	1.80	1.91	4.10
ENG-PL	2026-05-24	West Ham	Leeds	1.61	2.40	1.74	4.50	1.57	2.38	1.70	4.50
ESP-L2	2024-08-15	Granada	Albacete	2.26	1.72	2.09	4.60	2.15	1.67	2.00	3.70
ESP-L2	2024-08-16	Cadiz	Zaragoza	3.21	1.42	2.09	4.51	3.10	1.36	2.00	4.33
ESP-L2	2024-08-16	Mirandes	Cordoba	2.77	1.52	3.36	2.47	2.70	1.44	3.30	2.40
ESP-L2	2024-08-17	Eibar	Castellon	2.16	1.85	2.07	4.01	2.05	1.80	1.95	3.80
ESP-L2	2024-08-17	Ferrol	Malaga	2.78	1.50	2.63	3.43	2.70	1.44	2.60	3.10
ESP-L2	2024-08-17	La Coruna	Oviedo	2.74	1.50	2.20	4.19	2.70	1.44	2.05	3.90
ESP-L2	2024-08-18	Burgos	Cartagena	2.49	1.59	1.84	5.45	2.40	1.53	1.73	5.25
ESP-L2	2024-08-18	Elche	Huesca	2.91	1.45	2.16	4.60	2.88	1.40	2.10	4.20
ESP-L2	2024-08-18	Santander	Almeria	2.02	2.02	2.72	2.93	1.90	1.95	2.63	2.55
ESP-L2	2024-08-18	Sp Gijon	Levante	2.40	1.68	2.12	4.06	2.25	1.62	2.05	3.80
ESP-L2	2024-08-19	Eldense	Tenerife	2.95	1.46	2.43	3.68	2.70	1.44	2.35	3.40
ESP-L2	2024-08-23	Huesca	La Coruna	3.13	1.42	3.07	2.90	3.10	1.36	2.90	2.80
ESP-L2	2024-08-23	Santander	Eibar	2.05	1.88	2.23	3.72	2.00	1.85	2.10	3.50
ESP-L2	2024-08-24	Ferrol	Granada	2.57	1.57	3.20	2.70	2.40	1.53	3.20	2.45
ESP-L2	2024-08-24	Levante	Cadiz	2.47	1.60	2.36	3.70	2.35	1.57	2.30	3.40
ESP-L2	2024-08-24	Malaga	Mirandes	2.74	1.52	1.77	6.00	2.60	1.48	1.70	5.50
ESP-L2	2024-08-24	Sp Gijon	Eldense	2.53	1.59	2.02	4.76	2.40	1.53	1.90	4.20
ESP-L2	2024-08-24	Tenerife	Almeria	2.42	1.65	2.72	3.05	2.25	1.62	2.63	2.80
ESP-L2	2024-08-25	Albacete	Elche	2.16	1.83	2.25	3.85	2.05	1.75	2.20	3.40
ESP-L2	2024-08-25	Castellon	Oviedo	2.33	1.70	2.06	4.44	2.15	1.67	1.95	4.00
ESP-L2	2024-08-26	Cartagena	Zaragoza	2.78	1.50	3.06	2.84	2.60	1.48	2.80	2.75
ESP-L2	2024-08-26	Cordoba	Burgos	2.46	1.61	2.05	4.70	2.35	1.57	1.90	4.20
ESP-L2	2024-08-30	Granada	Huesca	2.40	1.65	1.84	5.27	2.30	1.60	1.80	4.75
ESP-L2	2024-08-30	Oviedo	Santander	2.26	1.84	2.19	3.94	2.05	1.75	2.10	3.60
ESP-L2	2024-08-31	Almeria	Sp Gijon	2.02	2.03	1.98	4.50	1.88	1.98	1.95	3.80
ESP-L2	2024-08-31	Cadiz	Tenerife	2.74	1.53	1.85	5.50	2.60	1.48	1.75	5.25
ESP-L2	2024-08-31	Malaga	Albacete	2.55	1.57	2.36	3.65	2.40	1.53	2.30	3.30
ESP-L2	2024-09-01	Burgos	Castellon	2.02	1.93	2.58	2.97	1.93	1.93	2.45	2.88
ESP-L2	2024-09-01	Eldense	Cartagena	2.56	1.57	2.07	4.77	2.40	1.53	1.91	4.33
ESP-L2	2024-09-01	La Coruna	Ferrol	2.40	1.63	1.85	5.16	2.30	1.60	1.73	5.00
ESP-L2	2024-09-01	Mirandes	Zaragoza	2.96	1.45	3.91	2.39	2.88	1.40	3.60	2.30
ESP-L2	2024-09-02	Eibar	Levante	2.16	1.80	2.34	3.34	2.10	1.70	2.25	3.10
ESP-L2	2024-09-02	Elche	Cordoba	2.46	1.62	2.07	4.44	2.35	1.57	1.95	4.20
ESP-L2	2024-09-06	Tenerife	Santander	2.26	1.79	2.25	3.57	2.08	1.73	2.20	3.25
ESP-L2	2024-09-07	Cordoba	Malaga	2.66	1.58	2.18	4.10	2.40	1.53	2.10	3.80
ESP-L2	2024-09-07	Granada	La Coruna	2.28	1.75	2.52	3.39	2.10	1.70	2.35	3.10
ESP-L2	2024-09-07	Huesca	Burgos	2.61	1.57	2.20	4.17	2.50	1.50	2.10	3.80
ESP-L2	2024-09-07	Sp Gijon	Oviedo	2.74	1.53	2.58	3.41	2.60	1.48	2.50	3.00
ESP-L2	2024-09-08	Cartagena	Levante	2.16	1.83	3.32	2.45	2.05	1.80	3.20	2.25
ESP-L2	2024-09-08	Eldense	Almeria	2.02	1.96	3.32	2.40	1.93	1.93	3.20	2.25
ESP-L2	2024-09-08	Ferrol	Mirandes	3.17	1.41	2.33	3.97	3.10	1.36	2.20	3.40
ESP-L2	2024-09-08	Zaragoza	Elche	2.68	1.52	2.30	3.70	2.50	1.50	2.20	3.40
ESP-L2	2024-09-09	Albacete	Eibar	2.08	1.85	2.62	3.01	2.03	1.83	2.40	3.00
ESP-L2	2024-09-09	Castellon	Cadiz	2.06	1.88	1.93	4.51	2.00	1.85	1.83	4.33
ESP-L2	2024-09-13	Cordoba	La Coruna	2.49	1.59	2.45	3.55	2.35	1.57	2.30	3.20
ESP-L2	2024-09-14	Eibar	Tenerife	2.50	1.63	1.78	5.51	2.40	1.53	1.70	5.25
ESP-L2	2024-09-14	Levante	Eldense	2.26	1.75	2.04	4.36	2.15	1.67	1.91	4.20
ESP-L2	2024-09-14	Malaga	Huesca	3.45	1.36	2.44	3.85	3.40	1.33	2.40	3.50
ESP-L2	2024-09-14	Santander	Sp Gijon	2.02	1.94	2.15	4.10	1.95	1.90	1.95	4.10
ESP-L2	2024-09-15	Burgos	Zaragoza	2.66	1.53	2.74	3.06	2.50	1.50	2.63	2.90
ESP-L2	2024-09-15	Cadiz	Ferrol	2.49	1.59	1.65	7.00	2.40	1.53	1.57	7.00
ESP-L2	2024-09-15	Elche	Granada	2.38	1.68	2.20	3.87	2.25	1.62	2.05	3.60
ESP-L2	2024-09-15	Mirandes	Albacete	2.74	1.54	2.79	3.09	2.60	1.48	2.63	2.80
ESP-L2	2024-09-15	Oviedo	Cartagena	2.26	1.75	1.57	7.11	2.15	1.67	1.53	6.25
ESP-L2	2024-09-16	Almeria	Castellon	1.64	2.43	1.94	4.04	1.57	2.35	1.85	3.70
ESP-L2	2024-09-20	Granada	Malaga	2.17	1.79	1.76	5.20	2.08	1.73	1.70	4.75
ESP-L2	2024-09-21	Eldense	Oviedo	2.85	1.50	3.05	2.98	2.70	1.44	2.90	2.70
ESP-L2	2024-09-21	Ferrol	Albacete	2.49	1.58	2.54	3.32	2.40	1.53	2.40	3.10
ESP-L2	2024-09-21	La Coruna	Burgos	1.99	1.98	2.02	4.20	1.90	1.95	2.00	3.60
ESP-L2	2024-09-21	Zaragoza	Levante	2.16	1.81	2.36	3.45	2.05	1.80	2.25	3.20
ESP-L2	2024-09-22	Almeria	Eibar	2.02	1.98	1.94	4.36	1.93	1.93	1.83	4.33
ESP-L2	2024-09-22	Cartagena	Cadiz	2.89	1.45	3.91	2.30	2.70	1.44	3.60	2.15
ESP-L2	2024-09-22	Castellon	Santander	1.48	2.85	2.03	3.65	1.44	2.70	1.95	3.40
ESP-L2	2024-09-22	Elche	Mirandes	2.79	1.51	2.07	4.79	2.70	1.44	1.91	4.75
ESP-L2	2024-09-22	Tenerife	Sp Gijon	2.74	1.50	2.19	4.51	2.60	1.48	2.05	4.10
ESP-L2	2024-09-23	Huesca	Cordoba	2.80	1.49	2.48	3.66	2.60	1.48	2.40	3.30
ESP-L2	2024-09-27	Albacete	La Coruna	2.06	1.93	2.28	3.67	1.98	1.88	2.20	3.30
ESP-L2	2024-09-28	Cadiz	Eldense	2.44	1.61	1.77	5.47	2.35	1.57	1.70	4.75
ESP-L2	2024-09-28	Malaga	Elche	3.40	1.36	2.80	3.37	3.40	1.33	2.63	3.20
ESP-L2	2024-09-28	Mirandes	Huesca	3.63	1.33	2.80	3.60	3.50	1.30	2.80	3.30
ESP-L2	2024-09-28	Sp Gijon	Zaragoza	2.65	1.53	2.50	3.47	2.50	1.50	2.35	3.30
ESP-L2	2024-09-29	Burgos	Granada	2.16	1.80	2.47	3.34	2.08	1.73	2.35	3.10
ESP-L2	2024-09-29	Castellon	Tenerife	2.02	1.97	1.80	5.04	1.93	1.93	1.70	5.00
ESP-L2	2024-09-29	Cordoba	Ferrol	2.26	1.76	1.80	5.30	2.10	1.70	1.73	4.75
ESP-L2	2024-09-29	Levante	Almeria	1.72	2.32	2.31	3.31	1.62	2.25	2.20	3.10
ESP-L2	2024-09-29	Oviedo	Eibar	2.47	1.62	2.16	4.30	2.35	1.57	2.05	4.00
ESP-L2	2024-09-30	Santander	Cartagena	1.77	2.23	1.49	7.10	1.70	2.10	1.48	7.00
ESP-L2	2024-10-04	Huesca	Cadiz	3.15	1.41	3.11	2.91	3.10	1.36	2.90	2.80
ESP-L2	2024-10-05	Almeria	Burgos	1.80	2.21	1.69	5.09	1.70	2.10	1.67	4.75
ESP-L2	2024-10-05	Eibar	Sp Gijon	2.26	1.74	2.12	4.80	2.10	1.70	1.95	4.33
ESP-L2	2024-10-05	Ferrol	Elche	2.92	1.46	3.40	2.61	2.88	1.40	3.25	2.45
ESP-L2	2024-10-05	Mirandes	Granada	2.78	1.49	2.75	3.27	2.70	1.44	2.60	3.00
ESP-L2	2024-10-05	Tenerife	Cartagena	2.61	1.55	1.84	5.75	2.50	1.50	1.73	5.25
ESP-L2	2024-10-05	Zaragoza	Santander	2.02	1.97	2.34	3.39	1.93	1.93	2.25	3.10
ESP-L2	2024-10-06	Albacete	Cordoba	1.93	1.99	2.25	3.55	1.88	1.98	2.15	3.25
ESP-L2	2024-10-06	Eldense	Castellon	1.93	2.04	2.53	2.94	1.85	2.00	2.50	2.88
ESP-L2	2024-10-06	La Coruna	Malaga	2.26	1.79	1.86	5.33	2.10	1.70	1.73	5.00
ESP-L2	2024-10-06	Levante	Oviedo	2.16	1.78	2.29	3.65	2.08	1.73	2.20	3.30
ESP-L2	2024-10-11	Tenerife	Zaragoza	2.91	1.48	2.58	3.47	2.70	1.44	2.45	3.40
ESP-L2	2024-10-12	Cadiz	Malaga	2.38	1.69	1.80	5.80	2.20	1.65	1.75	4.75
ESP-L2	2024-10-12	Cartagena	Ferrol	2.66	1.56	2.42	3.55	2.50	1.50	2.35	3.40
ESP-L2	2024-10-12	Eibar	Eldense	2.48	1.61	2.12	4.25	2.40	1.53	2.05	3.90
ESP-L2	2024-10-13	Burgos	Mirandes	3.08	1.42	2.28	4.13	2.88	1.40	2.20	3.90
ESP-L2	2024-10-13	Elche	La Coruna	2.31	1.71	1.97	4.82	2.20	1.65	1.85	4.75
ESP-L2	2024-10-13	Granada	Cordoba	2.26	1.78	2.38	3.64	2.08	1.73	2.20	3.50
ESP-L2	2024-10-13	Huesca	Albacete	2.40	1.63	2.36	3.63	2.30	1.60	2.25	3.40
ESP-L2	2024-10-13	Oviedo	Almeria	2.26	1.78	2.19	3.91	2.10	1.70	2.05	3.60
ESP-L2	2024-10-13	Santander	Levante	1.77	2.40	2.12	3.52	1.67	2.15	2.05	3.40
ESP-L2	2024-10-14	Sp Gijon	Castellon	1.87	2.08	2.32	3.27	1.83	2.03	2.20	3.10
ESP-L2	2024-10-18	Cordoba	Cartagena	2.02	1.93	1.53	7.35	2.00	1.85	1.50	7.00
ESP-L2	2024-10-19	Castellon	Levante	1.68	2.33	2.36	3.26	1.65	2.20	2.25	3.10
ESP-L2	2024-10-19	Granada	Tenerife	2.33	1.71	1.80	5.70	2.15	1.67	1.70	5.50
ESP-L2	2024-10-19	La Coruna	Eldense	2.07	1.85	1.78	5.05	2.03	1.83	1.73	4.75
ESP-L2	2024-10-19	Malaga	Oviedo	3.10	1.41	3.21	2.88	3.10	1.36	3.00	2.63
ESP-L2	2024-10-19	Mirandes	Eibar	3.51	1.34	2.77	3.37	3.50	1.30	2.70	3.10
ESP-L2	2024-10-20	Cadiz	Santander	1.93	2.05	2.31	3.27	1.85	2.00	2.20	3.20
ESP-L2	2024-10-20	Elche	Sp Gijon	2.41	1.63	2.25	3.80	2.30	1.57	2.15	3.50
ESP-L2	2024-10-20	Ferrol	Huesca	3.65	1.32	2.79	3.54	3.50	1.30	2.70	3.25
ESP-L2	2024-10-20	Zaragoza	Almeria	1.89	2.06	2.12	3.84	1.83	2.03	2.00	3.60
ESP-L2	2024-10-21	Albacete	Burgos	2.16	1.84	2.14	3.94	2.05	1.80	2.10	3.60
ESP-L2	2024-10-22	Castellon	Granada	1.77	2.25	2.38	3.15	1.70	2.10	2.25	3.00
ESP-L2	2024-10-22	Oviedo	Mirandes	2.75	1.50	1.74	6.99	2.60	1.48	1.65	6.00
ESP-L2	2024-10-23	Cartagena	Elche	2.91	1.49	3.75	2.40	2.70	1.44	3.60	2.20
ESP-L2	2024-10-23	Eibar	Cadiz	2.37	1.67	2.18	4.14	2.25	1.62	2.05	4.00
ESP-L2	2024-10-23	Eldense	Zaragoza	2.47	1.63	2.83	2.98	2.35	1.57	2.75	2.70
ESP-L2	2024-10-23	Santander	Cordoba	1.85	2.14	2.05	4.18	1.75	2.05	1.86	4.00
ESP-L2	2024-10-24	Almeria	Albacete	1.63	2.48	1.60	5.90	1.57	2.35	1.60	5.50
ESP-L2	2024-10-24	Burgos	Ferrol	2.80	1.52	1.97	5.70	2.70	1.44	1.80	5.50
ESP-L2	2024-10-24	Levante	La Coruna	1.85	2.11	2.20	3.51	1.75	2.05	2.10	3.30
ESP-L2	2024-10-24	Sp Gijon	Huesca	2.68	1.53	1.77	6.45	2.60	1.48	1.70	5.50
ESP-L2	2024-10-24	Tenerife	Malaga	2.85	1.47	2.14	4.37	2.70	1.44	2.05	4.00
ESP-L2	2024-10-26	Cadiz	Oviedo	2.49	1.61	2.53	3.39	2.40	1.53	2.40	3.20
ESP-L2	2024-10-26	Cordoba	Eldense	2.26	1.78	1.95	5.00	2.10	1.70	1.83	4.33
ESP-L2	2024-10-26	Mirandes	Cartagena	3.40	1.37	1.94	5.69	3.40	1.33	1.83	5.50
ESP-L2	2024-10-26	Zaragoza	Castellon	1.85	2.14	2.21	3.50	1.75	2.05	2.10	3.40
ESP-L2	2024-10-27	Albacete	Sp Gijon	2.31	1.69	2.49	3.28	2.20	1.65	2.40	3.00
ESP-L2	2024-10-27	Elche	Burgos	2.36	1.68	1.69	6.28	2.20	1.65	1.62	5.75
ESP-L2	2024-10-27	Granada	Levante	2.11	1.86	2.17	3.73	2.03	1.83	2.10	3.60
ESP-L2	2024-10-27	Huesca	Almeria	2.37	1.69	3.23	2.60	2.20	1.65	3.10	2.45
ESP-L2	2024-10-27	La Coruna	Santander	1.93	2.11	2.50	3.06	1.75	2.05	2.45	2.80
ESP-L2	2024-10-27	Malaga	Eibar	2.58	1.56	2.52	3.41	2.40	1.53	2.38	3.20
ESP-L2	2024-10-28	Ferrol	Tenerife	3.20	1.38	2.65	3.45	3.10	1.36	2.50	3.30
ESP-L2	2024-11-02	Cartagena	La Coruna	2.26	1.76	4.25	2.23	2.10	1.70	4.10	1.95
ESP-L2	2024-11-02	Eibar	Elche	2.80	1.58	2.85	3.41	2.40	1.53	2.70	2.80
ESP-L2	2024-11-02	Santander	Albacete	1.57	2.53	1.74	4.95	1.53	2.40	1.65	4.50
ESP-L2	2024-11-02	Sp Gijon	Cadiz	2.26	1.78	2.25	3.67	2.10	1.70	2.20	3.50
ESP-L2	2024-11-02	Zaragoza	Granada	2.35	1.71	2.35	3.60	2.20	1.65	2.25	3.25
ESP-L2	2024-11-03	Oviedo	Burgos	2.46	1.66	1.84	5.36	2.30	1.60	1.75	4.75
ESP-L2	2024-11-03	Tenerife	Mirandes	4.00	1.28	2.28	4.62	4.00	1.25	2.15	4.20
ESP-L2	2024-11-08	Elche	Almeria	2.00	1.93	2.07	3.98	1.95	1.90	2.00	3.50
ESP-L2	2024-11-09	Granada	Eldense	2.08	1.87	1.87	4.75	2.03	1.83	1.80	4.33
ESP-L2	2024-11-09	Huesca	Zaragoza	3.12	1.42	2.84	3.40	3.10	1.36	2.75	3.30
ESP-L2	2024-11-09	Malaga	Cartagena	2.47	1.65	1.71	6.30	2.30	1.60	1.65	5.75
ESP-L2	2024-11-09	Mirandes	Cadiz	3.08	1.43	3.20	2.89	2.88	1.40	3.20	2.80
ESP-L2	2024-11-10	Albacete	Oviedo	2.31	1.66	2.68	3.10	2.20	1.65	2.55	2.88
ESP-L2	2024-11-10	Burgos	Sp Gijon	2.33	1.70	3.03	2.80	2.25	1.62	2.88	2.60
ESP-L2	2024-11-10	Cordoba	Castellon	1.79	2.17	2.23	3.34	1.70	2.10	2.20	3.10
ESP-L2	2024-11-10	Ferrol	Santander	2.19	1.78	3.95	2.10	2.08	1.73	3.80	1.95
ESP-L2	2024-11-11	La Coruna	Eibar	2.02	2.01	1.71	5.65	1.98	1.88	1.62	5.50
ESP-L2	2024-11-16	Castellon	Mirandes	2.08	1.88	1.77	5.00	2.03	1.83	1.70	4.75
ESP-L2	2024-11-16	Eibar	Ferrol	2.88	1.48	1.93	5.22	2.88	1.40	1.85	5.00
ESP-L2	2024-11-16	Eldense	Albacete	2.11	1.93	2.47	3.35	1.93	1.93	2.25	3.20
ESP-L2	2024-11-16	Levante	Elche	2.26	1.72	2.41	3.37	2.15	1.67	2.35	3.20
ESP-L2	2024-11-16	Santander	Burgos	1.77	2.25	1.62	6.00	1.67	2.15	1.57	5.25
ESP-L2	2024-11-16	Sp Gijon	Granada	2.40	1.66	2.13	4.30	2.30	1.60	2.05	3.60
ESP-L2	2024-11-17	Almeria	La Coruna	1.68	2.38	1.90	4.33	1.62	2.25	1.85	3.80
ESP-L2	2024-11-17	Cadiz	Cordoba	2.13	1.85	2.26	3.60	2.05	1.80	2.15	3.40
ESP-L2	2024-11-17	Cartagena	Huesca	2.95	1.48	3.42	2.50	2.88	1.40	3.30	2.40
ESP-L2	2024-11-17	Oviedo	Tenerife	3.08	1.43	1.77	6.20	2.88	1.40	1.73	5.75
ESP-L2	2024-11-17	Zaragoza	Malaga	2.63	1.56	2.03	5.02	2.50	1.50	1.85	4.75
ESP-L2	2024-11-20	Eldense	Huesca	3.01	1.42	2.07	4.80	2.88	1.40	1.95	4.50
ESP-L2	2024-11-22	Ferrol	Levante	2.36	1.66	3.65	2.34	2.25	1.62	3.50	2.20
ESP-L2	2024-11-23	Burgos	Eibar	2.61	1.56	2.40	3.93	2.40	1.53	2.20	3.50
ESP-L2	2024-11-23	Cartagena	Almeria	1.77	2.20	5.00	1.71	1.70	2.10	4.50	1.65
ESP-L2	2024-11-23	Cordoba	Zaragoza	2.23	1.83	2.30	3.58	2.05	1.75	2.25	3.30
ESP-L2	2024-11-23	Granada	Cadiz	2.33	1.69	2.25	4.20	2.25	1.62	2.15	3.50
ESP-L2	2024-11-23	Malaga	Santander	2.26	1.82	3.00	2.70	2.08	1.73	2.80	2.45
ESP-L2	2024-11-24	Albacete	Tenerife	2.53	1.64	1.94	4.81	2.40	1.53	1.85	4.33
ESP-L2	2024-11-24	Elche	Oviedo	2.69	1.53	2.40	4.91	2.50	1.50	2.20	3.40
ESP-L2	2024-11-24	Huesca	Castellon	2.05	1.95	2.59	2.95	1.93	1.93	2.40	2.80
ESP-L2	2024-11-24	La Coruna	Sp Gijon	2.26	1.83	2.31	3.70	2.15	1.67	2.20	3.30
ESP-L2	2024-11-24	Mirandes	Eldense	2.74	1.50	2.04	4.66	2.60	1.48	1.95	4.10
ESP-L2	2024-11-26	Almeria	Cordoba	1.66	2.36	1.72	5.02	1.62	2.25	1.67	4.75
ESP-L2	2024-11-27	Castellon	Ferrol	1.85	2.23	1.67	5.81	1.83	2.03	1.57	5.75
ESP-L2	2024-11-27	Levante	Malaga	2.07	1.88	1.81	5.15	2.03	1.83	1.75	4.75
ESP-L2	2024-11-29	Oviedo	Huesca	2.77	1.50	1.70	6.72	2.70	1.44	1.70	6.00
ESP-L2	2024-11-30	Almeria	Granada	1.94	2.09	1.94	4.23	1.88	1.98	1.90	4.10
ESP-L2	2024-11-30	Cadiz	La Coruna	2.18	1.79	2.47	3.20	2.10	1.70	2.40	3.20
ESP-L2	2024-11-30	Santander	Mirandes	2.26	1.74	1.91	5.00	2.15	1.67	1.75	4.75
ESP-L2	2024-11-30	Tenerife	Elche	3.15	1.43	3.44	2.58	2.88	1.40	3.20	2.45
ESP-L2	2024-11-30	Zaragoza	Albacete	2.16	1.83	2.02	4.23	2.05	1.75	1.91	4.20
ESP-L2	2024-12-01	Castellon	Malaga	1.74	2.31	1.84	4.78	1.67	2.15	1.73	4.50
ESP-L2	2024-12-01	Eldense	Ferrol	3.04	1.46	1.92	5.55	2.88	1.40	1.85	5.50
ESP-L2	2024-12-01	Levante	Burgos	1.93	2.02	1.81	5.40	1.88	1.98	1.80	5.00
ESP-L2	2024-12-01	Sp Gijon	Cordoba	2.19	1.80	1.86	5.06	2.05	1.75	1.73	5.00
ESP-L2	2024-12-02	Eibar	Cartagena	2.30	1.75	1.71	6.23	2.10	1.70	1.65	5.50
ESP-L2	2024-12-06	Mirandes	Levante	2.64	1.57	2.75	3.00	2.35	1.57	2.60	2.88
ESP-L2	2024-12-07	Elche	Cadiz	2.36	1.70	1.85	5.90	2.20	1.65	1.62	5.50
ESP-L2	2024-12-07	Granada	Santander	2.11	2.00	2.30	3.41	1.90	1.95	2.25	3.20
ESP-L2	2024-12-07	Huesca	Eibar	3.15	1.43	2.57	3.82	3.10	1.36	2.50	3.50
ESP-L2	2024-12-07	La Coruna	Zaragoza	2.28	1.73	2.15	4.13	2.15	1.67	2.00	3.90
ESP-L2	2024-12-08	Albacete	Castellon	1.85	2.25	2.47	3.42	1.73	2.08	2.30	3.00
ESP-L2	2024-12-08	Burgos	Eldense	2.51	1.62	2.16	4.12	2.35	1.57	2.10	3.75
ESP-L2	2024-12-08	Cordoba	Tenerife	2.28	1.76	2.02	5.09	2.10	1.70	1.91	4.00
ESP-L2	2024-12-08	Ferrol	Oviedo	3.50	1.43	3.89	2.40	3.10	1.36	3.60	2.25
ESP-L2	2024-12-08	Malaga	Almeria	2.16	1.91	3.27	2.41	2.05	1.75	3.10	2.38
ESP-L2	2024-12-09	Cartagena	Sp Gijon	2.47	1.65	4.80	2.00	2.30	1.60	4.33	1.91
ESP-L2	2024-12-13	Almeria	Mirandes	1.98	1.97	1.63	6.16	1.93	1.93	1.57	5.75
ESP-L2	2024-12-14	Cadiz	Albacete	2.47	1.61	2.26	3.88	2.35	1.57	2.10	3.60
ESP-L2	2024-12-14	Castellon	Cartagena	1.63	2.39	1.37	9.00	1.60	2.30	1.33	9.00
ESP-L2	2024-12-14	Eibar	Zaragoza	2.70	1.53	2.51	3.75	2.50	1.50	2.25	3.50
ESP-L2	2024-12-14	Eldense	Elche	2.71	1.50	3.39	2.61	2.50	1.50	3.10	2.45
ESP-L2	2024-12-14	Levante	Cordoba	1.85	2.14	1.84	4.77	1.73	2.08	1.70	4.50
ESP-L2	2024-12-14	Oviedo	Granada	2.36	1.69	2.15	4.57	2.25	1.62	1.91	4.00
ESP-L2	2024-12-15	Burgos	Malaga	2.39	1.65	1.85	5.40	2.20	1.65	1.80	4.50
ESP-L2	2024-12-15	Santander	Huesca	2.19	1.92	1.87	4.70	2.08	1.73	1.83	4.33
ESP-L2	2024-12-15	Sp Gijon	Ferrol	2.56	1.60	1.63	7.05	2.35	1.57	1.62	7.00
ESP-L2	2024-12-17	Albacete	Levante	2.12	1.85	2.76	2.80	2.05	1.75	2.63	2.63
ESP-L2	2024-12-17	Cordoba	Eibar	2.32	1.72	2.22	4.11	2.20	1.65	2.10	3.75
ESP-L2	2024-12-17	Granada	Cartagena	1.93	2.08	1.42	9.44	1.80	2.00	1.38	8.00
ESP-L2	2024-12-17	Zaragoza	Oviedo	2.76	1.50	2.36	4.18	2.60	1.48	2.10	3.80
ESP-L2	2024-12-18	Ferrol	Almeria	2.26	1.83	4.40	1.98	2.05	1.75	4.10	1.90
ESP-L2	2024-12-18	Malaga	Eldense	2.80	1.50	2.41	4.00	2.70	1.44	2.20	3.60
ESP-L2	2024-12-18	Mirandes	Sp Gijon	3.24	1.42	2.50	3.60	3.10	1.36	2.40	3.50
ESP-L2	2024-12-19	Cadiz	Burgos	2.52	1.58	1.91	5.18	2.40	1.53	1.80	5.00
ESP-L2	2024-12-19	Elche	Santander	2.02	1.92	1.91	5.17	1.95	1.90	1.75	4.75
ESP-L2	2024-12-19	Huesca	Tenerife	2.91	1.48	2.01	5.01	2.70	1.44	1.95	4.50
ESP-L2	2024-12-19	La Coruna	Castellon	1.68	2.33	2.14	3.51	1.62	2.25	2.05	3.30
ESP-L2	2024-12-20	Cartagena	Albacete	2.53	1.62	3.99	2.15	2.30	1.60	3.70	2.10
ESP-L2	2024-12-21	Eibar	Granada	4.00	1.55	6.00	13.00	2.50	1.50	2.30	3.60
ESP-L2	2024-12-21	Oviedo	Cordoba	2.06	4.33	41.00	5.79	2.03	1.83	1.62	5.25
ESP-L2	2024-12-21	Sp Gijon	Malaga	3.00	1.56	29.00	5.60	2.60	1.48	1.80	5.00
ESP-L2	2024-12-21	Zaragoza	Ferrol	2.26	1.77	1.57	151.00	2.15	1.67	1.50	7.00
ESP-L2	2024-12-22	Almeria	Cadiz	1.86	2.08	1.64	6.00	1.80	2.00	1.62	5.00
ESP-L2	2024-12-22	Burgos	Tenerife	2.74	1.51	2.06	4.66	2.60	1.48	1.95	4.33
ESP-L2	2024-12-22	Castellon	Elche	2.24	2.04	2.50	3.22	2.10	1.70	2.38	3.00
ESP-L2	2024-12-22	La Coruna	Mirandes	2.38	1.71	1.83	5.05	2.15	1.67	1.73	4.75
ESP-L2	2024-12-22	Levante	Huesca	2.16	1.81	1.68	5.94	2.05	1.75	1.67	4.75
ESP-L2	2024-12-22	Santander	Eldense	2.29	1.92	2.12	4.21	2.15	1.67	2.05	3.50
ESP-L2	2025-01-07	Tenerife	Levante	2.36	1.68	3.29	2.49	2.20	1.65	3.10	2.38
ESP-L2	2025-01-10	Granada	Burgos	2.55	1.58	2.01	4.57	2.40	1.53	1.95	4.10
ESP-L2	2025-01-11	Albacete	Santander	2.02	1.96	2.40	3.38	1.93	1.93	2.30	3.00
ESP-L2	2025-01-11	Ferrol	Cartagena	2.74	1.51	1.88	5.09	2.60	1.48	1.85	4.50
ESP-L2	2025-01-11	Huesca	Mirandes	3.40	1.41	2.68	3.60	3.40	1.33	2.35	3.60
ESP-L2	2025-01-11	Malaga	La Coruna	2.52	1.72	2.81	3.01	2.40	1.53	2.70	2.80
ESP-L2	2025-01-11	Oviedo	Sp Gijon	2.85	1.49	2.15	4.26	2.70	1.44	2.05	4.10
ESP-L2	2025-01-11	Tenerife	Castellon	2.26	1.81	3.08	2.63	2.15	1.67	2.90	2.50
ESP-L2	2025-01-12	Cadiz	Levante	2.33	1.65	2.82	2.83	2.30	1.60	2.75	2.70
ESP-L2	2025-01-12	Cordoba	Almeria	1.85	2.11	3.05	2.43	1.75	2.05	2.90	2.35
ESP-L2	2025-01-12	Elche	Zaragoza	2.45	1.62	1.80	5.53	2.35	1.57	1.80	5.00
ESP-L2	2025-01-13	Eldense	Eibar	2.77	1.50	2.50	3.46	2.60	1.48	2.40	3.30
ESP-L2	2025-01-17	Cartagena	Oviedo	2.48	1.61	5.40	1.79	2.35	1.57	5.25	1.73
ESP-L2	2025-01-18	Eibar	Albacete	2.56	1.58	2.19	4.39	2.35	1.57	1.95	4.10
ESP-L2	2025-01-18	Eldense	Cadiz	2.95	1.45	2.47	3.60	2.70	1.44	2.30	3.40
ESP-L2	2025-01-18	Levante	Granada	2.09	1.83	2.05	4.49	2.03	1.83	2.00	4.00
ESP-L2	2025-01-18	Sp Gijon	Elche	2.89	1.44	2.44	3.78	2.88	1.40	2.25	3.50
ESP-L2	2025-01-19	Almeria	Huesca	2.26	1.77	1.67	5.77	2.10	1.70	1.65	5.25
ESP-L2	2025-01-19	Burgos	La Coruna	2.70	1.51	2.67	3.17	2.70	1.44	2.63	3.10
ESP-L2	2025-01-19	Castellon	Cordoba	1.85	2.22	1.99	4.20	1.83	2.03	1.91	4.20
ESP-L2	2025-01-19	Santander	Ferrol	2.02	1.94	1.70	5.53	1.93	1.93	1.67	5.25
ESP-L2	2025-01-19	Zaragoza	Tenerife	2.75	1.51	1.93	5.67	2.60	1.48	1.90	5.00
ESP-L2	2025-01-20	Mirandes	Malaga	2.87	1.49	2.13	4.63	2.70	1.44	2.00	4.20
ESP-L2	2025-01-24	Elche	Eibar	2.47	1.65	1.78	5.96	2.25	1.62	1.73	5.50
ESP-L2	2025-01-25	Cordoba	Santander	1.77	2.23	2.49	3.07	1.70	2.10	2.35	2.90
ESP-L2	2025-01-25	Huesca	Cartagena	2.42	1.65	1.56	8.36	2.25	1.62	1.50	7.50
ESP-L2	2025-01-25	La Coruna	Levante	2.16	1.86	2.35	3.64	2.08	1.73	2.30	3.40
ESP-L2	2025-01-25	Tenerife	Eldense	2.65	1.53	2.01	4.67	2.50	1.50	1.95	4.33
ESP-L2	2025-01-26	Albacete	Almeria	2.02	2.02	3.48	2.22	1.90	1.95	3.30	2.15
ESP-L2	2025-01-26	Granada	Sp Gijon	2.63	1.58	2.45	3.50	2.40	1.53	2.35	3.30
ESP-L2	2025-01-26	Malaga	Zaragoza	2.88	1.48	2.64	3.29	2.70	1.44	2.50	3.25
ESP-L2	2025-01-26	Oviedo	Castellon	2.16	1.89	1.83	4.83	2.03	1.83	1.75	4.75
ESP-L2	2025-01-27	Cadiz	Mirandes	2.88	1.50	2.17	4.57	2.70	1.44	2.10	3.90
ESP-L2	2025-01-29	Tenerife	La Coruna	2.82	1.52	2.47	3.60	2.70	1.44	2.30	3.60
ESP-L2	2025-01-31	Eldense	Granada	2.51	1.58	3.25	2.74	2.35	1.57	2.80	2.63
ESP-L2	2025-02-01	Almeria	Oviedo	2.06	1.91	1.90	4.66	2.00	1.85	1.85	4.33
ESP-L2	2025-02-01	Mirandes	Elche	3.00	1.49	3.18	2.68	2.70	1.44	3.10	2.50
ESP-L2	2025-02-01	Santander	Malaga	1.94	2.12	1.68	5.42	1.75	2.05	1.62	5.00
ESP-L2	2025-02-01	Sp Gijon	Burgos	2.62	1.58	1.98	4.90	2.50	1.50	1.91	4.33
ESP-L2	2025-02-02	Cartagena	Cordoba	2.47	1.64	4.99	1.90	2.30	1.60	4.75	1.83
ESP-L2	2025-02-02	Castellon	Huesca	2.28	1.71	2.20	3.99	2.15	1.67	2.10	3.70
ESP-L2	2025-02-02	Eibar	La Coruna	2.53	1.63	2.27	3.95	2.35	1.57	2.15	3.70
ESP-L2	2025-02-02	Tenerife	Albacete	2.59	1.56	2.25	4.02	2.50	1.50	2.10	3.80
ESP-L2	2025-02-02	Zaragoza	Cadiz	2.96	1.49	2.25	4.12	2.70	1.44	2.15	3.75
ESP-L2	2025-02-03	Levante	Ferrol	2.01	1.89	1.56	7.00	2.00	1.85	1.50	6.50
ESP-L2	2025-02-07	Albacete	Zaragoza	2.44	1.65	2.29	3.67	2.25	1.62	2.20	3.60
ESP-L2	2025-02-08	Ferrol	Castellon	2.26	1.79	3.46	2.36	2.10	1.70	3.40	2.25
ESP-L2	2025-02-08	Granada	Mirandes	2.33	1.69	1.97	4.76	2.20	1.65	1.85	4.33
ESP-L2	2025-02-08	Malaga	Levante	2.26	1.77	3.11	2.58	2.10	1.70	2.90	2.50
ESP-L2	2025-02-08	Sp Gijon	Eibar	2.61	1.57	1.90	5.36	2.50	1.50	1.80	4.75
ESP-L2	2025-02-09	Burgos	Santander	2.37	1.71	2.63	3.16	2.15	1.67	2.40	2.90
ESP-L2	2025-02-09	Cadiz	Cartagena	2.55	1.62	1.51	9.00	2.40	1.53	1.50	7.50
ESP-L2	2025-02-09	Cordoba	Huesca	2.50	1.58	2.16	4.32	2.40	1.53	2.00	4.00
ESP-L2	2025-02-09	Elche	Tenerife	2.85	1.51	1.78	6.01	2.70	1.44	1.70	5.50
ESP-L2	2025-02-09	La Coruna	Almeria	1.93	2.04	2.89	2.64	1.85	2.00	2.75	2.50
ESP-L2	2025-02-10	Oviedo	Eldense	2.50	1.63	1.73	6.24	2.35	1.57	1.65	5.25
ESP-L2	2025-02-14	Mirandes	Ferrol	2.88	1.54	1.82	6.06	2.60	1.48	1.67	5.75
ESP-L2	2025-02-15	Cartagena	Malaga	2.60	1.55	3.05	2.84	2.50	1.50	2.75	2.70
ESP-L2	2025-02-15	Castellon	Eibar	2.16	1.81	2.12	4.00	2.05	1.75	2.05	3.60
ESP-L2	2025-02-15	Santander	Cadiz	2.48	1.59	2.40	3.52	2.40	1.53	2.25	3.30
ESP-L2	2025-02-15	Tenerife	Cordoba	2.55	1.58	2.15	4.56	2.40	1.53	1.91	4.50
ESP-L2	2025-02-16	Eldense	La Coruna	2.42	1.65	2.78	2.94	2.25	1.62	2.60	2.80
ESP-L2	2025-02-16	Huesca	Granada	2.48	1.60	2.58	3.27	2.40	1.53	2.45	3.25
ESP-L2	2025-02-16	Levante	Sp Gijon	2.26	1.78	2.22	4.03	2.20	1.65	2.05	3.90
ESP-L2	2025-02-16	Oviedo	Albacete	2.25	1.73	1.73	5.56	2.10	1.70	1.70	5.25
ESP-L2	2025-02-16	Zaragoza	Burgos	2.85	1.49	2.18	4.52	2.60	1.48	1.95	4.33
ESP-L2	2025-02-17	Almeria	Elche	2.00	1.98	2.06	4.05	1.95	1.90	1.91	4.00
ESP-L2	2025-02-21	Malaga	Tenerife	2.82	1.50	2.56	3.30	2.70	1.44	2.50	3.10
ESP-L2	2025-02-22	Burgos	Oviedo	3.40	1.37	3.35	2.70	3.40	1.33	3.30	2.55
ESP-L2	2025-02-22	Eibar	Santander	2.16	1.85	2.04	4.16	2.03	1.83	1.95	3.90
ESP-L2	2025-02-22	Ferrol	Cordoba	2.38	1.66	3.37	2.47	2.25	1.62	3.10	2.40
ESP-L2	2025-02-22	Granada	Zaragoza	2.36	1.70	1.89	5.00	2.20	1.65	1.80	4.75
ESP-L2	2025-02-22	Sp Gijon	Almeria	2.47	1.71	2.63	3.09	2.35	1.54	2.45	2.90
ESP-L2	2025-02-23	Albacete	Eldense	2.33	1.67	2.14	4.14	2.25	1.62	2.00	4.00
ESP-L2	2025-02-23	Cadiz	Castellon	2.16	1.84	2.19	3.77	2.05	1.75	2.10	3.60
ESP-L2	2025-02-23	Elche	Cartagena	2.16	1.81	1.31	14.00	2.05	1.75	1.29	11.00
ESP-L2	2025-02-23	La Coruna	Huesca	2.47	1.59	2.12	4.11	2.35	1.57	2.00	3.90
ESP-L2	2025-02-23	Levante	Mirandes	2.46	1.63	2.16	4.20	2.35	1.57	2.10	3.90
ESP-L2	2025-02-28	Cartagena	Eibar	2.63	1.54	4.33	2.11	2.50	1.50	3.90	2.05
ESP-L2	2025-03-01	Almeria	Malaga	1.94	2.17	1.54	8.19	1.75	2.05	1.40	6.50
ESP-L2	2025-03-01	Castellon	Burgos	2.29	1.68	2.00	4.39	2.15	1.67	1.91	4.00
ESP-L2	2025-03-01	Huesca	Ferrol	3.13	1.43	1.75	7.20	2.88	1.40	1.70	6.00
ESP-L2	2025-03-01	Zaragoza	Sp Gijon	2.70	1.54	2.40	3.67	2.40	1.53	2.30	3.40
ESP-L2	2025-03-02	Albacete	Cadiz	2.38	1.66	2.73	2.97	2.25	1.62	2.63	2.88
ESP-L2	2025-03-02	Cordoba	Granada	2.40	1.70	2.40	3.55	2.15	1.67	2.30	3.30
ESP-L2	2025-03-02	Eldense	Levante	2.26	1.75	2.75	2.92	2.15	1.63	2.57	2.70
ESP-L2	2025-03-02	Oviedo	La Coruna	2.45	1.64	1.94	4.80	2.25	1.62	1.85	4.33
ESP-L2	2025-03-02	Santander	Elche	2.17	1.80	2.67	2.94	2.08	1.73	2.60	2.88
ESP-L2	2025-03-03	Mirandes	Tenerife	2.96	1.45	2.35	5.50	2.87	1.37	2.35	2.50
ESP-L2	2025-03-05	Ferrol	Burgos	3.60	1.32	3.14	3.01	3.60	1.29	3.00	2.90
ESP-L2	2025-03-07	Eibar	Almeria	2.07	1.88	2.83	2.76	2.05	1.80	2.70	2.70
ESP-L2	2025-03-07	La Coruna	Cordoba	2.06	1.91	2.13	4.02	2.00	1.85	2.00	3.90
ESP-L2	2025-03-08	Elche	Castellon	2.02	1.93	1.92	4.60	1.98	1.88	1.85	4.10
ESP-L2	2025-03-08	Mirandes	Oviedo	3.25	1.42	2.63	3.53	2.88	1.40	2.55	3.10
ESP-L2	2025-03-08	Sp Gijon	Santander	2.02	1.92	2.42	3.15	1.95	1.90	2.30	3.00
ESP-L2	2025-03-08	Zaragoza	Eldense	2.26	1.76	2.04	4.30	2.10	1.70	1.95	3.90
ESP-L2	2025-03-09	Granada	Ferrol	2.26	1.75	1.52	7.76	2.15	1.67	1.50	7.00
ESP-L2	2025-03-09	Levante	Cartagena	1.93	2.01	1.32	11.74	1.93	1.93	1.30	9.50
ESP-L2	2025-03-09	Malaga	Cadiz	2.58	1.57	3.17	2.73	2.50	1.50	3.00	2.63
ESP-L2	2025-03-09	Tenerife	Huesca	3.17	1.39	2.45	3.82	3.10	1.33	2.15	3.70
ESP-L2	2025-03-10	Burgos	Albacete	2.74	1.49	2.26	4.20	2.60	1.48	2.10	3.80
ESP-L2	2025-03-14	Oviedo	Elche	2.88	1.46	2.17	4.40	2.88	1.40	2.10	4.10
ESP-L2	2025-03-15	Albacete	Malaga	2.28	1.70	1.97	4.70	2.20	1.65	1.91	4.00
ESP-L2	2025-03-15	Almeria	Zaragoza	2.02	2.00	1.66	5.90	1.93	1.93	1.62	5.25
ESP-L2	2025-03-15	Cartagena	Burgos	2.95	1.43	4.57	2.18	2.88	1.40	4.33	1.95
ESP-L2	2025-03-15	Cordoba	Sp Gijon	2.30	1.70	2.18	4.20	2.20	1.65	2.00	3.90
ESP-L2	2025-03-15	Ferrol	Eibar	2.95	1.50	3.85	2.29	2.60	1.48	3.70	2.15
ESP-L2	2025-03-16	Cadiz	Granada	2.48	1.63	2.35	3.55	2.30	1.60	2.25	3.30
ESP-L2	2025-03-16	Eldense	Mirandes	2.61	1.55	2.67	3.23	2.50	1.50	2.45	3.00
ESP-L2	2025-03-16	Huesca	Levante	2.74	1.53	3.38	2.63	2.60	1.48	3.10	2.55
ESP-L2	2025-03-16	Santander	Tenerife	2.06	1.89	1.62	6.08	2.00	1.85	1.60	6.00
ESP-L2	2025-03-17	Castellon	La Coruna	1.68	2.50	1.87	4.07	1.53	2.40	1.75	4.00
ESP-L2	2025-03-21	Burgos	Almeria	2.53	1.58	3.18	2.59	2.40	1.53	3.00	2.50
ESP-L2	2025-03-22	Elche	Eldense	2.26	1.73	1.80	5.57	2.15	1.67	1.75	4.75
ESP-L2	2025-03-22	Granada	Oviedo	2.76	1.53	2.47	3.50	2.70	1.44	2.40	3.25
ESP-L2	2025-03-22	Malaga	Ferrol	2.91	1.45	1.80	6.10	2.88	1.40	1.75	5.25
ESP-L2	2025-03-22	Mirandes	Santander	2.26	1.76	2.03	4.39	2.15	1.67	1.95	4.10
ESP-L2	2025-03-23	Eibar	Huesca	2.93	1.45	2.01	5.17	2.88	1.40	1.95	4.50
ESP-L2	2025-03-23	La Coruna	Cartagena	2.12	1.91	1.35	11.58	1.98	1.88	1.33	10.00
ESP-L2	2025-03-23	Levante	Castellon	1.96	2.15	2.06	3.90	1.95	1.90	2.05	3.70
ESP-L2	2025-03-23	Sp Gijon	Albacete	2.16	1.80	2.10	4.10	2.05	1.75	2.00	4.00
ESP-L2	2025-03-23	Tenerife	Cadiz	2.90	1.46	2.47	3.49	2.88	1.40	2.35	3.30
ESP-L2	2025-03-24	Zaragoza	Cordoba	2.28	1.72	2.44	3.15	2.15	1.67	2.38	2.90
ESP-L2	2025-03-28	Tenerife	Granada	2.58	1.55	2.55	3.38	2.50	1.50	2.40	3.20
ESP-L2	2025-03-29	Almeria	Levante	1.82	2.10	2.05	4.06	1.75	2.05	1.95	3.90
ESP-L2	2025-03-29	Cartagena	Castellon	2.02	1.92	5.10	1.77	1.98	1.88	4.75	1.70
ESP-L2	2025-03-29	Eldense	Burgos	2.95	1.45	2.60	3.61	2.88	1.40	2.40	3.20
ESP-L2	2025-03-29	Ferrol	La Coruna	2.61	1.56	3.72	2.29	2.40	1.53	3.40	2.25
ESP-L2	2025-03-29	Santander	Zaragoza	2.02	1.92	1.89	4.40	1.95	1.90	1.85	3.90
ESP-L2	2025-03-30	Albacete	Mirandes	2.32	1.72	2.57	3.20	2.20	1.65	2.45	3.10
ESP-L2	2025-03-30	Cordoba	Elche	2.39	1.69	2.64	3.20	2.15	1.67	2.50	2.90
ESP-L2	2025-03-30	Huesca	Sp Gijon	2.65	1.55	2.35	3.77	2.50	1.50	2.25	3.60
ESP-L2	2025-03-30	Oviedo	Malaga	2.52	1.58	1.71	5.97	2.40	1.53	1.70	5.25
ESP-L2	2025-03-31	Cadiz	Eibar	2.89	1.45	2.40	3.80	2.88	1.40	2.30	3.60
ESP-L2	2025-04-04	Castellon	Albacete	1.72	2.35	1.70	5.28	1.62	2.25	1.60	5.00
ESP-L2	2025-04-05	Cartagena	Eldense	2.48	1.68	4.30	2.05	2.25	1.62	4.10	1.95
ESP-L2	2025-04-05	Eibar	Oviedo	3.08	1.43	2.42	3.74	2.88	1.40	2.25	3.50
ESP-L2	2025-04-05	Granada	Almeria	2.02	1.92	2.60	2.90	1.95	1.90	2.55	2.70
ESP-L2	2025-04-05	Sp Gijon	Tenerife	2.38	1.66	2.03	4.18	2.25	1.62	1.95	4.10
ESP-L2	2025-04-06	Burgos	Huesca	3.48	1.33	2.47	3.90	3.40	1.33	2.38	3.60
ESP-L2	2025-04-06	La Coruna	Cadiz	2.50	1.59	2.31	3.65	2.35	1.57	2.20	3.40
ESP-L2	2025-04-06	Levante	Santander	1.72	2.28	1.90	4.39	1.67	2.15	1.80	4.20
ESP-L2	2025-04-06	Malaga	Cordoba	2.37	1.67	2.95	2.68	2.25	1.62	2.75	2.55
ESP-L2	2025-04-06	Zaragoza	Mirandes	2.63	1.53	3.01	2.72	2.50	1.50	2.80	2.55
ESP-L2	2025-04-07	Elche	Ferrol	2.38	1.68	1.45	9.68	2.25	1.62	1.40	8.50
ESP-L2	2025-04-11	Cordoba	Levante	1.95	1.99	2.38	3.21	1.90	1.95	2.25	3.10
ESP-L2	2025-04-12	Cadiz	Elche	2.75	1.49	2.72	3.03	2.60	1.48	2.63	3.00
ESP-L2	2025-04-12	Oviedo	Ferrol	2.54	1.62	1.46	11.11	2.50	1.50	1.42	8.50
ESP-L2	2025-04-12	Tenerife	Burgos	2.91	1.46	2.00	4.75	2.70	1.44	1.91	4.50
ESP-L2	2025-04-12	Zaragoza	Eibar	3.02	1.45	2.69	3.32	2.88	1.40	2.50	3.10
ESP-L2	2025-04-13	Albacete	Granada	2.04	1.87	2.93	2.60	2.03	1.83	2.88	2.45
ESP-L2	2025-04-13	Almeria	Cartagena	1.57	2.63	1.18	18.17	1.50	2.50	1.14	12.00
ESP-L2	2025-04-13	Eldense	Sp Gijon	2.56	1.56	2.54	3.26	2.40	1.53	2.50	3.10
ESP-L2	2025-04-13	Mirandes	La Coruna	2.26	1.75	1.95	4.77	2.15	1.67	1.90	4.50
ESP-L2	2025-04-13	Santander	Castellon	1.57	2.56	2.28	3.18	1.53	2.40	2.15	3.00
ESP-L2	2025-04-14	Huesca	Malaga	2.88	1.48	2.10	4.48	2.70	1.44	2.05	4.00
ESP-L2	2025-04-18	Castellon	Almeria	1.63	2.55	2.43	2.90	1.62	2.25	2.30	2.88
ESP-L2	2025-04-18	Sp Gijon	Mirandes	2.57	1.58	2.70	3.17	2.40	1.53	2.55	3.00
ESP-L2	2025-04-19	Burgos	Cadiz	3.25	1.39	2.65	3.31	3.10	1.36	2.50	3.25
ESP-L2	2025-04-19	Ferrol	Eldense	2.75	1.55	3.30	2.65	2.60	1.48	3.00	2.50
ESP-L2	2025-04-19	Huesca	Santander	2.26	1.76	2.45	3.25	2.10	1.70	2.38	3.10
ESP-L2	2025-04-19	Levante	Zaragoza	2.02	1.99	1.73	5.10	1.90	1.95	1.70	4.75
ESP-L2	2025-04-20	Cartagena	Granada	2.16	1.84	6.85	1.60	2.05	1.80	5.50	1.57
ESP-L2	2025-04-20	Cordoba	Oviedo	2.29	1.72	2.51	3.21	2.15	1.67	2.50	2.88
ESP-L2	2025-04-20	Elche	Albacete	1.93	2.13	1.59	6.42	1.83	2.03	1.53	5.75
ESP-L2	2025-04-20	La Coruna	Tenerife	2.23	1.73	2.24	3.80	2.10	1.70	2.15	3.50
ESP-L2	2025-04-21	Eibar	Malaga	2.61	1.54	1.82	5.77	2.50	1.50	1.73	5.50
ESP-L2	2025-04-25	Cadiz	Sp Gijon	2.39	1.66	2.15	4.10	2.30	1.60	2.10	3.70
ESP-L2	2025-04-26	Albacete	Cartagena	1.63	2.63	1.43	8.53	1.60	2.30	1.38	7.00
ESP-L2	2025-04-26	Eldense	Cordoba	2.06	1.90	2.37	3.32	2.00	1.85	2.20	3.20
ESP-L2	2025-04-26	Granada	Elche	2.36	1.65	2.47	3.59	2.25	1.62	2.25	3.40
ESP-L2	2025-04-26	Mirandes	Burgos	2.86	1.49	1.88	6.00	2.70	1.44	1.75	6.00
ESP-L2	2025-04-26	Oviedo	Levante	2.45	1.60	2.52	3.29	2.35	1.57	2.45	3.10
ESP-L2	2025-04-27	Malaga	Castellon	2.02	2.04	3.63	2.16	1.88	1.98	3.50	2.05
ESP-L2	2025-04-27	Santander	La Coruna	1.70	2.31	1.93	4.14	1.65	2.20	1.80	4.10
ESP-L2	2025-04-27	Tenerife	Eibar	2.91	1.47	2.25	3.84	2.70	1.44	2.15	3.70
ESP-L2	2025-04-27	Zaragoza	Huesca	2.72	1.52	1.90	5.36	2.60	1.44	1.76	5.00
ESP-L2	2025-04-29	Almeria	Ferrol	1.73	2.28	1.30	11.30	1.67	2.15	1.29	11.00
ESP-L2	2025-05-02	Cordoba	Cadiz	2.16	1.85	1.92	4.26	2.03	1.83	1.85	4.10
ESP-L2	2025-05-03	Burgos	Elche	2.79	1.48	3.57	2.40	2.70	1.44	3.20	2.30
ESP-L2	2025-05-03	Eibar	Mirandes	2.92	1.50	2.75	3.09	2.88	1.40	2.63	2.90
ESP-L2	2025-05-03	Huesca	Oviedo	3.00	1.43	2.85	3.09	2.88	1.40	2.63	2.90
ESP-L2	2025-05-03	Malaga	Granada	2.42	1.66	3.79	2.21	2.25	1.62	3.40	2.15
ESP-L2	2025-05-04	Almeria	Eldense	1.63	2.47	1.47	7.64	1.60	2.30	1.40	7.50
ESP-L2	2025-05-04	Cartagena	Santander	1.66	2.33	6.75	1.50	1.60	2.30	5.75	1.50
ESP-L2	2025-05-04	Ferrol	Zaragoza	2.41	1.62	4.25	2.00	2.30	1.60	4.00	1.95
ESP-L2	2025-05-04	La Coruna	Albacete	1.85	2.19	1.93	4.18	1.73	2.08	1.85	4.10
ESP-L2	2025-05-04	Levante	Tenerife	2.16	1.84	1.77	5.28	2.05	1.80	1.73	5.00
ESP-L2	2025-05-05	Castellon	Sp Gijon	2.02	2.23	1.70	5.72	1.90	1.95	1.65	5.00
ESP-L2	2025-05-09	Cadiz	Almeria	1.93	2.25	4.23	1.90	1.80	2.00	4.20	1.85
ESP-L2	2025-05-10	Burgos	Cordoba	2.26	1.75	2.71	2.86	2.10	1.70	2.55	2.75
ESP-L2	2025-05-10	Elche	Levante	2.06	1.90	1.90	4.49	1.98	1.88	1.85	4.20
ESP-L2	2025-05-10	Mirandes	Castellon	1.93	2.11	1.96	4.26	1.80	2.00	1.80	3.75
ESP-L2	2025-05-10	Sp Gijon	La Coruna	2.06	1.88	2.16	3.72	1.98	1.88	2.00	3.25
ESP-L2	2025-05-10	Zaragoza	Cartagena	1.70	2.29	1.29	12.92	1.65	2.20	1.29	9.50
ESP-L2	2025-05-11	Albacete	Huesca	1.85	2.11	2.22	3.50	1.75	2.05	2.05	3.40
ESP-L2	2025-05-11	Eldense	Malaga	2.16	1.78	2.13	3.82	2.08	1.73	2.00	3.70
ESP-L2	2025-05-11	Santander	Oviedo	2.02	1.93	2.31	3.43	1.93	1.93	2.20	3.20
ESP-L2	2025-05-11	Tenerife	Ferrol	2.26	1.75	1.57	7.03	2.10	1.70	1.53	6.50
ESP-L2	2025-05-12	Granada	Eibar	2.56	1.58	2.03	4.75	2.50	1.50	1.95	4.33
ESP-L2	2025-05-16	Levante	Albacete	1.52	2.65	1.48	6.50	1.50	2.50	1.48	5.50
ESP-L2	2025-05-17	Cartagena	Tenerife	2.06	1.91	4.15	2.03	1.98	1.83	4.00	1.91
ESP-L2	2025-05-17	Eibar	Burgos	2.65	1.54	2.08	4.40	2.40	1.53	1.95	4.20
ESP-L2	2025-05-17	Huesca	Elche	2.44	1.62	3.31	2.47	2.25	1.62	3.10	2.38
ESP-L2	2025-05-17	La Coruna	Granada	2.02	2.00	3.08	2.51	1.83	1.98	3.00	2.20
ESP-L2	2025-05-17	Malaga	Sp Gijon	2.42	1.65	2.60	3.35	2.25	1.62	2.45	3.20
ESP-L2	2025-05-18	Almeria	Santander	1.48	3.00	1.80	4.63	1.44	2.70	1.75	4.00
ESP-L2	2025-05-18	Castellon	Eldense	1.70	2.71	1.63	5.51	1.44	2.70	1.53	5.25
ESP-L2	2025-05-18	Ferrol	Cadiz	2.55	1.55	3.26	2.47	2.40	1.53	3.00	2.40
ESP-L2	2025-05-18	Oviedo	Zaragoza	2.40	1.65	2.24	3.55	2.25	1.62	2.20	3.50
ESP-L2	2025-05-19	Cordoba	Mirandes	2.02	1.99	3.10	2.47	1.90	1.90	2.90	2.30
ESP-L2	2025-05-24	Albacete	Ferrol	1.85	2.10	1.66	5.25	1.80	2.00	1.62	4.75
ESP-L2	2025-05-25	Burgos	Levante	2.37	1.68	4.54	2.11	2.20	1.65	4.33	2.00
ESP-L2	2025-05-25	Cadiz	Huesca	2.26	1.74	2.81	2.71	2.15	1.67	2.70	2.70
ESP-L2	2025-05-25	Eibar	Cordoba	1.93	2.09	2.15	3.75	1.80	2.00	2.00	3.70
ESP-L2	2025-05-25	Elche	Malaga	2.02	1.99	1.35	10.50	1.88	1.93	1.33	9.00
ESP-L2	2025-05-25	Eldense	Santander	1.63	2.41	2.73	2.47	1.60	2.30	2.70	2.38
ESP-L2	2025-05-25	Granada	Castellon	1.48	2.82	1.46	6.75	1.44	2.70	1.45	6.00
ESP-L2	2025-05-25	Mirandes	Almeria	2.06	1.90	2.20	3.75	2.00	1.80	2.15	3.75
ESP-L2	2025-05-25	Sp Gijon	Cartagena	1.67	2.36	1.38	9.00	1.62	2.25	1.38	8.00
ESP-L2	2025-05-25	Tenerife	Oviedo	2.85	1.48	3.40	2.58	2.70	1.44	3.30	2.45
ESP-L2	2025-05-25	Zaragoza	La Coruna	1.85	2.13	1.62	6.17	1.75	2.05	1.57	5.50
ESP-L2	2025-05-30	Castellon	Zaragoza	1.48	2.88	1.94	3.80	1.48	2.60	1.85	3.75
ESP-L2	2025-05-31	Ferrol	Sp Gijon	2.04	1.99	3.11	2.51	1.88	1.93	3.10	2.40
ESP-L2	2025-05-31	Malaga	Burgos	2.38	1.68	2.27	3.68	2.15	1.67	2.05	3.50
ESP-L2	2025-06-01	Almeria	Tenerife	1.85	2.13	1.36	9.50	1.75	2.05	1.33	8.50
ESP-L2	2025-06-01	Cartagena	Mirandes	1.66	2.30	10.00	1.33	1.60	2.30	8.50	1.30
ESP-L2	2025-06-01	Cordoba	Albacete	1.36	3.40	1.72	4.75	1.33	3.40	1.67	4.33
ESP-L2	2025-06-01	Huesca	Eldense	1.72	2.29	1.80	4.75	1.67	2.15	1.75	4.50
ESP-L2	2025-06-01	La Coruna	Elche	2.16	1.92	5.74	1.68	1.95	1.85	5.25	1.67
ESP-L2	2025-06-01	Levante	Eibar	1.85	2.16	1.73	5.47	1.75	2.05	1.67	4.75
ESP-L2	2025-06-01	Oviedo	Cadiz	2.16	1.84	1.44	9.50	2.03	1.78	1.42	8.50
ESP-L2	2025-06-01	Santander	Granada	1.85	2.27	2.28	3.20	1.67	2.15	2.15	3.20
ESP-L2	2025-08-15	Burgos	Cultural Leonesa	2.70	1.50	1.91	5.00	2.70	1.44	1.85	4.75
ESP-L2	2025-08-15	Valladolid	Ceuta	2.25	1.80	1.96	4.20	2.25	1.62	1.95	4.20
ESP-L2	2025-08-16	Granada	La Coruna	2.20	1.67	2.63	2.90	2.15	1.67	2.63	2.80
ESP-L2	2025-08-16	Malaga	Eibar	2.70	1.50	2.32	3.60	2.70	1.44	2.20	3.60
ESP-L2	2025-08-16	Santander	Castellon	1.60	2.38	2.00	3.60	1.60	2.30	2.00	3.50
ESP-L2	2025-08-17	Cadiz	Mirandes	2.20	1.72	1.60	6.50	2.15	1.67	1.57	6.00
ESP-L2	2025-08-17	Huesca	Leganes	3.10	1.45	2.85	3.00	3.10	1.36	2.70	3.00
ESP-L2	2025-08-17	Las Palmas	Andorra	1.98	1.84	1.67	5.75	1.98	1.83	1.62	5.75
ESP-L2	2025-08-17	Sociedad B	Zaragoza	2.17	1.67	3.25	2.57	2.15	1.67	3.25	2.35
ESP-L2	2025-08-18	Almeria	Albacete	1.67	2.25	1.62	5.00	1.62	2.25	1.62	4.75
ESP-L2	2025-08-18	Sp Gijon	Cordoba	2.05	1.80	2.30	3.25	2.00	1.80	2.25	3.20
ESP-L2	2025-08-22	Castellon	Valladolid	1.65	2.20	1.91	3.80	1.65	2.20	1.85	3.60
ESP-L2	2025-08-22	Eibar	Granada	2.38	1.57	1.91	4.33	2.35	1.57	1.85	4.33
ESP-L2	2025-08-22	Leganes	Cadiz	2.40	1.57	2.36	3.40	2.35	1.57	2.25	3.40
ESP-L2	2025-08-23	Ceuta	Sp Gijon	2.35	1.62	2.75	3.10	2.25	1.62	2.75	2.90
ESP-L2	2025-08-23	Mirandes	Huesca	3.14	1.42	4.10	2.30	3.10	1.36	4.10	2.15
ESP-L2	2025-08-23	Zaragoza	Andorra	2.20	1.67	1.85	5.00	2.20	1.65	1.75	4.75
ESP-L2	2025-08-24	Cultural Leonesa	Almeria	1.80	2.05	3.50	2.11	1.75	2.05	3.40	2.01
ESP-L2	2025-08-24	La Coruna	Burgos	2.38	1.60	1.93	4.50	2.35	1.57	1.85	4.50
ESP-L2	2025-08-24	Malaga	Sociedad B	2.20	1.67	1.74	5.00	2.15	1.67	1.67	4.75
ESP-L2	2025-08-25	Albacete	Santander	1.71	2.25	2.10	3.75	1.62	2.25	1.91	3.75
ESP-L2	2025-08-25	Cordoba	Las Palmas	2.05	1.75	2.10	3.90	2.05	1.75	1.95	3.90
ESP-L2	2025-08-29	Sociedad B	Almeria	2.10	1.80	4.75	1.91	2.10	1.70	4.20	1.86
ESP-L2	2025-08-29	Sp Gijon	Cultural Leonesa	2.20	1.73	1.67	5.50	2.08	1.73	1.62	5.50
ESP-L2	2025-08-30	Castellon	Zaragoza	1.62	2.35	1.73	4.75	1.57	2.35	1.62	4.00
ESP-L2	2025-08-30	Santander	Ceuta	1.81	2.02	1.57	6.50	1.80	2.00	1.49	5.75
ESP-L2	2025-08-30	Valladolid	Cordoba	1.97	1.90	2.00	4.00	1.90	1.90	1.91	3.80
ESP-L2	2025-08-31	Andorra	Burgos	2.50	1.53	2.35	3.40	2.40	1.53	2.15	3.20
ESP-L2	2025-08-31	Cadiz	Albacete	1.93	1.95	1.85	4.33	1.74	1.94	1.73	4.00
ESP-L2	2025-08-31	Granada	Mirandes	2.30	1.62	2.05	4.10	2.30	1.60	2.01	3.80
ESP-L2	2025-08-31	Las Palmas	Malaga	2.30	1.65	1.91	4.33	2.30	1.60	1.78	4.10
ESP-L2	2025-09-01	Huesca	Eibar	4.00	1.38	2.82	3.20	4.00	1.25	2.82	3.10
ESP-L2	2025-09-01	Leganes	La Coruna	2.43	1.62	2.50	3.15	2.30	1.60	2.50	3.00
ESP-L2	2025-09-05	Albacete	Mirandes	2.15	1.76	1.83	4.75	2.10	1.70	1.72	4.50
ESP-L2	2025-09-05	Cordoba	Castellon	1.65	2.20	2.29	3.20	1.65	2.20	2.05	3.10
ESP-L2	2025-09-06	La Coruna	Sp Gijon	2.10	1.76	2.15	3.95	2.08	1.73	2.10	3.60
ESP-L2	2025-09-06	Malaga	Granada	2.30	1.60	2.00	4.50	2.30	1.60	1.92	4.00
ESP-L2	2025-09-06	Zaragoza	Valladolid	2.22	1.67	2.70	2.85	2.15	1.67	2.55	2.75
ESP-L2	2025-09-07	Almeria	Santander	1.58	2.38	1.80	4.33	1.57	2.35	1.76	4.10
ESP-L2	2025-09-07	Burgos	Las Palmas	2.55	1.52	2.25	3.60	2.50	1.50	2.15	3.60
ESP-L2	2025-09-07	Ceuta	Huesca	2.88	1.44	2.88	2.90	2.88	1.40	2.57	2.82
ESP-L2	2025-09-07	Cultural Leonesa	Leganes	2.35	1.62	3.00	2.60	2.30	1.60	2.85	2.45
ESP-L2	2025-09-07	Sociedad B	Cadiz	2.55	1.53	3.50	2.26	2.50	1.50	3.50	2.20
ESP-L2	2025-09-08	Eibar	Andorra	2.42	1.57	2.15	4.10	2.40	1.53	2.10	3.60
ESP-L2	2025-09-12	Las Palmas	Sociedad B	1.87	1.98	1.50	7.50	1.83	1.98	1.39	7.50
ESP-L2	2025-09-13	Cadiz	Eibar	2.60	1.50	2.25	3.75	2.50	1.50	2.20	3.50
ESP-L2	2025-09-13	Huesca	Malaga	2.75	1.45	2.25	3.80	2.70	1.44	2.20	3.40
ESP-L2	2025-09-13	Mirandes	La Coruna	2.32	1.64	3.40	2.25	2.25	1.62	3.30	2.15
ESP-L2	2025-09-13	Valladolid	Almeria	1.93	1.92	2.10	3.60	1.93	1.88	2.01	3.50
ESP-L2	2025-09-14	Andorra	Cordoba	1.95	1.92	2.38	3.10	1.93	1.88	2.25	2.85
ESP-L2	2025-09-14	Castellon	Ceuta	1.65	2.25	1.53	6.00	1.65	2.20	1.51	5.75
ESP-L2	2025-09-14	Granada	Leganes	2.35	1.58	2.50	3.20	2.35	1.57	2.40	3.10
ESP-L2	2025-09-14	Santander	Cultural Leonesa	1.64	2.38	1.48	6.75	1.57	2.35	1.45	5.75
ESP-L2	2025-09-14	Sp Gijon	Burgos	2.63	1.50	1.95	4.50	2.60	1.48	1.86	4.50
ESP-L2	2025-09-15	Zaragoza	Albacete	1.95	1.85	2.35	3.25	1.95	1.85	2.35	2.85
ESP-L2	2025-09-19	La Coruna	Huesca	2.20	1.70	1.62	6.50	2.15	1.67	1.57	6.00
ESP-L2	2025-09-20	Almeria	Sp Gijon	1.83	2.00	1.85	4.00	1.80	2.00	1.81	3.90
ESP-L2	2025-09-20	Andorra	Mirandes	2.05	1.83	1.80	4.75	1.98	1.83	1.68	4.75
ESP-L2	2025-09-20	Cultural Leonesa	Castellon	1.73	2.10	3.40	2.12	1.73	2.08	3.40	1.96
ESP-L2	2025-09-20	Leganes	Las Palmas	2.42	1.58	2.40	3.33	2.35	1.57	2.35	3.25
ESP-L2	2025-09-21	Albacete	Valladolid	2.15	1.77	2.75	2.66	2.15	1.67	2.55	2.57
ESP-L2	2025-09-21	Ceuta	Zaragoza	2.14	1.83	2.10	3.80	1.98	1.83	1.91	3.30
ESP-L2	2025-09-21	Cordoba	Santander	1.67	2.25	2.15	3.50	1.67	2.15	2.05	3.25
ESP-L2	2025-09-21	Eibar	Sociedad B	2.23	1.70	1.55	6.50	2.10	1.70	1.53	6.00
ESP-L2	2025-09-21	Malaga	Cadiz	2.40	1.60	2.15	3.75	2.40	1.53	2.01	3.70
ESP-L2	2025-09-22	Burgos	Granada	2.60	1.53	2.20	3.70	2.50	1.50	2.05	3.70
ESP-L2	2025-09-26	Mirandes	Zaragoza	2.50	1.53	2.70	2.88	2.50	1.50	2.45	2.85
ESP-L2	2025-09-27	Eibar	La Coruna	2.15	1.73	2.50	3.00	2.08	1.73	2.35	3.00
ESP-L2	2025-09-27	Las Palmas	Almeria	2.00	1.87	2.15	3.50	2.00	1.80	2.10	3.40
ESP-L2	2025-09-27	Santander	Andorra	1.62	2.25	1.84	4.00	1.62	2.25	1.76	4.00
ESP-L2	2025-09-28	Burgos	Malaga	2.88	1.42	2.10	4.25	2.88	1.40	2.01	4.10
ESP-L2	2025-09-28	Cadiz	Ceuta	2.28	1.75	2.15	3.75	2.05	1.75	2.05	3.60
ESP-L2	2025-09-28	Huesca	Granada	2.88	1.49	2.38	3.50	2.88	1.40	2.32	3.50
ESP-L2	2025-09-28	Sociedad B	Cordoba	2.05	1.83	3.30	2.30	2.05	1.75	3.30	2.15
ESP-L2	2025-09-28	Sp Gijon	Albacete	1.86	2.00	1.95	4.00	1.80	2.00	1.86	3.90
ESP-L2	2025-09-28	Valladolid	Cultural Leonesa	1.95	1.86	1.50	6.50	1.95	1.85	1.49	5.50
ESP-L2	2025-09-29	Leganes	Castellon	1.98	1.85	2.38	3.00	1.98	1.83	2.30	2.85
ESP-L2	2025-10-03	Ceuta	Eibar	2.40	1.65	2.90	2.57	2.20	1.65	2.82	2.40
ESP-L2	2025-10-04	Andorra	Leganes	2.20	1.73	2.30	3.40	2.08	1.73	2.20	3.30
ESP-L2	2025-10-04	Granada	Sociedad B	2.15	1.73	1.80	4.60	2.15	1.67	1.76	4.20
ESP-L2	2025-10-04	Huesca	Burgos	3.15	1.36	2.40	3.66	3.10	1.36	2.25	3.40
ESP-L2	2025-10-04	La Coruna	Almeria	1.80	2.00	2.00	4.20	1.80	2.00	1.86	4.00
ESP-L2	2025-10-05	Castellon	Sp Gijon	1.76	2.10	1.95	3.90	1.75	2.05	1.86	3.90
ESP-L2	2025-10-05	Las Palmas	Cadiz	2.38	1.62	2.00	4.50	2.25	1.62	1.96	3.90
ESP-L2	2025-10-05	Santander	Malaga	1.86	2.05	1.85	4.20	1.75	2.05	1.79	4.00
ESP-L2	2025-10-05	Valladolid	Mirandes	2.08	1.75	1.62	6.00	2.08	1.73	1.56	5.25
ESP-L2	2025-10-05	Zaragoza	Cordoba	2.10	1.77	2.30	3.25	2.10	1.70	2.20	3.20
ESP-L2	2025-10-06	Cultural Leonesa	Albacete	1.87	2.00	3.10	2.30	1.80	2.00	3.10	2.25
ESP-L2	2025-10-10	Granada	Las Palmas	2.38	1.62	2.80	2.75	2.30	1.60	2.70	2.57
ESP-L2	2025-10-11	Almeria	Zaragoza	1.93	1.91	1.70	5.33	1.90	1.90	1.62	5.00
ESP-L2	2025-10-11	Mirandes	Leganes	2.63	1.54	3.75	2.38	2.60	1.48	3.40	2.20
ESP-L2	2025-10-11	Sociedad B	Andorra	2.10	1.77	2.88	2.55	2.10	1.70	2.75	2.40
ESP-L2	2025-10-12	Albacete	Ceuta	1.95	1.92	2.00	4.25	1.95	1.85	1.91	3.90
ESP-L2	2025-10-12	Burgos	Valladolid	2.60	1.50	2.80	2.85	2.60	1.48	2.75	2.70
ESP-L2	2025-10-12	Cadiz	Huesca	2.75	1.50	2.38	3.40	2.60	1.48	2.32	3.30
ESP-L2	2025-10-12	Eibar	Castellon	2.00	1.83	2.42	3.10	2.00	1.80	2.32	3.10
ESP-L2	2025-10-12	Malaga	La Coruna	2.28	1.67	3.35	2.30	2.15	1.67	3.30	2.20
ESP-L2	2025-10-12	Sp Gijon	Santander	1.65	2.25	2.00	3.70	1.62	2.25	1.96	3.70
ESP-L2	2025-10-13	Cordoba	Cultural Leonesa	1.83	1.98	1.62	6.00	1.83	1.98	1.56	5.50
ESP-L2	2025-10-17	Andorra	Granada	2.05	1.75	2.20	3.33	2.05	1.75	2.10	3.20
ESP-L2	2025-10-18	Ceuta	Mirandes	2.18	1.78	1.83	4.75	2.03	1.78	1.76	4.33
ESP-L2	2025-10-18	Zaragoza	Cultural Leonesa	2.20	1.70	1.85	4.75	2.20	1.65	1.81	4.33
ESP-L2	2025-10-19	Castellon	Albacete	1.65	2.28	1.61	5.33	1.65	2.20	1.51	5.25
ESP-L2	2025-10-19	Cordoba	Almeria	1.77	2.08	2.71	2.50	1.73	2.08	2.70	2.45
ESP-L2	2025-10-19	Las Palmas	Eibar	2.88	1.46	2.25	3.80	2.88	1.40	2.20	3.80
ESP-L2	2025-10-19	Leganes	Malaga	2.20	1.67	1.91	4.50	2.15	1.67	1.86	4.10
ESP-L2	2025-10-19	Santander	La Coruna	1.65	2.30	2.50	2.95	1.65	2.20	2.30	2.95
ESP-L2	2025-10-19	Valladolid	Sp Gijon	2.15	1.70	2.20	3.55	2.10	1.70	2.15	3.50
ESP-L2	2025-10-20	Cadiz	Burgos	2.90	1.42	2.30	4.00	2.88	1.40	2.20	3.70
ESP-L2	2025-10-24	Huesca	Las Palmas	3.20	1.36	2.95	2.90	3.10	1.36	2.70	2.82
ESP-L2	2025-10-25	Albacete	Cordoba	1.90	1.91	2.25	3.40	1.90	1.90	2.10	3.40
ESP-L2	2025-10-25	Burgos	Sociedad B	2.60	1.56	1.71	6.25	2.60	1.48	1.62	6.25
ESP-L2	2025-10-25	Cultural Leonesa	Ceuta	2.18	1.70	2.38	3.14	2.10	1.70	2.25	3.05
ESP-L2	2025-10-25	Eibar	Leganes	2.45	1.57	2.20	3.80	2.35	1.57	1.96	3.70
ESP-L2	2025-10-25	Granada	Cadiz	2.40	1.57	2.23	3.75	2.35	1.57	2.10	3.60
ESP-L2	2025-10-25	Mirandes	Santander	1.92	1.98	3.75	1.95	1.83	1.98	3.75	1.91
ESP-L2	2025-10-26	Almeria	Castellon	1.60	2.38	1.95	3.60	1.57	2.35	1.91	3.60
ESP-L2	2025-10-26	La Coruna	Valladolid	1.98	1.90	2.00	3.80	1.90	1.90	1.86	3.75
ESP-L2	2025-10-26	Malaga	Andorra	2.10	1.75	2.10	3.90	2.05	1.75	1.96	3.90
ESP-L2	2025-10-26	Sp Gijon	Zaragoza	2.10	1.76	1.70	6.00	2.08	1.73	1.56	6.00
ESP-L2	2025-10-31	Santander	Sociedad B	1.55	2.45	1.40	7.80	1.53	2.40	1.35	7.00
ESP-L2	2025-11-01	Albacete	Huesca	2.38	1.57	1.95	4.75	2.35	1.57	1.81	4.75
ESP-L2	2025-11-01	Almeria	Eibar	1.95	1.85	1.75	5.00	1.95	1.85	1.62	5.00
ESP-L2	2025-11-01	Cultural Leonesa	Mirandes	2.10	1.73	1.91	4.50	2.08	1.73	1.81	4.20
ESP-L2	2025-11-01	Leganes	Burgos	2.88	1.44	2.20	3.90	2.88	1.40	2.15	3.75
ESP-L2	2025-11-02	Andorra	Cadiz	1.95	1.90	1.91	4.25	1.90	1.90	1.86	4.00
ESP-L2	2025-11-02	Castellon	Malaga	1.80	2.00	1.66	5.10	1.80	2.00	1.57	5.00
ESP-L2	2025-11-02	Cordoba	Ceuta	2.00	1.83	1.92	4.33	1.98	1.83	1.91	4.10
ESP-L2	2025-11-02	Sp Gijon	Las Palmas	3.10	1.40	2.75	3.05	3.10	1.36	2.75	3.05
ESP-L2	2025-11-02	Zaragoza	La Coruna	2.10	1.70	3.25	2.40	2.10	1.70	2.95	2.40
ESP-L2	2025-11-03	Valladolid	Granada	2.20	1.71	1.95	4.20	2.20	1.65	1.91	3.80
ESP-L2	2025-11-05	Sociedad B	Huesca	2.70	1.47	3.25	2.52	2.70	1.44	3.05	2.45
ESP-L2	2025-11-07	Mirandes	Sp Gijon	2.45	1.53	3.50	2.32	2.40	1.53	3.40	2.15
ESP-L2	2025-11-08	Eibar	Albacete	1.97	1.93	1.87	4.50	1.88	1.93	1.71	4.33
ESP-L2	2025-11-08	Huesca	Andorra	2.55	1.52	2.66	3.10	2.50	1.50	2.45	2.95
ESP-L2	2025-11-08	La Coruna	Cultural Leonesa	2.00	1.90	1.67	5.30	2.00	1.80	1.61	5.00
ESP-L2	2025-11-08	Malaga	Cordoba	2.03	1.80	2.30	3.25	2.03	1.78	2.20	3.20
ESP-L2	2025-11-08	Sociedad B	Leganes	2.45	1.57	3.40	2.40	2.35	1.57	3.05	2.35
ESP-L2	2025-11-09	Cadiz	Valladolid	2.50	1.53	3.10	2.48	2.50	1.50	2.95	2.35
ESP-L2	2025-11-09	Granada	Zaragoza	2.30	1.62	2.00	4.25	2.30	1.60	1.91	3.90
ESP-L2	2025-11-09	Las Palmas	Santander	1.95	1.90	1.92	4.50	1.90	1.90	1.81	4.50
ESP-L2	2025-11-10	Burgos	Castellon	2.35	1.62	2.75	2.82	2.35	1.57	2.65	2.82
ESP-L2	2025-11-14	Valladolid	Las Palmas	2.60	1.54	2.50	3.20	2.60	1.48	2.50	3.05
ESP-L2	2025-11-15	Albacete	Andorra	1.80	2.08	2.15	3.30	1.73	2.08	2.05	3.30
ESP-L2	2025-11-15	Castellon	Sociedad B	1.62	2.28	1.35	9.50	1.62	2.25	1.27	9.50
ESP-L2	2025-11-15	Santander	Granada	1.80	2.16	1.85	4.10	1.75	2.05	1.76	4.10
ESP-L2	2025-11-16	Almeria	Cadiz	1.83	2.00	1.60	6.33	1.80	2.00	1.53	5.50
ESP-L2	2025-11-16	Ceuta	Leganes	2.60	1.50	2.63	3.10	2.60	1.48	2.50	2.95
ESP-L2	2025-11-16	Cordoba	La Coruna	2.03	1.88	2.28	3.40	2.03	1.78	2.15	3.40
ESP-L2	2025-11-16	Mirandes	Burgos	2.90	1.44	3.35	2.50	2.70	1.44	3.20	2.40
ESP-L2	2025-11-16	Sp Gijon	Eibar	2.60	1.55	2.63	3.10	2.60	1.48	2.55	3.05
ESP-L2	2025-11-16	Zaragoza	Huesca	3.10	1.41	2.50	3.35	3.10	1.36	2.45	3.20
ESP-L2	2025-11-17	Cultural Leonesa	Malaga	2.20	1.67	2.25	3.50	2.15	1.67	2.10	3.50
ESP-L2	2025-11-21	Las Palmas	Albacete	2.04	1.80	1.73	5.33	2.03	1.78	1.66	5.00
ESP-L2	2025-11-22	Andorra	Castellon	1.85	2.05	2.70	2.60	1.85	1.95	2.65	2.55
ESP-L2	2025-11-22	Eibar	Zaragoza	2.40	1.60	1.80	5.50	2.30	1.60	1.71	4.75
ESP-L2	2025-11-22	Granada	Cordoba	2.10	1.83	2.30	3.20	1.98	1.83	2.25	2.95
ESP-L2	2025-11-22	Leganes	Almeria	2.20	1.68	2.50	3.15	2.20	1.65	2.30	3.05
ESP-L2	2025-11-23	Burgos	Santander	2.30	1.70	2.45	3.25	2.10	1.70	2.30	3.05
ESP-L2	2025-11-23	Cadiz	Cultural Leonesa	2.38	1.60	2.20	3.95	2.30	1.60	2.10	3.70
ESP-L2	2025-11-23	Huesca	Sp Gijon	3.40	1.38	2.30	3.80	3.40	1.33	2.20	3.80
ESP-L2	2025-11-23	La Coruna	Ceuta	2.03	1.83	1.76	4.90	2.03	1.78	1.68	4.50
ESP-L2	2025-11-23	Malaga	Mirandes	2.20	1.65	1.90	4.50	2.20	1.65	1.81	4.20
ESP-L2	2025-11-24	Sociedad B	Valladolid	2.16	1.75	3.75	2.10	2.05	1.75	3.75	2.01
ESP-L2	2025-11-26	Ceuta	Almeria	1.98	1.84	3.25	2.30	1.98	1.83	3.05	2.25
ESP-L2	2025-11-28	Sp Gijon	Andorra	2.10	1.73	1.95	4.50	2.08	1.73	1.81	4.20
ESP-L2	2025-11-29	Albacete	La Coruna	1.95	1.86	2.63	2.75	1.95	1.85	2.57	2.65
ESP-L2	2025-11-29	Almeria	Huesca	2.25	1.66	1.70	5.50	2.25	1.62	1.62	5.25
ESP-L2	2025-11-29	Ceuta	Burgos	2.70	1.45	2.30	3.60	2.70	1.44	2.20	3.50
ESP-L2	2025-11-29	Cultural Leonesa	Granada	2.14	1.75	2.65	2.90	2.05	1.75	2.57	2.70
ESP-L2	2025-11-29	Valladolid	Malaga	2.10	1.75	1.70	5.33	2.05	1.75	1.66	5.25
ESP-L2	2025-11-30	Castellon	Las Palmas	2.10	1.78	1.93	4.20	2.10	1.70	1.86	4.10
ESP-L2	2025-11-30	Cordoba	Cadiz	2.10	1.85	1.93	4.50	1.95	1.85	1.81	4.20
ESP-L2	2025-11-30	Mirandes	Sociedad B	2.23	1.67	2.05	4.20	2.15	1.67	1.91	3.90
ESP-L2	2025-11-30	Santander	Eibar	1.90	1.92	2.05	3.60	1.90	1.90	1.96	3.50
ESP-L2	2025-11-30	Zaragoza	Leganes	2.55	1.50	2.75	2.90	2.50	1.50	2.70	2.82
ESP-L2	2025-12-06	Andorra	Almeria	1.95	1.97	3.10	2.28	1.95	1.85	3.05	2.20
ESP-L2	2025-12-06	Huesca	Valladolid	2.60	1.52	3.30	2.50	2.60	1.48	3.05	2.45
ESP-L2	2025-12-06	Sociedad B	Sp Gijon	2.20	1.70	3.40	2.28	2.15	1.67	3.40	2.15
ESP-L2	2025-12-07	Cadiz	Santander	1.90	1.95	3.00	2.43	1.85	1.95	2.85	2.25
ESP-L2	2025-12-07	Eibar	Cultural Leonesa	2.20	1.67	1.75	5.50	2.20	1.65	1.71	5.25
ESP-L2	2025-12-07	Granada	Ceuta	2.20	1.65	2.00	3.80	2.20	1.65	1.96	3.75
ESP-L2	2025-12-07	La Coruna	Castellon	1.95	1.90	2.38	3.20	1.95	1.85	2.30	3.20
ESP-L2	2025-12-07	Leganes	Cordoba	2.18	1.70	2.80	2.85	2.10	1.70	2.70	2.65
ESP-L2	2025-12-08	Burgos	Albacete	2.60	1.50	2.02	4.50	2.60	1.48	1.96	4.50
ESP-L2	2025-12-08	Las Palmas	Mirandes	2.20	1.67	1.57	6.66	2.15	1.67	1.51	6.25
ESP-L2	2025-12-08	Malaga	Zaragoza	2.25	1.62	2.25	3.60	2.25	1.62	2.20	3.40
ESP-L2	2025-12-12	Cultural Leonesa	Huesca	2.75	1.48	2.28	3.90	2.70	1.44	2.15	3.90
ESP-L2	2025-12-13	Cordoba	Eibar	2.08	1.75	2.28	3.45	2.08	1.73	2.15	3.30
ESP-L2	2025-12-13	La Coruna	Sociedad B	1.90	1.94	1.50	6.66	1.90	1.90	1.45	6.00
ESP-L2	2025-12-13	Santander	Leganes	1.67	2.20	1.62	5.20	1.67	2.15	1.56	4.75
ESP-L2	2025-12-13	Sp Gijon	Granada	2.35	1.60	2.25	3.75	2.35	1.57	2.15	3.50
ESP-L2	2025-12-13	Valladolid	Andorra	1.80	2.10	1.60	6.50	1.73	2.08	1.46	5.75
ESP-L2	2025-12-13	Zaragoza	Cadiz	2.40	1.57	2.15	3.90	2.40	1.53	2.05	3.90
ESP-L2	2025-12-14	Albacete	Malaga	2.00	1.83	2.00	4.33	1.98	1.83	1.81	4.33
ESP-L2	2025-12-14	Almeria	Burgos	2.25	1.62	1.80	5.00	2.25	1.62	1.68	4.75
ESP-L2	2025-12-14	Ceuta	Las Palmas	2.60	1.50	3.00	2.80	2.60	1.48	2.65	2.70
ESP-L2	2025-12-15	Castellon	Mirandes	1.69	2.20	1.36	10.50	1.67	2.15	1.30	9.00
ESP-L2	2025-12-19	Eibar	Valladolid	2.71	1.50	2.43	3.60	2.60	1.48	2.25	3.50
ESP-L2	2025-12-20	Andorra	La Coruna	1.94	1.90	2.63	2.75	1.90	1.90	2.55	2.65
ESP-L2	2025-12-20	Huesca	Santander	2.00	1.83	2.70	2.80	1.98	1.83	2.50	2.75
ESP-L2	2025-12-20	Las Palmas	Cultural Leonesa	2.20	1.67	1.70	5.50	2.20	1.65	1.66	5.50
ESP-L2	2025-12-20	Leganes	Sp Gijon	2.55	1.50	2.45	3.30	2.50	1.50	2.40	2.95
ESP-L2	2025-12-21	Burgos	Zaragoza	2.88	1.45	2.10	4.33	2.88	1.40	2.01	4.20
ESP-L2	2025-12-21	Cadiz	Castellon	1.95	1.93	4.20	1.95	1.88	1.93	3.90	1.86
ESP-L2	2025-12-21	Granada	Albacete	2.12	1.78	2.05	4.10	2.08	1.73	1.96	4.10
ESP-L2	2025-12-21	Malaga	Almeria	1.95	1.90	2.90	2.50	1.90	1.90	2.82	2.45
ESP-L2	2025-12-21	Mirandes	Cordoba	2.20	1.70	3.30	2.33	2.10	1.70	3.30	2.15
ESP-L2	2025-12-21	Sociedad B	Ceuta	2.25	1.62	2.90	2.70	2.25	1.62	2.75	2.65
ESP-L2	2026-01-02	Eibar	Mirandes	2.25	1.62	1.53	7.00	2.25	1.62	1.49	7.00
ESP-L2	2026-01-03	Almeria	Granada	1.91	1.90	2.00	4.30	1.90	1.90	1.91	3.90
ESP-L2	2026-01-03	Castellon	Huesca	2.05	1.77	1.50	7.25	2.05	1.75	1.45	7.00
ESP-L2	2026-01-03	Cordoba	Burgos	2.55	1.50	2.00	4.33	2.50	1.50	1.91	4.33
ESP-L2	2026-01-03	Cultural Leonesa	Sociedad B	2.00	1.80	1.85	4.75	2.00	1.80	1.71	4.75
ESP-L2	2026-01-03	Valladolid	Santander	1.73	2.10	2.00	3.75	1.70	2.10	1.91	3.70
ESP-L2	2026-01-04	Albacete	Leganes	2.12	1.75	2.33	3.25	2.05	1.75	2.25	3.05
ESP-L2	2026-01-04	Ceuta	Andorra	1.98	1.90	2.05	3.75	1.90	1.90	1.96	3.60
ESP-L2	2026-01-04	La Coruna	Cadiz	2.18	1.80	1.74	5.33	2.00	1.80	1.66	4.75
ESP-L2	2026-01-04	Sp Gijon	Malaga	2.30	1.75	1.89	4.75	2.05	1.75	1.79	4.50
ESP-L2	2026-01-04	Zaragoza	Las Palmas	2.60	1.50	2.95	2.75	2.60	1.48	2.75	2.65
ESP-L2	2026-01-09	Cadiz	Sp Gijon	2.45	1.62	2.75	2.88	2.30	1.60	2.65	2.65
ESP-L2	2026-01-10	Andorra	Cultural Leonesa	1.91	1.90	2.00	3.90	1.90	1.90	1.91	3.75
ESP-L2	2026-01-10	Burgos	Eibar	3.40	1.42	2.75	3.10	3.40	1.33	2.75	2.85
ESP-L2	2026-01-10	Las Palmas	La Coruna	2.28	1.70	2.02	4.20	2.10	1.70	1.91	4.20
ESP-L2	2026-01-10	Mirandes	Almeria	2.00	1.83	3.35	2.30	2.00	1.80	3.10	2.25
ESP-L2	2026-01-10	Santander	Zaragoza	1.77	2.06	1.70	5.00	1.75	2.05	1.62	4.75
ESP-L2	2026-01-10	Sociedad B	Albacete	1.94	2.00	2.63	2.62	1.80	2.00	2.57	2.50
ESP-L2	2026-01-11	Granada	Castellon	1.90	1.93	3.10	2.32	1.90	1.90	3.10	2.30
ESP-L2	2026-01-11	Leganes	Valladolid	2.42	1.55	2.28	3.75	2.40	1.53	2.15	3.60
ESP-L2	2026-01-11	Malaga	Ceuta	2.15	1.70	2.15	3.75	2.15	1.67	2.01	3.60
ESP-L2	2026-01-12	Huesca	Cordoba	2.40	1.57	2.71	2.83	2.40	1.53	2.70	2.75
ESP-L2	2026-01-16	Castellon	Leganes	1.80	2.08	1.58	5.80	1.73	2.08	1.49	5.50
ESP-L2	2026-01-17	Almeria	La Coruna	1.90	2.05	2.00	3.90	1.90	1.90	1.91	3.90
ESP-L2	2026-01-17	Ceuta	Valladolid	2.40	1.60	2.55	3.10	2.30	1.60	2.50	2.85
ESP-L2	2026-01-17	Cultural Leonesa	Sp Gijon	2.28	1.67	3.30	2.36	2.25	1.62	3.30	2.25
ESP-L2	2026-01-17	Zaragoza	Sociedad B	2.15	1.70	1.91	4.80	2.15	1.67	1.81	4.50
ESP-L2	2026-01-18	Albacete	Cadiz	1.95	1.90	2.20	3.35	1.90	1.90	2.10	3.25
ESP-L2	2026-01-18	Burgos	Huesca	3.10	1.38	2.02	4.75	3.10	1.36	1.91	4.75
ESP-L2	2026-01-18	Cordoba	Malaga	1.98	1.85	2.10	3.60	1.95	1.85	2.01	3.50
ESP-L2	2026-01-18	Mirandes	Andorra	2.10	1.78	2.80	2.63	2.03	1.78	2.57	2.57
ESP-L2	2026-01-18	Santander	Las Palmas	1.90	1.90	2.30	3.30	1.90	1.90	2.20	3.20
ESP-L2	2026-01-19	Granada	Eibar	2.55	1.54	2.30	3.50	2.50	1.50	2.20	3.50
ESP-L2	2026-01-23	Malaga	Burgos	2.60	1.50	2.08	4.33	2.60	1.48	1.91	4.33
ESP-L2	2026-01-24	Cadiz	Granada	2.40	1.57	2.63	2.90	2.40	1.53	2.57	2.85
ESP-L2	2026-01-24	Las Palmas	Cordoba	2.10	1.75	1.94	4.10	2.05	1.75	1.86	4.00
ESP-L2	2026-01-24	Leganes	Sociedad B	2.20	1.75	1.91	4.75	2.15	1.67	1.86	4.33
ESP-L2	2026-01-24	Sp Gijon	Mirandes	2.10	1.75	1.65	6.00	2.05	1.75	1.61	5.25
ESP-L2	2026-01-24	Valladolid	Albacete	2.25	1.74	2.00	4.25	2.25	1.62	1.91	4.20
ESP-L2	2026-01-25	Andorra	Huesca	2.10	1.73	1.96	4.25	2.08	1.73	1.86	4.20
ESP-L2	2026-01-25	Eibar	Almeria	2.00	1.80	2.36	3.30	2.00	1.80	2.25	3.10
ESP-L2	2026-01-25	La Coruna	Santander	1.80	2.08	2.08	3.75	1.73	2.08	1.96	3.70
ESP-L2	2026-01-25	Zaragoza	Castellon	1.95	1.88	3.90	2.00	1.95	1.85	3.90	1.91
ESP-L2	2026-01-26	Ceuta	Cultural Leonesa	2.10	1.80	2.15	3.50	2.10	1.70	2.10	3.40
ESP-L2	2026-01-30	Sociedad B	Las Palmas	2.20	1.78	2.95	2.60	2.05	1.75	2.70	2.50
ESP-L2	2026-01-31	Albacete	Zaragoza	2.10	1.87	1.90	4.50	2.10	1.70	1.81	4.10
ESP-L2	2026-01-31	Burgos	Leganes	3.10	1.40	2.34	3.80	3.10	1.36	2.25	3.60
ESP-L2	2026-01-31	Cordoba	Valladolid	2.00	1.85	1.91	4.20	1.95	1.85	1.81	4.00
ESP-L2	2026-01-31	Cultural Leonesa	La Coruna	2.25	1.68	3.30	2.30	2.25	1.62	3.30	2.25
ESP-L2	2026-02-01	Almeria	Ceuta	1.83	2.05	1.80	4.80	1.75	2.05	1.71	4.50
ESP-L2	2026-02-01	Castellon	Andorra	1.62	2.28	1.46	6.50	1.62	2.25	1.42	6.25
ESP-L2	2026-02-01	Eibar	Sp Gijon	2.40	1.57	2.20	3.80	2.40	1.53	2.05	3.70
ESP-L2	2026-02-01	Granada	Santander	2.00	1.84	2.50	3.05	2.00	1.80	2.35	3.00
ESP-L2	2026-02-01	Huesca	Cadiz	2.45	1.53	2.40	3.25	2.40	1.53	2.32	3.10
ESP-L2	2026-02-02	Mirandes	Malaga	2.30	1.62	3.15	2.50	2.25	1.62	3.10	2.40
ESP-L2	2026-02-06	Leganes	Granada	2.60	1.56	2.32	3.50	2.60	1.48	2.25	3.40
ESP-L2	2026-02-07	Andorra	Sociedad B	1.88	1.93	1.73	5.33	1.88	1.93	1.57	5.25
ESP-L2	2026-02-07	Las Palmas	Burgos	3.10	1.45	1.91	5.00	3.10	1.36	1.86	4.75
ESP-L2	2026-02-07	Zaragoza	Eibar	2.88	1.48	3.66	2.32	2.88	1.40	3.50	2.20
ESP-L2	2026-02-08	Cadiz	Almeria	1.95	1.91	2.75	2.54	1.95	1.85	2.65	2.50
ESP-L2	2026-02-08	La Coruna	Albacete	1.90	1.93	1.70	5.00	1.90	1.90	1.62	5.00
ESP-L2	2026-02-08	Malaga	Cultural Leonesa	2.00	1.80	1.78	5.10	2.00	1.80	1.71	4.75
ESP-L2	2026-02-08	Sp Gijon	Huesca	2.40	1.57	1.88	4.75	2.40	1.53	1.81	4.50
ESP-L2	2026-02-08	Valladolid	Castellon	2.00	1.88	3.20	2.30	1.98	1.83	3.10	2.20
ESP-L2	2026-02-09	Santander	Mirandes	1.73	2.12	1.62	6.10	1.73	2.08	1.57	5.00
ESP-L2	2026-02-13	Almeria	Andorra	1.62	2.35	1.73	4.50	1.57	2.35	1.68	4.20
ESP-L2	2026-02-14	Burgos	Cadiz	2.70	1.48	1.94	5.25	2.70	1.44	1.81	5.25
ESP-L2	2026-02-14	Cordoba	Leganes	1.95	1.85	1.91	4.25	1.95	1.85	1.81	4.10
ESP-L2	2026-02-14	Cultural Leonesa	Zaragoza	2.25	1.68	2.23	3.60	2.25	1.62	2.10	3.40
ESP-L2	2026-02-14	Granada	Valladolid	2.63	1.58	2.12	4.20	2.60	1.48	2.01	4.20
ESP-L2	2026-02-15	Albacete	Sp Gijon	2.00	1.81	2.10	3.80	2.00	1.80	2.10	3.50
ESP-L2	2026-02-15	Castellon	La Coruna	1.80	2.05	1.73	4.85	1.80	2.00	1.66	4.50
ESP-L2	2026-02-15	Eibar	Santander	2.20	1.74	2.23	3.70	2.15	1.67	2.10	3.40
ESP-L2	2026-02-15	Huesca	Ceuta	2.40	1.60	2.20	3.75	2.35	1.57	2.10	3.70
ESP-L2	2026-02-15	Mirandes	Las Palmas	2.40	1.60	3.40	2.30	2.35	1.57	3.30	2.20
ESP-L2	2026-02-16	Sociedad B	Malaga	2.10	1.74	2.85	2.70	2.10	1.70	2.65	2.65
ESP-L2	2026-02-20	Ceuta	Granada	2.25	1.67	2.60	2.90	2.25	1.62	2.50	2.85
ESP-L2	2026-02-21	Almeria	Cordoba	1.64	2.30	2.15	3.40	1.62	2.25	2.10	3.20
ESP-L2	2026-02-21	Huesca	Mirandes	2.55	1.53	2.05	4.33	2.50	1.50	2.01	4.20
ESP-L2	2026-02-21	La Coruna	Eibar	2.30	1.62	1.96	4.40	2.25	1.62	1.86	4.20
ESP-L2	2026-02-21	Las Palmas	Castellon	2.12	1.74	2.65	2.75	2.08	1.73	2.57	2.70
ESP-L2	2026-02-21	Leganes	Cultural Leonesa	2.15	1.67	1.89	4.60	2.15	1.67	1.79	4.33
ESP-L2	2026-02-22	Andorra	Zaragoza	2.00	1.81	1.90	4.00	2.00	1.80	1.86	4.00
ESP-L2	2026-02-22	Malaga	Albacete	1.96	1.87	2.00	4.10	1.95	1.85	1.91	3.90
ESP-L2	2026-02-22	Santander	Burgos	2.20	1.67	2.05	4.10	2.20	1.65	2.01	3.70
ESP-L2	2026-02-22	Sp Gijon	Valladolid	2.30	1.62	2.12	4.10	2.25	1.62	2.01	3.60
ESP-L2	2026-02-23	Cadiz	Sociedad B	2.10	1.80	2.15	3.85	2.00	1.80	2.10	3.30
ESP-L2	2026-02-25	Ceuta	Cordoba	1.84	2.05	3.00	2.63	1.75	2.05	3.00	2.35
ESP-L2	2026-02-27	Albacete	Almeria	1.85	1.95	2.62	2.65	1.85	1.95	2.55	2.65
ESP-L2	2026-02-28	Castellon	Santander	1.67	2.35	1.62	5.33	1.67	2.15	1.57	5.00
ESP-L2	2026-02-28	Granada	Malaga	2.25	1.65	2.25	3.60	2.20	1.65	2.15	3.60
ESP-L2	2026-02-28	Valladolid	Huesca	2.28	1.67	1.84	4.75	2.15	1.67	1.76	4.50
ESP-L2	2026-02-28	Zaragoza	Burgos	2.80	1.44	3.00	2.75	2.70	1.44	3.00	2.45
ESP-L2	2026-03-01	Cultural Leonesa	Las Palmas	2.48	1.60	3.10	2.50	2.35	1.57	3.10	2.40
ESP-L2	2026-03-01	Eibar	Cadiz	2.10	1.73	1.69	5.50	2.08	1.73	1.57	5.50
ESP-L2	2026-03-01	Mirandes	Ceuta	2.35	1.67	2.38	3.40	2.35	1.57	2.25	3.40
ESP-L2	2026-03-01	Sociedad B	La Coruna	2.10	1.78	3.20	2.30	2.10	1.70	3.10	2.25
ESP-L2	2026-03-02	Cordoba	Andorra	1.70	2.20	1.68	5.10	1.70	2.10	1.56	5.00
ESP-L2	2026-03-02	Sp Gijon	Leganes	2.14	1.73	1.96	4.20	2.08	1.73	1.86	4.00
ESP-L2	2026-03-06	Cadiz	Zaragoza	2.10	1.75	2.20	3.40	2.08	1.73	2.10	3.30
ESP-L2	2026-03-07	Burgos	Mirandes	2.75	1.50	1.95	4.75	2.70	1.44	1.91	4.20
ESP-L2	2026-03-07	Huesca	Albacete	2.35	1.73	2.64	3.20	2.35	1.57	2.50	3.20
ESP-L2	2026-03-07	Malaga	Valladolid	2.12	1.73	2.20	3.65	2.10	1.70	2.10	3.30
ESP-L2	2026-03-07	Sociedad B	Castellon	1.80	2.05	4.00	1.88	1.75	2.05	4.00	1.76
ESP-L2	2026-03-08	Andorra	Sp Gijon	2.10	1.80	2.30	3.25	2.08	1.73	2.25	3.00
ESP-L2	2026-03-08	La Coruna	Granada	2.25	1.68	1.95	4.50	2.25	1.62	1.91	4.20
ESP-L2	2026-03-08	Las Palmas	Ceuta	2.05	1.83	1.65	5.66	1.98	1.83	1.57	5.50
ESP-L2	2026-03-08	Leganes	Eibar	2.63	1.50	2.71	2.90	2.60	1.48	2.55	2.85
ESP-L2	2026-03-08	Santander	Cordoba	1.68	2.25	1.95	3.80	1.67	2.15	1.86	3.60
ESP-L2	2026-03-09	Almeria	Cultural Leonesa	1.67	2.25	1.55	5.50	1.67	2.15	1.46	5.00
ESP-L2	2026-03-13	Mirandes	Cadiz	2.10	1.75	2.23	3.40	2.05	1.75	2.10	3.30
ESP-L2	2026-03-14	Ceuta	La Coruna	2.30	1.73	2.88	2.66	2.30	1.60	2.85	2.65
ESP-L2	2026-03-14	Cultural Leonesa	Santander	1.83	2.05	3.33	2.25	1.75	2.05	3.20	2.10
ESP-L2	2026-03-14	Valladolid	Leganes	2.20	1.68	2.05	3.75	2.20	1.65	1.96	3.75
ESP-L2	2026-03-14	Zaragoza	Almeria	2.00	1.83	3.00	2.38	1.98	1.83	3.00	2.30
ESP-L2	2026-03-15	Cordoba	Sociedad B	1.62	2.30	1.75	4.50	1.62	2.25	1.68	4.33
ESP-L2	2026-03-15	Eibar	Burgos	3.10	1.40	2.12	4.33	3.10	1.36	2.01	4.00
ESP-L2	2026-03-15	Granada	Andorra	2.10	1.80	2.08	3.90	2.10	1.70	2.01	3.50
ESP-L2	2026-03-15	Malaga	Huesca	2.20	1.70	1.68	5.60	2.10	1.70	1.61	5.25
ESP-L2	2026-03-15	Sp Gijon	Castellon	1.89	2.10	3.50	2.12	1.75	2.05	3.50	1.96
ESP-L2	2026-03-16	Albacete	Las Palmas	2.25	1.67	2.88	2.63	2.25	1.62	2.85	2.50
ESP-L2	2026-03-20	Huesca	Almeria	2.08	1.75	3.50	2.15	2.08	1.73	3.20	2.10
ESP-L2	2026-03-21	Andorra	Eibar	2.38	1.57	2.55	3.10	2.35	1.57	2.45	3.00
ESP-L2	2026-03-21	Cadiz	Malaga	2.10	1.80	3.10	2.38	2.05	1.75	3.00	2.35
ESP-L2	2026-03-21	La Coruna	Zaragoza	2.25	1.68	1.92	5.00	2.25	1.62	1.81	4.50
ESP-L2	2026-03-21	Leganes	Ceuta	2.08	1.75	1.87	4.50	2.08	1.73	1.76	4.50
ESP-L2	2026-03-21	Santander	Albacete	1.67	2.30	1.66	5.00	1.62	2.25	1.57	5.00
ESP-L2	2026-03-22	Burgos	Cordoba	2.25	1.62	2.32	3.25	2.25	1.62	2.30	3.25
ESP-L2	2026-03-22	Las Palmas	Sp Gijon	2.15	1.83	1.88	4.75	1.98	1.83	1.76	4.50
ESP-L2	2026-03-22	Mirandes	Valladolid	2.15	1.80	3.25	2.40	2.03	1.78	3.10	2.25
ESP-L2	2026-03-22	Sociedad B	Granada	2.15	1.70	2.45	3.25	2.15	1.67	2.25	3.25
ESP-L2	2026-03-23	Castellon	Cultural Leonesa	1.72	2.15	1.44	7.50	1.70	2.10	1.41	5.75
ESP-L2	2026-03-27	Cordoba	Mirandes	1.66	2.30	1.58	5.50	1.65	2.20	1.53	5.25
ESP-L2	2026-03-28	Albacete	Castellon	2.00	1.86	3.30	2.33	2.00	1.80	3.30	2.20
ESP-L2	2026-03-28	Ceuta	Cadiz	2.00	1.85	2.02	3.80	1.95	1.85	1.86	3.75
ESP-L2	2026-03-28	Granada	Huesca	2.42	1.57	1.90	4.75	2.40	1.53	1.81	4.10
ESP-L2	2026-03-28	Malaga	Leganes	1.95	1.91	1.84	4.50	1.90	1.90	1.76	4.50
ESP-L2	2026-03-28	Sp Gijon	La Coruna	2.20	1.68	2.25	3.60	2.15	1.67	2.01	3.60
ESP-L2	2026-03-28	Valladolid	Burgos	2.70	1.53	2.30	3.40	2.70	1.44	2.20	3.30
ESP-L2	2026-03-29	Almeria	Sociedad B	1.62	2.40	1.55	5.50	1.60	2.30	1.49	5.25
ESP-L2	2026-03-29	Cultural Leonesa	Andorra	2.10	1.72	2.30	3.10	2.10	1.70	2.20	3.10
ESP-L2	2026-03-29	Eibar	Las Palmas	2.70	1.50	2.38	3.40	2.70	1.44	2.30	3.25
ESP-L2	2026-03-29	Zaragoza	Santander	2.03	1.84	2.60	2.85	2.03	1.78	2.40	2.82
ESP-L2	2026-03-31	La Coruna	Cordoba	2.00	1.90	1.96	4.10	1.90	1.90	1.81	4.10
ESP-L2	2026-03-31	Mirandes	Albacete	2.00	1.83	2.35	3.14	2.00	1.80	2.20	3.10
ESP-L2	2026-03-31	Valladolid	Cadiz	1.91	2.00	1.58	6.66	1.85	1.95	1.46	6.25
ESP-L2	2026-04-01	Andorra	Malaga	1.95	1.91	2.02	3.75	1.95	1.85	1.91	3.75
ESP-L2	2026-04-01	Burgos	Ceuta	2.60	1.53	1.96	4.55	2.50	1.50	1.86	4.50
ESP-L2	2026-04-01	Huesca	Cultural Leonesa	2.25	1.62	2.15	3.60	2.25	1.62	2.01	3.50
ESP-L2	2026-04-01	Santander	Sp Gijon	1.73	2.20	1.85	4.20	1.70	2.10	1.79	4.10
ESP-L2	2026-04-02	Castellon	Almeria	1.62	2.40	1.97	4.00	1.62	2.25	1.86	3.60
ESP-L2	2026-04-02	Las Palmas	Granada	2.20	1.67	1.73	6.00	2.15	1.67	1.66	5.50
ESP-L2	2026-04-02	Leganes	Zaragoza	2.25	1.67	2.10	4.00	2.25	1.62	2.05	3.70
ESP-L2	2026-04-02	Sociedad B	Eibar	2.02	1.85	3.40	2.20	1.95	1.85	3.30	2.10
ESP-L2	2026-04-04	Albacete	Burgos	2.54	1.53	2.50	3.25	2.50	1.50	2.50	3.00
ESP-L2	2026-04-04	Cadiz	Cordoba	2.00	1.93	3.25	2.32	2.00	1.80	3.10	2.15
ESP-L2	2026-04-04	Cultural Leonesa	Valladolid	2.05	1.80	2.82	2.57	2.05	1.75	2.82	2.40
ESP-L2	2026-04-04	La Coruna	Malaga	2.10	1.81	1.95	4.00	2.05	1.75	1.91	3.60
ESP-L2	2026-04-05	Almeria	Leganes	1.62	2.40	1.57	5.75	1.57	2.35	1.51	5.50
ESP-L2	2026-04-05	Andorra	Santander	1.62	2.40	2.20	3.20	1.62	2.25	2.05	3.20
ESP-L2	2026-04-05	Eibar	Ceuta	2.00	1.95	1.55	6.60	1.85	1.95	1.49	6.25
ESP-L2	2026-04-05	Las Palmas	Huesca	1.91	1.91	1.58	6.50	1.90	1.90	1.49	6.50
ESP-L2	2026-04-05	Zaragoza	Mirandes	2.20	1.73	2.05	4.10	2.10	1.70	2.01	3.80
ESP-L2	2026-04-06	Castellon	Granada	1.80	2.20	1.55	6.40	1.70	2.10	1.45	5.75
ESP-L2	2026-04-06	Sp Gijon	Sociedad B	1.73	2.20	1.62	5.66	1.67	2.15	1.46	5.25
ESP-L2	2026-04-10	Ceuta	Sociedad B	1.76	2.20	1.95	4.20	1.67	2.15	1.76	3.75
ESP-L2	2026-04-11	Burgos	Sp Gijon	2.63	1.53	2.25	3.50	2.60	1.48	2.15	3.50
ESP-L2	2026-04-11	Cordoba	Zaragoza	1.80	2.10	1.95	4.10	1.73	2.08	1.91	3.75
ESP-L2	2026-04-11	Leganes	Albacete	2.05	1.80	2.02	4.33	2.03	1.78	1.86	4.33
ESP-L2	2026-04-11	Malaga	Las Palmas	2.08	1.80	2.50	3.00	2.03	1.78	2.40	3.00
ESP-L2	2026-04-12	Cadiz	Andorra	2.00	1.83	3.40	2.40	2.00	1.80	3.40	2.10
ESP-L2	2026-04-12	Granada	Cultural Leonesa	2.25	1.70	1.85	4.50	2.25	1.62	1.81	4.50
ESP-L2	2026-04-12	Huesca	La Coruna	2.28	1.62	3.60	2.20	2.25	1.62	3.60	2.05
ESP-L2	2026-04-12	Mirandes	Castellon	1.66	2.30	4.25	2.05	1.60	2.30	4.20	1.79
ESP-L2	2026-04-12	Santander	Almeria	1.57	2.50	2.38	2.95	1.57	2.35	2.35	2.70
ESP-L2	2026-04-13	Valladolid	Eibar	2.63	1.57	2.38	3.50	2.50	1.50	2.32	3.40
ESP-L2	2026-04-17	Las Palmas	Leganes	1.85	2.00	1.67	5.33	1.80	2.00	1.62	4.75
ESP-L2	2026-04-17	Sociedad B	Santander	1.55	2.75	3.40	2.30	1.48	2.60	3.30	1.96
ESP-L2	2026-04-18	Castellon	Burgos	2.10	1.75	1.73	5.50	2.05	1.75	1.62	5.50
ESP-L2	2026-04-18	Cultural Leonesa	Cordoba	1.81	2.00	2.75	2.75	1.80	2.00	2.40	2.75
ESP-L2	2026-04-18	Zaragoza	Ceuta	1.95	1.91	1.91	5.66	1.95	1.85	1.57	5.25
ESP-L2	2026-04-19	Albacete	Granada	2.20	1.67	2.57	3.15	2.15	1.67	2.57	3.10
ESP-L2	2026-04-19	Almeria	Malaga	1.62	2.40	1.81	4.20	1.57	2.35	1.76	4.00
ESP-L2	2026-04-19	Andorra	Valladolid	2.00	1.83	2.20	3.20	2.00	1.80	2.15	3.20
ESP-L2	2026-04-19	Eibar	Huesca	2.20	1.67	1.63	6.33	2.20	1.65	1.53	5.50
ESP-L2	2026-04-19	Sp Gijon	Cadiz	1.84	2.08	1.62	5.75	1.73	2.08	1.56	5.50
ESP-L2	2026-04-20	La Coruna	Mirandes	1.78	2.15	1.50	6.66	1.67	2.15	1.45	6.50
ESP-L2	2026-04-24	Albacete	Eibar	2.38	1.62	3.00	2.57	2.30	1.60	2.82	2.57
ESP-L2	2026-04-25	Burgos	La Coruna	2.55	1.53	2.75	3.10	2.50	1.50	2.70	2.82
ESP-L2	2026-04-25	Malaga	Castellon	1.58	2.40	3.00	2.30	1.57	2.35	3.00	2.25
ESP-L2	2026-04-25	Valladolid	Sociedad B	1.76	2.10	1.60	6.00	1.70	2.10	1.49	5.75
ESP-L2	2026-04-26	Ceuta	Santander	1.55	2.50	3.90	1.84	1.53	2.40	3.90	1.76
ESP-L2	2026-04-26	Cordoba	Sp Gijon	1.70	2.25	2.06	3.50	1.70	2.10	1.91	3.50
ESP-L2	2026-04-26	Granada	Almeria	1.83	2.05	3.10	2.43	1.75	2.05	3.10	2.25
ESP-L2	2026-04-26	Huesca	Zaragoza	2.50	1.62	3.00	2.75	2.50	1.50	3.00	2.65
ESP-L2	2026-04-26	Leganes	Andorra	1.95	1.91	2.30	3.10	1.95	1.85	2.25	3.10
ESP-L2	2026-04-26	Mirandes	Cultural Leonesa	1.84	2.00	2.00	3.80	1.80	2.00	1.86	3.70
ESP-L2	2026-04-27	Cadiz	Las Palmas	2.10	1.73	3.50	2.22	2.10	1.70	3.40	2.20
ESP-L2	2026-05-01	Andorra	Albacete	1.68	2.38	1.60	5.33	1.62	2.25	1.57	4.75
ESP-L2	2026-05-01	La Coruna	Leganes	1.80	2.10	1.53	6.50	1.73	2.08	1.49	6.00
ESP-L2	2026-05-01	Zaragoza	Granada	2.12	1.75	2.00	4.00	2.05	1.75	1.91	4.00
ESP-L2	2026-05-02	Castellon	Cordoba	1.42	3.00	1.45	6.20	1.40	2.88	1.39	6.00
ESP-L2	2026-05-02	Cultural Leonesa	Cadiz	1.92	1.91	1.95	4.00	1.90	1.90	1.86	4.00
ESP-L2	2026-05-02	Eibar	Malaga	2.20	1.72	2.10	3.75	2.15	1.67	2.05	3.75
ESP-L2	2026-05-03	Las Palmas	Valladolid	2.00	1.83	1.62	5.66	1.98	1.83	1.57	5.25
ESP-L2	2026-05-03	Santander	Huesca	1.58	2.50	1.42	7.00	1.53	2.40	1.35	7.00
ESP-L2	2026-05-03	Sociedad B	Burgos	2.38	1.62	2.90	2.62	2.30	1.60	2.85	2.57
ESP-L2	2026-05-03	Sp Gijon	Ceuta	1.65	2.30	1.51	6.33	1.65	2.20	1.46	5.75
ESP-L2	2026-05-04	Almeria	Mirandes	1.47	2.88	1.44	7.00	1.44	2.70	1.39	6.00
ESP-L2	2026-05-08	Cadiz	La Coruna	1.93	1.91	4.20	1.90	1.90	1.90	4.10	1.79
ESP-L2	2026-05-09	Albacete	Cultural Leonesa	1.91	1.95	2.40	3.25	1.85	1.95	2.40	3.10
ESP-L2	2026-05-09	Burgos	Almeria	2.15	1.78	2.60	3.00	2.15	1.67	2.35	3.00
ESP-L2	2026-05-09	Ceuta	Castellon	1.55	3.10	6.00	1.52	1.36	3.10	5.50	1.42
ESP-L2	2026-05-09	Malaga	Sp Gijon	1.80	2.12	1.62	5.50	1.80	2.00	1.57	4.75
ESP-L2	2026-05-09	Valladolid	Zaragoza	2.10	1.80	1.95	4.33	2.10	1.70	1.76	4.10
ESP-L2	2026-05-10	Andorra	Las Palmas	1.95	1.91	2.65	2.65	1.95	1.85	2.65	2.65
ESP-L2	2026-05-10	Cordoba	Granada	1.71	2.20	1.70	5.00	1.67	2.15	1.57	5.00
ESP-L2	2026-05-10	Leganes	Santander	1.58	2.40	2.94	2.30	1.57	2.35	2.85	2.15
ESP-L2	2026-05-10	Mirandes	Eibar	2.08	1.80	2.63	2.85	2.00	1.80	2.32	2.82
ESP-L2	2026-05-11	Huesca	Sociedad B	2.12	1.76	2.33	3.30	2.10	1.70	2.32	2.82
ESP-L2	2026-05-15	Castellon	Cadiz	1.48	2.80	1.25	12.00	1.44	2.70	1.17	11.00
ESP-L2	2026-05-15	Cordoba	Albacete	1.57	2.50	1.58	5.70	1.53	2.40	1.53	5.50
ESP-L2	2026-05-16	Almeria	Las Palmas	1.67	2.38	1.84	4.10	1.60	2.30	1.71	4.00
ESP-L2	2026-05-16	Ceuta	Malaga	1.62	2.50	4.50	1.73	1.53	2.40	4.20	1.68
ESP-L2	2026-05-16	Cultural Leonesa	Eibar	2.15	1.73	3.25	2.35	2.15	1.67	3.10	2.20
ESP-L2	2026-05-16	Granada	Burgos	2.55	1.53	3.70	2.23	2.50	1.50	3.70	2.10
ESP-L2	2026-05-16	Santander	Valladolid	1.55	2.70	1.39	7.10	1.48	2.60	1.39	6.25
ESP-L2	2026-05-16	Sociedad B	Mirandes	1.76	2.10	3.00	2.38	1.75	2.05	3.00	2.25
ESP-L2	2026-05-17	La Coruna	Andorra	1.70	2.25	1.70	4.75	1.70	2.10	1.68	4.10
ESP-L2	2026-05-17	Zaragoza	Sp Gijon	2.15	1.91	1.86	4.50	2.15	1.67	1.86	4.10
ESP-L2	2026-05-18	Leganes	Huesca	2.00	1.83	1.86	4.50	1.98	1.83	1.76	4.50
ESP-L2	2026-05-24	Albacete	Sociedad B	1.70	2.25	1.73	4.50	1.70	2.10	1.68	4.20
ESP-L2	2026-05-24	Andorra	Ceuta	1.45	2.88	1.33	9.00	1.44	2.70	1.27	9.00
ESP-L2	2026-05-24	Cadiz	Leganes	2.20	1.67	2.66	2.90	2.20	1.65	2.65	2.75
ESP-L2	2026-05-24	Cultural Leonesa	Burgos	2.28	1.67	3.20	2.40	2.20	1.65	3.20	2.25
ESP-L2	2026-05-24	Eibar	Cordoba	1.73	2.25	1.64	5.00	1.70	2.10	1.56	4.75
ESP-L2	2026-05-24	Huesca	Castellon	1.64	2.38	5.00	1.70	1.57	2.35	5.00	1.53
ESP-L2	2026-05-24	Las Palmas	Zaragoza	1.73	2.10	1.42	8.10	1.73	2.08	1.41	7.00
ESP-L2	2026-05-24	Malaga	Santander	1.50	2.88	1.71	4.40	1.50	2.50	1.62	4.20
ESP-L2	2026-05-24	Mirandes	Granada	1.73	2.25	1.50	6.75	1.70	2.10	1.45	6.25
ESP-L2	2026-05-24	Sp Gijon	Almeria	1.57	2.50	3.15	2.10	1.57	2.35	3.10	2.10
ESP-L2	2026-05-24	Valladolid	La Coruna	2.05	1.83	4.00	2.05	2.05	1.75	3.60	2.05
ESP-L2	2026-05-30	Ceuta	Albacete	1.73	2.25	2.71	2.60	1.62	2.25	2.70	2.50
ESP-L2	2026-05-30	Granada	Sp Gijon	1.75	2.10	2.36	2.75	1.75	2.05	2.25	2.75
ESP-L2	2026-05-30	Sociedad B	Cultural Leonesa	1.67	2.25	2.20	3.10	1.67	2.15	2.20	3.10
ESP-L2	2026-05-31	Almeria	Valladolid	1.57	2.60	1.40	8.00	1.50	2.50	1.37	6.25
ESP-L2	2026-05-31	Burgos	Andorra	2.05	1.81	1.53	6.80	2.05	1.75	1.53	5.50
ESP-L2	2026-05-31	Castellon	Eibar	1.57	2.40	1.54	5.50	1.57	2.35	1.49	5.50
ESP-L2	2026-05-31	Cordoba	Huesca	1.60	2.80	1.52	6.25	1.44	2.70	1.49	6.25
ESP-L2	2026-05-31	La Coruna	Las Palmas	1.91	2.00	3.35	2.16	1.85	1.95	3.10	2.05
ESP-L2	2026-05-31	Leganes	Mirandes	1.83	2.00	2.16	3.25	1.83	1.98	2.05	3.25
ESP-L2	2026-05-31	Santander	Cadiz	1.55	2.88	1.33	9.00	1.40	2.88	1.30	9.00
ESP-L2	2026-05-31	Zaragoza	Malaga	1.83	2.30	5.60	1.63	1.62	2.25	5.25	1.56
ESP-LL	2024-08-15	Ath Bilbao	Getafe	2.66	1.59	1.63	7.50	2.63	1.50	1.57	7.00
ESP-LL	2024-08-15	Betis	Girona	2.00	2.00	2.50	3.21	1.95	1.95	2.30	3.10
ESP-LL	2024-08-16	Celta	Alaves	2.40	1.67	2.15	4.14	2.30	1.62	2.10	3.90
ESP-LL	2024-08-16	Las Palmas	Sevilla	2.20	1.79	2.78	2.95	2.10	1.73	2.55	2.80
ESP-LL	2024-08-17	Osasuna	Leganes	2.90	1.54	1.91	5.32	2.75	1.44	1.83	5.00
ESP-LL	2024-08-17	Valencia	Barcelona	1.92	2.10	4.70	1.91	1.89	2.01	4.20	1.85
ESP-LL	2024-08-18	Mallorca	Real Madrid	1.84	2.15	9.50	1.42	1.80	2.00	7.50	1.40
ESP-LL	2024-08-18	Sociedad	Vallecano	2.80	1.55	1.84	5.84	2.63	1.50	1.75	5.50
ESP-LL	2024-08-19	Valladolid	Espanol	2.89	1.48	2.39	3.90	2.75	1.44	2.30	3.75
ESP-LL	2024-08-19	Villarreal	Ath Madrid	1.87	2.19	3.70	2.16	1.84	2.06	3.40	2.10
ESP-LL	2024-08-23	Celta	Valencia	2.19	1.87	2.23	3.75	2.08	1.82	2.15	3.50
ESP-LL	2024-08-23	Sevilla	Villarreal	1.87	2.23	2.30	3.32	1.73	2.10	2.15	3.20
ESP-LL	2024-08-24	Barcelona	Ath Bilbao	1.69	2.41	1.64	5.80	1.62	2.30	1.57	5.25
ESP-LL	2024-08-24	Espanol	Sociedad	2.79	1.55	4.12	2.22	2.63	1.50	3.70	2.15
ESP-LL	2024-08-24	Getafe	Vallecano	3.53	1.42	2.75	3.40	3.40	1.33	2.60	3.20
ESP-LL	2024-08-24	Osasuna	Mallorca	2.76	1.58	2.43	3.51	2.63	1.50	2.30	3.25
ESP-LL	2024-08-25	Alaves	Betis	2.89	1.52	2.58	3.43	2.75	1.44	2.45	3.25
ESP-LL	2024-08-25	Ath Madrid	Girona	1.64	2.50	1.52	7.00	1.62	2.30	1.48	6.25
ESP-LL	2024-08-25	Leganes	Las Palmas	2.80	1.51	2.51	3.56	2.63	1.50	2.38	3.30
ESP-LL	2024-08-25	Real Madrid	Valladolid	1.41	3.35	1.17	21.00	1.36	3.20	1.13	17.00
ESP-LL	2024-08-26	Villarreal	Celta	1.63	2.50	1.69	5.10	1.62	2.30	1.67	4.75
ESP-LL	2024-08-27	Mallorca	Sevilla	2.45	1.68	2.38	3.55	2.30	1.62	2.25	3.30
ESP-LL	2024-08-27	Vallecano	Barcelona	1.91	2.10	5.50	1.71	1.88	2.02	5.00	1.67
ESP-LL	2024-08-28	Ath Bilbao	Valencia	2.21	1.80	1.76	5.43	2.10	1.73	1.73	5.00
ESP-LL	2024-08-28	Ath Madrid	Espanol	1.94	2.10	1.28	14.09	1.92	1.98	1.27	13.00
ESP-LL	2024-08-28	Sociedad	Alaves	2.40	1.67	1.68	7.34	2.30	1.62	1.62	6.25
ESP-LL	2024-08-28	Valladolid	Leganes	2.82	1.50	2.26	4.09	2.75	1.44	2.15	3.80
ESP-LL	2024-08-29	Girona	Osasuna	1.91	2.07	1.73	5.41	1.89	2.01	1.67	4.75
ESP-LL	2024-08-29	Las Palmas	Real Madrid	1.63	2.57	10.00	1.36	1.57	2.38	8.00	1.33
ESP-LL	2024-08-31	Ath Bilbao	Ath Madrid	2.14	1.85	2.89	2.75	2.10	1.73	2.70	2.63
ESP-LL	2024-08-31	Barcelona	Valladolid	1.44	3.20	1.23	14.87	1.36	3.20	1.20	13.00
ESP-LL	2024-08-31	Espanol	Vallecano	3.00	1.48	2.95	3.05	3.00	1.40	2.80	2.80
ESP-LL	2024-08-31	Leganes	Mallorca	3.55	1.33	2.90	3.19	3.50	1.30	2.80	3.00
ESP-LL	2024-08-31	Valencia	Villarreal	2.21	1.91	2.78	2.95	2.20	1.67	2.60	2.80
ESP-LL	2024-09-01	Alaves	Las Palmas	2.40	1.73	1.82	5.60	2.20	1.67	1.70	5.00
ESP-LL	2024-09-01	Getafe	Sociedad	3.66	1.38	3.30	2.88	3.50	1.30	3.10	2.80
ESP-LL	2024-09-01	Osasuna	Celta	2.13	1.87	2.59	3.09	2.00	1.80	2.40	3.00
ESP-LL	2024-09-01	Real Madrid	Betis	1.61	2.75	1.27	13.00	1.57	2.38	1.22	12.00
ESP-LL	2024-09-01	Sevilla	Girona	1.76	2.20	2.98	2.49	1.73	2.10	2.75	2.35
ESP-LL	2024-09-13	Betis	Leganes	2.56	1.63	1.72	6.50	2.50	1.53	1.67	6.00
ESP-LL	2024-09-14	Espanol	Alaves	2.75	1.52	3.01	2.82	2.63	1.50	2.90	2.70
ESP-LL	2024-09-14	Mallorca	Villarreal	2.25	1.75	2.46	3.39	2.20	1.67	2.35	3.20
ESP-LL	2024-09-14	Sevilla	Getafe	2.81	1.54	2.33	3.86	2.75	1.44	2.25	3.60
ESP-LL	2024-09-14	Sociedad	Real Madrid	2.04	1.91	5.19	1.83	2.02	1.88	4.75	1.73
ESP-LL	2024-09-15	Ath Madrid	Valencia	1.99	2.03	1.39	11.00	1.92	1.98	1.38	9.00
ESP-LL	2024-09-15	Celta	Valladolid	1.84	2.11	1.70	5.88	1.80	2.00	1.62	5.50
ESP-LL	2024-09-15	Girona	Barcelona	1.48	3.04	4.71	1.80	1.44	2.75	4.33	1.73
ESP-LL	2024-09-15	Las Palmas	Ath Bilbao	2.25	1.75	4.29	2.10	2.20	1.67	3.75	2.05
ESP-LL	2024-09-16	Vallecano	Osasuna	2.71	1.57	2.18	4.20	2.63	1.50	2.10	3.80
ESP-LL	2024-09-17	Mallorca	Sociedad	3.80	1.35	3.15	3.08	3.75	1.29	3.00	3.00
ESP-LL	2024-09-18	Betis	Getafe	3.02	1.54	2.00	5.56	2.75	1.44	1.85	5.25
ESP-LL	2024-09-19	Leganes	Ath Bilbao	3.01	1.49	4.40	2.19	3.00	1.40	4.00	2.15
ESP-LL	2024-09-20	Alaves	Sevilla	2.46	1.66	2.23	3.91	2.30	1.62	2.10	3.80
ESP-LL	2024-09-21	Osasuna	Las Palmas	2.20	1.88	1.91	4.82	2.05	1.85	1.80	4.50
ESP-LL	2024-09-21	Real Madrid	Espanol	1.37	3.50	1.14	23.00	1.36	3.20	1.13	21.00
ESP-LL	2024-09-21	Valencia	Girona	2.38	1.72	2.76	3.39	2.30	1.62	2.45	3.00
ESP-LL	2024-09-21	Valladolid	Sociedad	2.77	1.56	4.52	2.33	2.63	1.50	4.20	2.05
ESP-LL	2024-09-22	Ath Bilbao	Celta	1.94	2.01	1.84	5.01	1.92	1.98	1.75	5.00
ESP-LL	2024-09-22	Getafe	Leganes	4.00	1.36	2.10	5.63	4.00	1.25	2.00	5.25
ESP-LL	2024-09-22	Vallecano	Ath Madrid	2.29	1.76	5.90	1.79	2.20	1.67	5.25	1.73
ESP-LL	2024-09-22	Villarreal	Barcelona	1.44	3.03	4.09	1.95	1.40	3.00	3.90	1.85
ESP-LL	2024-09-23	Betis	Mallorca	2.86	1.52	1.90	5.50	2.75	1.44	1.85	5.00
ESP-LL	2024-09-24	Real Madrid	Alaves	1.51	2.88	1.18	23.00	1.50	2.63	1.17	15.00
ESP-LL	2024-09-24	Sevilla	Valladolid	2.10	1.89	1.65	6.50	2.02	1.88	1.60	5.75
ESP-LL	2024-09-24	Valencia	Osasuna	2.79	1.54	2.08	4.61	2.63	1.50	1.91	4.50
ESP-LL	2024-09-25	Barcelona	Getafe	1.72	2.45	1.28	13.30	1.67	2.20	1.20	12.00
ESP-LL	2024-09-25	Girona	Vallecano	2.02	1.92	1.72	5.50	2.00	1.90	1.70	5.00
ESP-LL	2024-09-26	Celta	Ath Madrid	1.99	2.00	4.41	1.97	1.95	1.95	3.90	1.91
ESP-LL	2024-09-26	Espanol	Villarreal	1.84	2.12	3.64	2.18	1.80	2.00	3.50	2.05
ESP-LL	2024-09-26	Las Palmas	Betis	2.07	1.89	3.90	2.19	2.05	1.85	3.70	2.10
ESP-LL	2024-09-27	Valladolid	Mallorca	3.10	1.43	3.47	2.63	3.00	1.40	3.25	2.50
ESP-LL	2024-09-28	Getafe	Alaves	3.64	1.39	2.60	3.77	3.50	1.30	2.50	3.30
ESP-LL	2024-09-28	Osasuna	Barcelona	1.66	2.42	4.90	1.82	1.62	2.30	4.50	1.80
ESP-LL	2024-09-28	Sociedad	Valencia	2.86	1.48	1.89	5.37	2.75	1.44	1.80	5.00
ESP-LL	2024-09-28	Vallecano	Leganes	3.02	1.47	1.92	5.80	3.00	1.40	1.85	5.25
ESP-LL	2024-09-29	Ath Bilbao	Sevilla	2.13	1.87	1.79	5.56	2.07	1.83	1.73	5.00
ESP-LL	2024-09-29	Ath Madrid	Real Madrid	2.13	1.92	3.03	2.75	2.08	1.82	2.75	2.63
ESP-LL	2024-09-29	Betis	Espanol	1.99	2.00	1.54	7.78	1.95	1.95	1.48	7.00
ESP-LL	2024-09-29	Celta	Girona	1.88	2.13	2.71	2.86	1.86	2.04	2.50	2.70
ESP-LL	2024-09-30	Villarreal	Las Palmas	1.53	2.77	1.55	6.50	1.50	2.63	1.53	5.25
ESP-LL	2024-10-04	Leganes	Valencia	3.40	1.38	3.05	3.00	3.40	1.33	2.88	2.88
ESP-LL	2024-10-05	Espanol	Mallorca	3.20	1.48	3.79	2.40	3.00	1.40	3.50	2.30
ESP-LL	2024-10-05	Getafe	Osasuna	2.94	1.46	2.22	4.21	2.75	1.44	2.10	4.00
ESP-LL	2024-10-05	Las Palmas	Celta	1.85	2.13	4.10	2.06	1.80	2.00	3.60	2.00
ESP-LL	2024-10-05	Real Madrid	Villarreal	1.33	3.68	1.29	11.93	1.30	3.50	1.25	9.00
ESP-LL	2024-10-05	Valladolid	Vallecano	2.76	1.54	3.65	2.51	2.63	1.50	3.40	2.30
ESP-LL	2024-10-06	Alaves	Barcelona	1.67	2.51	4.90	1.75	1.57	2.38	4.50	1.67
ESP-LL	2024-10-06	Girona	Ath Bilbao	2.06	1.90	2.47	3.27	2.03	1.87	2.35	3.10
ESP-LL	2024-10-06	Sevilla	Betis	2.25	1.76	2.82	2.83	2.20	1.67	2.70	2.70
ESP-LL	2024-10-06	Sociedad	Ath Madrid	2.55	1.58	2.97	2.88	2.50	1.53	2.75	2.70
ESP-LL	2024-10-18	Alaves	Valladolid	2.40	1.77	1.65	6.40	2.20	1.67	1.60	6.00
ESP-LL	2024-10-19	Ath Bilbao	Espanol	1.99	2.00	1.46	9.40	1.98	1.92	1.40	8.50
ESP-LL	2024-10-19	Celta	Real Madrid	1.63	2.47	6.00	1.61	1.62	2.30	5.25	1.55
ESP-LL	2024-10-19	Girona	Sociedad	2.44	1.68	2.83	2.89	2.30	1.62	2.63	2.60
ESP-LL	2024-10-19	Osasuna	Betis	2.40	1.66	2.45	3.35	2.30	1.62	2.30	3.10
ESP-LL	2024-10-20	Ath Madrid	Leganes	2.16	1.81	1.47	9.70	2.10	1.73	1.40	9.00
ESP-LL	2024-10-20	Barcelona	Sevilla	1.43	3.14	1.31	11.00	1.40	3.00	1.29	8.00
ESP-LL	2024-10-20	Mallorca	Vallecano	2.88	1.49	2.15	4.50	2.75	1.44	2.05	4.00
ESP-LL	2024-10-20	Villarreal	Getafe	2.33	1.72	1.91	4.85	2.15	1.62	1.80	4.50
ESP-LL	2024-10-21	Valencia	Las Palmas	2.36	1.67	1.95	4.80	2.30	1.62	1.85	4.50
ESP-LL	2024-10-25	Espanol	Sevilla	2.33	1.74	3.22	2.63	2.20	1.67	2.90	2.50
ESP-LL	2024-10-26	Las Palmas	Girona	2.08	1.89	2.69	3.00	2.05	1.85	2.60	2.88
ESP-LL	2024-10-26	Real Madrid	Barcelona	1.43	3.17	2.04	3.63	1.40	3.00	2.00	3.30
ESP-LL	2024-10-26	Valladolid	Villarreal	1.95	2.05	4.10	2.05	1.92	1.98	3.70	1.95
ESP-LL	2024-10-26	Vallecano	Alaves	2.76	1.54	2.10	4.60	2.63	1.50	2.00	4.20
ESP-LL	2024-10-27	Betis	Ath Madrid	2.28	1.82	3.81	2.29	2.20	1.67	3.50	2.15
ESP-LL	2024-10-27	Getafe	Valencia	3.56	1.35	2.14	4.91	3.50	1.30	2.10	4.50
ESP-LL	2024-10-27	Leganes	Celta	2.47	1.69	3.94	2.17	2.30	1.62	3.70	2.10
ESP-LL	2024-10-27	Sociedad	Osasuna	2.31	1.74	1.68	6.30	2.20	1.67	1.62	5.75
ESP-LL	2024-10-28	Mallorca	Ath Bilbao	2.78	1.54	2.66	3.30	2.63	1.50	2.50	3.10
ESP-LL	2024-11-01	Alaves	Mallorca	3.12	1.44	2.41	3.89	3.00	1.40	2.30	3.60
ESP-LL	2024-11-02	Girona	Leganes	2.36	1.68	1.77	6.40	2.30	1.62	1.70	6.00
ESP-LL	2024-11-02	Osasuna	Valladolid	2.24	1.85	1.75	6.00	2.10	1.73	1.70	5.25
ESP-LL	2024-11-03	Ath Bilbao	Betis	2.23	1.83	1.93	4.59	2.00	1.80	1.85	4.10
ESP-LL	2024-11-03	Ath Madrid	Las Palmas	1.69	2.36	1.36	10.50	1.67	2.20	1.33	8.50
ESP-LL	2024-11-03	Barcelona	Espanol	1.27	4.25	1.16	23.00	1.25	4.00	1.14	17.00
ESP-LL	2024-11-03	Sevilla	Sociedad	2.48	1.65	3.66	2.41	2.38	1.57	3.30	2.30
ESP-LL	2024-11-04	Celta	Getafe	3.00	1.50	2.16	4.41	3.00	1.40	2.05	4.20
ESP-LL	2024-11-08	Vallecano	Las Palmas	2.36	1.67	1.94	4.82	2.30	1.62	1.85	4.50
ESP-LL	2024-11-09	Leganes	Sevilla	2.86	1.54	3.34	2.75	2.60	1.48	3.10	2.45
ESP-LL	2024-11-09	Real Madrid	Osasuna	1.49	2.92	1.31	12.50	1.40	2.88	1.25	11.00
ESP-LL	2024-11-09	Villarreal	Alaves	1.83	2.13	1.60	6.67	1.80	2.00	1.55	6.25
ESP-LL	2024-11-10	Betis	Celta	2.11	1.91	2.28	3.83	2.10	1.73	2.15	3.50
ESP-LL	2024-11-10	Getafe	Girona	3.20	1.42	2.66	3.44	3.20	1.36	2.45	3.30
ESP-LL	2024-11-10	Mallorca	Ath Madrid	2.81	1.55	3.57	2.47	2.75	1.44	3.40	2.30
ESP-LL	2024-11-10	Sociedad	Barcelona	1.80	2.20	4.29	1.95	1.73	2.10	3.90	1.85
ESP-LL	2024-11-10	Valladolid	Ath Bilbao	2.38	1.71	4.68	2.03	2.30	1.62	4.33	1.91
ESP-LL	2024-11-22	Getafe	Valladolid	2.79	1.54	1.70	6.90	2.75	1.44	1.65	6.25
ESP-LL	2024-11-23	Ath Madrid	Alaves	2.16	1.80	1.50	8.40	2.00	1.80	1.45	7.50
ESP-LL	2024-11-23	Celta	Barcelona	1.51	2.87	5.09	1.76	1.50	2.63	4.33	1.73
ESP-LL	2024-11-23	Girona	Espanol	2.24	1.78	1.79	6.13	2.10	1.73	1.70	5.25
ESP-LL	2024-11-23	Las Palmas	Mallorca	2.72	1.53	2.96	2.95	2.63	1.50	2.75	2.80
ESP-LL	2024-11-23	Valencia	Betis	2.66	1.59	2.64	3.25	2.50	1.53	2.55	3.10
ESP-LL	2024-11-24	Ath Bilbao	Sociedad	2.82	1.55	2.49	3.75	2.75	1.44	2.35	3.50
ESP-LL	2024-11-24	Leganes	Real Madrid	1.81	2.20	10.24	1.41	1.73	2.10	8.50	1.33
ESP-LL	2024-11-24	Osasuna	Villarreal	1.92	2.03	2.78	2.86	1.88	2.02	2.63	2.70
ESP-LL	2024-11-24	Sevilla	Vallecano	2.38	1.74	2.22	4.24	2.30	1.62	2.00	4.00
ESP-LL	2024-11-29	Mallorca	Valencia	3.44	1.41	2.24	4.77	3.40	1.33	2.15	4.33
ESP-LL	2024-11-30	Alaves	Leganes	3.20	1.43	1.86	6.00	3.20	1.36	1.80	5.75
ESP-LL	2024-11-30	Barcelona	Las Palmas	1.29	4.10	1.16	23.00	1.25	4.00	1.14	15.00
ESP-LL	2024-11-30	Espanol	Celta	2.26	1.76	3.83	2.27	2.20	1.67	3.60	2.20
ESP-LL	2024-11-30	Valladolid	Ath Madrid	1.99	2.00	8.03	1.51	1.95	1.95	7.00	1.44
ESP-LL	2024-12-01	Real Madrid	Getafe	2.01	2.20	1.35	11.83	1.73	2.10	1.30	10.00
ESP-LL	2024-12-01	Sociedad	Betis	2.36	1.74	1.74	5.98	2.20	1.67	1.67	5.25
ESP-LL	2024-12-01	Vallecano	Ath Bilbao	2.70	1.55	3.45	2.60	2.63	1.50	3.10	2.45
ESP-LL	2024-12-01	Villarreal	Girona	1.67	2.47	1.83	5.00	1.62	2.30	1.75	4.50
ESP-LL	2024-12-02	Sevilla	Osasuna	2.33	1.72	2.14	4.30	2.20	1.67	1.91	4.10
ESP-LL	2024-12-03	Mallorca	Barcelona	1.85	2.17	6.50	1.69	1.80	2.00	5.25	1.60
ESP-LL	2024-12-04	Ath Bilbao	Real Madrid	1.90	2.05	3.69	2.30	1.88	2.02	3.30	2.20
ESP-LL	2024-12-06	Celta	Mallorca	2.57	1.62	1.96	5.00	2.38	1.57	1.85	4.75
ESP-LL	2024-12-07	Betis	Barcelona	1.48	3.22	6.10	1.58	1.36	3.20	5.25	1.50
ESP-LL	2024-12-07	Girona	Real Madrid	1.63	2.62	4.64	1.86	1.53	2.50	4.33	1.70
ESP-LL	2024-12-07	Las Palmas	Valladolid	2.14	1.87	1.78	6.33	2.07	1.83	1.65	5.50
ESP-LL	2024-12-07	Valencia	Vallecano	2.85	1.54	2.37	4.14	2.75	1.44	2.20	3.80
ESP-LL	2024-12-08	Ath Bilbao	Villarreal	2.07	2.09	1.95	4.70	2.03	1.87	1.83	4.33
ESP-LL	2024-12-08	Ath Madrid	Sevilla	1.94	2.02	1.41	9.73	1.91	1.99	1.36	9.00
ESP-LL	2024-12-08	Leganes	Sociedad	3.31	1.45	6.27	1.91	3.20	1.36	6.00	1.75
ESP-LL	2024-12-08	Osasuna	Alaves	2.69	1.60	2.40	3.82	2.63	1.50	2.25	3.60
ESP-LL	2024-12-09	Getafe	Espanol	3.21	1.44	1.88	6.81	3.20	1.36	1.83	6.00
ESP-LL	2024-12-13	Valladolid	Valencia	2.57	1.63	3.50	2.50	2.50	1.53	3.10	2.35
ESP-LL	2024-12-14	Espanol	Osasuna	2.37	1.68	2.90	2.85	2.30	1.62	2.70	2.75
ESP-LL	2024-12-14	Mallorca	Girona	2.77	1.55	2.90	3.20	2.63	1.50	2.70	2.75
ESP-LL	2024-12-14	Sevilla	Celta	2.28	1.75	2.69	3.10	2.20	1.67	2.55	3.00
ESP-LL	2024-12-14	Vallecano	Real Madrid	1.86	2.12	7.00	1.64	1.80	2.00	6.25	1.53
ESP-LL	2024-12-15	Alaves	Ath Bilbao	2.89	1.57	4.50	2.24	2.63	1.50	3.70	2.10
ESP-LL	2024-12-15	Ath Madrid	Getafe	2.40	1.89	1.43	14.00	2.06	1.84	1.36	8.50
ESP-LL	2024-12-15	Barcelona	Leganes	1.40	4.33	1.18	26.00	1.25	4.00	1.11	21.00
ESP-LL	2024-12-15	Sociedad	Las Palmas	2.30	2.00	1.45	12.00	2.02	1.88	1.33	10.00
ESP-LL	2024-12-15	Villarreal	Betis	1.75	2.35	2.01	4.13	1.62	2.30	1.90	3.75
ESP-LL	2024-12-18	Espanol	Valencia	2.86	1.50	2.89	3.37	2.75	1.44	2.50	3.20
ESP-LL	2024-12-18	Villarreal	Vallecano	1.87	2.10	1.90	4.90	1.85	2.05	1.73	4.75
ESP-LL	2024-12-20	Girona	Valladolid	1.92	2.08	1.39	9.71	1.90	2.00	1.33	9.00
ESP-LL	2024-12-21	Barcelona	Ath Madrid	1.63	2.53	2.10	3.90	1.57	2.38	2.00	3.60
ESP-LL	2024-12-21	Celta	Sociedad	2.77	1.58	3.03	3.02	2.75	1.44	2.70	2.90
ESP-LL	2024-12-21	Getafe	Mallorca	4.44	1.30	2.51	4.29	4.00	1.25	2.30	4.20
ESP-LL	2024-12-21	Osasuna	Ath Bilbao	2.58	1.58	4.59	2.10	2.50	1.53	4.20	2.00
ESP-LL	2024-12-22	Betis	Vallecano	2.19	1.87	1.75	5.32	2.10	1.73	1.70	5.00
ESP-LL	2024-12-22	Las Palmas	Espanol	2.47	1.70	2.13	4.20	2.38	1.57	2.10	3.80
ESP-LL	2024-12-22	Leganes	Villarreal	2.05	1.92	4.56	1.95	2.02	1.88	4.20	1.90
ESP-LL	2024-12-22	Real Madrid	Sevilla	1.51	3.17	1.30	12.50	1.40	3.00	1.25	10.00
ESP-LL	2024-12-22	Valencia	Alaves	2.55	1.62	2.23	4.16	2.38	1.57	2.05	3.90
ESP-LL	2025-01-03	Valencia	Real Madrid	1.69	2.42	8.36	1.45	1.67	2.20	7.00	1.42
ESP-LL	2025-01-10	Vallecano	Celta	2.25	1.76	2.96	2.79	2.20	1.67	2.80	2.63
ESP-LL	2025-01-11	Alaves	Girona	2.33	1.72	3.30	2.51	2.30	1.62	3.10	2.45
ESP-LL	2025-01-11	Espanol	Leganes	2.86	1.49	2.24	4.50	2.75	1.44	2.05	4.50
ESP-LL	2025-01-11	Sevilla	Valencia	2.48	1.62	2.17	4.24	2.38	1.57	2.05	3.90
ESP-LL	2025-01-11	Valladolid	Betis	2.15	1.83	5.36	1.80	2.10	1.73	4.75	1.73
ESP-LL	2025-01-12	Ath Madrid	Osasuna	1.91	2.06	1.34	12.00	1.88	2.02	1.33	11.00
ESP-LL	2025-01-12	Las Palmas	Getafe	3.20	1.41	2.60	3.72	3.20	1.36	2.50	3.40
ESP-LL	2025-01-13	Sociedad	Villarreal	2.01	1.94	2.14	4.22	2.00	1.90	1.95	4.00
ESP-LL	2025-01-17	Espanol	Valladolid	2.50	1.62	1.88	5.62	2.50	1.53	1.80	5.25
ESP-LL	2025-01-18	Betis	Alaves	2.35	1.76	1.92	5.00	2.20	1.67	1.83	4.50
ESP-LL	2025-01-18	Getafe	Barcelona	1.84	2.11	7.53	1.50	1.80	2.00	6.50	1.48
ESP-LL	2025-01-18	Girona	Sevilla	2.05	1.89	1.96	4.49	2.03	1.87	1.90	4.20
ESP-LL	2025-01-18	Leganes	Ath Madrid	2.24	1.76	7.80	1.58	2.10	1.73	7.00	1.53
ESP-LL	2025-01-19	Celta	Ath Bilbao	2.19	1.87	3.49	2.37	2.10	1.73	3.25	2.25
ESP-LL	2025-01-19	Osasuna	Vallecano	2.43	1.66	2.40	3.57	2.30	1.62	2.30	3.40
ESP-LL	2025-01-19	Real Madrid	Las Palmas	1.40	3.30	1.19	18.78	1.40	3.00	1.17	17.00
ESP-LL	2025-01-19	Valencia	Sociedad	3.40	1.41	3.24	2.75	3.40	1.33	3.10	2.60
ESP-LL	2025-01-20	Villarreal	Mallorca	1.99	2.01	1.75	6.08	1.89	1.89	1.70	5.25
ESP-LL	2025-01-24	Las Palmas	Osasuna	2.24	1.81	2.65	3.15	2.10	1.73	2.55	2.90
ESP-LL	2025-01-25	Ath Madrid	Villarreal	1.90	2.22	2.05	4.42	1.88	2.02	2.00	3.70
ESP-LL	2025-01-25	Mallorca	Betis	2.81	1.52	2.30	4.44	2.63	1.50	2.05	4.20
ESP-LL	2025-01-25	Sevilla	Espanol	2.47	1.71	1.83	5.49	2.20	1.67	1.75	5.00
ESP-LL	2025-01-25	Valladolid	Real Madrid	1.53	2.77	15.00	1.30	1.50	2.63	12.00	1.22
ESP-LL	2025-01-26	Ath Bilbao	Leganes	2.17	1.81	1.41	11.02	2.00	1.80	1.36	10.00
ESP-LL	2025-01-26	Barcelona	Valencia	1.45	3.16	1.25	13.60	1.40	3.00	1.22	11.00
ESP-LL	2025-01-26	Sociedad	Getafe	3.55	1.40	2.00	5.85	3.50	1.30	1.91	5.25
ESP-LL	2025-01-26	Vallecano	Girona	2.28	1.74	2.69	3.27	2.20	1.67	2.55	3.00
ESP-LL	2025-01-27	Alaves	Celta	2.35	1.73	2.50	3.60	2.30	1.62	2.25	3.40
ESP-LL	2025-01-31	Leganes	Vallecano	2.58	1.58	3.53	2.50	2.50	1.53	3.30	2.38
ESP-LL	2025-02-01	Ath Madrid	Mallorca	2.33	1.73	1.53	8.50	2.20	1.67	1.50	7.00
ESP-LL	2025-02-01	Espanol	Real Madrid	1.54	2.77	10.50	1.33	1.50	2.63	9.00	1.30
ESP-LL	2025-02-01	Getafe	Sevilla	3.05	1.43	2.88	3.25	3.00	1.40	2.75	3.00
ESP-LL	2025-02-01	Villarreal	Valladolid	1.45	3.04	1.25	15.47	1.40	3.00	1.20	12.00
ESP-LL	2025-02-02	Barcelona	Alaves	1.32	4.00	1.18	19.00	1.29	3.75	1.17	13.00
ESP-LL	2025-02-02	Betis	Ath Bilbao	2.34	1.73	3.30	2.44	2.20	1.67	3.00	2.35
ESP-LL	2025-02-02	Osasuna	Sociedad	2.63	1.58	3.30	2.61	2.50	1.53	3.00	2.45
ESP-LL	2025-02-02	Valencia	Celta	2.39	1.67	2.32	3.66	2.30	1.62	2.25	3.50
ESP-LL	2025-02-03	Girona	Las Palmas	1.77	2.21	1.54	7.00	1.73	2.10	1.45	6.50
ESP-LL	2025-02-07	Vallecano	Valladolid	2.16	1.94	1.50	10.00	2.10	1.73	1.40	9.00
ESP-LL	2025-02-08	Ath Bilbao	Girona	2.08	1.88	1.80	5.34	2.06	1.84	1.73	5.00
ESP-LL	2025-02-08	Celta	Betis	2.03	1.95	2.20	3.78	1.98	1.92	2.15	3.50
ESP-LL	2025-02-08	Las Palmas	Villarreal	1.77	2.33	5.80	1.65	1.67	2.20	5.50	1.60
ESP-LL	2025-02-08	Real Madrid	Ath Madrid	1.68	2.45	2.03	3.91	1.62	2.30	1.95	3.60
ESP-LL	2025-02-09	Alaves	Getafe	3.85	1.36	2.43	4.15	3.40	1.33	2.35	3.70
ESP-LL	2025-02-09	Sevilla	Barcelona	1.47	3.00	7.50	1.49	1.44	2.75	6.00	1.45
ESP-LL	2025-02-09	Sociedad	Espanol	2.60	1.71	1.67	7.10	2.50	1.53	1.62	6.25
ESP-LL	2025-02-09	Valencia	Leganes	2.48	1.67	1.83	5.69	2.38	1.57	1.75	5.25
ESP-LL	2025-02-10	Mallorca	Osasuna	2.71	1.57	2.38	3.79	2.63	1.50	2.25	3.50
ESP-LL	2025-02-14	Girona	Getafe	2.88	1.54	2.02	5.09	2.75	1.44	1.90	4.75
ESP-LL	2025-02-15	Ath Madrid	Celta	1.85	2.13	1.43	9.02	1.80	2.00	1.40	8.00
ESP-LL	2025-02-15	Leganes	Alaves	3.22	1.47	3.94	2.37	3.00	1.40	3.60	2.25
ESP-LL	2025-02-15	Osasuna	Real Madrid	1.54	2.90	7.00	1.56	1.44	2.75	6.25	1.45
ESP-LL	2025-02-15	Villarreal	Valencia	1.85	2.11	1.74	5.50	1.84	2.06	1.70	5.00
ESP-LL	2025-02-16	Betis	Sociedad	2.47	1.65	2.50	3.40	2.38	1.57	2.35	3.25
ESP-LL	2025-02-16	Espanol	Ath Bilbao	2.41	1.73	5.70	1.83	2.30	1.62	5.00	1.73
ESP-LL	2025-02-16	Mallorca	Las Palmas	2.40	1.73	1.88	5.40	2.30	1.62	1.80	4.50
ESP-LL	2025-02-16	Valladolid	Sevilla	2.43	1.67	4.33	2.06	2.30	1.62	4.00	1.95
ESP-LL	2025-02-17	Barcelona	Vallecano	1.36	3.51	1.23	15.00	1.33	3.40	1.22	12.00
ESP-LL	2025-02-21	Celta	Osasuna	2.01	1.96	1.75	5.40	1.98	1.92	1.70	5.00
ESP-LL	2025-02-22	Alaves	Espanol	3.00	1.45	1.95	5.52	2.75	1.44	1.82	5.25
ESP-LL	2025-02-22	Las Palmas	Barcelona	1.35	3.68	12.50	1.25	1.27	3.50	9.00	1.22
ESP-LL	2025-02-22	Valencia	Ath Madrid	2.42	1.69	4.35	2.15	2.30	1.62	3.90	2.05
ESP-LL	2025-02-22	Vallecano	Villarreal	2.00	2.01	2.87	2.75	1.98	1.92	2.75	2.60
ESP-LL	2025-02-23	Ath Bilbao	Valladolid	1.72	2.36	1.22	18.00	1.67	2.20	1.20	17.00
ESP-LL	2025-02-23	Getafe	Betis	3.20	1.43	3.14	2.96	3.20	1.36	2.90	2.70
ESP-LL	2025-02-23	Real Madrid	Girona	1.40	3.32	1.32	10.50	1.36	3.20	1.30	8.00
ESP-LL	2025-02-23	Sociedad	Leganes	2.52	1.66	1.64	7.20	2.30	1.62	1.62	6.25
ESP-LL	2025-02-24	Sevilla	Mallorca	2.57	1.58	2.05	4.67	2.50	1.53	1.91	4.33
ESP-LL	2025-02-28	Valladolid	Las Palmas	2.37	1.67	3.17	2.64	2.30	1.62	2.90	2.55
ESP-LL	2025-03-01	Ath Madrid	Ath Bilbao	2.25	1.80	2.21	3.90	2.20	1.67	2.10	3.50
ESP-LL	2025-03-01	Betis	Real Madrid	1.63	2.45	4.10	2.05	1.62	2.30	3.70	1.91
ESP-LL	2025-03-01	Girona	Celta	2.10	1.92	2.21	3.68	2.01	1.89	2.15	3.50
ESP-LL	2025-03-01	Vallecano	Sevilla	2.63	1.58	2.74	3.20	2.63	1.50	2.50	3.20
ESP-LL	2025-03-02	Barcelona	Sociedad	1.55	2.77	1.29	13.00	1.50	2.63	1.25	11.00
ESP-LL	2025-03-02	Leganes	Getafe	3.53	1.36	3.33	2.92	3.50	1.30	2.90	2.75
ESP-LL	2025-03-02	Mallorca	Alaves	3.14	1.45	2.60	3.61	3.00	1.37	2.45	3.20
ESP-LL	2025-03-02	Osasuna	Valencia	2.38	1.76	2.40	3.77	2.30	1.62	2.15	3.60
ESP-LL	2025-03-08	Alaves	Villarreal	2.47	1.72	3.23	2.62	2.20	1.67	3.00	2.45
ESP-LL	2025-03-08	Celta	Leganes	2.13	1.85	1.60	7.00	2.06	1.84	1.55	6.25
ESP-LL	2025-03-08	Valencia	Valladolid	1.97	2.01	1.48	9.40	1.95	1.95	1.40	8.00
ESP-LL	2025-03-09	Ath Bilbao	Mallorca	2.35	1.73	1.76	6.09	2.20	1.67	1.70	5.50
ESP-LL	2025-03-09	Betis	Las Palmas	1.70	2.31	1.35	10.50	1.67	2.20	1.33	9.50
ESP-LL	2025-03-09	Getafe	Ath Madrid	2.67	1.54	7.40	1.96	2.57	1.46	4.75	1.87
ESP-LL	2025-03-09	Real Madrid	Vallecano	1.56	2.63	1.31	11.50	1.53	2.50	1.30	9.50
ESP-LL	2025-03-09	Sociedad	Sevilla	2.64	1.55	2.56	3.36	2.63	1.50	2.45	3.10
ESP-LL	2025-03-10	Espanol	Girona	2.37	1.71	3.61	2.38	2.20	1.67	3.40	2.25
ESP-LL	2025-03-14	Las Palmas	Alaves	2.57	1.59	3.00	2.87	2.50	1.53	2.80	2.75
ESP-LL	2025-03-15	Girona	Valencia	2.07	1.91	2.05	4.33	2.06	1.84	1.91	3.90
ESP-LL	2025-03-15	Mallorca	Espanol	2.62	1.58	1.88	5.19	2.50	1.53	1.80	4.75
ESP-LL	2025-03-15	Valladolid	Celta	1.98	2.01	5.40	1.78	1.98	1.92	4.75	1.73
ESP-LL	2025-03-15	Villarreal	Real Madrid	1.65	2.55	3.38	2.30	1.57	2.38	3.10	2.20
ESP-LL	2025-03-16	Ath Madrid	Barcelona	1.64	2.42	3.40	2.30	1.62	2.30	3.10	2.20
ESP-LL	2025-03-16	Leganes	Betis	2.35	1.71	4.22	2.10	2.20	1.67	3.90	2.00
ESP-LL	2025-03-16	Osasuna	Getafe	3.11	1.43	2.45	3.83	3.00	1.40	2.38	3.60
ESP-LL	2025-03-16	Sevilla	Ath Bilbao	2.64	1.61	2.85	3.14	2.50	1.53	2.50	3.00
ESP-LL	2025-03-16	Vallecano	Sociedad	3.20	1.47	2.46	3.70	3.20	1.36	2.38	3.50
ESP-LL	2025-03-27	Barcelona	Osasuna	1.34	3.60	1.23	17.00	1.33	3.40	1.18	15.00
ESP-LL	2025-03-29	Alaves	Vallecano	2.83	1.48	2.20	4.65	2.75	1.44	2.10	4.10
ESP-LL	2025-03-29	Espanol	Ath Madrid	2.31	1.73	6.00	1.75	2.20	1.67	5.50	1.65
ESP-LL	2025-03-29	Real Madrid	Leganes	1.46	3.00	1.22	17.00	1.44	2.75	1.20	13.00
ESP-LL	2025-03-29	Sociedad	Valladolid	2.02	1.99	1.40	11.00	1.91	1.91	1.36	9.50
ESP-LL	2025-03-30	Ath Bilbao	Osasuna	1.99	1.94	1.54	8.00	1.97	1.93	1.48	7.00
ESP-LL	2025-03-30	Barcelona	Girona	1.40	3.25	1.32	10.50	1.40	3.00	1.30	8.50
ESP-LL	2025-03-30	Betis	Sevilla	2.36	1.73	1.83	5.70	2.20	1.67	1.75	5.00
ESP-LL	2025-03-30	Getafe	Villarreal	2.47	1.67	3.42	2.50	2.38	1.57	3.20	2.38
ESP-LL	2025-03-30	Valencia	Mallorca	2.63	1.58	2.05	4.52	2.63	1.50	1.95	4.33
ESP-LL	2025-03-31	Celta	Las Palmas	1.99	2.01	1.62	6.13	1.95	1.95	1.57	5.75
ESP-LL	2025-04-04	Vallecano	Espanol	2.51	1.59	1.80	6.25	2.38	1.57	1.65	6.00
ESP-LL	2025-04-05	Barcelona	Betis	1.37	3.56	1.38	9.50	1.36	3.20	1.36	6.50
ESP-LL	2025-04-05	Girona	Alaves	2.35	1.73	2.20	4.02	2.20	1.67	2.05	3.60
ESP-LL	2025-04-05	Mallorca	Celta	2.36	1.67	2.93	2.88	2.20	1.67	2.88	2.63
ESP-LL	2025-04-05	Real Madrid	Valencia	1.44	3.00	1.31	10.50	1.44	2.75	1.29	9.00
ESP-LL	2025-04-06	Las Palmas	Sociedad	2.20	1.80	3.32	2.51	2.10	1.73	3.10	2.30
ESP-LL	2025-04-06	Sevilla	Ath Madrid	2.40	1.67	3.77	2.28	2.30	1.62	3.50	2.20
ESP-LL	2025-04-06	Valladolid	Getafe	2.85	1.49	4.70	2.05	2.75	1.44	4.33	2.00
ESP-LL	2025-04-06	Villarreal	Ath Bilbao	1.96	2.01	2.45	3.33	1.95	1.95	2.30	3.20
ESP-LL	2025-04-07	Leganes	Osasuna	2.84	1.50	2.88	3.03	2.63	1.50	2.70	3.00
ESP-LL	2025-04-11	Valencia	Sevilla	2.55	1.64	2.50	3.50	2.50	1.53	2.35	3.30
ESP-LL	2025-04-12	Celta	Espanol	2.08	1.89	1.68	6.25	2.00	1.80	1.62	6.00
ESP-LL	2025-04-12	Getafe	Las Palmas	2.36	1.69	1.76	5.86	2.20	1.67	1.67	5.25
ESP-LL	2025-04-12	Leganes	Barcelona	1.46	2.95	11.86	1.27	1.44	2.75	9.00	1.25
ESP-LL	2025-04-12	Sociedad	Mallorca	2.74	1.54	2.13	4.63	2.63	1.50	2.05	4.00
ESP-LL	2025-04-13	Alaves	Real Madrid	1.89	2.10	5.30	1.75	1.87	2.03	4.75	1.70
ESP-LL	2025-04-13	Ath Bilbao	Vallecano	2.54	1.58	1.91	5.79	2.50	1.53	1.80	5.25
ESP-LL	2025-04-13	Betis	Villarreal	1.83	2.14	2.25	3.51	1.80	2.00	2.15	3.30
ESP-LL	2025-04-13	Osasuna	Girona	2.40	1.76	2.60	3.11	2.38	1.57	2.60	3.00
ESP-LL	2025-04-14	Ath Madrid	Valladolid	1.47	2.90	1.12	41.00	1.44	2.75	1.09	26.00
ESP-LL	2025-04-18	Espanol	Getafe	3.47	1.36	2.88	3.28	3.40	1.33	2.75	3.20
ESP-LL	2025-04-19	Barcelona	Celta	1.32	3.95	1.26	11.38	1.29	3.75	1.25	9.50
ESP-LL	2025-04-19	Las Palmas	Ath Madrid	2.04	2.01	6.25	1.66	2.02	1.88	5.50	1.62
ESP-LL	2025-04-19	Mallorca	Leganes	3.12	1.43	1.90	6.00	3.00	1.40	1.80	5.75
ESP-LL	2025-04-19	Vallecano	Valencia	2.35	1.73	2.46	3.35	2.20	1.67	2.40	3.10
ESP-LL	2025-04-20	Real Madrid	Ath Bilbao	1.78	2.28	1.46	8.01	1.73	2.10	1.42	7.50
ESP-LL	2025-04-20	Sevilla	Alaves	2.82	1.54	2.17	4.45	2.75	1.44	2.10	4.20
ESP-LL	2025-04-20	Valladolid	Osasuna	2.36	1.84	5.60	1.78	2.07	1.83	5.25	1.73
ESP-LL	2025-04-20	Villarreal	Sociedad	1.75	2.24	1.70	5.45	1.67	2.20	1.62	5.00
ESP-LL	2025-04-21	Girona	Betis	1.90	2.06	2.81	2.83	1.84	2.06	2.55	2.75
ESP-LL	2025-04-22	Barcelona	Mallorca	1.62	2.57	1.32	11.00	1.57	2.38	1.29	10.00
ESP-LL	2025-04-22	Valencia	Espanol	2.35	1.71	2.10	4.34	2.20	1.67	1.95	4.10
ESP-LL	2025-04-23	Alaves	Sociedad	2.75	1.58	2.43	3.64	2.63	1.50	2.30	3.40
ESP-LL	2025-04-23	Ath Bilbao	Las Palmas	1.93	2.18	1.42	9.50	1.86	2.04	1.38	7.50
ESP-LL	2025-04-23	Celta	Villarreal	1.68	2.34	2.57	3.02	1.62	2.30	2.38	2.90
ESP-LL	2025-04-23	Getafe	Real Madrid	2.23	1.80	6.50	1.65	2.10	1.73	6.00	1.60
ESP-LL	2025-04-24	Ath Madrid	Vallecano	1.93	2.08	1.53	7.06	1.85	2.05	1.48	7.00
ESP-LL	2025-04-24	Betis	Valladolid	1.42	3.20	1.18	17.22	1.36	3.20	1.14	13.00
ESP-LL	2025-04-24	Leganes	Girona	2.24	1.78	3.34	2.50	2.10	1.73	3.25	2.40
ESP-LL	2025-04-24	Osasuna	Sevilla	2.76	1.58	2.36	3.68	2.63	1.50	2.30	3.60
ESP-LL	2025-04-27	Villarreal	Espanol	1.61	2.53	1.43	8.02	1.57	2.38	1.38	7.00
ESP-LL	2025-05-02	Vallecano	Getafe	2.92	1.48	2.45	3.58	2.75	1.44	2.40	3.40
ESP-LL	2025-05-03	Alaves	Ath Madrid	2.48	1.63	4.15	2.17	2.30	1.62	3.80	2.10
ESP-LL	2025-05-03	Las Palmas	Valencia	2.24	1.84	2.67	2.98	2.10	1.73	2.55	2.90
ESP-LL	2025-05-03	Valladolid	Barcelona	1.48	3.05	9.35	1.36	1.40	3.00	8.50	1.33
ESP-LL	2025-05-03	Villarreal	Osasuna	1.65	2.43	1.46	7.62	1.62	2.30	1.42	7.00
ESP-LL	2025-05-04	Espanol	Betis	2.13	1.86	3.52	2.47	2.00	1.80	3.25	2.38
ESP-LL	2025-05-04	Real Madrid	Celta	1.38	3.40	1.39	8.49	1.36	3.20	1.36	7.00
ESP-LL	2025-05-04	Sevilla	Leganes	2.24	1.74	1.70	5.99	2.10	1.73	1.65	5.75
ESP-LL	2025-05-04	Sociedad	Ath Bilbao	2.80	1.50	2.65	3.39	2.75	1.44	2.50	3.20
ESP-LL	2025-05-05	Girona	Mallorca	2.35	1.80	2.10	4.23	2.20	1.67	2.00	4.00
ESP-LL	2025-05-09	Las Palmas	Vallecano	2.35	1.72	2.70	2.95	2.20	1.67	2.63	2.80
ESP-LL	2025-05-10	Ath Madrid	Sociedad	2.24	1.74	1.83	5.24	2.10	1.73	1.75	4.75
ESP-LL	2025-05-10	Celta	Sevilla	2.02	1.92	1.95	4.41	2.01	1.89	1.85	4.20
ESP-LL	2025-05-10	Girona	Villarreal	1.70	2.38	3.14	2.40	1.62	2.30	2.80	2.30
ESP-LL	2025-05-10	Mallorca	Valladolid	1.90	2.08	1.36	10.00	1.85	2.05	1.33	8.50
ESP-LL	2025-05-10	Valencia	Getafe	2.60	1.58	2.05	4.62	2.50	1.53	1.95	4.50
ESP-LL	2025-05-11	Ath Bilbao	Alaves	3.24	1.38	2.15	4.95	3.20	1.36	2.05	4.33
ESP-LL	2025-05-11	Barcelona	Real Madrid	1.35	4.21	1.95	3.76	1.25	4.00	1.83	3.60
ESP-LL	2025-05-11	Betis	Osasuna	1.81	2.25	1.68	5.61	1.67	2.20	1.62	5.25
ESP-LL	2025-05-11	Leganes	Espanol	2.24	1.75	2.42	3.43	2.10	1.73	2.25	3.20
ESP-LL	2025-05-13	Sevilla	Las Palmas	1.99	1.99	1.73	5.64	1.91	1.99	1.67	5.00
ESP-LL	2025-05-13	Sociedad	Celta	1.99	1.98	2.35	3.38	1.95	1.95	2.25	3.30
ESP-LL	2025-05-13	Valladolid	Girona	1.82	2.18	5.05	1.75	1.73	2.10	4.50	1.70
ESP-LL	2025-05-14	Alaves	Valencia	3.01	1.45	2.40	4.01	3.00	1.40	2.25	3.80
ESP-LL	2025-05-14	Real Madrid	Mallorca	1.61	2.50	1.46	7.77	1.57	2.38	1.44	6.50
ESP-LL	2025-05-14	Villarreal	Leganes	1.56	2.65	1.33	10.00	1.50	2.63	1.30	8.50
ESP-LL	2025-05-15	Espanol	Barcelona	1.34	3.60	8.11	1.37	1.33	3.40	7.50	1.33
ESP-LL	2025-05-15	Getafe	Ath Bilbao	3.84	1.30	3.35	3.00	3.75	1.29	3.10	2.88
ESP-LL	2025-05-15	Osasuna	Ath Madrid	2.02	1.93	3.77	2.19	1.98	1.92	3.50	2.10
ESP-LL	2025-05-15	Vallecano	Betis	2.00	1.96	3.41	2.35	2.00	1.90	3.20	2.30
ESP-LL	2025-05-18	Ath Madrid	Betis	1.68	2.43	1.57	6.25	1.62	2.30	1.53	5.75
ESP-LL	2025-05-18	Barcelona	Villarreal	1.35	4.20	1.76	4.41	1.25	4.00	1.67	4.20
ESP-LL	2025-05-18	Celta	Vallecano	2.02	1.96	1.95	4.44	2.00	1.85	1.90	4.10
ESP-LL	2025-05-18	Las Palmas	Leganes	1.90	2.11	3.36	2.33	1.80	2.00	3.20	2.20
ESP-LL	2025-05-18	Mallorca	Getafe	3.29	1.38	2.62	3.60	3.20	1.36	2.45	3.30
ESP-LL	2025-05-18	Osasuna	Espanol	2.20	1.83	2.05	4.31	2.00	1.80	2.00	4.00
ESP-LL	2025-05-18	Sevilla	Real Madrid	1.61	2.51	3.35	2.25	1.57	2.38	3.00	2.20
ESP-LL	2025-05-18	Sociedad	Girona	1.82	2.23	1.78	5.25	1.67	2.20	1.70	5.25
ESP-LL	2025-05-18	Valencia	Ath Bilbao	2.47	1.64	2.63	3.30	2.30	1.62	2.55	3.10
ESP-LL	2025-05-18	Valladolid	Alaves	2.24	1.78	6.15	1.72	2.10	1.73	5.75	1.65
ESP-LL	2025-05-23	Betis	Valencia	1.61	2.58	1.98	3.85	1.57	2.38	1.90	3.70
ESP-LL	2025-05-24	Alaves	Osasuna	2.37	1.68	3.46	2.42	2.20	1.67	3.20	2.30
ESP-LL	2025-05-24	Espanol	Las Palmas	1.70	2.30	1.44	9.50	1.67	2.20	1.40	7.00
ESP-LL	2025-05-24	Getafe	Celta	2.13	1.87	5.00	1.80	2.03	1.83	4.75	1.70
ESP-LL	2025-05-24	Leganes	Valladolid	1.63	2.52	1.36	9.50	1.57	2.38	1.33	8.50
ESP-LL	2025-05-24	Real Madrid	Sociedad	1.34	3.43	1.40	7.80	1.33	3.40	1.36	7.00
ESP-LL	2025-05-24	Vallecano	Mallorca	2.13	1.93	1.53	7.60	2.05	1.80	1.48	7.50
ESP-LL	2025-05-25	Ath Bilbao	Barcelona	1.48	2.95	3.49	2.15	1.44	2.75	3.20	2.05
ESP-LL	2025-05-25	Girona	Ath Madrid	1.61	2.58	3.48	2.30	1.53	2.50	3.30	2.15
ESP-LL	2025-05-25	Villarreal	Sevilla	1.61	2.60	1.80	4.45	1.53	2.50	1.75	4.00
ESP-LL	2025-08-15	Girona	Vallecano	2.22	1.68	2.45	3.15	2.20	1.67	2.45	3.10
ESP-LL	2025-08-15	Villarreal	Oviedo	1.89	2.03	1.42	9.00	1.83	2.03	1.40	8.00
ESP-LL	2025-08-16	Alaves	Levante	2.63	1.54	2.12	4.00	2.63	1.50	2.10	3.90
ESP-LL	2025-08-16	Mallorca	Barcelona	1.47	2.90	9.50	5.40	1.44	2.75	9.50	1.30
ESP-LL	2025-08-16	Valencia	Sociedad	2.63	1.55	2.49	3.25	2.63	1.50	2.45	3.20
ESP-LL	2025-08-17	Ath Bilbao	Sevilla	2.25	1.67	1.59	6.60	2.20	1.67	1.53	6.50
ESP-LL	2025-08-17	Celta	Getafe	2.63	1.55	1.70	6.00	2.63	1.50	1.67	5.75
ESP-LL	2025-08-17	Espanol	Ath Madrid	2.00	1.89	6.20	1.65	2.00	1.85	5.50	1.62
ESP-LL	2025-08-18	Elche	Betis	2.25	1.73	3.25	2.36	2.20	1.67	3.20	2.30
ESP-LL	2025-08-19	Real Madrid	Osasuna	1.46	2.80	1.24	13.00	1.44	2.75	1.22	11.00
ESP-LL	2025-08-22	Betis	Alaves	2.25	1.67	1.86	4.60	2.20	1.67	1.83	4.50
ESP-LL	2025-08-23	Ath Madrid	Elche	1.80	2.25	1.29	13.00	1.67	2.20	1.29	10.00
ESP-LL	2025-08-23	Levante	Barcelona	1.36	3.51	13.00	1.24	1.33	3.40	12.00	1.22
ESP-LL	2025-08-23	Mallorca	Celta	2.28	1.73	3.30	2.50	2.10	1.73	3.30	2.30
ESP-LL	2025-08-24	Osasuna	Valencia	2.40	1.65	2.26	3.50	2.30	1.62	2.20	3.40
ESP-LL	2025-08-24	Oviedo	Real Madrid	1.85	2.12	11.00	1.33	1.85	2.00	8.50	1.33
ESP-LL	2025-08-24	Sociedad	Espanol	2.05	1.88	1.90	4.50	1.98	1.88	1.82	4.33
ESP-LL	2025-08-24	Villarreal	Girona	1.68	2.27	1.50	7.00	1.67	2.20	1.47	6.50
ESP-LL	2025-08-25	Ath Bilbao	Vallecano	2.28	1.73	1.75	5.50	2.10	1.73	1.70	5.50
ESP-LL	2025-08-25	Sevilla	Getafe	3.00	1.45	2.10	4.40	3.00	1.40	2.00	4.33
ESP-LL	2025-08-27	Celta	Betis	1.79	2.11	2.38	3.10	1.73	2.10	2.35	3.00
ESP-LL	2025-08-29	Elche	Levante	2.30	1.67	2.19	3.75	2.30	1.62	2.15	3.60
ESP-LL	2025-08-29	Valencia	Getafe	3.00	1.40	2.42	3.75	3.00	1.40	2.35	3.60
ESP-LL	2025-08-30	Alaves	Ath Madrid	2.40	1.63	5.50	1.73	2.38	1.57	5.50	1.70
ESP-LL	2025-08-30	Girona	Sevilla	2.23	1.70	2.50	3.10	2.20	1.67	2.45	3.10
ESP-LL	2025-08-30	Oviedo	Sociedad	2.45	1.62	3.55	2.30	2.30	1.62	3.30	2.30
ESP-LL	2025-08-30	Real Madrid	Mallorca	1.50	2.80	1.18	17.00	1.44	2.75	1.17	13.00
ESP-LL	2025-08-31	Betis	Ath Bilbao	2.17	1.73	3.25	2.43	2.10	1.73	3.25	2.30
ESP-LL	2025-08-31	Celta	Villarreal	1.91	1.98	3.25	2.28	1.82	1.92	3.20	2.20
ESP-LL	2025-08-31	Espanol	Osasuna	2.50	1.58	2.55	3.15	2.50	1.53	2.55	3.00
ESP-LL	2025-08-31	Vallecano	Barcelona	1.45	2.90	7.00	1.44	1.44	2.75	6.75	1.40
ESP-LL	2025-09-12	Sevilla	Elche	2.30	1.64	2.00	4.70	2.30	1.62	1.90	4.50
ESP-LL	2025-09-13	Ath Bilbao	Alaves	2.38	1.60	1.62	7.00	2.38	1.57	1.60	6.50
ESP-LL	2025-09-13	Ath Madrid	Villarreal	1.88	2.05	1.80	4.75	1.88	1.98	1.75	4.50
ESP-LL	2025-09-13	Getafe	Oviedo	3.40	1.37	2.03	5.00	3.40	1.33	2.00	4.75
ESP-LL	2025-09-13	Sociedad	Real Madrid	1.67	2.30	5.50	1.62	1.67	2.20	5.50	1.57
ESP-LL	2025-09-14	Barcelona	Valencia	1.48	2.80	1.40	9.00	1.44	2.75	1.36	7.50
ESP-LL	2025-09-14	Celta	Girona	1.86	2.03	1.80	5.00	1.83	2.03	1.70	5.00
ESP-LL	2025-09-14	Levante	Betis	1.78	2.15	3.70	2.08	1.73	2.10	3.70	1.95
ESP-LL	2025-09-14	Osasuna	Vallecano	2.75	1.50	2.80	3.00	2.75	1.44	2.80	2.80
ESP-LL	2025-09-15	Espanol	Mallorca	2.63	1.58	2.25	3.60	2.63	1.50	2.25	3.50
ESP-LL	2025-09-19	Betis	Sociedad	1.73	2.20	1.97	3.95	1.73	2.10	1.95	3.90
ESP-LL	2025-09-20	Alaves	Sevilla	2.70	1.50	2.50	3.40	2.63	1.50	2.35	3.40
ESP-LL	2025-09-20	Girona	Levante	1.72	2.20	1.90	4.30	1.67	2.20	1.83	4.20
ESP-LL	2025-09-20	Real Madrid	Espanol	1.38	3.30	1.22	16.00	1.36	3.20	1.18	15.00
ESP-LL	2025-09-20	Valencia	Ath Bilbao	2.32	1.62	3.50	2.28	2.30	1.62	3.50	2.25
ESP-LL	2025-09-20	Villarreal	Osasuna	2.05	1.84	1.71	5.50	2.05	1.80	1.70	5.00
ESP-LL	2025-09-21	Barcelona	Getafe	1.46	2.75	1.25	12.50	1.44	2.75	1.25	11.00
ESP-LL	2025-09-21	Elche	Oviedo	2.35	1.67	2.05	4.25	2.20	1.67	2.00	3.90
ESP-LL	2025-09-21	Mallorca	Ath Madrid	2.22	1.73	5.20	1.80	2.10	1.73	4.75	1.75
ESP-LL	2025-09-21	Vallecano	Celta	2.05	1.85	2.05	4.00	2.00	1.85	1.95	3.90
ESP-LL	2025-09-23	Ath Bilbao	Girona	1.86	2.03	1.52	7.50	1.83	2.03	1.48	6.50
ESP-LL	2025-09-23	Espanol	Valencia	2.30	1.67	2.40	3.30	2.20	1.67	2.40	3.20
ESP-LL	2025-09-23	Levante	Real Madrid	1.45	3.00	9.00	1.38	1.40	3.00	9.00	1.30
ESP-LL	2025-09-23	Sevilla	Villarreal	2.05	1.84	3.50	2.25	2.03	1.83	3.30	2.20
ESP-LL	2025-09-24	Ath Madrid	Vallecano	1.98	1.92	1.48	8.00	1.98	1.88	1.44	8.00
ESP-LL	2025-09-24	Getafe	Alaves	3.75	1.30	2.15	4.75	3.75	1.29	2.05	4.50
ESP-LL	2025-09-24	Sociedad	Mallorca	2.10	1.75	1.77	5.10	2.10	1.73	1.75	5.00
ESP-LL	2025-09-25	Osasuna	Elche	2.40	1.62	1.95	5.25	2.30	1.62	1.85	5.00
ESP-LL	2025-09-25	Oviedo	Barcelona	1.50	2.70	15.00	1.25	1.50	2.63	13.00	1.20
ESP-LL	2025-09-26	Girona	Espanol	2.10	1.80	2.60	2.88	2.10	1.73	2.55	2.75
ESP-LL	2025-09-27	Ath Madrid	Real Madrid	1.83	2.10	3.20	2.25	1.83	2.03	3.10	2.25
ESP-LL	2025-09-27	Getafe	Levante	2.63	1.52	2.15	4.20	2.63	1.50	2.10	3.90
ESP-LL	2025-09-27	Mallorca	Alaves	3.20	1.40	2.50	3.40	3.20	1.36	2.50	3.40
ESP-LL	2025-09-27	Villarreal	Ath Bilbao	2.05	1.83	2.10	4.00	2.00	1.80	2.05	3.80
ESP-LL	2025-09-28	Barcelona	Sociedad	1.43	3.10	1.38	9.50	1.40	3.00	1.36	8.00
ESP-LL	2025-09-28	Betis	Osasuna	2.05	1.85	1.91	4.75	2.00	1.85	1.85	4.20
ESP-LL	2025-09-28	Elche	Celta	2.15	1.77	2.88	2.70	2.10	1.73	2.88	2.60
ESP-LL	2025-09-28	Vallecano	Sevilla	2.10	1.80	2.00	4.10	2.05	1.80	2.00	4.00
ESP-LL	2025-09-30	Valencia	Oviedo	2.30	1.67	1.80	5.80	2.30	1.62	1.73	5.25
ESP-LL	2025-10-03	Osasuna	Getafe	3.40	1.33	2.20	4.20	3.40	1.33	2.15	4.20
ESP-LL	2025-10-04	Ath Bilbao	Mallorca	2.28	1.67	1.64	6.50	2.20	1.67	1.62	6.50
ESP-LL	2025-10-04	Girona	Valencia	2.05	1.83	2.40	3.10	2.05	1.80	2.38	3.10
ESP-LL	2025-10-04	Oviedo	Levante	2.12	1.75	2.42	3.14	2.10	1.73	2.40	3.10
ESP-LL	2025-10-04	Real Madrid	Villarreal	1.45	3.00	1.42	7.50	1.44	2.75	1.38	7.50
ESP-LL	2025-10-05	Alaves	Elche	2.85	1.46	2.25	4.00	2.75	1.44	2.20	3.75
ESP-LL	2025-10-05	Celta	Ath Madrid	1.95	1.91	4.90	1.80	1.95	1.90	4.75	1.80
ESP-LL	2025-10-05	Espanol	Betis	1.95	1.97	2.60	2.80	1.95	1.90	2.60	2.70
ESP-LL	2025-10-05	Sevilla	Barcelona	1.48	2.90	6.50	1.50	1.44	2.75	5.50	1.48
ESP-LL	2025-10-05	Sociedad	Vallecano	2.08	1.88	2.15	3.65	1.98	1.88	2.15	3.30
ESP-LL	2025-10-17	Oviedo	Espanol	2.48	1.61	3.05	2.70	2.38	1.57	2.80	2.63
ESP-LL	2025-10-18	Ath Madrid	Osasuna	1.77	2.10	1.36	10.00	1.73	2.10	1.33	9.50
ESP-LL	2025-10-18	Barcelona	Girona	1.33	3.60	1.22	13.00	1.30	3.50	1.20	13.00
ESP-LL	2025-10-18	Sevilla	Mallorca	2.22	1.73	1.91	5.00	2.20	1.67	1.85	4.50
ESP-LL	2025-10-18	Villarreal	Betis	1.55	2.55	2.10	3.55	1.53	2.50	2.10	3.30
ESP-LL	2025-10-19	Celta	Sociedad	2.10	1.87	2.00	4.00	2.10	1.73	1.95	3.90
ESP-LL	2025-10-19	Elche	Ath Bilbao	2.22	1.73	4.20	2.05	2.20	1.67	4.00	2.00
ESP-LL	2025-10-19	Getafe	Real Madrid	1.98	1.91	7.50	1.48	1.98	1.88	7.00	1.45
ESP-LL	2025-10-19	Levante	Vallecano	2.05	1.84	2.71	2.80	2.00	1.80	2.70	2.70
ESP-LL	2025-10-20	Alaves	Valencia	2.35	1.65	2.20	3.75	2.30	1.62	2.15	3.70
ESP-LL	2025-10-24	Sociedad	Sevilla	2.00	1.91	2.00	4.20	2.00	1.85	1.91	3.90
ESP-LL	2025-10-25	Ath Bilbao	Getafe	2.75	1.50	1.67	7.30	2.75	1.44	1.65	6.00
ESP-LL	2025-10-25	Espanol	Elche	2.15	1.73	2.00	4.33	2.10	1.73	2.00	4.00
ESP-LL	2025-10-25	Girona	Oviedo	2.07	1.85	1.80	5.40	2.00	1.85	1.73	5.25
ESP-LL	2025-10-25	Valencia	Villarreal	1.88	2.00	3.80	2.05	1.85	2.00	3.60	2.05
ESP-LL	2025-10-26	Mallorca	Levante	2.10	1.83	2.00	4.25	2.03	1.83	1.95	3.90
ESP-LL	2025-10-26	Osasuna	Celta	2.20	1.73	2.43	3.25	2.20	1.67	2.35	3.20
ESP-LL	2025-10-26	Real Madrid	Barcelona	1.29	4.00	1.90	3.60	1.29	3.75	1.83	3.60
ESP-LL	2025-10-26	Vallecano	Alaves	2.70	1.52	2.25	3.85	2.63	1.50	2.25	3.60
ESP-LL	2025-10-27	Betis	Ath Madrid	1.88	1.98	3.35	2.20	1.88	1.98	3.25	2.15
ESP-LL	2025-10-31	Getafe	Girona	2.70	1.52	2.15	4.10	2.63	1.50	2.05	4.00
ESP-LL	2025-11-01	Ath Madrid	Sevilla	1.75	2.25	1.38	9.50	1.73	2.10	1.38	8.00
ESP-LL	2025-11-01	Real Madrid	Valencia	1.33	3.60	1.14	19.00	1.30	3.50	1.14	17.00
ESP-LL	2025-11-01	Sociedad	Ath Bilbao	2.63	1.53	2.80	3.00	2.63	1.50	2.70	2.88
ESP-LL	2025-11-01	Villarreal	Vallecano	1.67	2.25	1.75	5.25	1.67	2.20	1.75	4.50
ESP-LL	2025-11-02	Alaves	Espanol	2.40	1.62	2.45	3.35	2.30	1.62	2.40	3.20
ESP-LL	2025-11-02	Barcelona	Elche	1.30	3.75	1.21	14.00	1.29	3.75	1.18	13.00
ESP-LL	2025-11-02	Betis	Mallorca	1.73	2.20	1.55	6.00	1.73	2.10	1.55	5.50
ESP-LL	2025-11-02	Levante	Celta	1.86	2.30	3.14	2.38	1.83	2.03	3.10	2.35
ESP-LL	2025-11-03	Oviedo	Osasuna	2.28	1.70	3.20	2.50	2.20	1.67	3.20	2.40
ESP-LL	2025-11-07	Elche	Sociedad	2.28	1.67	3.10	2.55	2.20	1.67	3.10	2.45
ESP-LL	2025-11-08	Ath Madrid	Levante	1.45	2.88	1.23	13.00	1.44	2.75	1.22	11.00
ESP-LL	2025-11-08	Espanol	Villarreal	1.93	2.00	2.80	2.54	1.93	1.93	2.80	2.50
ESP-LL	2025-11-08	Girona	Alaves	2.25	1.75	2.20	3.65	2.10	1.73	2.10	3.60
ESP-LL	2025-11-08	Sevilla	Osasuna	2.12	1.83	2.35	3.45	2.03	1.83	2.35	3.25
ESP-LL	2025-11-09	Ath Bilbao	Oviedo	2.38	1.62	1.64	7.00	2.38	1.57	1.60	7.00
ESP-LL	2025-11-09	Celta	Barcelona	1.38	3.20	4.25	1.78	1.36	3.20	4.10	1.73
ESP-LL	2025-11-09	Mallorca	Getafe	3.25	1.40	2.63	3.33	3.20	1.36	2.50	3.20
ESP-LL	2025-11-09	Valencia	Betis	1.95	1.91	3.60	2.15	1.95	1.90	3.60	2.10
ESP-LL	2025-11-09	Vallecano	Real Madrid	1.53	2.63	6.40	1.53	1.50	2.63	5.25	1.53
ESP-LL	2025-11-21	Valencia	Levante	2.03	1.95	2.06	4.00	2.03	1.83	2.05	3.50
ESP-LL	2025-11-22	Alaves	Celta	2.40	1.62	2.70	2.95	2.38	1.57	2.70	2.88
ESP-LL	2025-11-22	Barcelona	Ath Bilbao	1.46	2.75	1.45	7.00	1.44	2.75	1.45	6.25
ESP-LL	2025-11-22	Osasuna	Sociedad	2.40	1.62	2.75	3.10	2.38	1.57	2.70	2.90
ESP-LL	2025-11-22	Villarreal	Mallorca	1.67	2.40	1.41	8.00	1.67	2.20	1.38	7.50
ESP-LL	2025-11-23	Betis	Girona	1.55	2.50	1.53	6.40	1.53	2.50	1.48	5.75
ESP-LL	2025-11-23	Elche	Real Madrid	1.50	2.70	7.50	1.43	1.50	2.63	6.50	1.40
ESP-LL	2025-11-23	Getafe	Ath Madrid	2.75	1.50	5.25	1.93	2.75	1.44	4.75	1.83
ESP-LL	2025-11-23	Oviedo	Vallecano	2.30	1.67	3.55	2.25	2.30	1.62	3.50	2.20
ESP-LL	2025-11-24	Espanol	Sevilla	1.97	1.98	1.85	4.40	1.88	1.98	1.80	4.33
ESP-LL	2025-11-28	Getafe	Elche	2.88	1.50	2.30	3.90	2.75	1.44	2.25	3.80
ESP-LL	2025-11-29	Ath Madrid	Oviedo	1.66	2.30	1.25	14.00	1.62	2.30	1.25	12.00
ESP-LL	2025-11-29	Barcelona	Alaves	1.42	3.10	1.28	11.00	1.40	3.00	1.25	10.00
ESP-LL	2025-11-29	Levante	Ath Bilbao	2.10	1.80	4.00	2.05	2.00	1.80	3.90	2.00
ESP-LL	2025-11-29	Mallorca	Osasuna	2.45	1.60	2.50	3.35	2.38	1.57	2.40	3.20
ESP-LL	2025-11-30	Celta	Espanol	1.96	2.00	1.92	4.33	1.80	2.00	1.85	4.33
ESP-LL	2025-11-30	Girona	Real Madrid	1.36	3.30	8.00	1.40	1.36	3.20	7.00	1.38
ESP-LL	2025-11-30	Sevilla	Betis	2.05	1.80	2.76	2.90	2.00	1.80	2.63	2.70
ESP-LL	2025-11-30	Sociedad	Villarreal	1.91	2.03	3.00	2.60	1.83	2.03	2.80	2.45
ESP-LL	2025-12-01	Vallecano	Valencia	2.23	1.67	2.07	4.00	2.20	1.67	2.00	3.90
ESP-LL	2025-12-02	Barcelona	Ath Madrid	1.41	3.10	1.71	4.75	1.40	3.00	1.67	4.33
ESP-LL	2025-12-03	Ath Bilbao	Real Madrid	1.93	1.93	4.35	1.93	1.93	1.93	4.00	1.85
ESP-LL	2025-12-05	Oviedo	Mallorca	2.63	1.53	2.65	3.00	2.63	1.50	2.55	3.00
ESP-LL	2025-12-06	Alaves	Sociedad	2.75	1.50	2.75	3.00	2.75	1.44	2.75	2.90
ESP-LL	2025-12-06	Ath Bilbao	Ath Madrid	2.20	1.73	2.95	2.62	2.10	1.73	2.80	2.55
ESP-LL	2025-12-06	Betis	Barcelona	1.38	3.40	3.80	1.98	1.36	3.20	3.75	1.85
ESP-LL	2025-12-06	Villarreal	Getafe	2.20	1.73	1.67	6.00	2.20	1.67	1.62	5.75
ESP-LL	2025-12-07	Elche	Girona	2.05	1.85	2.15	3.90	2.00	1.80	2.05	3.90
ESP-LL	2025-12-07	Espanol	Vallecano	2.36	1.62	2.45	3.20	2.30	1.62	2.45	3.00
ESP-LL	2025-12-07	Real Madrid	Celta	1.40	3.20	1.29	10.50	1.40	3.00	1.25	9.50
ESP-LL	2025-12-07	Valencia	Sevilla	2.22	1.73	2.02	4.00	2.10	1.73	1.95	3.90
ESP-LL	2025-12-08	Osasuna	Levante	1.91	2.03	1.73	5.00	1.83	2.03	1.67	5.00
ESP-LL	2025-12-12	Sociedad	Girona	1.98	1.91	1.85	4.75	1.98	1.88	1.80	4.33
ESP-LL	2025-12-13	Ath Madrid	Valencia	1.60	2.40	1.32	11.00	1.57	2.38	1.30	10.00
ESP-LL	2025-12-13	Barcelona	Osasuna	1.31	3.70	1.20	15.00	1.30	3.50	1.20	13.00
ESP-LL	2025-12-13	Getafe	Espanol	3.50	1.33	2.63	3.25	3.50	1.30	2.60	3.20
ESP-LL	2025-12-13	Mallorca	Elche	2.50	1.60	2.60	3.20	2.50	1.53	2.50	3.20
ESP-LL	2025-12-14	Alaves	Real Madrid	1.80	2.10	6.10	1.62	1.73	2.10	5.75	1.57
ESP-LL	2025-12-14	Celta	Ath Bilbao	2.30	1.70	3.00	2.70	2.20	1.67	2.88	2.55
ESP-LL	2025-12-14	Sevilla	Oviedo	2.40	1.65	2.10	4.33	2.38	1.57	2.10	3.75
ESP-LL	2025-12-15	Vallecano	Betis	2.20	1.85	2.60	2.95	2.20	1.67	2.55	2.90
ESP-LL	2025-12-19	Valencia	Mallorca	2.45	1.58	2.06	4.25	2.38	1.57	2.05	3.80
ESP-LL	2025-12-20	Levante	Sociedad	2.10	1.80	3.10	2.45	2.00	1.80	3.00	2.38
ESP-LL	2025-12-20	Osasuna	Alaves	3.20	1.40	2.26	4.00	3.20	1.36	2.20	4.00
ESP-LL	2025-12-20	Oviedo	Celta	2.50	1.60	3.65	2.25	2.50	1.53	3.40	2.20
ESP-LL	2025-12-20	Real Madrid	Sevilla	1.40	3.15	1.22	15.00	1.40	3.00	1.20	13.00
ESP-LL	2025-12-21	Betis	Getafe	2.63	1.50	1.75	5.66	2.63	1.50	1.73	5.50
ESP-LL	2025-12-21	Elche	Vallecano	2.63	1.53	2.54	3.25	2.63	1.50	2.50	3.20
ESP-LL	2025-12-21	Girona	Ath Madrid	1.88	2.00	5.00	1.73	1.85	2.00	5.00	1.70
ESP-LL	2025-12-21	Villarreal	Barcelona	1.36	3.33	4.10	1.80	1.36	3.20	3.80	1.73
ESP-LL	2025-12-22	Ath Bilbao	Espanol	2.32	1.65	1.95	4.80	2.30	1.62	1.85	4.75
ESP-LL	2026-01-02	Vallecano	Getafe	3.40	1.36	2.12	5.10	3.40	1.33	2.05	4.50
ESP-LL	2026-01-03	Celta	Valencia	2.25	1.68	2.02	4.10	2.20	1.67	2.00	3.90
ESP-LL	2026-01-03	Elche	Villarreal	1.80	2.10	3.25	2.28	1.73	2.10	3.10	2.25
ESP-LL	2026-01-03	Espanol	Barcelona	1.53	2.70	6.50	1.53	1.50	2.63	5.75	1.50
ESP-LL	2026-01-03	Osasuna	Ath Bilbao	2.63	1.55	3.10	2.66	2.63	1.50	3.10	2.60
ESP-LL	2026-01-04	Alaves	Oviedo	3.40	1.36	2.00	5.50	3.40	1.33	2.00	5.25
ESP-LL	2026-01-04	Mallorca	Girona	2.30	1.65	2.30	3.50	2.30	1.62	2.30	3.40
ESP-LL	2026-01-04	Real Madrid	Betis	1.57	2.60	1.52	6.50	1.57	2.38	1.50	6.00
ESP-LL	2026-01-04	Sevilla	Levante	1.91	2.00	1.80	5.00	1.80	2.00	1.73	4.50
ESP-LL	2026-01-04	Sociedad	Ath Madrid	1.80	2.10	4.40	1.95	1.73	2.10	3.60	1.91
ESP-LL	2026-01-09	Getafe	Sociedad	3.15	1.44	3.60	2.45	3.00	1.40	3.50	2.30
ESP-LL	2026-01-10	Girona	Osasuna	2.36	1.67	2.60	3.00	2.20	1.67	2.50	2.90
ESP-LL	2026-01-10	Oviedo	Betis	2.12	1.83	4.00	2.05	2.00	1.80	3.80	1.95
ESP-LL	2026-01-10	Valencia	Elche	2.30	1.67	2.10	4.20	2.30	1.62	2.00	4.10
ESP-LL	2026-01-10	Villarreal	Alaves	2.00	1.96	1.50	8.00	2.00	1.80	1.45	7.00
ESP-LL	2026-01-11	Levante	Espanol	2.10	1.80	3.25	2.38	2.00	1.80	3.20	2.25
ESP-LL	2026-01-11	Vallecano	Mallorca	2.63	1.53	1.91	5.00	2.63	1.50	1.90	4.75
ESP-LL	2026-01-12	Sevilla	Celta	2.40	1.65	2.75	2.90	2.30	1.62	2.70	2.80
ESP-LL	2026-01-16	Espanol	Girona	2.20	1.74	1.95	4.70	2.20	1.67	1.90	4.33
ESP-LL	2026-01-17	Betis	Villarreal	1.73	2.20	2.63	2.70	1.73	2.10	2.55	2.70
ESP-LL	2026-01-17	Mallorca	Ath Bilbao	2.38	1.62	3.80	2.20	2.38	1.57	3.80	2.15
ESP-LL	2026-01-17	Osasuna	Oviedo	2.30	1.67	1.80	5.60	2.30	1.62	1.75	5.00
ESP-LL	2026-01-17	Real Madrid	Levante	1.29	3.90	1.18	18.00	1.29	3.75	1.13	15.00
ESP-LL	2026-01-18	Ath Madrid	Alaves	1.93	1.94	1.40	10.00	1.93	1.93	1.38	8.50
ESP-LL	2026-01-18	Celta	Vallecano	2.22	1.70	1.92	4.75	2.20	1.67	1.90	4.75
ESP-LL	2026-01-18	Getafe	Valencia	3.30	1.36	2.56	3.60	3.20	1.36	2.45	3.60
ESP-LL	2026-01-18	Sociedad	Barcelona	1.50	3.00	5.00	1.67	1.50	2.63	4.50	1.65
ESP-LL	2026-01-19	Elche	Sevilla	2.50	1.60	2.45	3.33	2.50	1.53	2.38	3.25
ESP-LL	2026-01-23	Levante	Elche	1.95	1.91	2.30	3.33	1.91	1.91	2.20	3.25
ESP-LL	2026-01-24	Sevilla	Ath Bilbao	2.50	1.55	2.65	3.00	2.50	1.53	2.60	3.00
ESP-LL	2026-01-24	Valencia	Espanol	2.33	1.62	2.45	3.25	2.30	1.62	2.40	3.10
ESP-LL	2026-01-24	Vallecano	Osasuna	2.42	1.62	2.25	3.60	2.30	1.62	2.20	3.50
ESP-LL	2026-01-24	Villarreal	Real Madrid	1.44	3.00	4.10	1.90	1.44	2.75	3.75	1.85
ESP-LL	2026-01-25	Alaves	Betis	2.50	1.60	2.75	3.00	2.50	1.53	2.63	2.90
ESP-LL	2026-01-25	Ath Madrid	Mallorca	1.80	2.10	1.34	10.50	1.73	2.10	1.30	9.50
ESP-LL	2026-01-25	Barcelona	Oviedo	1.26	4.20	1.17	20.00	1.25	4.00	1.11	19.00
ESP-LL	2026-01-25	Sociedad	Celta	2.12	1.73	2.20	3.66	2.10	1.73	2.15	3.50
ESP-LL	2026-01-26	Girona	Getafe	3.00	1.44	2.23	4.00	2.75	1.44	2.15	3.80
ESP-LL	2026-01-30	Espanol	Alaves	2.63	1.53	2.00	4.75	2.63	1.50	1.91	4.50
ESP-LL	2026-01-31	Elche	Barcelona	1.33	3.60	9.50	1.30	1.33	3.40	8.00	1.30
ESP-LL	2026-01-31	Levante	Ath Madrid	1.88	2.10	5.00	1.73	1.80	2.00	5.00	1.73
ESP-LL	2026-01-31	Osasuna	Villarreal	1.92	1.98	2.88	2.63	1.88	1.98	2.70	2.63
ESP-LL	2026-01-31	Oviedo	Girona	2.30	1.62	2.88	2.83	2.30	1.62	2.75	2.75
ESP-LL	2026-02-01	Ath Bilbao	Sociedad	2.20	1.70	2.25	3.60	2.20	1.67	2.25	3.50
ESP-LL	2026-02-01	Betis	Valencia	2.10	1.91	1.83	5.00	2.10	1.73	1.80	5.00
ESP-LL	2026-02-01	Getafe	Celta	3.00	1.40	3.00	2.88	3.00	1.40	2.88	2.88
ESP-LL	2026-02-01	Real Madrid	Vallecano	1.40	3.20	1.30	11.50	1.36	3.20	1.22	11.00
ESP-LL	2026-02-02	Mallorca	Sevilla	2.50	1.62	2.71	2.90	2.30	1.62	2.70	2.88
ESP-LL	2026-02-06	Celta	Osasuna	2.15	1.73	2.10	4.00	2.10	1.73	2.10	3.70
ESP-LL	2026-02-07	Barcelona	Mallorca	1.29	3.90	1.17	20.00	1.29	3.75	1.14	13.00
ESP-LL	2026-02-07	Sociedad	Elche	1.80	2.05	1.67	5.50	1.80	2.00	1.65	5.00
ESP-LL	2026-02-08	Alaves	Getafe	3.90	1.29	2.45	3.90	3.75	1.29	2.45	3.80
ESP-LL	2026-02-08	Ath Bilbao	Levante	1.91	1.95	1.68	6.10	1.90	1.95	1.60	5.75
ESP-LL	2026-02-08	Ath Madrid	Betis	1.60	2.38	1.49	7.50	1.57	2.38	1.48	5.75
ESP-LL	2026-02-08	Sevilla	Girona	2.12	1.83	2.06	3.80	2.03	1.83	2.00	3.75
ESP-LL	2026-02-08	Valencia	Real Madrid	1.68	2.38	5.60	1.68	1.67	2.20	4.75	1.65
ESP-LL	2026-02-09	Villarreal	Espanol	1.83	2.08	1.73	5.00	1.80	2.00	1.73	4.50
ESP-LL	2026-02-13	Elche	Osasuna	2.10	1.78	2.95	2.60	2.10	1.73	2.90	2.60
ESP-LL	2026-02-14	Espanol	Celta	2.45	1.62	2.70	3.00	2.38	1.57	2.63	2.80
ESP-LL	2026-02-14	Getafe	Villarreal	3.20	1.44	3.15	2.70	3.20	1.36	3.10	2.63
ESP-LL	2026-02-14	Real Madrid	Sociedad	1.63	2.60	1.40	8.50	1.57	2.38	1.40	7.00
ESP-LL	2026-02-14	Sevilla	Alaves	2.75	1.55	2.15	4.10	2.75	1.44	2.15	4.10
ESP-LL	2026-02-15	Levante	Valencia	2.10	1.78	2.80	2.75	2.10	1.73	2.70	2.70
ESP-LL	2026-02-15	Mallorca	Betis	2.15	1.75	3.10	2.55	2.10	1.73	2.88	2.55
ESP-LL	2026-02-15	Oviedo	Ath Bilbao	2.50	1.58	3.55	2.50	2.50	1.53	3.30	2.45
ESP-LL	2026-02-15	Vallecano	Ath Madrid	2.10	1.86	4.80	1.81	2.10	1.73	4.50	1.80
ESP-LL	2026-02-16	Girona	Barcelona	1.33	3.50	8.50	1.35	1.33	3.40	7.50	1.33
ESP-LL	2026-02-18	Levante	Villarreal	1.90	2.00	4.10	1.92	1.90	1.95	3.90	1.90
ESP-LL	2026-02-20	Ath Bilbao	Elche	1.96	2.03	1.75	5.33	1.83	2.03	1.70	5.00
ESP-LL	2026-02-21	Ath Madrid	Espanol	1.80	2.10	1.44	8.50	1.73	2.10	1.40	8.00
ESP-LL	2026-02-21	Betis	Vallecano	1.93	1.91	1.95	4.40	1.91	1.91	1.91	4.33
ESP-LL	2026-02-21	Osasuna	Real Madrid	1.70	2.25	4.75	1.75	1.67	2.20	4.50	1.70
ESP-LL	2026-02-21	Sociedad	Oviedo	2.05	1.91	1.57	7.50	2.00	1.85	1.57	6.00
ESP-LL	2026-02-22	Barcelona	Levante	1.20	5.00	1.11	21.00	1.20	4.50	1.10	17.00
ESP-LL	2026-02-22	Celta	Mallorca	2.20	1.73	1.83	5.00	2.20	1.67	1.75	5.00
ESP-LL	2026-02-22	Getafe	Sevilla	3.40	1.40	2.40	3.75	3.40	1.33	2.35	3.70
ESP-LL	2026-02-22	Villarreal	Valencia	1.88	2.00	1.70	5.25	1.80	2.00	1.67	4.75
ESP-LL	2026-02-23	Alaves	Girona	2.40	1.75	2.40	3.35	2.10	1.73	2.38	3.25
ESP-LL	2026-02-27	Levante	Alaves	2.30	1.65	2.75	2.90	2.30	1.62	2.75	2.75
ESP-LL	2026-02-28	Barcelona	Villarreal	1.26	4.20	1.41	7.00	1.25	4.00	1.36	7.00
ESP-LL	2026-02-28	Mallorca	Sociedad	2.20	1.73	3.15	2.40	2.10	1.73	3.00	2.38
ESP-LL	2026-02-28	Oviedo	Ath Madrid	2.03	1.85	5.20	1.80	2.03	1.83	4.75	1.80
ESP-LL	2026-02-28	Vallecano	Ath Bilbao	2.30	1.63	2.50	3.20	2.30	1.62	2.40	3.20
ESP-LL	2026-03-01	Betis	Sevilla	2.05	1.86	1.78	5.00	2.05	1.80	1.75	4.50
ESP-LL	2026-03-01	Elche	Espanol	2.00	1.85	2.45	3.10	2.00	1.85	2.40	3.00
ESP-LL	2026-03-01	Girona	Celta	2.10	1.80	2.50	3.05	2.10	1.73	2.50	2.90
ESP-LL	2026-03-01	Valencia	Osasuna	2.30	1.67	2.45	3.20	2.30	1.62	2.40	3.10
ESP-LL	2026-03-02	Real Madrid	Getafe	2.10	1.83	1.44	10.00	2.10	1.73	1.38	9.00
ESP-LL	2026-03-04	Vallecano	Oviedo	2.25	1.67	1.77	5.25	2.20	1.67	1.70	5.25
ESP-LL	2026-03-06	Celta	Real Madrid	2.00	1.92	3.20	2.45	1.91	1.91	2.80	2.45
ESP-LL	2026-03-07	Ath Bilbao	Barcelona	1.53	2.70	4.80	1.67	1.53	2.50	4.50	1.65
ESP-LL	2026-03-07	Ath Madrid	Sociedad	1.75	2.20	1.67	5.40	1.73	2.10	1.62	5.25
ESP-LL	2026-03-07	Levante	Girona	1.91	1.96	2.80	2.60	1.91	1.91	2.75	2.55
ESP-LL	2026-03-07	Osasuna	Mallorca	2.22	1.67	1.91	4.40	2.20	1.67	1.90	4.20
ESP-LL	2026-03-08	Getafe	Betis	3.20	1.50	2.85	3.14	3.20	1.36	2.75	3.10
ESP-LL	2026-03-08	Sevilla	Vallecano	2.38	1.62	2.60	3.10	2.30	1.62	2.50	3.10
ESP-LL	2026-03-08	Valencia	Alaves	2.54	1.57	2.14	4.10	2.50	1.53	2.05	4.10
ESP-LL	2026-03-08	Villarreal	Elche	1.62	2.40	1.48	7.00	1.62	2.30	1.45	6.50
ESP-LL	2026-03-09	Espanol	Oviedo	2.30	1.65	2.00	4.40	2.30	1.62	1.95	4.10
ESP-LL	2026-03-13	Alaves	Villarreal	1.94	1.95	3.60	2.15	1.90	1.95	3.50	2.10
ESP-LL	2026-03-14	Ath Madrid	Getafe	2.55	1.57	1.69	6.75	2.38	1.57	1.67	6.00
ESP-LL	2026-03-14	Girona	Ath Bilbao	2.00	1.83	2.90	2.60	2.00	1.80	2.90	2.40
ESP-LL	2026-03-14	Oviedo	Valencia	2.30	1.67	2.90	2.70	2.20	1.67	2.90	2.60
ESP-LL	2026-03-14	Real Madrid	Elche	1.46	2.95	1.32	10.50	1.44	2.75	1.30	9.00
ESP-LL	2026-03-15	Barcelona	Sevilla	1.40	3.25	1.32	10.50	1.40	3.00	1.29	10.00
ESP-LL	2026-03-15	Betis	Celta	2.00	1.88	2.08	4.00	2.00	1.85	2.05	3.90
ESP-LL	2026-03-15	Mallorca	Espanol	2.36	1.62	2.50	3.14	2.30	1.62	2.50	3.00
ESP-LL	2026-03-15	Sociedad	Osasuna	1.93	1.93	1.95	4.20	1.93	1.93	1.91	3.90
ESP-LL	2026-03-16	Vallecano	Levante	2.10	1.80	1.85	4.90	2.10	1.73	1.85	4.33
ESP-LL	2026-03-20	Villarreal	Sociedad	1.77	2.20	2.00	4.00	1.73	2.10	1.95	3.80
ESP-LL	2026-03-21	Elche	Mallorca	2.00	1.92	2.10	3.75	1.91	1.91	2.05	3.70
ESP-LL	2026-03-21	Espanol	Getafe	3.20	1.40	2.55	3.40	3.20	1.36	2.55	3.20
ESP-LL	2026-03-21	Levante	Oviedo	2.30	1.67	2.35	3.30	2.20	1.67	2.35	3.20
ESP-LL	2026-03-21	Osasuna	Girona	1.87	2.05	2.10	3.80	1.80	2.00	2.00	3.70
ESP-LL	2026-03-21	Sevilla	Valencia	2.40	1.60	2.30	3.66	2.38	1.57	2.15	3.60
ESP-LL	2026-03-22	Ath Bilbao	Betis	2.05	1.93	2.07	3.80	2.03	1.83	2.00	3.70
ESP-LL	2026-03-22	Barcelona	Vallecano	1.30	3.80	1.23	13.00	1.29	3.75	1.20	10.00
ESP-LL	2026-03-22	Celta	Alaves	2.20	1.73	2.00	4.35	2.10	1.73	1.95	4.33
ESP-LL	2026-03-22	Real Madrid	Ath Madrid	1.60	2.50	2.05	3.50	1.57	2.38	2.05	3.30
ESP-LL	2026-04-03	Vallecano	Elche	1.83	2.03	1.75	5.00	1.83	2.03	1.73	4.75
ESP-LL	2026-04-04	Ath Madrid	Barcelona	1.42	3.10	3.33	2.15	1.40	3.00	3.25	1.95
ESP-LL	2026-04-04	Betis	Espanol	1.91	2.00	1.84	4.80	1.85	2.00	1.83	4.10
ESP-LL	2026-04-04	Mallorca	Real Madrid	1.60	2.63	6.00	1.58	1.53	2.50	5.50	1.57
ESP-LL	2026-04-04	Sociedad	Levante	1.60	2.40	1.62	5.50	1.57	2.38	1.57	5.00
ESP-LL	2026-04-05	Alaves	Osasuna	2.25	1.67	2.80	2.80	2.20	1.67	2.75	2.63
ESP-LL	2026-04-05	Getafe	Ath Bilbao	3.25	1.42	3.40	2.50	3.20	1.36	3.30	2.45
ESP-LL	2026-04-05	Oviedo	Sevilla	2.63	1.57	2.88	2.85	2.63	1.50	2.80	2.70
ESP-LL	2026-04-05	Valencia	Celta	2.20	1.71	2.40	3.20	2.20	1.67	2.40	3.10
ESP-LL	2026-04-06	Girona	Villarreal	1.67	2.30	3.05	2.38	1.67	2.20	3.00	2.35
ESP-LL	2026-04-10	Real Madrid	Girona	1.33	3.75	1.38	10.00	1.29	3.75	1.30	8.50
ESP-LL	2026-04-11	Barcelona	Espanol	1.42	3.00	1.35	11.00	1.40	3.00	1.30	9.00
ESP-LL	2026-04-11	Elche	Valencia	1.83	2.08	2.70	2.88	1.83	2.03	2.70	2.55
ESP-LL	2026-04-11	Sevilla	Ath Madrid	1.94	2.00	3.20	3.30	1.80	2.00	2.15	3.20
ESP-LL	2026-04-11	Sociedad	Alaves	1.80	2.10	1.88	4.50	1.73	2.10	1.80	4.33
ESP-LL	2026-04-12	Ath Bilbao	Villarreal	1.93	1.92	2.25	3.75	1.91	1.91	2.00	3.70
ESP-LL	2026-04-12	Celta	Oviedo	2.20	1.73	1.80	5.33	2.20	1.67	1.70	4.50
ESP-LL	2026-04-12	Mallorca	Vallecano	2.10	1.85	2.45	3.00	2.00	1.85	2.45	2.88
ESP-LL	2026-04-12	Osasuna	Betis	2.05	1.88	2.33	3.20	2.05	1.80	2.30	3.10
ESP-LL	2026-04-13	Levante	Getafe	2.65	1.53	2.75	3.10	2.63	1.50	2.60	3.00
ESP-LL	2026-04-21	Ath Bilbao	Osasuna	2.03	1.83	1.92	4.60	2.03	1.83	1.85	4.20
ESP-LL	2026-04-21	Girona	Betis	1.98	1.98	2.45	3.00	1.98	1.88	2.40	3.00
ESP-LL	2026-04-21	Mallorca	Valencia	2.12	1.78	2.71	2.88	2.10	1.73	2.70	2.70
ESP-LL	2026-04-21	Real Madrid	Alaves	1.30	4.00	1.29	15.00	1.29	3.75	1.22	10.00
ESP-LL	2026-04-22	Barcelona	Celta	1.33	3.65	1.26	12.00	1.33	3.40	1.22	10.50
ESP-LL	2026-04-22	Elche	Ath Madrid	1.75	2.10	3.50	2.90	1.73	2.10	2.45	2.70
ESP-LL	2026-04-22	Sociedad	Getafe	2.63	1.57	2.30	4.50	2.63	1.50	2.30	3.50
ESP-LL	2026-04-23	Levante	Sevilla	2.20	1.70	2.50	3.10	2.20	1.67	2.50	2.90
ESP-LL	2026-04-23	Oviedo	Villarreal	2.03	1.83	3.25	2.25	2.03	1.83	3.25	2.25
ESP-LL	2026-04-23	Vallecano	Espanol	1.93	1.93	2.15	3.80	1.93	1.93	2.10	3.60
ESP-LL	2026-04-24	Betis	Real Madrid	1.50	2.80	3.70	1.93	1.50	2.63	3.60	1.90
ESP-LL	2026-04-25	Alaves	Mallorca	1.95	1.91	2.10	3.80	1.91	1.91	2.10	3.70
ESP-LL	2026-04-25	Ath Madrid	Ath Bilbao	1.87	2.10	2.10	3.70	1.73	2.10	2.00	3.50
ESP-LL	2026-04-25	Getafe	Barcelona	1.93	1.92	6.00	1.62	1.91	1.91	6.00	1.57
ESP-LL	2026-04-25	Valencia	Girona	2.05	1.83	2.36	3.25	2.03	1.83	2.25	3.20
ESP-LL	2026-04-26	Osasuna	Sevilla	2.25	1.67	1.95	4.50	2.20	1.67	1.90	4.50
ESP-LL	2026-04-26	Oviedo	Elche	2.20	1.68	2.30	3.33	2.20	1.67	2.20	3.20
ESP-LL	2026-04-26	Vallecano	Sociedad	1.80	2.10	2.70	2.75	1.73	2.10	2.70	2.60
ESP-LL	2026-04-26	Villarreal	Celta	1.67	2.30	1.95	4.00	1.67	2.20	1.91	3.80
ESP-LL	2026-04-27	Espanol	Levante	2.00	1.91	2.15	3.60	1.91	1.91	2.15	3.40
ESP-LL	2026-05-01	Girona	Mallorca	1.93	1.93	1.95	4.20	1.93	1.93	1.91	4.00
ESP-LL	2026-05-02	Alaves	Ath Bilbao	2.20	1.73	2.83	2.60	2.20	1.67	2.70	2.60
ESP-LL	2026-05-02	Osasuna	Barcelona	1.55	2.60	5.00	1.70	1.53	2.50	4.60	1.67
ESP-LL	2026-05-02	Valencia	Ath Madrid	1.93	2.00	1.72	5.00	1.93	1.93	1.62	4.33
ESP-LL	2026-05-02	Villarreal	Levante	1.50	2.70	1.78	4.30	1.50	2.63	1.75	4.00
ESP-LL	2026-05-03	Betis	Oviedo	1.93	1.94	1.57	6.50	1.91	1.91	1.57	5.75
ESP-LL	2026-05-03	Celta	Elche	1.73	2.15	1.73	5.00	1.73	2.10	1.70	4.75
ESP-LL	2026-05-03	Espanol	Real Madrid	1.67	2.30	4.50	1.80	1.67	2.20	4.33	1.75
ESP-LL	2026-05-03	Getafe	Vallecano	2.75	1.50	2.10	4.40	2.75	1.44	2.10	4.10
ESP-LL	2026-05-04	Sevilla	Sociedad	2.20	1.78	2.40	3.10	2.10	1.73	2.35	3.10
ESP-LL	2026-05-08	Levante	Osasuna	2.00	1.94	2.60	2.85	1.91	1.91	2.55	2.70
ESP-LL	2026-05-09	Ath Madrid	Celta	1.68	2.25	1.90	4.33	1.67	2.20	1.80	4.20
ESP-LL	2026-05-09	Elche	Alaves	1.96	1.91	2.30	3.50	1.91	1.91	2.25	3.30
ESP-LL	2026-05-09	Sevilla	Espanol	2.70	1.53	2.00	4.33	2.63	1.50	1.95	4.33
ESP-LL	2026-05-09	Sociedad	Betis	1.68	2.25	2.60	2.70	1.67	2.20	2.60	2.63
ESP-LL	2026-05-10	Ath Bilbao	Valencia	2.10	1.80	1.70	5.75	2.10	1.73	1.62	5.75
ESP-LL	2026-05-10	Barcelona	Real Madrid	1.38	3.40	1.69	4.60	1.36	3.20	1.65	4.20
ESP-LL	2026-05-10	Mallorca	Villarreal	1.75	2.10	2.50	2.80	1.73	2.10	2.45	2.75
ESP-LL	2026-05-10	Oviedo	Getafe	3.40	1.36	2.88	2.95	3.40	1.33	2.80	2.80
ESP-LL	2026-05-11	Vallecano	Girona	1.98	1.91	2.30	3.40	1.91	1.91	2.25	3.30
ESP-LL	2026-05-12	Betis	Elche	1.67	2.36	1.64	5.33	1.67	2.20	1.62	4.75
ESP-LL	2026-05-12	Celta	Levante	1.80	2.10	1.95	4.00	1.80	2.00	1.91	3.80
ESP-LL	2026-05-12	Osasuna	Ath Madrid	1.81	2.00	2.66	2.63	1.80	2.00	2.63	2.63
ESP-LL	2026-05-13	Alaves	Barcelona	1.60	2.50	3.20	2.25	1.57	2.38	3.00	2.20
ESP-LL	2026-05-13	Espanol	Ath Bilbao	2.63	1.54	2.80	2.88	2.63	1.50	2.75	2.88
ESP-LL	2026-05-13	Getafe	Mallorca	3.20	1.44	2.35	3.60	3.20	1.36	2.35	3.60
ESP-LL	2026-05-13	Villarreal	Sevilla	1.86	2.00	2.15	3.70	1.80	2.00	2.10	3.60
ESP-LL	2026-05-14	Girona	Sociedad	1.77	2.10	1.95	3.75	1.73	2.10	1.91	3.70
ESP-LL	2026-05-14	Real Madrid	Oviedo	1.44	2.90	1.25	13.00	1.44	2.75	1.22	12.00
ESP-LL	2026-05-14	Valencia	Vallecano	2.20	1.70	2.36	3.40	2.20	1.67	2.35	3.30
ESP-LL	2026-05-17	Ath Bilbao	Celta	2.20	1.71	2.15	3.75	2.20	1.67	2.10	3.70
ESP-LL	2026-05-17	Ath Madrid	Girona	1.67	2.25	1.83	4.25	1.67	2.20	1.83	4.20
ESP-LL	2026-05-17	Barcelona	Betis	1.33	3.60	1.35	8.00	1.33	3.40	1.33	7.00
ESP-LL	2026-05-17	Elche	Getafe	2.75	1.50	2.40	3.60	2.75	1.44	2.25	3.60
ESP-LL	2026-05-17	Levante	Mallorca	1.93	1.96	2.12	3.75	1.93	1.93	2.05	3.75
ESP-LL	2026-05-17	Osasuna	Espanol	2.40	1.65	2.20	4.25	2.30	1.62	2.10	4.00
ESP-LL	2026-05-17	Oviedo	Alaves	2.50	1.63	4.00	2.15	2.50	1.53	3.50	2.00
ESP-LL	2026-05-17	Sevilla	Real Madrid	1.67	2.30	3.66	2.00	1.62	2.30	3.50	1.95
ESP-LL	2026-05-17	Sociedad	Valencia	1.95	1.91	2.45	3.10	1.95	1.90	2.45	3.10
ESP-LL	2026-05-17	Vallecano	Villarreal	1.75	2.12	2.00	3.80	1.73	2.10	1.95	3.70
ESP-LL	2026-05-23	Alaves	Vallecano	2.10	1.73	2.18	3.60	2.10	1.73	2.10	3.60
ESP-LL	2026-05-23	Betis	Levante	1.62	2.40	2.38	3.00	1.62	2.30	2.30	3.00
ESP-LL	2026-05-23	Celta	Sevilla	2.25	1.68	1.91	4.55	2.20	1.67	1.85	4.50
ESP-LL	2026-05-23	Espanol	Sociedad	1.73	2.25	2.45	2.87	1.67	2.20	2.38	2.80
ESP-LL	2026-05-23	Getafe	Osasuna	3.50	1.36	3.00	3.10	3.50	1.30	3.00	3.00
ESP-LL	2026-05-23	Girona	Elche	1.80	2.10	1.84	4.50	1.80	2.00	1.80	4.33
ESP-LL	2026-05-23	Mallorca	Oviedo	1.91	1.92	1.50	7.50	1.91	1.91	1.50	6.25
ESP-LL	2026-05-23	Real Madrid	Ath Bilbao	1.45	3.00	1.55	5.50	1.44	2.75	1.55	5.00
ESP-LL	2026-05-23	Valencia	Barcelona	1.48	2.88	3.40	2.00	1.44	2.75	3.40	1.91
ESP-LL	2026-05-24	Villarreal	Ath Madrid	1.41	3.20	2.57	2.60	1.40	3.00	2.50	2.55
FRA-L1	2024-08-16	Le Havre	Paris SG	1.75	2.30	7.80	1.46	1.67	2.20	7.00	1.42
FRA-L1	2024-08-17	Brest	Marseille	2.14	1.89	3.40	2.42	2.08	1.82	3.25	2.30
FRA-L1	2024-08-17	Monaco	St Etienne	1.48	2.91	1.40	8.75	1.44	2.75	1.36	7.50
FRA-L1	2024-08-17	Reims	Lille	2.21	1.86	3.03	2.66	2.10	1.73	3.00	2.45
FRA-L1	2024-08-18	Angers	Lens	2.20	1.93	7.42	1.61	2.10	1.73	7.00	1.55
FRA-L1	2024-08-18	Auxerre	Nice	2.11	2.00	3.06	2.57	1.98	1.92	2.88	2.40
FRA-L1	2024-08-18	Montpellier	Strasbourg	1.85	2.23	2.12	3.81	1.73	2.10	2.00	3.50
FRA-L1	2024-08-18	Rennes	Lyon	1.97	2.03	2.44	3.21	1.95	1.95	2.25	3.10
FRA-L1	2024-08-18	Toulouse	Nantes	2.25	1.79	2.13	4.10	2.10	1.73	2.10	3.60
FRA-L1	2024-08-23	Paris SG	Montpellier	1.36	3.55	1.24	12.50	1.36	3.20	1.22	11.00
FRA-L1	2024-08-24	Lille	Angers	2.08	2.00	1.39	11.00	2.07	1.83	1.33	9.50
FRA-L1	2024-08-24	Lyon	Monaco	1.54	2.69	2.85	2.61	1.50	2.63	2.63	2.45
FRA-L1	2024-08-24	St Etienne	Le Havre	2.38	1.73	2.11	4.20	2.20	1.67	1.95	3.90
FRA-L1	2024-08-25	Lens	Brest	2.16	1.84	1.93	4.60	2.00	1.80	1.85	4.33
FRA-L1	2024-08-25	Marseille	Reims	1.61	2.55	1.38	9.00	1.57	2.38	1.36	8.00
FRA-L1	2024-08-25	Nantes	Auxerre	2.02	1.93	2.66	3.32	2.00	1.90	2.55	2.75
FRA-L1	2024-08-25	Nice	Toulouse	2.47	1.83	2.16	4.20	2.38	1.57	2.10	3.90
FRA-L1	2024-08-25	Strasbourg	Rennes	2.24	1.77	3.40	2.35	2.10	1.73	3.25	2.25
FRA-L1	2024-08-30	Lyon	Strasbourg	1.82	2.25	2.12	3.85	1.73	2.10	2.05	3.40
FRA-L1	2024-08-31	Brest	St Etienne	2.01	2.00	1.77	5.20	1.90	2.00	1.73	4.50
FRA-L1	2024-08-31	Montpellier	Nantes	1.90	2.06	2.31	3.27	1.85	2.05	2.20	3.10
FRA-L1	2024-08-31	Toulouse	Marseille	1.78	2.20	3.25	2.31	1.73	2.10	3.00	2.20
FRA-L1	2024-09-01	Angers	Nice	2.39	1.66	4.62	2.06	2.30	1.62	4.33	1.90
FRA-L1	2024-09-01	Le Havre	Auxerre	2.24	1.80	2.96	2.71	2.10	1.73	2.80	2.55
FRA-L1	2024-09-01	Lille	Paris SG	1.75	2.32	4.60	1.84	1.73	2.10	4.20	1.75
FRA-L1	2024-09-01	Monaco	Lens	1.71	2.30	2.08	3.97	1.67	2.20	2.00	3.50
FRA-L1	2024-09-01	Reims	Rennes	1.89	2.10	3.39	2.34	1.86	2.04	3.20	2.20
FRA-L1	2024-09-13	St Etienne	Lille	1.99	2.00	5.57	1.75	1.97	1.93	5.25	1.70
FRA-L1	2024-09-14	Auxerre	Monaco	1.61	2.75	4.81	1.87	1.57	2.38	4.50	1.73
FRA-L1	2024-09-14	Marseille	Nice	2.00	2.00	1.94	4.57	1.99	1.91	1.85	4.33
FRA-L1	2024-09-14	Paris SG	Brest	1.52	2.92	1.31	11.00	1.44	2.75	1.30	9.00
FRA-L1	2024-09-15	Lens	Lyon	1.58	2.55	1.84	4.40	1.53	2.50	1.75	4.33
FRA-L1	2024-09-15	Nantes	Reims	2.24	1.78	2.52	3.18	2.10	1.73	2.38	3.10
FRA-L1	2024-09-15	Rennes	Montpellier	1.52	2.88	1.47	7.37	1.44	2.75	1.42	7.00
FRA-L1	2024-09-15	Strasbourg	Angers	1.98	2.00	1.67	6.00	1.95	1.95	1.60	5.50
FRA-L1	2024-09-15	Toulouse	Le Havre	2.24	1.78	1.97	4.50	2.20	1.67	1.90	4.33
FRA-L1	2024-09-20	Nice	St Etienne	1.90	2.04	1.52	7.52	1.86	2.04	1.45	7.00
FRA-L1	2024-09-21	Lille	Strasbourg	1.82	2.19	1.59	6.10	1.73	2.10	1.55	5.75
FRA-L1	2024-09-21	Reims	Paris SG	1.53	2.70	7.80	1.43	1.50	2.63	7.00	1.40
FRA-L1	2024-09-21	Rennes	Lens	2.00	2.00	2.48	3.12	1.95	1.95	2.35	2.90
FRA-L1	2024-09-22	Angers	Nantes	2.39	1.67	3.38	2.52	2.30	1.62	3.00	2.45
FRA-L1	2024-09-22	Brest	Toulouse	2.25	1.87	2.93	3.00	2.20	1.67	2.80	2.60
FRA-L1	2024-09-22	Lyon	Marseille	1.66	2.41	2.96	2.47	1.62	2.30	2.70	2.38
FRA-L1	2024-09-22	Monaco	Le Havre	1.72	2.30	1.46	8.50	1.67	2.20	1.42	7.00
FRA-L1	2024-09-22	Montpellier	Auxerre	1.68	2.38	2.30	3.75	1.62	2.30	2.00	3.70
FRA-L1	2024-09-27	Auxerre	Brest	1.95	2.00	3.17	2.51	1.93	1.97	2.90	2.45
FRA-L1	2024-09-27	Paris SG	Rennes	1.63	2.49	1.45	8.40	1.62	2.30	1.42	6.50
FRA-L1	2024-09-28	Le Havre	Lille	2.23	1.84	4.50	1.97	2.05	1.75	4.00	1.95
FRA-L1	2024-09-28	Lens	Nice	2.16	1.79	1.97	4.50	2.10	1.73	1.90	4.20
FRA-L1	2024-09-28	Monaco	Montpellier	1.35	3.70	1.30	11.00	1.30	3.50	1.27	9.50
FRA-L1	2024-09-29	Angers	Reims	2.17	1.79	3.82	2.22	2.08	1.73	3.60	2.15
FRA-L1	2024-09-29	Nantes	St Etienne	2.12	1.94	1.82	5.30	2.10	1.73	1.73	4.75
FRA-L1	2024-09-29	Strasbourg	Marseille	1.68	2.40	3.32	2.26	1.65	2.20	3.10	2.15
FRA-L1	2024-09-29	Toulouse	Lyon	1.75	2.30	2.50	3.05	1.67	2.15	2.45	2.80
FRA-L1	2024-10-04	Marseille	Angers	1.58	2.62	1.29	13.00	1.53	2.50	1.27	11.00
FRA-L1	2024-10-05	Lille	Toulouse	2.00	2.00	1.87	4.84	1.98	1.92	1.75	4.33
FRA-L1	2024-10-05	Rennes	Monaco	1.83	2.20	3.06	2.64	1.73	2.10	2.75	2.60
FRA-L1	2024-10-05	St Etienne	Auxerre	1.99	2.10	3.23	2.42	1.98	1.92	3.00	2.35
FRA-L1	2024-10-06	Brest	Le Havre	2.25	1.78	1.92	4.80	2.20	1.67	1.80	4.50
FRA-L1	2024-10-06	Lyon	Nantes	1.75	2.30	1.80	5.77	1.67	2.20	1.65	5.50
FRA-L1	2024-10-06	Nice	Paris SG	1.67	2.41	5.64	1.62	1.62	2.30	5.25	1.57
FRA-L1	2024-10-06	Reims	Montpellier	1.61	2.53	1.71	5.25	1.57	2.38	1.65	5.00
FRA-L1	2024-10-06	Strasbourg	Lens	1.93	2.03	2.87	2.72	1.91	1.99	2.63	2.70
FRA-L1	2024-10-18	Monaco	Lille	1.70	2.30	2.15	3.93	1.67	2.20	2.00	3.60
FRA-L1	2024-10-19	Brest	Rennes	2.16	1.86	2.73	2.85	2.10	1.73	2.63	2.75
FRA-L1	2024-10-19	Paris SG	Strasbourg	1.36	3.45	1.33	11.00	1.33	3.40	1.30	9.00
FRA-L1	2024-10-19	St Etienne	Lens	1.73	2.29	6.06	1.58	1.73	2.10	6.00	1.55
FRA-L1	2024-10-20	Auxerre	Reims	1.82	2.18	3.45	2.30	1.73	2.10	3.25	2.20
FRA-L1	2024-10-20	Le Havre	Lyon	1.70	2.35	5.12	1.75	1.67	2.20	4.75	1.73
FRA-L1	2024-10-20	Montpellier	Marseille	1.55	2.63	4.82	1.79	1.53	2.50	4.33	1.75
FRA-L1	2024-10-20	Nantes	Nice	2.20	1.79	2.97	2.72	2.10	1.73	2.88	2.55
FRA-L1	2024-10-20	Toulouse	Angers	2.00	1.95	1.53	8.30	1.99	1.91	1.45	8.00
FRA-L1	2024-10-25	Rennes	Le Havre	1.99	2.04	1.56	8.10	1.92	1.98	1.53	7.00
FRA-L1	2024-10-26	Angers	St Etienne	2.02	2.00	2.31	3.47	1.93	1.85	2.20	3.20
FRA-L1	2024-10-26	Lens	Lille	2.20	1.81	2.20	3.89	2.10	1.73	2.05	3.70
FRA-L1	2024-10-26	Reims	Brest	2.11	1.88	1.95	4.60	2.08	1.82	1.85	4.33
FRA-L1	2024-10-27	Lyon	Auxerre	1.45	3.10	1.49	6.80	1.40	3.00	1.42	5.75
FRA-L1	2024-10-27	Marseille	Paris SG	1.59	2.62	4.21	1.89	1.53	2.50	4.10	1.83
FRA-L1	2024-10-27	Montpellier	Toulouse	1.71	2.33	3.44	2.21	1.67	2.20	3.20	2.10
FRA-L1	2024-10-27	Nice	Monaco	1.84	2.12	4.26	1.97	1.80	2.00	3.90	1.91
FRA-L1	2024-10-27	Strasbourg	Nantes	1.99	1.96	2.06	4.20	1.95	1.95	1.95	3.90
FRA-L1	2024-11-01	Lille	Lyon	1.65	2.45	2.28	3.23	1.57	2.38	2.20	3.00
FRA-L1	2024-11-01	Monaco	Angers	1.43	3.35	1.29	14.00	1.36	3.20	1.27	10.00
FRA-L1	2024-11-02	Brest	Nice	2.38	1.72	3.08	2.65	2.30	1.62	3.00	2.50
FRA-L1	2024-11-02	Paris SG	Lens	1.55	2.72	1.46	8.30	1.53	2.50	1.42	6.25
FRA-L1	2024-11-02	St Etienne	Strasbourg	1.78	2.32	3.75	2.75	1.67	2.20	3.40	2.05
FRA-L1	2024-11-03	Auxerre	Rennes	1.90	2.19	3.54	2.18	1.80	2.00	3.40	2.05
FRA-L1	2024-11-03	Le Havre	Montpellier	2.07	2.00	2.30	3.45	2.02	1.88	2.25	3.20
FRA-L1	2024-11-03	Nantes	Marseille	1.94	2.03	3.86	2.20	1.91	1.99	3.50	2.10
FRA-L1	2024-11-03	Toulouse	Reims	2.06	1.94	1.97	4.47	2.01	1.89	1.90	4.20
FRA-L1	2024-11-08	Marseille	Auxerre	1.57	2.66	1.50	7.00	1.53	2.50	1.44	6.50
FRA-L1	2024-11-09	Angers	Paris SG	1.51	2.88	13.00	1.30	1.50	2.63	10.00	1.27
FRA-L1	2024-11-09	Lens	Nantes	2.16	1.79	1.69	6.45	2.10	1.73	1.62	5.50
FRA-L1	2024-11-09	Strasbourg	Monaco	1.71	2.38	4.04	2.02	1.67	2.20	3.80	1.91
FRA-L1	2024-11-10	Le Havre	Reims	2.37	1.73	3.70	2.40	2.20	1.67	3.50	2.25
FRA-L1	2024-11-10	Lyon	St Etienne	1.43	3.15	1.35	9.30	1.40	3.00	1.30	8.50
FRA-L1	2024-11-10	Montpellier	Brest	2.18	1.88	3.04	2.63	2.10	1.73	2.88	2.55
FRA-L1	2024-11-10	Nice	Lille	2.13	1.85	2.40	3.36	2.07	1.83	2.25	3.30
FRA-L1	2024-11-10	Rennes	Toulouse	2.13	1.86	2.41	3.31	2.05	1.85	2.25	3.10
FRA-L1	2024-11-22	Monaco	Brest	1.84	2.20	1.60	6.59	1.80	2.00	1.57	5.75
FRA-L1	2024-11-22	Paris SG	Toulouse	1.54	3.14	1.44	8.31	1.40	3.00	1.40	6.50
FRA-L1	2024-11-23	Lens	Marseille	1.93	2.12	2.37	3.31	1.92	1.98	2.25	3.20
FRA-L1	2024-11-23	Reims	Lyon	1.61	2.56	3.29	2.33	1.53	2.50	3.10	2.15
FRA-L1	2024-11-23	St Etienne	Montpellier	1.92	2.09	2.47	3.19	1.86	2.04	2.45	2.88
FRA-L1	2024-11-24	Auxerre	Angers	1.89	2.13	1.84	5.13	1.84	2.06	1.75	4.75
FRA-L1	2024-11-24	Lille	Rennes	2.19	1.89	1.95	4.60	2.10	1.73	1.90	4.33
FRA-L1	2024-11-24	Nantes	Le Havre	2.46	1.62	1.98	5.13	2.38	1.57	1.90	4.33
FRA-L1	2024-11-24	Nice	Strasbourg	1.76	2.28	1.82	4.82	1.67	2.20	1.75	4.50
FRA-L1	2024-11-29	Reims	Lens	2.04	1.92	3.26	2.38	2.03	1.87	3.20	2.25
FRA-L1	2024-11-30	Brest	Strasbourg	2.02	2.00	2.20	3.75	2.00	1.90	2.10	3.50
FRA-L1	2024-11-30	Paris SG	Nantes	1.52	3.05	1.21	18.50	1.44	2.75	1.17	15.00
FRA-L1	2024-11-30	Rennes	St Etienne	2.04	2.00	1.67	6.20	2.01	1.89	1.55	5.50
FRA-L1	2024-12-01	Le Havre	Angers	2.47	1.64	2.47	3.60	2.25	1.57	2.30	3.50
FRA-L1	2024-12-01	Lyon	Nice	1.56	2.65	1.83	4.80	1.46	2.57	1.67	4.50
FRA-L1	2024-12-01	Marseille	Monaco	1.75	2.44	2.71	2.75	1.73	2.10	2.63	2.63
FRA-L1	2024-12-01	Montpellier	Lille	1.93	2.13	5.16	1.88	1.88	2.02	4.50	1.80
FRA-L1	2024-12-01	Toulouse	Auxerre	1.85	2.14	1.72	5.70	1.68	2.05	1.65	5.50
FRA-L1	2024-12-06	Auxerre	Paris SG	1.42	3.35	10.50	1.33	1.40	3.00	10.00	1.27
FRA-L1	2024-12-06	Lille	Brest	2.11	1.88	1.77	6.30	2.07	1.83	1.62	6.25
FRA-L1	2024-12-07	Angers	Lyon	1.65	2.45	5.56	1.70	1.62	2.30	5.25	1.62
FRA-L1	2024-12-07	Monaco	Toulouse	1.83	2.20	1.92	4.50	1.80	2.00	1.85	4.00
FRA-L1	2024-12-07	Nice	Le Havre	2.00	2.02	1.62	6.50	1.90	2.00	1.57	6.25
FRA-L1	2024-12-08	Lens	Montpellier	1.73	2.33	1.43	8.70	1.67	2.20	1.40	7.50
FRA-L1	2024-12-08	Nantes	Rennes	2.61	1.67	3.72	2.52	2.50	1.53	3.10	2.45
FRA-L1	2024-12-08	St Etienne	Marseille	1.78	2.20	6.64	1.67	1.73	2.10	6.00	1.53
FRA-L1	2024-12-08	Strasbourg	Reims	1.87	2.17	2.60	3.02	1.85	2.05	2.40	3.00
FRA-L1	2024-12-13	Toulouse	St Etienne	1.90	2.22	1.48	8.62	1.80	2.00	1.44	7.50
FRA-L1	2024-12-14	Auxerre	Lens	1.83	2.12	4.81	2.05	1.80	2.00	4.50	1.75
FRA-L1	2024-12-14	Marseille	Lille	1.95	2.00	2.25	3.73	1.92	1.98	2.05	3.60
FRA-L1	2024-12-14	Reims	Monaco	1.99	2.28	3.68	2.25	1.87	2.03	3.30	2.20
FRA-L1	2024-12-15	Brest	Nantes	2.55	1.65	2.47	3.80	2.50	1.53	2.25	3.40
FRA-L1	2024-12-15	Le Havre	Strasbourg	2.14	1.82	3.55	2.50	2.10	1.73	3.30	2.25
FRA-L1	2024-12-15	Montpellier	Nice	1.73	2.50	3.30	2.42	1.57	2.38	2.70	2.38
FRA-L1	2024-12-15	Paris SG	Lyon	1.37	3.35	1.43	8.00	1.36	3.20	1.38	6.50
FRA-L1	2024-12-15	Rennes	Angers	2.14	1.91	1.67	6.14	2.10	1.73	1.65	5.50
FRA-L1	2024-12-18	Monaco	Paris SG	1.62	2.63	4.62	1.90	1.53	2.50	4.50	1.73
FRA-L1	2025-01-03	Nice	Rennes	2.24	1.82	2.42	3.38	2.10	1.73	2.38	3.20
FRA-L1	2025-01-04	Lille	Nantes	2.02	2.00	1.58	7.28	2.01	1.92	1.50	6.00
FRA-L1	2025-01-04	Lyon	Montpellier	1.38	3.58	1.38	8.50	1.36	3.20	1.36	7.50
FRA-L1	2025-01-04	St Etienne	Reims	1.90	2.06	3.79	2.19	1.87	2.06	3.40	2.15
FRA-L1	2025-01-05	Angers	Brest	2.44	1.71	3.65	2.39	2.38	1.57	3.25	2.30
FRA-L1	2025-01-05	Lens	Toulouse	1.99	1.95	2.07	4.16	1.95	1.95	1.95	3.90
FRA-L1	2025-01-05	Marseille	Le Havre	1.79	2.28	1.34	11.50	1.73	2.10	1.29	9.50
FRA-L1	2025-01-05	Strasbourg	Auxerre	1.67	2.41	1.88	4.40	1.62	2.30	1.80	4.10
FRA-L1	2025-01-10	Auxerre	Lille	1.99	2.00	5.15	1.80	1.95	1.95	5.00	1.73
FRA-L1	2025-01-10	Nantes	Monaco	2.19	1.98	4.93	2.15	2.10	1.73	3.60	2.15
FRA-L1	2025-01-11	Brest	Lyon	1.90	2.38	3.70	2.27	1.90	2.03	3.50	2.05
FRA-L1	2025-01-11	Reims	Nice	1.94	2.01	2.98	2.61	1.93	2.00	2.80	2.50
FRA-L1	2025-01-11	Rennes	Marseille	2.09	1.87	3.49	2.37	2.08	1.85	3.20	2.30
FRA-L1	2025-01-12	Le Havre	Lens	1.99	1.96	6.61	1.60	1.95	1.95	6.00	1.55
FRA-L1	2025-01-12	Montpellier	Angers	2.06	1.91	2.16	3.92	2.05	1.85	2.00	3.70
FRA-L1	2025-01-12	Paris SG	St Etienne	1.22	4.80	1.12	23.00	1.20	4.50	1.10	19.00
FRA-L1	2025-01-12	Toulouse	Strasbourg	2.00	2.00	2.08	4.32	1.98	1.92	1.95	3.80
FRA-L1	2025-01-17	Lille	Nice	2.04	1.93	2.23	4.26	2.02	1.88	1.91	4.00
FRA-L1	2025-01-17	Montpellier	Monaco	1.51	2.75	5.38	1.64	1.50	2.63	5.00	1.60
FRA-L1	2025-01-18	Lens	Paris SG	1.65	2.60	4.10	1.93	1.62	2.30	3.75	1.90
FRA-L1	2025-01-18	Lyon	Toulouse	1.75	2.25	1.92	4.54	1.67	2.20	1.75	4.33
FRA-L1	2025-01-18	Rennes	Brest	2.50	1.70	2.05	4.34	2.50	1.53	1.95	4.20
FRA-L1	2025-01-19	Angers	Auxerre	2.18	1.87	2.36	3.48	2.10	1.73	2.25	3.25
FRA-L1	2025-01-19	Marseille	Strasbourg	1.62	2.45	1.63	5.60	1.62	2.30	1.60	5.00
FRA-L1	2025-01-19	Reims	Le Havre	2.07	1.87	1.69	5.72	2.06	1.84	1.67	5.00
FRA-L1	2025-01-19	St Etienne	Nantes	2.14	1.87	3.10	2.55	2.00	1.80	2.90	2.45
FRA-L1	2025-01-24	Auxerre	St Etienne	2.00	2.03	2.06	4.15	1.92	1.98	1.90	4.00
FRA-L1	2025-01-25	Monaco	Rennes	1.93	2.15	1.73	5.40	1.90	2.00	1.70	5.00
FRA-L1	2025-01-25	Paris SG	Reims	1.34	4.33	1.22	15.00	1.22	4.33	1.20	10.00
FRA-L1	2025-01-25	Strasbourg	Lille	2.09	1.93	3.15	2.58	2.08	1.82	2.90	2.50
FRA-L1	2025-01-26	Le Havre	Brest	2.17	1.80	3.52	2.35	2.10	1.73	3.30	2.25
FRA-L1	2025-01-26	Lens	Angers	2.00	2.09	1.54	7.69	1.80	2.00	1.50	6.50
FRA-L1	2025-01-26	Nantes	Lyon	2.00	2.09	4.33	1.93	1.80	2.00	4.10	1.85
FRA-L1	2025-01-26	Nice	Marseille	1.92	2.10	2.77	2.73	1.88	2.02	2.63	2.70
FRA-L1	2025-01-26	Toulouse	Montpellier	1.82	2.17	1.74	5.30	1.80	2.00	1.67	5.00
FRA-L1	2025-01-31	Montpellier	Lens	1.82	2.21	4.39	1.90	1.73	2.10	4.33	1.85
FRA-L1	2025-02-01	Brest	Paris SG	1.47	2.88	9.20	1.40	1.44	2.75	8.00	1.33
FRA-L1	2025-02-01	Lille	St Etienne	1.82	2.16	1.55	7.50	1.73	2.10	1.50	6.50
FRA-L1	2025-02-01	Monaco	Auxerre	1.46	2.85	1.43	8.50	1.44	2.75	1.38	7.00
FRA-L1	2025-02-02	Angers	Le Havre	2.40	1.70	1.92	4.97	2.30	1.62	1.83	4.50
FRA-L1	2025-02-02	Marseille	Lyon	1.74	2.32	2.12	3.61	1.73	2.10	2.05	3.40
FRA-L1	2025-02-02	Reims	Nantes	2.38	1.71	2.30	3.63	2.20	1.67	2.20	3.40
FRA-L1	2025-02-02	Rennes	Strasbourg	2.09	2.01	2.08	4.33	2.05	1.85	1.91	4.10
FRA-L1	2025-02-02	Toulouse	Nice	1.99	1.97	3.19	2.65	1.95	1.95	3.00	2.40
FRA-L1	2025-02-07	Nantes	Brest	2.32	1.73	2.67	3.21	2.20	1.67	2.50	3.00
FRA-L1	2025-02-07	Paris SG	Monaco	1.32	3.95	1.48	7.16	1.29	3.75	1.42	6.00
FRA-L1	2025-02-08	Lille	Le Havre	1.64	2.53	1.28	14.50	1.53	2.32	1.22	12.00
FRA-L1	2025-02-08	Nice	Lens	1.83	2.11	2.48	3.05	1.73	2.10	2.40	2.90
FRA-L1	2025-02-08	St Etienne	Rennes	1.96	2.10	3.61	2.38	1.88	2.02	3.00	2.30
FRA-L1	2025-02-09	Angers	Marseille	1.78	2.21	6.00	1.64	1.73	2.10	5.50	1.57
FRA-L1	2025-02-09	Auxerre	Toulouse	2.14	1.86	3.09	2.58	2.10	1.73	2.90	2.50
FRA-L1	2025-02-09	Lyon	Reims	1.62	2.55	1.57	6.40	1.62	2.30	1.50	6.00
FRA-L1	2025-02-09	Strasbourg	Montpellier	1.75	2.32	1.76	5.27	1.67	2.20	1.65	5.00
FRA-L1	2025-02-14	Brest	Auxerre	2.07	1.98	2.31	3.69	1.92	1.98	2.10	3.60
FRA-L1	2025-02-15	Marseille	St Etienne	1.39	3.27	1.25	12.50	1.36	3.20	1.22	10.00
FRA-L1	2025-02-15	Monaco	Nantes	1.62	2.47	1.57	6.50	1.62	2.30	1.50	6.00
FRA-L1	2025-02-15	Toulouse	Paris SG	1.66	2.50	6.50	1.58	1.62	2.30	5.50	1.55
FRA-L1	2025-02-16	Le Havre	Nice	1.83	2.21	5.80	1.64	1.73	2.10	5.50	1.62
FRA-L1	2025-02-16	Lens	Strasbourg	1.82	2.26	1.93	4.39	1.73	2.10	1.83	4.10
FRA-L1	2025-02-16	Montpellier	Lyon	1.49	2.82	5.62	1.60	1.44	2.75	5.00	1.55
FRA-L1	2025-02-16	Reims	Angers	2.38	1.73	1.99	4.58	2.30	1.62	1.90	4.20
FRA-L1	2025-02-16	Rennes	Lille	2.35	1.73	3.17	2.65	2.30	1.62	3.10	2.45
FRA-L1	2025-02-21	Rennes	Reims	2.08	1.88	2.35	3.51	2.04	1.86	2.20	3.30
FRA-L1	2025-02-22	Auxerre	Marseille	1.69	2.42	6.10	1.59	1.57	2.25	5.50	1.55
FRA-L1	2025-02-22	Lille	Monaco	1.73	2.32	2.51	3.30	1.67	2.20	2.40	2.80
FRA-L1	2025-02-22	St Etienne	Angers	1.99	2.01	2.54	3.10	1.97	1.93	2.40	2.90
FRA-L1	2025-02-23	Le Havre	Toulouse	2.33	1.70	4.10	2.16	2.20	1.67	3.70	2.05
FRA-L1	2025-02-23	Lyon	Paris SG	1.44	3.16	6.20	1.56	1.40	3.00	5.50	1.50
FRA-L1	2025-02-23	Nantes	Lens	2.15	1.88	3.73	2.23	2.10	1.73	3.50	2.15
FRA-L1	2025-02-23	Nice	Montpellier	1.61	2.75	1.36	9.30	1.57	2.38	1.33	9.00
FRA-L1	2025-02-23	Strasbourg	Brest	2.11	1.97	2.28	3.65	2.00	1.80	2.15	3.40
FRA-L1	2025-02-28	Monaco	Reims	1.50	2.90	1.39	9.20	1.44	2.75	1.36	8.00
FRA-L1	2025-03-01	Lens	Le Havre	1.90	2.14	1.45	9.50	1.80	2.00	1.40	7.50
FRA-L1	2025-03-01	Paris SG	Lille	1.60	2.75	1.40	9.50	1.57	2.38	1.33	8.50
FRA-L1	2025-03-01	St Etienne	Nice	1.68	2.43	5.50	1.68	1.62	2.30	5.00	1.65
FRA-L1	2025-03-02	Angers	Toulouse	2.42	1.68	4.10	2.11	2.30	1.62	3.80	2.05
FRA-L1	2025-03-02	Auxerre	Strasbourg	1.97	2.02	3.18	2.51	1.88	2.02	3.00	2.38
FRA-L1	2025-03-02	Lyon	Brest	1.67	2.42	1.77	5.00	1.62	2.30	1.70	4.50
FRA-L1	2025-03-02	Marseille	Nantes	1.61	2.50	1.36	9.17	1.57	2.38	1.33	8.00
FRA-L1	2025-03-02	Montpellier	Rennes	2.00	2.05	3.99	2.12	1.95	1.95	3.75	2.00
FRA-L1	2025-03-07	Toulouse	Monaco	1.82	2.29	3.43	2.29	1.80	2.00	3.20	2.20
FRA-L1	2025-03-08	Lille	Montpellier	1.70	2.35	1.46	8.60	1.62	2.15	1.42	7.00
FRA-L1	2025-03-08	Marseille	Lens	1.70	2.35	1.57	6.80	1.67	2.20	1.50	6.00
FRA-L1	2025-03-08	Rennes	Paris SG	1.61	2.66	5.25	1.75	1.50	2.63	4.50	1.67
FRA-L1	2025-03-09	Brest	Angers	2.09	1.94	1.74	5.82	2.00	1.80	1.65	5.50
FRA-L1	2025-03-09	Le Havre	St Etienne	1.99	1.98	2.48	3.30	1.93	1.97	2.45	2.88
FRA-L1	2025-03-09	Nantes	Strasbourg	1.92	2.06	3.10	2.54	1.92	1.98	2.88	2.40
FRA-L1	2025-03-09	Nice	Lyon	1.78	2.30	2.23	3.68	1.73	2.10	2.10	3.30
FRA-L1	2025-03-09	Reims	Auxerre	2.13	1.90	2.61	3.20	2.03	1.87	2.50	2.88
FRA-L1	2025-03-14	Nice	Auxerre	1.83	2.22	1.67	6.00	1.80	2.00	1.57	5.50
FRA-L1	2025-03-15	Angers	Monaco	1.54	2.77	8.50	1.44	1.50	2.63	7.50	1.38
FRA-L1	2025-03-15	Lens	Rennes	2.08	1.88	2.10	4.00	2.08	1.82	2.00	3.80
FRA-L1	2025-03-15	Nantes	Lille	2.16	1.80	4.54	2.03	2.10	1.73	4.33	1.91
FRA-L1	2025-03-16	Brest	Reims	2.13	1.88	1.75	6.00	2.05	1.85	1.65	5.25
FRA-L1	2025-03-16	Lyon	Le Havre	1.50	2.86	1.30	11.00	1.44	2.75	1.27	9.00
FRA-L1	2025-03-16	Montpellier	St Etienne	1.73	2.31	2.42	3.19	1.67	2.20	2.30	3.00
FRA-L1	2025-03-16	Paris SG	Marseille	1.52	2.95	1.37	9.20	1.50	2.63	1.33	8.00
FRA-L1	2025-03-16	Strasbourg	Toulouse	2.14	1.82	2.73	2.94	2.00	1.80	2.60	2.80
FRA-L1	2025-03-28	Strasbourg	Lyon	1.70	2.32	2.85	2.62	1.67	2.20	2.55	2.55
FRA-L1	2025-03-29	Monaco	Nice	1.68	2.42	1.95	4.25	1.62	2.30	1.90	3.80
FRA-L1	2025-03-29	Reims	Marseille	1.90	2.16	5.78	1.69	1.80	2.00	5.00	1.62
FRA-L1	2025-03-29	St Etienne	Paris SG	1.26	4.10	13.00	1.27	1.25	4.00	10.00	1.27
FRA-L1	2025-03-30	Angers	Rennes	2.16	1.84	4.07	2.15	2.10	1.73	3.80	2.05
FRA-L1	2025-03-30	Auxerre	Montpellier	1.82	2.17	1.86	4.80	1.73	2.10	1.80	4.10
FRA-L1	2025-03-30	Le Havre	Nantes	2.35	1.71	3.23	2.51	2.20	1.67	3.10	2.45
FRA-L1	2025-03-30	Lille	Lens	2.15	1.82	2.11	4.28	2.08	1.82	2.05	3.75
FRA-L1	2025-03-30	Toulouse	Brest	2.12	1.88	2.10	4.07	2.00	1.80	2.00	3.80
FRA-L1	2025-04-04	Nice	Nantes	1.74	2.25	1.53	7.17	1.73	2.10	1.48	7.00
FRA-L1	2025-04-05	Brest	Monaco	1.61	2.55	4.63	1.85	1.57	2.38	4.50	1.75
FRA-L1	2025-04-05	Lyon	Lille	1.86	2.20	2.36	3.25	1.80	2.00	2.25	3.00
FRA-L1	2025-04-05	Paris SG	Angers	1.25	4.50	1.15	21.00	1.25	4.00	1.14	19.00
FRA-L1	2025-04-06	Lens	St Etienne	1.60	2.53	1.64	5.90	1.53	2.50	1.57	5.75
FRA-L1	2025-04-06	Marseille	Toulouse	1.71	2.32	1.75	5.02	1.67	2.20	1.73	4.50
FRA-L1	2025-04-06	Montpellier	Le Havre	1.99	2.00	2.58	2.93	1.90	2.00	2.50	2.80
FRA-L1	2025-04-06	Reims	Strasbourg	1.99	2.00	3.80	2.19	1.92	1.98	3.40	2.10
FRA-L1	2025-04-06	Rennes	Auxerre	1.82	2.19	1.95	4.38	1.73	2.10	1.85	4.20
FRA-L1	2025-04-11	Lens	Reims	1.90	2.20	1.62	6.17	1.73	2.10	1.57	6.00
FRA-L1	2025-04-12	Monaco	Marseille	1.48	2.93	1.94	3.83	1.41	2.70	1.90	3.60
FRA-L1	2025-04-12	Strasbourg	Nice	1.83	2.13	2.95	2.55	1.80	2.00	2.90	2.38
FRA-L1	2025-04-12	Toulouse	Lille	2.16	1.81	3.41	2.43	2.10	1.73	3.20	2.30
FRA-L1	2025-04-13	Angers	Montpellier	2.06	1.88	2.02	4.32	2.04	1.86	1.90	4.20
FRA-L1	2025-04-13	Auxerre	Lyon	1.57	2.60	4.41	1.86	1.53	2.50	4.20	1.80
FRA-L1	2025-04-13	Le Havre	Rennes	2.01	2.01	4.02	2.14	1.98	1.92	3.75	2.00
FRA-L1	2025-04-13	St Etienne	Brest	1.65	2.40	3.81	2.07	1.62	2.30	3.60	2.00
FRA-L1	2025-04-18	Rennes	Nantes	1.92	2.04	1.90	5.25	1.89	2.01	1.85	4.20
FRA-L1	2025-04-19	Marseille	Montpellier	1.35	3.50	1.18	20.00	1.30	3.50	1.14	13.00
FRA-L1	2025-04-19	Monaco	Strasbourg	1.45	3.00	1.55	6.40	1.44	2.75	1.48	6.00
FRA-L1	2025-04-19	Paris SG	Le Havre	1.25	4.21	1.21	16.00	1.25	4.00	1.18	13.00
FRA-L1	2025-04-20	Brest	Lens	1.92	2.01	2.53	3.05	1.91	1.99	2.45	3.00
FRA-L1	2025-04-20	Lille	Auxerre	1.70	2.33	1.38	9.47	1.67	2.20	1.33	8.50
FRA-L1	2025-04-20	Nice	Angers	1.76	2.21	1.43	8.70	1.73	2.10	1.38	8.00
FRA-L1	2025-04-20	Reims	Toulouse	1.88	2.10	3.99	2.15	1.86	2.04	3.75	2.00
FRA-L1	2025-04-20	St Etienne	Lyon	1.49	2.88	5.10	1.64	1.44	2.75	4.75	1.62
FRA-L1	2025-04-22	Nantes	Paris SG	1.48	2.95	7.59	1.41	1.44	2.75	7.00	1.38
FRA-L1	2025-04-25	Paris SG	Nice	1.45	3.05	1.60	6.17	1.44	2.75	1.50	5.75
FRA-L1	2025-04-26	Le Havre	Monaco	1.53	2.63	8.70	1.41	1.50	2.63	7.50	1.38
FRA-L1	2025-04-26	Lyon	Rennes	1.53	2.75	1.70	5.17	1.50	2.63	1.60	4.75
FRA-L1	2025-04-26	Strasbourg	St Etienne	1.51	2.75	1.57	5.70	1.50	2.63	1.53	5.50
FRA-L1	2025-04-27	Angers	Lille	1.99	2.01	7.67	1.49	1.89	2.01	7.50	1.45
FRA-L1	2025-04-27	Lens	Auxerre	1.65	2.45	1.59	5.90	1.57	2.38	1.55	5.75
FRA-L1	2025-04-27	Marseille	Brest	1.51	2.80	1.40	8.54	1.46	2.57	1.33	8.00
FRA-L1	2025-04-27	Montpellier	Reims	1.82	2.19	4.43	1.90	1.73	2.10	4.33	1.83
FRA-L1	2025-04-27	Nantes	Toulouse	2.35	1.74	3.03	2.74	2.20	1.67	2.90	2.50
FRA-L1	2025-05-02	Nice	Reims	1.56	2.55	1.40	8.70	1.53	2.50	1.36	8.00
FRA-L1	2025-05-03	St Etienne	Monaco	1.35	3.65	6.50	1.50	1.33	3.40	5.75	1.45
FRA-L1	2025-05-03	Strasbourg	Paris SG	1.51	2.75	2.45	2.88	1.44	2.75	2.25	2.80
FRA-L1	2025-05-03	Toulouse	Rennes	1.82	2.21	2.21	3.46	1.73	2.10	2.15	3.30
FRA-L1	2025-05-04	Auxerre	Le Havre	1.82	2.19	2.50	2.95	1.73	2.10	2.40	2.75
FRA-L1	2025-05-04	Brest	Montpellier	1.61	2.55	1.40	8.94	1.53	2.50	1.33	7.50
FRA-L1	2025-05-04	Lille	Marseille	1.89	2.10	2.47	3.10	1.88	2.02	2.38	3.00
FRA-L1	2025-05-04	Lyon	Lens	1.43	3.20	1.48	6.80	1.40	3.00	1.42	6.00
FRA-L1	2025-05-04	Nantes	Angers	2.24	1.74	2.02	4.38	2.10	1.73	1.95	4.10
FRA-L1	2025-05-10	Angers	Strasbourg	1.90	2.06	4.54	1.85	1.87	2.03	4.33	1.80
FRA-L1	2025-05-10	Auxerre	Nantes	2.13	1.88	2.87	2.66	2.00	1.80	2.75	2.60
FRA-L1	2025-05-10	Brest	Lille	1.82	2.26	5.00	1.74	1.67	2.20	4.50	1.67
FRA-L1	2025-05-10	Le Havre	Marseille	1.70	2.45	6.54	1.56	1.62	2.30	5.50	1.50
FRA-L1	2025-05-10	Monaco	Lyon	1.42	3.25	1.86	4.00	1.36	3.20	1.83	3.60
FRA-L1	2025-05-10	Montpellier	Paris SG	1.32	3.65	7.00	1.43	1.30	3.50	6.25	1.40
FRA-L1	2025-05-10	Reims	St Etienne	1.82	2.18	2.23	3.41	1.73	2.10	2.15	3.25
FRA-L1	2025-05-10	Rennes	Nice	1.64	2.63	3.25	2.21	1.50	2.63	3.10	2.15
FRA-L1	2025-05-10	Toulouse	Lens	1.90	2.09	2.30	3.31	1.86	2.04	2.20	3.20
FRA-L1	2025-05-17	Lens	Monaco	1.45	3.00	2.70	2.50	1.44	2.75	2.63	2.40
FRA-L1	2025-05-17	Lille	Reims	1.82	2.25	1.40	9.50	1.73	2.10	1.33	9.50
FRA-L1	2025-05-17	Lyon	Angers	1.27	4.07	1.18	15.63	1.25	4.00	1.17	13.00
FRA-L1	2025-05-17	Marseille	Rennes	1.48	2.90	1.63	5.44	1.44	2.75	1.57	5.00
FRA-L1	2025-05-17	Nantes	Montpellier	1.90	2.07	1.59	6.55	1.83	2.03	1.53	5.75
FRA-L1	2025-05-17	Nice	Brest	1.50	2.84	1.54	6.25	1.44	2.75	1.50	6.00
FRA-L1	2025-05-17	Paris SG	Auxerre	1.24	4.50	1.14	22.20	1.22	4.33	1.10	19.00
FRA-L1	2025-05-17	St Etienne	Toulouse	1.61	2.48	2.46	3.01	1.57	2.38	2.35	2.70
FRA-L1	2025-05-17	Strasbourg	Le Havre	1.43	3.03	1.57	6.00	1.40	3.00	1.53	5.00
FRA-L1	2025-08-15	Rennes	Marseille	1.81	2.08	3.90	1.97	1.80	2.00	3.90	1.91
FRA-L1	2025-08-16	Lens	Lyon	1.75	2.20	2.54	2.90	1.73	2.10	2.50	2.75
FRA-L1	2025-08-16	Monaco	Le Havre	1.44	3.00	1.23	13.00	1.40	3.00	1.22	11.00
FRA-L1	2025-08-16	Nice	Toulouse	2.06	1.85	2.00	4.20	2.00	1.85	1.91	4.10
FRA-L1	2025-08-17	Angers	Paris FC	2.00	1.87	3.13	2.40	2.00	1.85	3.10	2.35
FRA-L1	2025-08-17	Auxerre	Lorient	2.16	1.83	2.55	3.00	2.10	1.73	2.55	2.88
FRA-L1	2025-08-17	Brest	Lille	2.10	1.80	2.55	3.13	2.05	1.80	2.45	3.00
FRA-L1	2025-08-17	Metz	Strasbourg	1.91	1.98	4.00	2.05	1.88	1.98	3.75	2.00
FRA-L1	2025-08-17	Nantes	Paris SG	1.50	2.95	14.00	1.25	1.44	2.75	13.00	1.20
FRA-L1	2025-08-22	Paris SG	Angers	1.27	4.00	1.08	41.00	1.25	4.00	1.06	23.00
FRA-L1	2025-08-23	Lyon	Metz	1.53	2.55	1.44	7.50	1.53	2.50	1.40	7.00
FRA-L1	2025-08-23	Marseille	Paris FC	1.57	2.50	1.44	8.00	1.53	2.40	1.42	6.25
FRA-L1	2025-08-23	Nice	Auxerre	2.00	1.94	1.88	4.50	2.00	1.85	1.85	4.10
FRA-L1	2025-08-24	Le Havre	Lens	1.87	2.05	4.65	1.88	1.83	2.03	4.20	1.85
FRA-L1	2025-08-24	Lille	Monaco	1.68	2.28	3.35	2.20	1.67	2.15	3.20	2.15
FRA-L1	2025-08-24	Lorient	Rennes	2.01	1.85	2.80	2.60	2.00	1.85	2.75	2.55
FRA-L1	2025-08-24	Strasbourg	Nantes	2.07	1.87	1.80	5.40	2.05	1.80	1.75	5.00
FRA-L1	2025-08-24	Toulouse	Brest	2.05	1.83	2.30	3.33	2.03	1.83	2.20	3.25
FRA-L1	2025-08-29	Lens	Brest	1.75	2.15	2.00	4.10	1.73	2.10	1.91	3.75
FRA-L1	2025-08-30	Lorient	Lille	1.91	1.95	3.33	2.21	1.90	1.95	3.30	2.15
FRA-L1	2025-08-30	Nantes	Auxerre	2.20	1.80	2.60	3.10	2.05	1.80	2.50	2.75
FRA-L1	2025-08-30	Toulouse	Paris SG	1.55	2.50	9.00	1.35	1.53	2.50	8.50	1.33
FRA-L1	2025-08-31	Angers	Rennes	2.04	1.93	4.75	1.84	1.93	1.93	4.75	1.77
FRA-L1	2025-08-31	Le Havre	Nice	2.05	1.90	3.40	2.30	1.95	1.90	3.10	2.30
FRA-L1	2025-08-31	Lyon	Marseille	1.75	2.25	3.00	2.45	1.75	2.05	2.80	2.45
FRA-L1	2025-08-31	Monaco	Strasbourg	1.53	2.75	1.50	7.00	1.44	2.75	1.42	6.25
FRA-L1	2025-08-31	Paris FC	Metz	1.92	2.00	1.77	4.75	1.85	2.00	1.73	4.50
FRA-L1	2025-09-12	Marseille	Lorient	1.67	2.45	1.37	9.00	1.67	2.20	1.36	8.50
FRA-L1	2025-09-13	Auxerre	Monaco	1.47	2.80	5.25	1.60	1.44	2.75	5.00	1.57
FRA-L1	2025-09-13	Nice	Nantes	1.77	2.11	1.58	6.50	1.73	2.10	1.53	6.25
FRA-L1	2025-09-14	Brest	Paris FC	1.81	2.05	2.72	2.75	1.80	2.00	2.63	2.60
FRA-L1	2025-09-14	Lille	Toulouse	2.00	1.91	1.88	4.35	1.98	1.88	1.85	4.20
FRA-L1	2025-09-14	Metz	Angers	2.16	1.77	2.28	3.35	2.10	1.73	2.25	3.20
FRA-L1	2025-09-14	Paris SG	Lens	1.40	3.10	1.38	8.50	1.40	3.00	1.36	7.00
FRA-L1	2025-09-14	Rennes	Lyon	1.90	2.17	2.70	2.80	1.90	1.95	2.55	2.80
FRA-L1	2025-09-14	Strasbourg	Le Havre	2.03	1.95	1.85	4.60	2.03	1.83	1.83	4.20
FRA-L1	2025-09-19	Lyon	Angers	1.80	2.08	1.48	7.50	1.80	2.05	1.48	6.50
FRA-L1	2025-09-20	Brest	Nice	1.74	2.22	3.10	2.37	1.67	2.20	3.00	2.30
FRA-L1	2025-09-20	Lens	Lille	1.80	2.05	2.25	3.20	1.80	2.00	2.20	3.20
FRA-L1	2025-09-20	Nantes	Rennes	2.05	1.84	4.10	2.05	2.03	1.83	4.10	1.91
FRA-L1	2025-09-21	Auxerre	Toulouse	2.22	1.80	3.50	2.30	2.00	1.80	3.40	2.20
FRA-L1	2025-09-21	Le Havre	Lorient	2.28	1.68	2.17	3.85	2.20	1.67	2.00	3.80
FRA-L1	2025-09-21	Monaco	Metz	1.45	2.90	1.34	9.00	1.44	2.75	1.30	8.50
FRA-L1	2025-09-21	Paris FC	Strasbourg	1.83	2.05	2.40	3.00	1.80	2.00	2.35	3.00
FRA-L1	2025-09-22	Marseille	Paris SG	1.67	2.38	4.20	1.88	1.67	2.20	4.00	1.85
FRA-L1	2025-09-26	Strasbourg	Marseille	1.75	2.20	3.30	2.25	1.73	2.10	3.20	2.20
FRA-L1	2025-09-27	Lorient	Monaco	1.67	2.30	4.10	2.08	1.67	2.20	3.80	1.91
FRA-L1	2025-09-27	Paris SG	Auxerre	1.50	2.95	1.23	15.00	1.44	2.75	1.20	13.00
FRA-L1	2025-09-27	Toulouse	Nantes	2.10	1.83	1.73	6.33	2.10	1.73	1.70	5.25
FRA-L1	2025-09-28	Angers	Brest	2.30	1.65	3.40	2.40	2.30	1.62	3.30	2.38
FRA-L1	2025-09-28	Lille	Lyon	1.75	2.15	2.36	3.20	1.73	2.10	2.25	3.20
FRA-L1	2025-09-28	Metz	Le Havre	1.95	1.93	2.63	2.80	1.93	1.93	2.55	2.80
FRA-L1	2025-09-28	Nice	Paris FC	1.75	2.25	2.12	3.80	1.73	2.10	2.10	3.30
FRA-L1	2025-09-28	Rennes	Lens	1.73	2.20	2.68	2.65	1.73	2.10	2.63	2.55
FRA-L1	2025-10-03	Paris FC	Lorient	1.75	2.10	1.80	4.75	1.73	2.10	1.73	4.75
FRA-L1	2025-10-04	Auxerre	Lens	1.85	2.05	3.60	2.05	1.80	2.00	3.40	2.00
FRA-L1	2025-10-04	Brest	Nantes	2.00	1.91	1.95	4.20	2.00	1.85	1.91	4.00
FRA-L1	2025-10-04	Metz	Marseille	1.73	2.25	6.25	1.57	1.73	2.10	5.50	1.57
FRA-L1	2025-10-05	Le Havre	Rennes	2.00	1.94	3.33	2.30	2.00	1.85	3.10	2.20
FRA-L1	2025-10-05	Lille	Paris SG	1.68	2.25	3.60	2.10	1.67	2.20	3.50	2.05
FRA-L1	2025-10-05	Lyon	Toulouse	2.00	1.88	2.05	3.90	2.00	1.85	2.05	3.75
FRA-L1	2025-10-05	Monaco	Nice	1.55	2.50	1.96	3.80	1.53	2.50	1.95	3.70
FRA-L1	2025-10-05	Strasbourg	Angers	2.10	1.80	1.75	5.33	2.00	1.80	1.73	4.75
FRA-L1	2025-10-17	Paris SG	Strasbourg	1.46	2.83	1.44	8.00	1.44	2.75	1.36	8.00
FRA-L1	2025-10-18	Angers	Monaco	1.80	2.06	5.60	1.65	1.80	2.00	5.50	1.62
FRA-L1	2025-10-18	Marseille	Le Havre	1.60	2.38	1.37	10.00	1.57	2.38	1.30	9.50
FRA-L1	2025-10-18	Nice	Lyon	1.80	2.12	2.40	3.20	1.73	2.10	2.20	3.10
FRA-L1	2025-10-19	Lens	Paris FC	1.68	2.30	1.82	4.33	1.62	2.30	1.80	4.10
FRA-L1	2025-10-19	Lorient	Brest	2.05	1.93	2.80	2.71	2.00	1.85	2.80	2.60
FRA-L1	2025-10-19	Nantes	Lille	1.85	2.00	5.50	1.67	1.85	2.00	5.50	1.60
FRA-L1	2025-10-19	Rennes	Auxerre	1.80	2.12	1.88	4.40	1.80	2.00	1.85	4.20
FRA-L1	2025-10-19	Toulouse	Metz	1.77	2.20	1.55	6.50	1.67	2.20	1.53	6.00
FRA-L1	2025-10-24	Paris FC	Nantes	1.80	2.12	1.61	6.00	1.80	2.00	1.55	6.00
FRA-L1	2025-10-25	Brest	Paris SG	1.45	2.85	9.50	1.35	1.44	2.75	7.50	1.33
FRA-L1	2025-10-25	Lens	Marseille	1.75	2.23	2.60	2.75	1.73	2.10	2.50	2.70
FRA-L1	2025-10-25	Monaco	Toulouse	1.68	2.32	2.20	3.60	1.67	2.20	2.20	3.10
FRA-L1	2025-10-26	Angers	Lorient	2.50	1.63	2.83	2.83	2.50	1.53	2.75	2.80
FRA-L1	2025-10-26	Auxerre	Le Havre	2.20	1.81	2.10	3.75	2.20	1.67	2.10	3.60
FRA-L1	2025-10-26	Lille	Metz	1.48	2.80	1.26	13.00	1.44	2.75	1.22	11.00
FRA-L1	2025-10-26	Lyon	Strasbourg	1.68	2.32	1.95	3.90	1.67	2.20	1.91	3.80
FRA-L1	2025-10-26	Rennes	Nice	1.72	2.22	2.10	3.66	1.67	2.20	2.00	3.60
FRA-L1	2025-10-29	Le Havre	Brest	2.30	1.73	2.90	2.70	2.30	1.62	2.90	2.63
FRA-L1	2025-10-29	Lorient	Paris SG	1.46	3.00	11.00	1.30	1.44	2.75	10.00	1.25
FRA-L1	2025-10-29	Marseille	Angers	1.60	2.40	1.25	13.00	1.57	2.38	1.25	10.00
FRA-L1	2025-10-29	Metz	Lens	1.57	2.40	7.00	1.50	1.57	2.38	5.50	1.48
FRA-L1	2025-10-29	Nantes	Monaco	1.71	2.23	4.90	1.73	1.67	2.20	4.50	1.70
FRA-L1	2025-10-29	Nice	Lille	1.62	2.40	4.00	1.91	1.57	2.38	3.90	1.85
FRA-L1	2025-10-29	Paris FC	Lyon	1.75	2.12	2.80	2.60	1.73	2.10	2.75	2.50
FRA-L1	2025-10-29	Strasbourg	Auxerre	1.86	2.03	1.74	5.00	1.83	2.03	1.67	4.75
FRA-L1	2025-10-29	Toulouse	Rennes	1.91	1.98	2.02	3.80	1.88	1.98	1.95	3.80
FRA-L1	2025-11-01	Auxerre	Marseille	1.95	2.00	5.50	1.68	1.95	1.90	5.25	1.67
FRA-L1	2025-11-01	Monaco	Paris FC	1.56	2.63	1.70	4.90	1.50	2.63	1.70	4.33
FRA-L1	2025-11-01	Paris SG	Nice	1.36	3.45	1.17	17.00	1.36	3.20	1.17	15.00
FRA-L1	2025-11-02	Brest	Lyon	2.05	1.83	3.50	2.20	2.03	1.83	3.30	2.20
FRA-L1	2025-11-02	Lens	Lorient	1.68	2.22	1.57	6.10	1.67	2.20	1.57	5.75
FRA-L1	2025-11-02	Lille	Angers	1.68	2.30	1.37	9.00	1.62	2.30	1.36	8.00
FRA-L1	2025-11-02	Nantes	Metz	1.82	2.10	2.12	3.50	1.73	2.10	2.10	3.30
FRA-L1	2025-11-02	Rennes	Strasbourg	1.72	2.20	2.75	2.60	1.67	2.20	2.70	2.50
FRA-L1	2025-11-02	Toulouse	Le Havre	2.10	1.79	1.74	5.25	2.10	1.73	1.70	5.25
FRA-L1	2025-11-07	Paris FC	Rennes	1.73	2.14	2.28	3.20	1.73	2.10	2.25	3.00
FRA-L1	2025-11-08	Le Havre	Nantes	2.17	1.73	1.91	4.80	2.10	1.73	1.90	4.33
FRA-L1	2025-11-08	Marseille	Brest	1.62	2.40	1.51	7.00	1.62	2.30	1.50	5.75
FRA-L1	2025-11-08	Monaco	Lens	1.53	2.50	2.00	3.55	1.53	2.50	2.00	3.40
FRA-L1	2025-11-09	Angers	Auxerre	2.50	1.60	2.60	3.10	2.38	1.57	2.55	3.00
FRA-L1	2025-11-09	Lorient	Toulouse	2.15	1.73	3.10	2.40	2.10	1.73	3.10	2.35
FRA-L1	2025-11-09	Lyon	Paris SG	1.80	2.20	6.00	1.60	1.80	2.00	5.75	1.57
FRA-L1	2025-11-09	Metz	Nice	1.68	2.20	3.10	2.33	1.67	2.20	3.00	2.25
FRA-L1	2025-11-09	Strasbourg	Lille	1.66	2.30	2.75	2.55	1.62	2.30	2.60	2.50
FRA-L1	2025-11-21	Nice	Marseille	1.75	2.20	3.80	2.00	1.73	2.10	3.70	1.95
FRA-L1	2025-11-22	Lens	Strasbourg	1.67	2.25	2.15	3.40	1.67	2.20	2.15	3.20
FRA-L1	2025-11-22	Paris SG	Le Havre	1.55	2.60	1.23	13.00	1.53	2.50	1.22	11.00
FRA-L1	2025-11-22	Rennes	Monaco	1.53	2.63	2.50	2.80	1.53	2.50	2.35	2.80
FRA-L1	2025-11-23	Auxerre	Lyon	2.10	1.88	4.00	2.00	1.98	1.88	3.90	1.95
FRA-L1	2025-11-23	Brest	Metz	1.80	2.10	1.94	4.50	1.73	2.10	1.85	4.00
FRA-L1	2025-11-23	Lille	Paris FC	1.77	2.14	1.71	5.10	1.73	2.10	1.67	5.00
FRA-L1	2025-11-23	Nantes	Lorient	2.00	1.88	3.00	2.45	1.98	1.88	3.00	2.40
FRA-L1	2025-11-23	Toulouse	Angers	2.14	1.73	1.70	5.75	2.10	1.73	1.70	5.50
FRA-L1	2025-11-28	Metz	Rennes	1.66	2.40	3.75	1.96	1.57	2.38	3.75	1.85
FRA-L1	2025-11-29	Marseille	Toulouse	1.76	2.10	1.70	5.50	1.73	2.10	1.67	4.75
FRA-L1	2025-11-29	Monaco	Paris SG	1.44	3.05	4.60	1.70	1.44	2.75	4.33	1.70
FRA-L1	2025-11-29	Paris FC	Auxerre	2.00	1.93	1.95	4.25	1.93	1.93	1.85	4.20
FRA-L1	2025-11-30	Angers	Lens	1.80	2.10	5.33	1.73	1.73	2.10	4.75	1.70
FRA-L1	2025-11-30	Le Havre	Lille	1.91	1.95	4.75	1.84	1.90	1.95	4.75	1.75
FRA-L1	2025-11-30	Lorient	Nice	1.83	2.08	2.40	3.00	1.80	2.00	2.35	3.00
FRA-L1	2025-11-30	Lyon	Nantes	1.73	2.28	1.40	8.50	1.73	2.10	1.40	8.00
FRA-L1	2025-11-30	Strasbourg	Brest	1.70	2.20	1.85	4.40	1.67	2.20	1.80	4.33
FRA-L1	2025-12-05	Brest	Monaco	1.55	2.50	3.50	2.10	1.53	2.50	3.30	2.00
FRA-L1	2025-12-05	Lille	Marseille	1.75	2.25	2.38	3.00	1.73	2.10	2.38	3.00
FRA-L1	2025-12-06	Nantes	Lens	1.80	2.10	5.00	1.71	1.73	2.10	5.00	1.67
FRA-L1	2025-12-06	Paris SG	Rennes	1.33	3.50	1.30	9.50	1.33	3.40	1.30	8.00
FRA-L1	2025-12-06	Toulouse	Strasbourg	2.00	1.87	2.60	2.90	2.00	1.80	2.60	2.80
FRA-L1	2025-12-07	Auxerre	Metz	2.00	1.91	2.05	3.85	2.00	1.80	2.00	3.75
FRA-L1	2025-12-07	Le Havre	Paris FC	2.10	1.79	2.90	2.63	2.10	1.73	2.90	2.63
FRA-L1	2025-12-07	Lorient	Lyon	2.10	1.80	3.75	2.10	2.10	1.73	3.75	2.05
FRA-L1	2025-12-07	Nice	Angers	1.92	1.93	1.84	4.75	1.91	1.91	1.75	4.75
FRA-L1	2025-12-12	Angers	Nantes	2.38	1.60	2.20	3.70	2.38	1.57	2.15	3.60
FRA-L1	2025-12-13	Metz	Paris SG	1.37	3.40	11.00	1.29	1.36	3.20	9.00	1.27
FRA-L1	2025-12-13	Paris FC	Toulouse	2.20	1.73	2.75	2.75	2.20	1.67	2.75	2.70
FRA-L1	2025-12-13	Rennes	Brest	1.77	2.10	1.89	4.20	1.73	2.10	1.85	4.00
FRA-L1	2025-12-14	Auxerre	Lille	2.22	1.88	4.50	1.96	2.20	1.67	4.50	1.90
FRA-L1	2025-12-14	Lens	Nice	1.53	2.63	1.57	6.10	1.50	2.63	1.57	5.25
FRA-L1	2025-12-14	Lyon	Le Havre	1.91	2.00	1.66	5.75	1.80	2.00	1.60	5.00
FRA-L1	2025-12-14	Marseille	Monaco	1.73	2.60	2.05	3.60	1.73	2.10	2.05	3.50
FRA-L1	2025-12-14	Strasbourg	Lorient	1.91	2.00	1.84	4.50	1.88	1.98	1.75	4.33
FRA-L1	2026-01-02	Toulouse	Lens	2.10	1.80	2.60	2.90	2.10	1.73	2.55	2.88
FRA-L1	2026-01-03	Lille	Rennes	1.68	2.20	1.77	4.75	1.67	2.20	1.73	4.75
FRA-L1	2026-01-03	Monaco	Lyon	1.68	2.30	2.10	3.50	1.67	2.20	2.05	3.40
FRA-L1	2026-01-03	Nice	Strasbourg	1.83	2.05	3.35	2.30	1.83	2.03	3.10	2.25
FRA-L1	2026-01-04	Brest	Auxerre	2.10	1.75	2.00	4.33	2.10	1.73	1.90	4.33
FRA-L1	2026-01-04	Le Havre	Angers	2.23	1.67	2.40	3.20	2.20	1.67	2.38	3.10
FRA-L1	2026-01-04	Lorient	Metz	1.91	1.98	1.94	4.35	1.88	1.98	1.85	4.20
FRA-L1	2026-01-04	Marseille	Nantes	1.47	2.80	1.28	12.00	1.44	2.75	1.25	9.50
FRA-L1	2026-01-04	Paris SG	Paris FC	1.29	3.75	1.15	20.00	1.29	3.75	1.13	19.00
FRA-L1	2026-01-16	Monaco	Lorient	1.62	2.45	1.65	5.00	1.62	2.30	1.62	5.00
FRA-L1	2026-01-16	Paris SG	Lille	1.44	3.10	1.29	10.50	1.44	2.75	1.27	9.00
FRA-L1	2026-01-17	Angers	Marseille	1.80	2.10	6.00	1.61	1.73	2.10	5.50	1.57
FRA-L1	2026-01-17	Lens	Auxerre	1.78	2.10	1.52	7.50	1.73	2.10	1.48	6.50
FRA-L1	2026-01-17	Toulouse	Nice	1.95	1.91	2.00	4.00	1.95	1.90	1.95	3.90
FRA-L1	2026-01-18	Lyon	Brest	1.91	1.96	1.70	5.50	1.90	1.95	1.67	5.25
FRA-L1	2026-01-18	Nantes	Paris FC	2.10	1.83	2.75	2.85	2.10	1.73	2.50	2.70
FRA-L1	2026-01-18	Rennes	Le Havre	1.62	2.30	1.62	5.50	1.62	2.30	1.62	5.00
FRA-L1	2026-01-18	Strasbourg	Metz	1.68	2.25	1.44	7.50	1.67	2.20	1.42	7.50
FRA-L1	2026-01-23	Auxerre	Paris SG	1.62	2.38	9.50	1.38	1.62	2.30	8.00	1.38
FRA-L1	2026-01-24	Le Havre	Monaco	1.62	2.38	4.40	1.83	1.57	2.38	4.00	1.80
FRA-L1	2026-01-24	Marseille	Lens	1.53	2.50	2.16	3.40	1.53	2.50	2.05	3.25
FRA-L1	2026-01-24	Rennes	Lorient	1.88	2.00	1.81	4.60	1.88	1.98	1.80	4.33
FRA-L1	2026-01-25	Brest	Toulouse	2.50	1.57	3.14	2.66	2.38	1.57	2.90	2.63
FRA-L1	2026-01-25	Lille	Strasbourg	2.14	1.80	2.54	2.95	2.10	1.73	2.50	2.90
FRA-L1	2026-01-25	Metz	Lyon	2.00	1.98	5.33	1.69	1.88	1.98	5.25	1.67
FRA-L1	2026-01-25	Nantes	Nice	1.88	2.00	2.80	2.63	1.88	1.98	2.70	2.63
FRA-L1	2026-01-25	Paris FC	Angers	2.23	1.68	1.91	4.75	2.20	1.67	1.90	4.75
FRA-L1	2026-01-30	Lens	Le Havre	1.77	2.20	1.46	7.50	1.73	2.10	1.45	6.50
FRA-L1	2026-01-31	Lorient	Nantes	2.10	1.77	1.91	4.50	2.10	1.73	1.90	4.33
FRA-L1	2026-01-31	Monaco	Rennes	1.50	2.70	2.00	3.65	1.50	2.63	1.95	3.50
FRA-L1	2026-01-31	Paris FC	Marseille	1.73	2.20	4.50	1.81	1.73	2.10	4.33	1.75
FRA-L1	2026-02-01	Angers	Metz	2.12	1.73	2.20	3.75	2.10	1.73	2.15	3.50
FRA-L1	2026-02-01	Lyon	Lille	1.91	1.98	2.28	3.30	1.90	1.95	2.25	3.10
FRA-L1	2026-02-01	Nice	Brest	1.80	2.05	2.33	3.30	1.80	2.00	2.25	3.30
FRA-L1	2026-02-01	Strasbourg	Paris SG	1.60	2.60	5.25	1.66	1.57	2.38	5.00	1.62
FRA-L1	2026-02-01	Toulouse	Auxerre	2.30	1.65	1.80	5.10	2.30	1.62	1.75	5.00
FRA-L1	2026-02-06	Metz	Lille	1.88	2.05	6.50	1.55	1.88	1.98	6.50	1.50
FRA-L1	2026-02-07	Brest	Lorient	2.20	1.70	2.38	3.50	2.20	1.67	2.30	3.50
FRA-L1	2026-02-07	Lens	Rennes	1.53	2.63	1.62	5.80	1.50	2.63	1.62	5.00
FRA-L1	2026-02-07	Nantes	Lyon	1.92	1.95	5.20	1.75	1.90	1.95	4.75	1.75
FRA-L1	2026-02-08	Angers	Toulouse	2.38	1.62	4.00	2.20	2.30	1.62	3.50	2.20
FRA-L1	2026-02-08	Auxerre	Paris FC	2.22	1.73	2.55	3.00	2.20	1.67	2.45	2.90
FRA-L1	2026-02-08	Le Havre	Strasbourg	1.93	2.00	4.30	1.86	1.93	1.93	4.10	1.85
FRA-L1	2026-02-08	Nice	Monaco	1.53	2.63	3.40	2.12	1.53	2.50	3.40	2.00
FRA-L1	2026-02-08	Paris SG	Marseille	1.44	3.00	1.48	6.50	1.40	3.00	1.44	6.00
FRA-L1	2026-02-13	Monaco	Nantes	1.54	2.60	1.46	7.00	1.53	2.50	1.42	7.00
FRA-L1	2026-02-13	Rennes	Paris SG	1.35	3.40	8.00	1.38	1.33	3.40	7.50	1.36
FRA-L1	2026-02-14	Lille	Brest	1.91	2.02	1.62	6.00	1.91	1.91	1.60	6.00
FRA-L1	2026-02-14	Marseille	Strasbourg	1.68	2.30	2.05	4.00	1.67	2.20	2.05	3.30
FRA-L1	2026-02-14	Paris FC	Lens	1.91	1.95	4.10	2.00	1.90	1.95	3.80	1.95
FRA-L1	2026-02-15	Le Havre	Toulouse	2.30	1.62	3.50	2.32	2.30	1.62	3.50	2.30
FRA-L1	2026-02-15	Lorient	Angers	2.33	1.62	2.05	4.50	2.30	1.62	1.95	4.50
FRA-L1	2026-02-15	Lyon	Nice	1.75	2.10	1.91	4.33	1.73	2.10	1.80	4.33
FRA-L1	2026-02-15	Metz	Auxerre	2.20	1.73	3.20	2.55	2.20	1.67	3.00	2.55
FRA-L1	2026-02-20	Brest	Marseille	1.67	2.22	3.90	1.90	1.67	2.20	3.90	1.85
FRA-L1	2026-02-21	Lens	Monaco	1.62	2.45	1.78	4.75	1.57	2.38	1.73	4.20
FRA-L1	2026-02-21	Paris SG	Metz	1.33	3.60	1.15	18.00	1.30	3.50	1.13	15.00
FRA-L1	2026-02-21	Toulouse	Paris FC	2.25	1.73	2.05	4.10	2.10	1.73	2.00	3.90
FRA-L1	2026-02-22	Angers	Lille	2.14	1.73	4.75	1.85	2.10	1.73	4.75	1.75
FRA-L1	2026-02-22	Auxerre	Rennes	1.91	1.93	3.00	2.50	1.91	1.91	2.88	2.45
FRA-L1	2026-02-22	Nantes	Le Havre	2.20	1.73	2.50	3.05	2.10	1.73	2.38	3.00
FRA-L1	2026-02-22	Nice	Lorient	2.05	1.91	2.20	3.40	2.05	1.80	2.15	3.40
FRA-L1	2026-02-22	Strasbourg	Lyon	1.83	2.08	2.35	3.20	1.80	2.00	2.20	3.20
FRA-L1	2026-02-27	Strasbourg	Lens	1.75	2.10	2.28	3.10	1.73	2.10	2.20	3.10
FRA-L1	2026-02-28	Le Havre	Paris SG	1.57	2.55	10.00	1.33	1.57	2.38	8.50	1.30
FRA-L1	2026-02-28	Monaco	Angers	1.62	2.40	1.44	7.50	1.57	2.38	1.42	7.00
FRA-L1	2026-02-28	Rennes	Toulouse	1.83	2.03	2.02	3.80	1.83	2.03	1.95	3.70
FRA-L1	2026-03-01	Lille	Nantes	1.93	1.98	1.52	7.00	1.93	1.93	1.50	6.50
FRA-L1	2026-03-01	Lorient	Auxerre	2.30	1.67	2.10	4.00	2.20	1.67	2.10	3.75
FRA-L1	2026-03-01	Marseille	Lyon	1.83	2.10	1.95	3.80	1.80	2.00	1.91	3.75
FRA-L1	2026-03-01	Metz	Brest	2.05	1.80	3.80	2.14	2.05	1.80	3.80	2.00
FRA-L1	2026-03-01	Paris FC	Nice	1.85	2.00	2.50	3.00	1.80	2.00	2.40	2.88
FRA-L1	2026-03-06	Paris SG	Monaco	1.36	3.40	1.40	8.00	1.36	3.20	1.38	7.00
FRA-L1	2026-03-07	Auxerre	Strasbourg	2.05	1.83	3.60	2.28	2.00	1.80	3.40	2.25
FRA-L1	2026-03-07	Nantes	Angers	2.75	1.50	2.28	3.75	2.75	1.44	2.20	3.75
FRA-L1	2026-03-07	Toulouse	Marseille	1.75	2.14	3.30	2.20	1.73	2.10	2.90	2.10
FRA-L1	2026-03-08	Brest	Le Havre	2.30	1.72	1.95	4.33	2.30	1.62	1.90	4.33
FRA-L1	2026-03-08	Lens	Metz	1.45	3.00	1.29	11.00	1.44	2.75	1.27	10.00
FRA-L1	2026-03-08	Lille	Lorient	1.93	1.94	1.60	6.50	1.93	1.93	1.53	6.00
FRA-L1	2026-03-08	Lyon	Paris FC	2.20	1.86	1.91	5.60	2.20	1.67	1.90	4.50
FRA-L1	2026-03-08	Nice	Rennes	1.73	2.20	2.70	2.62	1.73	2.10	2.70	2.55
FRA-L1	2026-03-13	Marseille	Auxerre	1.80	2.12	1.45	7.50	1.73	2.10	1.44	7.00
FRA-L1	2026-03-14	Angers	Nice	2.33	1.67	3.33	2.40	2.30	1.62	3.25	2.38
FRA-L1	2026-03-14	Lorient	Lens	1.75	2.10	5.33	1.70	1.73	2.10	5.25	1.65
FRA-L1	2026-03-14	Monaco	Brest	1.67	2.30	1.62	5.50	1.67	2.20	1.57	5.50
FRA-L1	2026-03-15	Le Havre	Lyon	2.10	1.80	3.60	2.20	2.10	1.73	3.40	2.15
FRA-L1	2026-03-15	Metz	Toulouse	2.20	1.73	4.00	2.00	2.20	1.67	4.00	1.95
FRA-L1	2026-03-15	Rennes	Lille	2.05	1.91	2.25	3.40	1.91	1.91	2.20	3.40
FRA-L1	2026-03-15	Strasbourg	Paris FC	1.73	2.20	1.70	5.00	1.73	2.10	1.70	5.00
FRA-L1	2026-03-20	Lens	Angers	1.50	2.70	1.23	15.00	1.50	2.63	1.20	12.00
FRA-L1	2026-03-21	Auxerre	Brest	2.38	1.62	2.33	3.50	2.38	1.57	2.25	3.50
FRA-L1	2026-03-21	Nice	Paris SG	1.57	2.60	6.60	1.48	1.57	2.38	6.50	1.44
FRA-L1	2026-03-21	Toulouse	Lorient	2.10	1.83	1.85	5.10	2.10	1.73	1.85	4.75
FRA-L1	2026-03-22	Lyon	Monaco	1.67	2.30	2.71	2.60	1.67	2.20	2.63	2.55
FRA-L1	2026-03-22	Marseille	Lille	1.85	2.00	1.90	4.20	1.80	2.00	1.85	4.00
FRA-L1	2026-03-22	Nantes	Strasbourg	1.96	1.91	3.66	2.15	1.91	1.91	3.50	2.10
FRA-L1	2026-03-22	Paris FC	Le Havre	2.10	1.77	2.20	4.00	2.10	1.73	2.10	3.70
FRA-L1	2026-03-22	Rennes	Metz	1.57	2.50	1.32	10.00	1.53	2.50	1.30	9.50
FRA-L1	2026-04-03	Paris SG	Toulouse	1.48	2.95	1.31	10.50	1.44	2.75	1.30	9.00
FRA-L1	2026-04-04	Brest	Rennes	2.00	1.91	3.30	2.38	2.00	1.80	3.30	2.20
FRA-L1	2026-04-04	Lille	Lens	1.85	2.05	2.90	2.48	1.85	2.00	2.90	2.40
FRA-L1	2026-04-04	Strasbourg	Nice	1.66	2.40	1.96	3.75	1.62	2.30	1.91	3.75
FRA-L1	2026-04-05	Angers	Lyon	1.83	2.00	5.75	1.63	1.80	2.00	5.25	1.57
FRA-L1	2026-04-05	Le Havre	Auxerre	2.50	1.58	2.45	3.33	2.50	1.53	2.45	3.25
FRA-L1	2026-04-05	Lorient	Paris FC	2.10	1.80	2.40	3.20	2.10	1.73	2.38	3.00
FRA-L1	2026-04-05	Metz	Nantes	2.10	1.75	2.88	2.55	2.10	1.73	2.80	2.55
FRA-L1	2026-04-05	Monaco	Marseille	1.57	2.50	2.10	3.50	1.57	2.38	2.10	3.25
FRA-L1	2026-04-10	Marseille	Metz	1.33	3.60	1.28	11.50	1.30	3.50	1.25	9.50
FRA-L1	2026-04-10	Paris FC	Monaco	1.67	2.30	4.00	1.95	1.67	2.20	3.80	1.91
FRA-L1	2026-04-11	Auxerre	Nantes	2.32	1.67	2.00	4.33	2.20	1.67	1.91	4.20
FRA-L1	2026-04-11	Rennes	Angers	1.66	2.30	1.40	9.50	1.62	2.30	1.36	8.50
FRA-L1	2026-04-12	Lyon	Lorient	1.73	2.14	1.73	5.40	1.73	2.10	1.65	5.00
FRA-L1	2026-04-12	Nice	Le Havre	2.00	1.88	1.95	4.60	1.98	1.88	1.85	4.50
FRA-L1	2026-04-12	Toulouse	Lille	2.22	1.73	3.40	2.30	2.20	1.67	3.40	2.25
FRA-L1	2026-04-17	Lens	Toulouse	1.67	2.30	1.60	6.33	1.67	2.20	1.48	6.25
FRA-L1	2026-04-18	Angers	Le Havre	2.63	1.57	3.40	2.60	2.63	1.50	3.20	2.45
FRA-L1	2026-04-18	Lille	Nice	1.67	2.30	1.60	6.50	1.62	2.30	1.50	5.75
FRA-L1	2026-04-18	Lorient	Marseille	1.52	2.75	4.80	1.91	1.44	2.75	4.75	1.62
FRA-L1	2026-04-19	Metz	Paris FC	1.67	2.25	3.20	2.30	1.67	2.20	2.90	2.25
FRA-L1	2026-04-19	Monaco	Auxerre	1.67	2.30	1.62	5.75	1.62	2.30	1.62	5.00
FRA-L1	2026-04-19	Nantes	Brest	2.20	1.68	2.50	3.10	2.20	1.67	2.35	3.10
FRA-L1	2026-04-19	Paris SG	Lyon	1.50	2.88	1.35	9.00	1.44	2.75	1.33	8.00
FRA-L1	2026-04-19	Strasbourg	Rennes	1.56	2.66	4.00	2.60	1.53	2.50	3.90	1.80
FRA-L1	2026-04-22	Paris SG	Nantes	1.35	3.50	1.18	18.00	1.33	3.40	1.17	15.00
FRA-L1	2026-04-24	Brest	Lens	1.80	2.23	6.00	1.57	1.80	2.00	6.00	1.55
FRA-L1	2026-04-25	Angers	Paris SG	1.53	2.70	13.00	1.28	1.53	2.50	10.00	1.25
FRA-L1	2026-04-25	Lyon	Auxerre	1.78	2.20	1.65	5.50	1.67	2.20	1.65	5.25
FRA-L1	2026-04-25	Toulouse	Monaco	1.58	2.50	4.50	1.75	1.57	2.38	4.50	1.70
FRA-L1	2026-04-26	Le Havre	Metz	1.67	2.30	1.60	5.60	1.62	2.30	1.60	5.00
FRA-L1	2026-04-26	Lorient	Strasbourg	1.75	2.20	2.15	3.30	1.67	2.20	2.10	3.10
FRA-L1	2026-04-26	Marseille	Nice	1.67	2.25	1.76	4.75	1.67	2.20	1.70	4.75
FRA-L1	2026-04-26	Paris FC	Lille	1.75	2.20	4.75	1.75	1.73	2.10	4.75	1.70
FRA-L1	2026-04-26	Rennes	Nantes	1.66	2.30	1.48	7.00	1.62	2.30	1.48	6.50
FRA-L1	2026-05-02	Metz	Monaco	1.29	3.75	7.50	1.40	1.29	3.75	7.50	1.33
FRA-L1	2026-05-02	Nantes	Marseille	1.60	2.40	3.80	2.00	1.57	2.38	3.80	1.90
FRA-L1	2026-05-02	Nice	Lens	1.55	2.60	4.80	1.71	1.53	2.50	4.75	1.65
FRA-L1	2026-05-02	Paris SG	Lorient	1.42	3.00	1.36	8.50	1.40	3.00	1.36	7.00
FRA-L1	2026-05-03	Auxerre	Angers	2.05	1.83	1.80	5.10	2.05	1.80	1.80	4.50
FRA-L1	2026-05-03	Lille	Le Havre	1.86	2.03	1.40	9.50	1.83	2.03	1.38	8.50
FRA-L1	2026-05-03	Lyon	Rennes	1.57	2.50	2.10	3.25	1.57	2.38	2.10	3.10
FRA-L1	2026-05-03	Paris FC	Brest	1.73	2.20	1.90	4.20	1.67	2.20	1.90	3.90
FRA-L1	2026-05-03	Strasbourg	Toulouse	1.83	2.10	3.00	2.30	1.73	2.10	3.00	2.30
FRA-L1	2026-05-08	Lens	Nantes	1.53	2.63	1.48	6.50	1.50	2.63	1.45	6.00
FRA-L1	2026-05-10	Angers	Strasbourg	1.80	2.10	2.70	2.60	1.73	2.10	2.63	2.55
FRA-L1	2026-05-10	Auxerre	Nice	2.00	1.90	2.40	3.14	2.00	1.85	2.38	3.00
FRA-L1	2026-05-10	Le Havre	Marseille	1.62	2.40	3.80	1.95	1.62	2.30	3.75	1.90
FRA-L1	2026-05-10	Metz	Lorient	1.67	2.30	2.92	2.37	1.62	2.30	2.88	2.30
FRA-L1	2026-05-10	Monaco	Lille	1.67	2.30	2.63	2.60	1.67	2.20	2.60	2.50
FRA-L1	2026-05-10	Paris SG	Brest	1.29	4.00	1.23	15.00	1.25	4.00	1.20	11.00
FRA-L1	2026-05-10	Rennes	Paris FC	1.44	3.10	1.57	5.33	1.40	3.00	1.55	5.00
FRA-L1	2026-05-10	Toulouse	Lyon	1.71	2.20	4.10	1.91	1.67	2.20	3.70	1.85
FRA-L1	2026-05-13	Brest	Strasbourg	1.73	2.20	3.75	2.15	1.73	2.10	3.25	2.15
FRA-L1	2026-05-13	Lens	Paris SG	1.40	3.20	3.25	2.05	1.36	3.20	3.20	2.00
FRA-L1	2026-05-17	Brest	Angers	2.00	1.91	2.00	4.00	2.00	1.80	1.95	3.90
FRA-L1	2026-05-17	Lille	Auxerre	1.75	2.10	1.48	7.50	1.73	2.10	1.42	7.50
FRA-L1	2026-05-17	Lorient	Le Havre	1.86	2.03	2.38	3.00	1.83	2.03	2.30	3.00
FRA-L1	2026-05-17	Lyon	Lens	1.50	2.80	1.57	5.50	1.50	2.63	1.57	5.00
FRA-L1	2026-05-17	Marseille	Rennes	1.35	3.40	1.91	4.00	1.33	3.40	1.80	3.80
FRA-L1	2026-05-17	Nantes	Toulouse	1.86	2.02	3.00	2.50	1.85	2.00	3.00	2.35
FRA-L1	2026-05-17	Nice	Metz	1.50	2.80	1.29	10.50	1.50	2.63	1.27	10.00
FRA-L1	2026-05-17	Paris FC	Paris SG	1.38	3.30	6.00	1.50	1.36	3.20	5.75	1.48
FRA-L1	2026-05-17	Strasbourg	Monaco	1.35	3.40	3.33	2.00	1.33	3.40	3.30	1.95
FRA-L2	2024-08-16	Ajaccio	Rodez	2.57	1.63	2.89	2.97	2.40	1.53	2.63	2.63
FRA-L2	2024-08-16	Amiens	Red Star	2.63	1.57	2.63	3.29	2.40	1.53	2.40	2.90
FRA-L2	2024-08-16	Clermont	Pau FC	2.32	1.73	2.17	3.80	2.10	1.70	2.05	3.40
FRA-L2	2024-08-16	Dunkerque	Annecy	2.36	1.69	3.05	2.65	2.15	1.67	2.88	2.35
FRA-L2	2024-08-16	Grenoble	Laval	2.53	1.59	2.40	3.39	2.35	1.57	2.25	3.20
FRA-L2	2024-08-16	Guingamp	Troyes	2.35	1.69	1.71	6.50	2.20	1.65	1.62	5.00
FRA-L2	2024-08-17	Caen	Paris FC	2.32	1.77	2.99	2.76	2.15	1.67	2.60	2.55
FRA-L2	2024-08-19	Martigues	Lorient	2.32	1.77	5.10	1.85	2.10	1.70	4.50	1.70
FRA-L2	2024-08-19	Metz	Bastia	2.53	1.58	2.39	3.70	2.40	1.53	2.15	3.25
FRA-L2	2024-08-23	Annecy	Martigues	2.32	1.73	1.82	5.30	2.15	1.67	1.70	4.50
FRA-L2	2024-08-23	Bastia	Amiens	2.71	1.50	2.49	3.66	2.60	1.48	2.25	3.20
FRA-L2	2024-08-23	Laval	Guingamp	2.63	1.53	3.47	2.45	2.50	1.50	3.20	2.25
FRA-L2	2024-08-23	Paris FC	Dunkerque	1.98	1.96	1.77	5.10	1.93	1.93	1.70	4.50
FRA-L2	2024-08-23	Pau FC	Caen	1.97	1.99	2.84	2.64	1.90	1.95	2.63	2.50
FRA-L2	2024-08-23	Rodez	Metz	2.13	1.83	3.02	2.56	2.05	1.75	2.88	2.35
FRA-L2	2024-08-23	Troyes	Clermont	2.15	1.82	3.82	2.16	2.15	1.73	3.10	2.10
FRA-L2	2024-08-24	Lorient	Grenoble	1.83	2.39	1.70	7.00	1.57	2.35	1.42	6.50
FRA-L2	2024-08-26	Red Star	Ajaccio	2.65	1.54	2.05	5.17	2.50	1.50	1.75	5.00
FRA-L2	2024-08-30	Ajaccio	Troyes	2.76	1.50	2.13	4.20	2.60	1.48	2.00	3.70
FRA-L2	2024-08-30	Caen	Annecy	2.21	1.83	2.05	4.20	2.05	1.75	1.90	3.90
FRA-L2	2024-08-30	Clermont	Paris FC	2.12	1.85	3.28	2.38	2.03	1.83	3.00	2.30
FRA-L2	2024-08-30	Dunkerque	Rodez	2.10	1.89	2.70	2.88	2.00	1.85	2.55	2.63
FRA-L2	2024-08-30	Grenoble	Pau FC	2.10	1.90	2.38	3.26	2.00	1.85	2.25	3.00
FRA-L2	2024-08-30	Guingamp	Red Star	2.53	1.61	1.93	5.17	2.35	1.57	1.80	4.75
FRA-L2	2024-08-30	Martigues	Bastia	2.53	1.61	3.75	2.30	2.35	1.57	3.40	2.15
FRA-L2	2024-08-31	Amiens	Lorient	2.06	1.90	5.00	1.83	1.95	1.90	4.33	1.73
FRA-L2	2024-08-31	Metz	Laval	2.36	1.70	1.74	6.25	2.35	1.57	1.65	5.75
FRA-L2	2024-09-13	Annecy	Amiens	2.53	1.64	2.39	3.50	2.35	1.57	2.25	3.10
FRA-L2	2024-09-13	Bastia	Troyes	2.32	1.74	1.92	5.70	2.20	1.65	1.80	4.10
FRA-L2	2024-09-13	Clermont	Dunkerque	2.32	1.79	2.05	4.57	2.10	1.70	1.85	4.33
FRA-L2	2024-09-13	Laval	Ajaccio	3.18	1.42	2.61	3.52	3.10	1.36	2.35	3.20
FRA-L2	2024-09-13	Lorient	Red Star	1.89	2.25	1.73	5.25	1.70	2.10	1.60	5.25
FRA-L2	2024-09-13	Pau FC	Martigues	2.21	1.79	2.28	3.58	2.08	1.73	2.15	3.40
FRA-L2	2024-09-13	Rodez	Guingamp	2.21	1.78	3.74	2.49	2.10	1.70	3.40	2.00
FRA-L2	2024-09-14	Paris FC	Metz	2.32	1.73	2.37	3.51	2.15	1.67	2.20	3.20
FRA-L2	2024-09-16	Grenoble	Caen	2.32	1.77	3.14	2.65	2.10	1.70	2.80	2.45
FRA-L2	2024-09-20	Amiens	Clermont	2.55	1.56	2.67	3.17	2.40	1.53	2.40	3.00
FRA-L2	2024-09-20	Bastia	Paris FC	2.43	1.62	3.16	2.56	2.40	1.53	3.00	2.38
FRA-L2	2024-09-20	Caen	Ajaccio	2.50	1.59	2.17	3.81	2.40	1.53	2.00	3.30
FRA-L2	2024-09-20	Dunkerque	Pau FC	2.17	1.83	3.00	2.63	2.05	1.75	2.75	2.45
FRA-L2	2024-09-20	Guingamp	Annecy	2.08	1.85	1.84	4.67	2.03	1.83	1.75	4.33
FRA-L2	2024-09-20	Martigues	Grenoble	2.84	1.47	3.54	2.51	2.70	1.44	3.10	2.35
FRA-L2	2024-09-20	Red Star	Laval	2.31	1.73	2.62	3.00	2.20	1.65	2.45	2.80
FRA-L2	2024-09-20	Troyes	Rodez	2.03	1.91	2.65	3.03	1.98	1.88	2.30	2.88
FRA-L2	2024-09-21	Metz	Lorient	2.12	1.87	2.66	2.88	2.05	1.80	2.45	2.63
FRA-L2	2024-09-24	Ajaccio	Grenoble	2.82	1.48	2.82	3.00	2.70	1.44	2.70	2.80
FRA-L2	2024-09-24	Annecy	Troyes	1.97	1.97	1.82	4.96	1.93	1.93	1.73	4.50
FRA-L2	2024-09-24	Caen	Amiens	2.32	1.75	2.10	4.06	2.10	1.70	1.95	3.60
FRA-L2	2024-09-24	Clermont	Red Star	2.04	1.91	2.02	4.30	2.00	1.85	1.91	3.90
FRA-L2	2024-09-24	Dunkerque	Bastia	2.63	1.57	3.13	2.62	2.40	1.53	2.90	2.55
FRA-L2	2024-09-24	Metz	Martigues	2.02	2.08	1.40	11.11	1.83	2.03	1.36	8.00
FRA-L2	2024-09-24	Paris FC	Guingamp	2.32	1.72	2.35	3.42	2.15	1.67	2.25	3.25
FRA-L2	2024-09-24	Pau FC	Lorient	1.69	2.38	3.66	2.04	1.62	2.25	3.40	1.95
FRA-L2	2024-09-24	Rodez	Laval	2.21	1.78	2.44	3.51	2.08	1.73	2.20	3.25
FRA-L2	2024-09-27	Amiens	Rodez	2.23	1.79	2.55	3.10	2.08	1.73	2.40	2.80
FRA-L2	2024-09-27	Bastia	Annecy	2.44	1.67	2.15	4.25	2.20	1.65	2.00	3.80
FRA-L2	2024-09-27	Grenoble	Clermont	2.21	1.83	2.47	3.23	2.05	1.75	2.25	2.90
FRA-L2	2024-09-27	Laval	Pau FC	2.35	1.67	2.57	3.26	2.20	1.65	2.45	2.88
FRA-L2	2024-09-27	Lorient	Ajaccio	2.21	1.88	1.54	7.50	2.05	1.75	1.45	5.75
FRA-L2	2024-09-27	Martigues	Dunkerque	2.37	1.65	3.45	2.55	2.25	1.62	3.10	2.35
FRA-L2	2024-09-28	Red Star	Paris FC	2.11	1.87	3.88	2.05	2.03	1.83	3.70	1.95
FRA-L2	2024-09-28	Troyes	Metz	2.21	1.87	4.44	1.90	2.05	1.80	4.00	1.80
FRA-L2	2024-09-30	Guingamp	Caen	2.12	1.85	2.31	3.60	2.05	1.75	2.15	3.20
FRA-L2	2024-10-04	Annecy	Red Star	2.06	1.90	2.21	3.62	1.98	1.88	2.15	3.25
FRA-L2	2024-10-04	Dunkerque	Troyes	2.21	1.78	2.29	3.60	2.08	1.73	2.20	3.30
FRA-L2	2024-10-04	Paris FC	Laval	2.10	1.88	1.72	5.74	2.03	1.83	1.65	5.00
FRA-L2	2024-10-04	Rodez	Grenoble	1.97	2.00	2.53	3.04	1.90	1.95	2.40	2.80
FRA-L2	2024-10-05	Ajaccio	Martigues	2.85	1.47	1.99	4.82	2.70	1.44	1.95	4.50
FRA-L2	2024-10-05	Caen	Lorient	1.97	2.14	3.32	2.21	1.83	2.03	3.00	2.10
FRA-L2	2024-10-05	Clermont	Guingamp	2.34	1.68	3.54	2.40	2.25	1.62	3.40	2.15
FRA-L2	2024-10-05	Metz	Amiens	2.34	1.70	1.77	5.60	2.20	1.65	1.70	5.00
FRA-L2	2024-10-18	Bastia	Clermont	2.65	1.53	2.15	4.20	2.60	1.48	2.00	3.50
FRA-L2	2024-10-18	Grenoble	Metz	2.32	1.75	4.10	2.06	2.10	1.70	3.50	1.91
FRA-L2	2024-10-18	Guingamp	Pau FC	1.97	2.07	1.94	4.40	1.83	2.03	1.80	3.70
FRA-L2	2024-10-18	Laval	Dunkerque	2.23	1.76	2.26	3.73	2.08	1.73	2.10	3.25
FRA-L2	2024-10-18	Martigues	Rodez	2.06	1.91	5.40	1.83	1.98	1.88	4.33	1.67
FRA-L2	2024-10-18	Red Star	Caen	2.06	1.97	2.53	3.02	1.93	1.93	2.30	2.70
FRA-L2	2024-10-19	Amiens	Ajaccio	2.75	1.51	2.00	5.30	2.60	1.48	1.80	4.33
FRA-L2	2024-10-19	Lorient	Annecy	1.74	2.26	1.50	6.86	1.65	2.20	1.41	5.75
FRA-L2	2024-10-21	Troyes	Paris FC	1.99	1.94	4.56	1.86	1.93	1.93	4.10	1.72
FRA-L2	2024-10-22	Pau FC	Bastia	2.38	1.65	2.38	3.79	2.25	1.62	2.05	3.70
FRA-L2	2024-10-25	Annecy	Laval	2.50	1.59	2.33	3.63	2.40	1.53	2.20	3.50
FRA-L2	2024-10-25	Clermont	Martigues	2.21	1.83	1.79	5.25	2.05	1.75	1.73	4.33
FRA-L2	2024-10-25	Dunkerque	Red Star	2.02	1.98	2.46	3.10	1.93	1.93	2.40	2.80
FRA-L2	2024-10-25	Metz	Guingamp	2.17	1.86	2.04	4.34	2.08	1.73	1.85	4.10
FRA-L2	2024-10-25	Pau FC	Amiens	2.17	1.85	2.57	3.42	2.05	1.80	2.38	3.00
FRA-L2	2024-10-25	Rodez	Lorient	1.77	2.17	4.06	1.97	1.70	2.10	3.80	1.85
FRA-L2	2024-10-26	Caen	Troyes	2.10	1.95	2.04	3.92	2.00	1.85	1.95	3.75
FRA-L2	2024-10-26	Paris FC	Grenoble	2.06	2.02	1.62	6.58	1.90	1.95	1.53	5.75
FRA-L2	2024-10-29	Amiens	Paris FC	2.42	1.63	3.65	2.35	2.25	1.62	3.40	2.30
FRA-L2	2024-10-29	Bastia	Rodez	2.32	1.68	2.25	3.70	2.15	1.67	2.20	3.40
FRA-L2	2024-10-29	Grenoble	Annecy	2.06	1.93	1.98	4.33	1.95	1.90	1.90	4.00
FRA-L2	2024-10-29	Guingamp	Ajaccio	2.34	1.71	1.74	5.54	2.20	1.65	1.70	5.25
FRA-L2	2024-10-29	Laval	Clermont	2.47	1.61	2.63	3.23	2.30	1.60	2.55	2.90
FRA-L2	2024-10-29	Lorient	Dunkerque	1.60	2.51	1.45	7.56	1.53	2.40	1.38	7.00
FRA-L2	2024-10-29	Martigues	Caen	2.21	1.83	4.44	1.95	2.05	1.75	4.33	1.83
FRA-L2	2024-10-29	Red Star	Metz	2.10	1.88	3.80	2.10	2.00	1.85	3.60	2.00
FRA-L2	2024-10-29	Troyes	Pau FC	2.06	1.88	2.84	2.80	1.98	1.88	2.70	2.55
FRA-L2	2024-11-01	Annecy	Pau FC	2.21	1.83	2.58	3.15	2.05	1.75	2.45	2.88
FRA-L2	2024-11-01	Clermont	Lorient	2.06	1.95	4.00	2.25	1.95	1.90	3.30	2.15
FRA-L2	2024-11-01	Dunkerque	Amiens	2.32	1.77	2.49	3.20	2.15	1.67	2.38	2.90
FRA-L2	2024-11-01	Martigues	Red Star	2.21	1.79	3.63	2.20	2.05	1.75	3.40	2.15
FRA-L2	2024-11-01	Paris FC	Rodez	1.83	2.13	1.76	6.00	1.80	2.00	1.67	4.75
FRA-L2	2024-11-01	Troyes	Laval	2.32	1.74	2.11	4.28	2.15	1.67	1.95	4.00
FRA-L2	2024-11-02	Caen	Bastia	2.36	1.70	2.35	3.56	2.20	1.65	2.20	3.30
FRA-L2	2024-11-02	Guingamp	Grenoble	2.06	1.88	1.79	5.20	1.98	1.88	1.70	4.75
FRA-L2	2024-11-04	Ajaccio	Metz	2.60	1.59	4.66	2.06	2.35	1.57	4.00	2.00
FRA-L2	2024-11-08	Ajaccio	Clermont	2.88	1.48	3.15	2.75	2.88	1.40	3.00	2.63
FRA-L2	2024-11-08	Amiens	Martigues	2.07	1.97	1.50	8.00	1.93	1.93	1.45	7.00
FRA-L2	2024-11-08	Grenoble	Dunkerque	2.32	1.77	2.77	2.78	2.10	1.70	2.70	2.70
FRA-L2	2024-11-08	Laval	Bastia	2.63	1.54	3.60	2.37	2.50	1.50	3.50	2.25
FRA-L2	2024-11-08	Red Star	Troyes	2.21	1.85	2.44	3.02	2.05	1.80	2.38	2.88
FRA-L2	2024-11-08	Rodez	Annecy	1.97	2.06	2.17	3.80	1.85	2.00	2.05	3.50
FRA-L2	2024-11-09	Lorient	Guingamp	1.75	2.27	1.86	4.33	1.67	2.15	1.80	4.00
FRA-L2	2024-11-09	Metz	Caen	1.97	2.12	1.63	5.94	1.80	2.00	1.57	5.75
FRA-L2	2024-11-09	Pau FC	Paris FC	1.97	2.08	3.30	2.39	1.80	2.00	2.88	2.35
FRA-L2	2024-11-22	Caen	Rodez	1.80	2.23	2.40	3.00	1.70	2.10	2.35	2.88
FRA-L2	2024-11-22	Clermont	Metz	2.43	1.68	3.51	2.34	2.20	1.65	3.40	2.30
FRA-L2	2024-11-22	Guingamp	Amiens	2.10	1.93	2.06	4.05	2.03	1.83	2.05	3.60
FRA-L2	2024-11-22	Martigues	Laval	2.32	1.72	3.87	2.13	2.15	1.67	3.60	2.10
FRA-L2	2024-11-22	Pau FC	Red Star	2.06	1.90	1.96	4.30	1.98	1.88	1.85	4.10
FRA-L2	2024-11-22	Troyes	Grenoble	2.32	1.73	2.26	3.62	2.15	1.67	2.20	3.40
FRA-L2	2024-11-23	Bastia	Lorient	2.12	1.85	3.25	2.34	2.05	1.80	3.00	2.25
FRA-L2	2024-11-23	Paris FC	Annecy	2.06	2.02	1.65	5.80	1.88	1.98	1.60	5.25
FRA-L2	2024-11-25	Dunkerque	Ajaccio	2.63	1.57	1.95	5.01	2.40	1.53	1.85	4.50
FRA-L2	2024-12-03	Ajaccio	Bastia	3.18	1.41	3.73	2.60	3.10	1.36	3.30	2.40
FRA-L2	2024-12-06	Annecy	Clermont	2.42	1.64	2.49	3.55	2.25	1.62	2.20	2.88
FRA-L2	2024-12-06	Laval	Caen	2.06	1.99	2.42	3.19	1.93	1.93	2.20	2.63
FRA-L2	2024-12-06	Lorient	Troyes	1.73	2.47	1.54	6.75	1.60	2.30	1.48	5.00
FRA-L2	2024-12-06	Martigues	Guingamp	1.69	2.28	5.65	1.64	1.65	2.20	4.75	1.53
FRA-L2	2024-12-06	Red Star	Bastia	2.46	1.61	3.95	2.40	2.30	1.60	3.20	2.00
FRA-L2	2024-12-06	Rodez	Pau FC	1.75	2.31	2.61	3.00	1.67	2.15	2.45	2.50
FRA-L2	2024-12-07	Ajaccio	Paris FC	2.63	1.62	4.61	2.00	2.40	1.53	3.90	1.85
FRA-L2	2024-12-07	Grenoble	Amiens	2.25	1.75	2.40	3.70	2.08	1.73	2.05	3.30
FRA-L2	2024-12-09	Metz	Dunkerque	2.32	1.80	1.93	5.20	2.10	1.70	1.80	3.70
FRA-L2	2024-12-13	Amiens	Laval	2.36	1.67	2.24	3.93	2.25	1.62	2.05	3.50
FRA-L2	2024-12-13	Bastia	Guingamp	2.43	1.71	2.66	3.25	2.20	1.65	2.55	3.00
FRA-L2	2024-12-13	Clermont	Rodez	1.97	2.05	2.70	2.87	1.83	2.03	2.50	2.75
FRA-L2	2024-12-13	Pau FC	Ajaccio	2.21	1.84	1.60	6.66	2.05	1.75	1.55	6.00
FRA-L2	2024-12-13	Troyes	Martigues	2.06	2.06	1.47	7.69	1.88	1.98	1.40	7.00
FRA-L2	2024-12-14	Annecy	Metz	2.21	1.78	3.46	2.33	2.10	1.70	3.30	2.25
FRA-L2	2024-12-14	Lorient	Paris FC	2.10	1.95	2.17	3.87	2.00	1.85	2.05	3.50
FRA-L2	2024-12-14	Red Star	Grenoble	2.21	1.77	2.71	2.88	2.08	1.73	2.50	2.63
FRA-L2	2024-12-16	Dunkerque	Caen	1.97	2.05	2.10	3.91	1.83	2.03	2.00	3.60
FRA-L2	2025-01-03	Ajaccio	Annecy	2.82	1.48	3.02	2.87	2.70	1.44	2.88	2.63
FRA-L2	2025-01-03	Amiens	Troyes	2.36	1.65	3.02	2.80	2.25	1.62	2.90	2.55
FRA-L2	2025-01-03	Caen	Clermont	2.21	1.88	2.29	3.50	2.05	1.75	2.15	3.25
FRA-L2	2025-01-03	Grenoble	Bastia	2.63	1.57	3.78	2.33	2.40	1.53	3.50	2.15
FRA-L2	2025-01-03	Paris FC	Martigues	1.60	2.54	1.25	14.00	1.53	2.40	1.22	11.00
FRA-L2	2025-01-03	Rodez	Red Star	1.61	2.42	1.76	4.72	1.57	2.35	1.67	4.00
FRA-L2	2025-01-04	Guingamp	Dunkerque	2.10	1.87	2.26	3.58	2.03	1.83	2.15	3.10
FRA-L2	2025-01-04	Laval	Lorient	1.97	2.04	4.52	1.83	1.85	2.00	4.33	1.75
FRA-L2	2025-01-04	Metz	Pau FC	2.10	1.87	1.90	4.60	2.00	1.85	1.83	4.10
FRA-L2	2025-01-10	Annecy	Guingamp	2.21	1.79	2.65	3.00	2.05	1.75	2.45	2.80
FRA-L2	2025-01-10	Laval	Red Star	2.21	1.79	2.21	3.60	2.05	1.75	2.10	3.30
FRA-L2	2025-01-10	Martigues	Clermont	2.06	1.86	5.10	1.74	2.00	1.85	4.75	1.67
FRA-L2	2025-01-10	Pau FC	Dunkerque	2.10	1.84	2.81	2.81	2.03	1.83	2.70	2.50
FRA-L2	2025-01-10	Rodez	Troyes	2.06	2.08	2.53	3.06	1.83	2.03	2.40	2.70
FRA-L2	2025-01-11	Bastia	Ajaccio	2.53	1.56	1.70	6.35	2.40	1.53	1.62	5.75
FRA-L2	2025-01-11	Caen	Grenoble	2.10	1.87	2.13	3.72	2.03	1.83	2.00	3.60
FRA-L2	2025-01-11	Lorient	Metz	2.21	1.83	2.06	4.03	2.05	1.80	2.00	3.60
FRA-L2	2025-01-11	Paris FC	Amiens	2.21	1.86	1.70	5.64	2.10	1.70	1.65	5.25
FRA-L2	2025-01-17	Ajaccio	Caen	2.43	1.63	2.47	3.31	2.30	1.60	2.38	3.10
FRA-L2	2025-01-17	Amiens	Bastia	2.52	1.61	3.49	2.40	2.35	1.57	3.30	2.25
FRA-L2	2025-01-17	Grenoble	Martigues	1.70	2.25	1.40	8.62	1.65	2.20	1.36	7.50
FRA-L2	2025-01-17	Guingamp	Rodez	1.93	2.03	2.15	3.44	1.85	2.00	2.10	3.20
FRA-L2	2025-01-17	Red Star	Pau FC	2.06	1.96	2.86	2.66	1.93	1.93	2.70	2.55
FRA-L2	2025-01-18	Clermont	Laval	2.34	1.70	1.94	4.67	2.25	1.62	1.85	4.20
FRA-L2	2025-01-18	Dunkerque	Lorient	2.21	1.80	3.14	2.70	2.05	1.75	2.90	2.55
FRA-L2	2025-01-18	Metz	Paris FC	2.29	1.75	2.38	3.47	2.08	1.73	2.25	3.25
FRA-L2	2025-01-20	Troyes	Annecy	2.32	1.70	2.26	3.85	2.20	1.65	2.15	3.50
FRA-L2	2025-01-24	Bastia	Pau FC	2.21	1.77	1.99	4.26	2.08	1.73	1.90	4.00
FRA-L2	2025-01-24	Caen	Guingamp	2.10	1.91	3.21	2.47	2.03	1.83	3.00	2.38
FRA-L2	2025-01-24	Laval	Troyes	2.45	1.60	2.96	2.69	2.35	1.57	2.70	2.50
FRA-L2	2025-01-24	Martigues	Amiens	2.10	1.90	4.24	2.14	2.03	1.83	3.50	2.05
FRA-L2	2025-01-24	Metz	Grenoble	2.10	1.87	1.62	7.00	2.03	1.83	1.53	7.00
FRA-L2	2025-01-24	Rodez	Ajaccio	2.21	1.78	1.88	5.06	2.08	1.73	1.80	4.50
FRA-L2	2025-01-25	Lorient	Clermont	2.06	1.93	1.70	5.51	1.95	1.90	1.65	5.25
FRA-L2	2025-01-25	Paris FC	Red Star	1.89	2.08	1.62	6.07	1.80	2.05	1.57	5.25
FRA-L2	2025-01-27	Annecy	Dunkerque	2.35	1.66	3.21	2.55	2.25	1.62	3.10	2.30
FRA-L2	2025-01-31	Amiens	Annecy	2.26	1.76	2.25	3.88	2.10	1.70	1.95	3.25
FRA-L2	2025-01-31	Bastia	Metz	2.50	1.58	3.40	2.45	2.35	1.57	3.00	2.30
FRA-L2	2025-01-31	Clermont	Ajaccio	2.63	1.58	1.93	5.31	2.40	1.53	1.83	4.75
FRA-L2	2025-01-31	Dunkerque	Martigues	1.89	2.09	1.57	8.50	1.80	2.00	1.50	6.00
FRA-L2	2025-01-31	Grenoble	Rodez	2.06	1.93	3.39	2.33	1.95	1.90	3.10	2.15
FRA-L2	2025-01-31	Pau FC	Laval	2.21	1.89	2.22	3.62	2.03	1.83	2.10	3.25
FRA-L2	2025-02-01	Guingamp	Paris FC	2.32	1.75	3.54	2.35	2.10	1.70	3.20	2.20
FRA-L2	2025-02-01	Red Star	Lorient	1.97	2.05	4.89	1.88	1.83	2.03	4.20	1.70
FRA-L2	2025-02-01	Troyes	Caen	2.21	1.83	2.15	3.91	2.05	1.75	2.00	3.50
FRA-L2	2025-02-07	Grenoble	Red Star	2.21	1.87	2.39	3.22	2.05	1.80	2.35	3.00
FRA-L2	2025-02-07	Laval	Annecy	2.17	1.83	2.19	3.66	2.03	1.83	2.10	3.40
FRA-L2	2025-02-07	Martigues	Troyes	2.44	1.73	4.17	2.07	2.30	1.60	3.90	2.00
FRA-L2	2025-02-07	Paris FC	Pau FC	1.75	2.29	1.60	5.80	1.67	2.15	1.55	5.50
FRA-L2	2025-02-07	Rodez	Bastia	2.21	1.85	2.55	3.08	2.05	1.80	2.50	2.90
FRA-L2	2025-02-08	Ajaccio	Guingamp	2.82	1.50	3.61	2.46	2.60	1.48	3.40	2.35
FRA-L2	2025-02-08	Lorient	Amiens	1.89	2.12	1.40	9.60	1.75	2.05	1.36	9.00
FRA-L2	2025-02-08	Metz	Clermont	2.11	1.85	1.60	6.50	2.03	1.83	1.55	6.00
FRA-L2	2025-02-10	Caen	Dunkerque	2.35	1.69	2.91	2.72	2.30	1.60	2.63	2.55
FRA-L2	2025-02-14	Ajaccio	Laval	3.05	1.42	2.78	3.40	2.88	1.40	2.70	3.10
FRA-L2	2025-02-14	Amiens	Grenoble	2.44	1.60	2.70	3.75	2.35	1.57	2.70	3.10
FRA-L2	2025-02-14	Clermont	Bastia	2.63	1.55	3.39	2.63	2.50	1.50	3.25	2.40
FRA-L2	2025-02-14	Pau FC	Rodez	1.80	2.25	2.55	3.30	1.70	2.10	2.38	3.10
FRA-L2	2025-02-14	Red Star	Martigues	1.89	2.16	1.76	5.68	1.73	2.08	1.60	5.00
FRA-L2	2025-02-14	Troyes	Lorient	2.38	1.65	4.50	2.24	2.25	1.62	4.33	1.95
FRA-L2	2025-02-15	Dunkerque	Paris FC	2.32	1.68	3.29	2.65	2.25	1.62	3.20	2.45
FRA-L2	2025-02-15	Guingamp	Metz	2.32	1.66	3.20	2.70	2.25	1.62	2.90	2.60
FRA-L2	2025-02-17	Annecy	Caen	2.32	1.72	2.47	3.30	2.20	1.65	2.35	3.00
FRA-L2	2025-02-21	Bastia	Red Star	2.50	1.60	1.99	4.80	2.40	1.53	1.90	4.20
FRA-L2	2025-02-21	Dunkerque	Clermont	2.21	1.80	1.87	5.20	2.08	1.73	1.75	4.75
FRA-L2	2025-02-21	Grenoble	Guingamp	2.21	1.75	3.22	2.50	2.08	1.73	3.00	2.35
FRA-L2	2025-02-21	Martigues	Annecy	2.32	1.75	3.78	2.19	2.10	1.70	3.40	2.05
FRA-L2	2025-02-21	Paris FC	Troyes	2.32	1.72	1.88	5.10	2.15	1.67	1.75	4.50
FRA-L2	2025-02-21	Rodez	Amiens	1.73	2.25	1.54	6.83	1.67	2.15	1.50	6.00
FRA-L2	2025-02-22	Caen	Pau FC	1.85	2.13	2.31	3.35	1.80	2.00	2.15	3.20
FRA-L2	2025-02-22	Lorient	Laval	2.06	1.95	1.43	9.00	2.00	1.85	1.35	8.00
FRA-L2	2025-02-22	Metz	Ajaccio	2.32	1.78	1.49	8.62	2.10	1.70	1.42	7.00
FRA-L2	2025-02-28	Annecy	Paris FC	2.43	1.70	4.14	2.11	2.20	1.65	4.00	2.00
FRA-L2	2025-02-28	Clermont	Caen	2.21	1.82	2.63	2.95	2.05	1.75	2.50	2.80
FRA-L2	2025-02-28	Laval	Martigues	2.32	1.76	1.72	6.75	2.15	1.67	1.65	5.25
FRA-L2	2025-02-28	Pau FC	Grenoble	2.06	1.91	2.18	3.55	2.00	1.85	2.05	3.40
FRA-L2	2025-02-28	Troyes	Bastia	3.18	1.43	3.20	2.87	3.10	1.36	3.10	2.70
FRA-L2	2025-03-01	Amiens	Metz	2.10	1.90	6.33	1.65	2.00	1.85	6.00	1.55
FRA-L2	2025-03-01	Lorient	Rodez	1.80	2.20	1.62	5.68	1.73	2.08	1.55	5.00
FRA-L2	2025-03-01	Red Star	Guingamp	2.32	1.77	3.05	2.63	2.10	1.70	2.70	2.55
FRA-L2	2025-03-03	Ajaccio	Dunkerque	2.82	1.51	4.40	2.16	2.60	1.44	4.10	2.10
FRA-L2	2025-03-07	Bastia	Martigues	2.10	1.92	1.43	10.61	2.00	1.85	1.38	8.50
FRA-L2	2025-03-07	Caen	Laval	2.34	1.66	2.04	4.34	2.25	1.62	1.91	4.00
FRA-L2	2025-03-07	Grenoble	Ajaccio	2.63	1.55	2.37	3.68	2.50	1.50	2.20	3.50
FRA-L2	2025-03-07	Guingamp	Clermont	1.97	2.12	1.65	6.23	1.80	2.00	1.55	5.50
FRA-L2	2025-03-07	Pau FC	Troyes	2.32	1.71	3.01	2.60	2.15	1.67	2.88	2.45
FRA-L2	2025-03-07	Red Star	Amiens	2.21	1.87	1.94	4.67	2.05	1.75	1.80	4.50
FRA-L2	2025-03-08	Metz	Annecy	1.86	2.06	1.50	7.50	1.85	2.00	1.48	6.50
FRA-L2	2025-03-08	Paris FC	Lorient	2.45	1.63	2.83	3.06	2.35	1.57	2.63	2.88
FRA-L2	2025-03-10	Rodez	Dunkerque	2.06	1.96	3.02	2.47	1.98	1.88	2.88	2.38
FRA-L2	2025-03-14	Ajaccio	Red Star	2.90	1.48	2.70	3.19	2.70	1.44	2.55	2.90
FRA-L2	2025-03-14	Amiens	Caen	2.34	1.72	3.20	2.47	2.20	1.65	2.90	2.30
FRA-L2	2025-03-14	Annecy	Rodez	2.10	1.90	3.59	2.27	2.00	1.85	3.40	2.05
FRA-L2	2025-03-14	Clermont	Grenoble	2.21	1.78	2.37	3.59	2.05	1.75	2.10	3.30
FRA-L2	2025-03-14	Martigues	Pau FC	2.06	1.94	3.55	2.25	1.93	1.93	3.40	2.05
FRA-L2	2025-03-14	Troyes	Guingamp	2.35	1.65	2.62	3.03	2.25	1.62	2.35	2.88
FRA-L2	2025-03-15	Dunkerque	Metz	2.21	1.75	3.56	2.48	2.10	1.70	3.20	2.10
FRA-L2	2025-03-15	Laval	Paris FC	2.34	1.68	4.72	1.96	2.20	1.65	4.20	1.80
FRA-L2	2025-03-15	Lorient	Bastia	2.36	1.65	1.83	5.10	2.25	1.62	1.75	4.50
FRA-L2	2025-03-28	Bastia	Dunkerque	2.50	1.61	2.30	3.60	2.35	1.54	2.15	3.20
FRA-L2	2025-03-28	Clermont	Amiens	2.32	1.75	2.11	4.20	2.15	1.63	1.95	3.50
FRA-L2	2025-03-28	Martigues	Ajaccio	2.53	1.61	3.25	2.53	2.40	1.50	2.88	2.38
FRA-L2	2025-03-28	Metz	Troyes	2.21	1.76	1.77	5.89	2.10	1.67	1.65	5.00
FRA-L2	2025-03-28	Pau FC	Annecy	2.10	1.89	2.10	3.82	1.94	1.79	2.00	3.50
FRA-L2	2025-03-28	Red Star	Rodez	2.06	2.01	2.80	2.76	1.82	1.92	2.55	2.60
FRA-L2	2025-03-29	Grenoble	Lorient	1.97	2.07	5.80	1.68	1.85	1.95	5.50	1.55
FRA-L2	2025-03-29	Guingamp	Laval	2.21	1.82	1.75	5.55	2.05	1.75	1.62	5.00
FRA-L2	2025-03-31	Paris FC	Caen	1.75	2.31	1.49	8.00	1.65	2.20	1.48	6.00
FRA-L2	2025-04-04	Ajaccio	Amiens	2.67	1.50	2.20	4.16	2.60	1.48	2.10	3.90
FRA-L2	2025-04-04	Annecy	Bastia	2.56	1.59	3.70	2.30	2.40	1.53	3.60	2.15
FRA-L2	2025-04-04	Laval	Grenoble	2.32	1.74	2.25	3.93	2.08	1.73	2.10	3.80
FRA-L2	2025-04-04	Paris FC	Clermont	1.75	2.33	1.42	9.19	1.65	2.20	1.42	8.00
FRA-L2	2025-04-04	Rodez	Martigues	1.66	2.55	1.40	8.00	1.60	2.30	1.36	7.50
FRA-L2	2025-04-05	Caen	Metz	1.97	2.03	5.10	1.83	1.85	2.00	4.00	1.80
FRA-L2	2025-04-05	Lorient	Pau FC	1.60	2.48	1.28	11.50	1.57	2.35	1.25	10.00
FRA-L2	2025-04-05	Troyes	Red Star	2.32	1.72	1.83	5.20	2.15	1.67	1.73	5.00
FRA-L2	2025-04-07	Dunkerque	Guingamp	1.96	1.94	2.91	2.63	1.93	1.93	2.80	2.50
FRA-L2	2025-04-11	Amiens	Dunkerque	2.32	1.85	4.34	1.93	2.10	1.70	4.00	1.83
FRA-L2	2025-04-11	Martigues	Metz	1.89	2.10	7.73	1.50	1.75	2.05	6.25	1.45
FRA-L2	2025-04-11	Pau FC	Clermont	1.89	2.11	2.03	3.76	1.73	2.08	1.95	3.60
FRA-L2	2025-04-11	Red Star	Annecy	2.32	1.74	2.10	4.23	2.15	1.67	1.95	4.10
FRA-L2	2025-04-11	Rodez	Caen	1.89	2.13	1.91	4.00	1.73	2.08	1.85	3.80
FRA-L2	2025-04-11	Troyes	Ajaccio	2.63	1.55	1.90	5.25	2.40	1.53	1.80	4.75
FRA-L2	2025-04-12	Grenoble	Paris FC	2.06	1.97	4.75	1.90	1.90	1.95	3.80	1.80
FRA-L2	2025-04-12	Guingamp	Lorient	1.89	2.11	4.14	1.94	1.75	2.05	3.60	1.83
FRA-L2	2025-04-14	Bastia	Laval	2.20	1.82	1.71	5.50	2.05	1.75	1.60	5.00
FRA-L2	2025-04-18	Ajaccio	Pau FC	2.32	1.73	2.56	3.20	2.15	1.67	2.40	3.00
FRA-L2	2025-04-18	Amiens	Guingamp	2.10	1.93	5.00	1.88	2.00	1.85	4.50	1.73
FRA-L2	2025-04-18	Caen	Martigues	1.69	2.36	1.61	5.72	1.62	2.25	1.55	5.50
FRA-L2	2025-04-18	Clermont	Troyes	2.21	1.83	3.46	2.30	2.05	1.75	3.25	2.15
FRA-L2	2025-04-18	Dunkerque	Grenoble	1.89	2.14	1.61	5.94	1.70	2.10	1.53	5.75
FRA-L2	2025-04-18	Laval	Rodez	2.06	1.96	3.01	2.45	1.93	1.93	2.90	2.35
FRA-L2	2025-04-19	Metz	Red Star	1.89	2.20	1.48	7.00	1.73	2.08	1.48	6.25
FRA-L2	2025-04-19	Paris FC	Bastia	2.32	1.77	2.13	3.91	2.10	1.70	2.00	3.60
FRA-L2	2025-04-21	Annecy	Lorient	2.08	1.92	6.36	1.56	2.05	1.80	5.75	1.55
FRA-L2	2025-04-25	Annecy	Ajaccio	2.63	1.56	2.17	3.93	2.50	1.50	2.05	3.60
FRA-L2	2025-04-25	Bastia	Grenoble	1.89	2.11	1.46	7.60	1.75	2.05	1.42	7.00
FRA-L2	2025-04-25	Guingamp	Martigues	1.69	2.41	1.43	8.19	1.57	2.35	1.40	8.00
FRA-L2	2025-04-25	Laval	Amiens	2.10	1.88	1.64	6.20	2.00	1.85	1.60	5.50
FRA-L2	2025-04-25	Red Star	Clermont	2.06	1.96	2.50	2.99	1.90	1.95	2.50	2.80
FRA-L2	2025-04-25	Troyes	Dunkerque	2.32	1.70	2.95	2.75	2.15	1.67	2.75	2.70
FRA-L2	2025-04-26	Lorient	Caen	1.66	2.55	1.25	14.14	1.57	2.35	1.22	13.00
FRA-L2	2025-04-26	Pau FC	Metz	1.72	2.60	4.90	1.74	1.53	2.40	4.33	1.70
FRA-L2	2025-04-26	Rodez	Paris FC	1.96	2.04	3.30	2.38	1.90	1.95	3.10	2.25
FRA-L2	2025-05-02	Ajaccio	Lorient	2.10	1.91	5.25	1.72	2.00	1.85	5.00	1.67
FRA-L2	2025-05-02	Amiens	Pau FC	1.71	2.24	3.00	2.55	1.65	2.20	2.70	2.50
FRA-L2	2025-05-02	Caen	Red Star	2.10	2.26	3.10	2.54	2.03	1.83	2.88	2.45
FRA-L2	2025-05-02	Clermont	Annecy	2.21	1.80	2.28	3.56	2.05	1.75	2.10	3.50
FRA-L2	2025-05-02	Dunkerque	Laval	2.06	1.99	1.90	4.60	1.93	1.93	1.80	4.20
FRA-L2	2025-05-02	Grenoble	Troyes	2.06	1.99	3.30	2.27	1.90	1.95	3.20	2.20
FRA-L2	2025-05-02	Guingamp	Bastia	2.06	1.93	1.94	5.29	1.93	1.93	1.73	4.75
FRA-L2	2025-05-02	Martigues	Paris FC	1.69	2.42	4.80	1.75	1.62	2.25	4.50	1.70
FRA-L2	2025-05-02	Metz	Rodez	1.54	2.62	1.66	5.40	1.48	2.60	1.60	4.75
FRA-L2	2025-05-10	Annecy	Grenoble	1.89	2.16	2.16	3.60	1.83	2.03	2.10	3.50
FRA-L2	2025-05-10	Bastia	Caen	1.64	2.50	1.49	6.99	1.57	2.35	1.42	6.25
FRA-L2	2025-05-10	Laval	Metz	1.73	2.30	1.88	4.06	1.70	2.10	1.80	3.80
FRA-L2	2025-05-10	Lorient	Martigues	1.40	3.40	1.33	10.00	1.33	3.40	1.27	10.00
FRA-L2	2025-05-10	Paris FC	Ajaccio	1.66	2.40	1.40	9.82	1.57	2.35	1.33	8.00
FRA-L2	2025-05-10	Pau FC	Guingamp	1.66	2.50	4.15	1.89	1.60	2.30	4.00	1.80
FRA-L2	2025-05-10	Red Star	Dunkerque	2.06	2.05	3.10	2.69	1.98	1.88	3.10	2.60
FRA-L2	2025-05-10	Rodez	Clermont	1.60	2.50	2.24	3.12	1.53	2.40	2.15	3.00
FRA-L2	2025-05-10	Troyes	Amiens	1.69	2.33	1.52	7.00	1.62	2.25	1.48	6.00
FRA-L2	2025-08-09	Dunkerque	Clermont	2.20	1.67	2.20	3.45	2.20	1.65	2.10	3.20
FRA-L2	2025-08-09	Guingamp	Le Mans	2.05	1.80	2.00	4.10	2.05	1.75	1.90	3.70
FRA-L2	2025-08-09	Laval	St Etienne	2.10	1.74	2.95	2.50	2.10	1.70	2.60	2.50
FRA-L2	2025-08-09	Montpellier	Red Star	2.08	1.83	1.83	4.50	2.08	1.73	1.75	4.10
FRA-L2	2025-08-09	Pau FC	Annecy	2.05	1.77	2.40	3.10	2.05	1.75	2.30	2.80
FRA-L2	2025-08-09	Rodez	Nancy	2.05	1.80	2.60	2.80	2.05	1.75	2.30	2.80
FRA-L2	2025-08-09	Troyes	Grenoble	2.15	1.72	1.95	4.25	2.15	1.67	1.85	3.80
FRA-L2	2025-08-11	Amiens	Reims	1.98	1.98	6.00	1.60	1.98	1.83	5.25	1.53
FRA-L2	2025-08-15	Bastia	Pau FC	1.83	2.12	1.69	5.33	1.83	1.98	1.62	4.50
FRA-L2	2025-08-15	Clermont	Troyes	2.16	1.75	3.00	2.50	2.10	1.70	2.70	2.35
FRA-L2	2025-08-15	Grenoble	Laval	2.20	1.67	2.75	2.66	2.20	1.65	2.55	2.45
FRA-L2	2025-08-15	Nancy	Boulogne	2.20	1.67	1.75	5.00	2.15	1.67	1.65	4.33
FRA-L2	2025-08-15	Red Star	Amiens	2.10	1.74	1.88	4.33	2.10	1.70	1.80	3.75
FRA-L2	2025-08-16	Annecy	Dunkerque	2.25	1.62	3.10	2.45	2.25	1.62	2.75	2.30
FRA-L2	2025-08-16	Reims	Guingamp	2.15	1.80	2.15	3.70	2.03	1.78	2.10	3.10
FRA-L2	2025-08-16	St Etienne	Rodez	1.63	2.38	1.65	5.00	1.57	2.35	1.57	4.10
FRA-L2	2025-08-18	Le Mans	Montpellier	2.00	1.80	2.48	2.88	1.97	1.72	2.30	2.63
FRA-L2	2025-08-22	Amiens	Annecy	2.29	1.63	2.80	2.65	2.25	1.62	2.70	2.55
FRA-L2	2025-08-22	Clermont	Grenoble	2.07	1.80	2.20	3.60	2.00	1.80	2.05	3.40
FRA-L2	2025-08-22	Dunkerque	Nancy	2.40	1.57	2.50	3.20	2.40	1.53	2.35	2.80
FRA-L2	2025-08-22	Le Mans	Bastia	2.40	1.60	2.80	2.70	2.40	1.53	2.55	2.45
FRA-L2	2025-08-22	Rodez	Laval	2.00	1.84	2.63	2.60	2.00	1.80	2.55	2.55
FRA-L2	2025-08-23	Boulogne	St Etienne	1.98	1.88	5.33	1.70	1.98	1.83	4.75	1.65
FRA-L2	2025-08-23	Guingamp	Red Star	1.96	1.85	2.15	3.35	1.95	1.85	2.10	3.10
FRA-L2	2025-08-23	Troyes	Montpellier	2.20	1.70	2.30	3.30	2.15	1.67	2.10	3.00
FRA-L2	2025-08-25	Pau FC	Reims	1.80	2.05	3.00	2.30	1.75	2.05	2.63	2.20
FRA-L2	2025-08-29	Dunkerque	Troyes	2.04	1.85	2.70	2.80	1.98	1.83	2.40	2.75
FRA-L2	2025-08-29	Laval	Clermont	2.02	1.80	2.10	3.75	2.00	1.80	2.00	3.40
FRA-L2	2025-08-29	Montpellier	Amiens	2.08	1.85	1.65	5.66	2.08	1.73	1.60	5.00
FRA-L2	2025-08-29	Nancy	Pau FC	2.14	1.70	2.00	3.75	2.10	1.70	1.91	3.70
FRA-L2	2025-08-29	Red Star	Annecy	2.25	1.65	1.85	4.50	2.25	1.62	1.80	4.20
FRA-L2	2025-08-29	Rodez	Boulogne	2.25	1.70	2.00	4.20	2.25	1.62	1.95	4.00
FRA-L2	2025-08-30	Bastia	Guingamp	2.00	1.82	1.79	4.75	2.00	1.80	1.73	4.33
FRA-L2	2025-08-30	Reims	Le Mans	2.18	1.75	2.10	3.66	2.05	1.75	2.05	3.50
FRA-L2	2025-08-30	St Etienne	Grenoble	1.70	2.15	1.45	7.00	1.70	2.10	1.42	7.00
FRA-L2	2025-09-12	Amiens	Bastia	2.15	1.71	3.80	2.00	2.15	1.67	3.50	2.00
FRA-L2	2025-09-12	Boulogne	Laval	2.25	1.65	3.33	2.30	2.20	1.65	3.10	2.15
FRA-L2	2025-09-12	Le Mans	Rodez	1.95	1.88	2.15	3.35	1.95	1.85	2.05	3.20
FRA-L2	2025-09-12	Pau FC	Red Star	2.02	1.88	2.75	2.55	1.93	1.88	2.75	2.50
FRA-L2	2025-09-12	Troyes	Nancy	2.18	1.70	2.30	3.50	2.10	1.70	2.30	3.00
FRA-L2	2025-09-13	Annecy	Reims	2.25	1.64	4.00	2.10	2.25	1.62	3.70	1.95
FRA-L2	2025-09-13	Clermont	St Etienne	1.83	2.05	4.50	1.88	1.75	2.05	4.00	1.75
FRA-L2	2025-09-13	Grenoble	Dunkerque	2.10	1.75	3.10	2.40	2.10	1.70	2.75	2.38
FRA-L2	2025-09-15	Guingamp	Montpellier	1.95	1.90	2.75	2.60	1.95	1.85	2.75	2.50
FRA-L2	2025-09-16	Boulogne	Bastia	2.60	1.52	3.50	2.25	2.60	1.48	3.40	2.15
FRA-L2	2025-09-19	Boulogne	Pau FC	2.35	1.62	2.63	2.85	2.35	1.57	2.63	2.63
FRA-L2	2025-09-19	Dunkerque	Le Mans	2.10	1.75	1.97	4.25	2.05	1.75	1.85	4.20
FRA-L2	2025-09-19	Grenoble	Annecy	2.40	1.58	2.40	3.14	2.40	1.53	2.35	3.10
FRA-L2	2025-09-19	Laval	Amiens	2.50	1.57	1.91	4.50	2.40	1.53	1.91	3.90
FRA-L2	2025-09-19	Nancy	Red Star	2.30	1.65	2.45	3.10	2.20	1.65	2.45	2.88
FRA-L2	2025-09-19	Rodez	Clermont	1.90	1.98	2.20	3.33	1.83	1.98	2.05	3.30
FRA-L2	2025-09-20	Montpellier	Bastia	2.38	1.60	2.05	4.00	2.30	1.60	1.95	3.75
FRA-L2	2025-09-20	St Etienne	Reims	1.83	2.05	2.00	3.85	1.75	2.05	2.00	3.40
FRA-L2	2025-09-20	Troyes	Guingamp	1.73	2.10	1.83	4.00	1.70	2.10	1.75	4.00
FRA-L2	2025-09-23	Amiens	St Etienne	1.80	2.10	5.00	1.67	1.80	2.00	4.50	1.62
FRA-L2	2025-09-23	Annecy	Nancy	2.38	1.58	2.63	2.90	2.35	1.57	2.40	2.80
FRA-L2	2025-09-23	Bastia	Rodez	2.05	1.90	1.95	4.00	2.05	1.75	1.90	3.70
FRA-L2	2025-09-23	Guingamp	Dunkerque	1.88	1.93	2.54	2.75	1.88	1.93	2.38	2.70
FRA-L2	2025-09-23	Le Mans	Grenoble	2.25	1.65	2.00	4.20	2.20	1.65	1.85	4.10
FRA-L2	2025-09-23	Montpellier	Boulogne	2.10	1.72	1.62	6.00	2.10	1.70	1.57	5.25
FRA-L2	2025-09-23	Pau FC	Laval	2.15	1.71	2.25	3.50	2.15	1.67	2.15	3.20
FRA-L2	2025-09-23	Red Star	Troyes	2.05	1.75	2.75	2.70	2.05	1.75	2.60	2.50
FRA-L2	2025-09-23	Reims	Clermont	1.70	2.15	1.50	6.50	1.67	2.15	1.45	5.75
FRA-L2	2025-09-26	Clermont	Le Mans	2.30	1.70	2.75	2.75	2.30	1.60	2.63	2.75
FRA-L2	2025-09-26	Grenoble	Bastia	2.30	1.62	3.20	2.40	2.30	1.60	3.10	2.30
FRA-L2	2025-09-26	Nancy	Reims	1.98	1.85	3.50	2.15	1.98	1.83	3.40	2.05
FRA-L2	2025-09-26	Rodez	Pau FC	1.85	2.00	2.40	3.00	1.80	2.00	2.40	2.75
FRA-L2	2025-09-26	Troyes	Annecy	2.12	1.70	1.55	6.50	2.10	1.70	1.53	6.00
FRA-L2	2025-09-27	Dunkerque	Amiens	2.00	1.89	1.80	4.50	2.00	1.80	1.75	4.50
FRA-L2	2025-09-27	Laval	Montpellier	2.25	1.67	2.30	3.33	2.25	1.62	2.25	3.30
FRA-L2	2025-09-27	St Etienne	Guingamp	1.55	2.45	1.55	5.75	1.53	2.40	1.48	5.00
FRA-L2	2025-09-29	Boulogne	Red Star	2.38	1.61	3.30	2.35	2.35	1.57	3.10	2.30
FRA-L2	2025-10-03	Amiens	Boulogne	2.25	1.62	2.80	2.65	2.25	1.62	2.75	2.50
FRA-L2	2025-10-03	Annecy	Laval	2.45	1.54	2.65	2.90	2.40	1.53	2.50	2.80
FRA-L2	2025-10-03	Bastia	Dunkerque	2.25	1.65	2.42	3.10	2.25	1.62	2.38	2.90
FRA-L2	2025-10-03	Guingamp	Nancy	1.95	1.90	2.40	3.00	1.95	1.85	2.40	2.75
FRA-L2	2025-10-03	Le Mans	Troyes	2.10	1.73	3.10	2.30	2.08	1.73	3.00	2.30
FRA-L2	2025-10-03	Pau FC	Clermont	1.80	2.02	1.68	5.50	1.80	2.00	1.62	5.50
FRA-L2	2025-10-04	Montpellier	St Etienne	1.73	2.10	3.60	2.10	1.70	2.10	3.50	1.95
FRA-L2	2025-10-04	Red Star	Rodez	1.80	2.05	1.91	4.00	1.75	2.05	1.85	3.90
FRA-L2	2025-10-04	Reims	Grenoble	1.85	1.95	1.57	6.50	1.85	1.95	1.57	5.75
FRA-L2	2025-10-17	Boulogne	Guingamp	2.20	1.67	2.80	2.57	2.15	1.67	2.75	2.45
FRA-L2	2025-10-17	Clermont	Annecy	2.50	1.53	2.75	2.80	2.50	1.50	2.60	2.75
FRA-L2	2025-10-17	Grenoble	Pau FC	2.05	1.85	3.10	2.45	1.95	1.85	3.00	2.40
FRA-L2	2025-10-17	Rodez	Reims	1.80	2.08	3.50	2.12	1.73	2.08	3.40	2.00
FRA-L2	2025-10-17	Troyes	Bastia	2.20	1.77	1.80	4.75	2.20	1.65	1.80	4.50
FRA-L2	2025-10-18	Dunkerque	Montpellier	2.00	1.80	2.20	3.40	2.00	1.80	2.10	3.40
FRA-L2	2025-10-18	Laval	Red Star	2.20	1.71	3.10	2.63	2.20	1.65	2.90	2.38
FRA-L2	2025-10-18	St Etienne	Le Mans	1.68	2.20	1.62	5.50	1.67	2.15	1.60	4.75
FRA-L2	2025-10-20	Nancy	Amiens	2.00	1.83	1.67	5.33	2.00	1.80	1.65	5.00
FRA-L2	2025-10-24	Guingamp	Clermont	1.85	2.05	1.67	5.50	1.75	2.05	1.62	5.00
FRA-L2	2025-10-24	Le Mans	Boulogne	3.60	1.67	2.05	4.70	2.15	1.67	1.85	4.20
FRA-L2	2025-10-24	Pau FC	Dunkerque	1.89	2.00	2.45	2.95	1.83	1.98	2.45	2.75
FRA-L2	2025-10-24	Red Star	Grenoble	2.00	1.80	1.83	4.50	2.00	1.80	1.83	4.33
FRA-L2	2025-10-24	Reims	Troyes	1.95	1.91	2.20	3.40	1.90	1.90	2.10	3.25
FRA-L2	2025-10-25	Amiens	Rodez	1.90	1.95	3.20	2.35	1.90	1.90	3.20	2.35
FRA-L2	2025-10-25	Annecy	St Etienne	1.85	1.98	4.20	1.85	1.83	1.98	4.10	1.75
FRA-L2	2025-10-25	Montpellier	Nancy	2.07	1.83	2.15	3.50	1.98	1.83	2.00	3.40
FRA-L2	2025-10-28	Boulogne	Reims	2.15	1.74	4.10	1.95	2.15	1.67	3.90	1.90
FRA-L2	2025-10-28	Clermont	Montpellier	2.10	1.70	3.40	2.20	2.10	1.70	3.30	2.05
FRA-L2	2025-10-28	Dunkerque	Red Star	2.10	1.80	2.30	3.40	2.05	1.75	2.15	3.40
FRA-L2	2025-10-28	Grenoble	Guingamp	2.03	1.85	2.90	2.50	2.03	1.78	2.80	2.50
FRA-L2	2025-10-28	Laval	Le Mans	2.60	1.56	3.00	2.60	2.60	1.48	3.00	2.45
FRA-L2	2025-10-28	Nancy	Bastia	2.50	1.54	2.50	3.10	2.50	1.50	2.40	3.10
FRA-L2	2025-10-28	Rodez	Annecy	2.10	1.73	2.10	3.75	2.10	1.70	2.05	3.60
FRA-L2	2025-10-28	St Etienne	Pau FC	1.57	2.55	1.70	4.75	1.53	2.40	1.70	4.50
FRA-L2	2025-10-28	Troyes	Amiens	1.80	2.08	1.44	8.00	1.73	2.08	1.40	6.50
FRA-L2	2025-10-31	Annecy	Boulogne	2.55	1.50	2.05	4.33	2.50	1.50	1.91	4.33
FRA-L2	2025-10-31	Bastia	Clermont	2.35	1.62	2.00	4.20	2.25	1.62	1.91	4.20
FRA-L2	2025-10-31	Guingamp	Laval	2.25	1.62	1.80	5.33	2.25	1.62	1.73	5.00
FRA-L2	2025-10-31	Le Mans	Nancy	2.20	1.65	2.05	3.90	2.20	1.65	2.00	3.75
FRA-L2	2025-10-31	Montpellier	Rodez	1.78	2.10	1.84	4.50	1.70	2.10	1.73	4.50
FRA-L2	2025-11-01	Amiens	Grenoble	2.15	1.73	3.00	2.54	2.15	1.67	3.00	2.40
FRA-L2	2025-11-01	Red Star	St Etienne	1.84	2.00	3.10	2.25	1.80	2.00	3.10	2.20
FRA-L2	2025-11-01	Reims	Dunkerque	1.95	1.89	2.10	3.60	1.95	1.85	2.05	3.60
FRA-L2	2025-11-03	Pau FC	Troyes	1.95	1.95	3.25	2.30	1.85	1.95	3.10	2.25
FRA-L2	2025-11-07	Bastia	Reims	2.38	1.60	3.25	2.40	2.30	1.60	3.20	2.35
FRA-L2	2025-11-07	Clermont	Amiens	2.10	1.75	2.00	3.80	2.05	1.75	1.95	3.80
FRA-L2	2025-11-07	Dunkerque	Boulogne	2.10	1.79	1.70	5.75	2.05	1.75	1.60	5.75
FRA-L2	2025-11-07	Grenoble	Rodez	1.98	1.85	2.50	3.10	1.98	1.83	2.40	3.00
FRA-L2	2025-11-07	Montpellier	Annecy	2.15	1.70	1.85	4.60	2.15	1.67	1.83	4.33
FRA-L2	2025-11-07	Nancy	Laval	2.32	1.65	1.98	4.75	2.25	1.62	1.85	4.20
FRA-L2	2025-11-08	Guingamp	Pau FC	1.88	1.93	2.00	3.75	1.88	1.93	1.95	3.50
FRA-L2	2025-11-08	Le Mans	Red Star	2.30	1.65	2.45	3.20	2.20	1.65	2.45	3.20
FRA-L2	2025-11-08	Troyes	St Etienne	1.85	2.00	2.57	2.75	1.85	1.95	2.50	2.63
FRA-L2	2025-11-21	Annecy	Bastia	3.10	1.42	2.55	3.25	3.10	1.36	2.50	3.00
FRA-L2	2025-11-21	Boulogne	Grenoble	4.05	1.57	2.65	3.50	2.40	1.53	2.15	3.20
FRA-L2	2025-11-21	Laval	Troyes	2.38	1.60	3.65	2.20	2.30	1.60	3.30	2.05
FRA-L2	2025-11-21	Pau FC	Le Mans	2.05	1.80	3.10	2.40	2.05	1.75	2.88	2.20
FRA-L2	2025-11-21	Rodez	Dunkerque	2.00	1.85	2.70	2.63	1.95	1.85	2.50	2.50
FRA-L2	2025-11-22	Amiens	Guingamp	1.98	1.83	4.20	1.94	1.98	1.83	3.75	1.83
FRA-L2	2025-11-22	Red Star	Clermont	2.10	1.75	1.78	5.20	2.05	1.75	1.73	4.50
FRA-L2	2025-11-22	St Etienne	Nancy	1.80	2.08	1.58	5.80	1.73	2.08	1.50	5.50
FRA-L2	2025-11-24	Reims	Montpellier	2.00	1.83	2.15	3.50	1.98	1.83	2.05	3.20
FRA-L2	2025-11-25	Bastia	Laval	2.70	1.50	2.36	3.55	2.70	1.44	2.25	3.10
FRA-L2	2025-12-05	Bastia	Red Star	2.45	1.55	2.50	3.10	2.40	1.53	2.45	3.10
FRA-L2	2025-12-05	Clermont	Boulogne	2.38	1.60	2.38	3.25	2.35	1.57	2.30	3.10
FRA-L2	2025-12-05	Grenoble	Nancy	2.12	1.73	3.00	2.48	2.08	1.73	3.00	2.30
FRA-L2	2025-12-05	Guingamp	Annecy	2.25	1.70	2.20	3.65	2.10	1.70	2.20	3.20
FRA-L2	2025-12-05	Le Mans	Amiens	1.85	2.00	1.36	10.00	1.80	2.00	1.36	8.00
FRA-L2	2025-12-06	Dunkerque	St Etienne	1.75	2.10	2.55	2.66	1.75	2.05	2.55	2.63
FRA-L2	2025-12-06	Montpellier	Pau FC	1.71	2.30	1.89	4.20	1.60	2.30	1.80	3.80
FRA-L2	2025-12-06	Troyes	Rodez	1.84	2.08	1.80	4.75	1.73	2.08	1.80	4.10
FRA-L2	2025-12-08	Reims	Laval	2.12	1.78	1.68	5.25	2.03	1.78	1.67	5.00
FRA-L2	2025-12-12	Annecy	Le Mans	2.50	1.53	2.60	3.20	2.40	1.53	2.30	3.00
FRA-L2	2025-12-12	Laval	Dunkerque	2.60	1.50	3.40	2.28	2.60	1.48	3.25	2.15
FRA-L2	2025-12-12	Nancy	Clermont	2.05	1.83	2.05	3.80	1.98	1.83	1.90	3.50
FRA-L2	2025-12-12	Pau FC	Amiens	1.67	2.30	1.55	6.00	1.60	2.30	1.50	5.00
FRA-L2	2025-12-12	Rodez	Guingamp	1.86	2.00	2.40	2.83	1.80	2.00	2.30	2.63
FRA-L2	2025-12-13	Grenoble	Montpellier	1.93	1.95	3.40	2.10	1.85	1.95	3.25	1.95
FRA-L2	2025-12-13	Red Star	Reims	2.08	1.78	3.50	2.28	2.08	1.73	3.10	2.05
FRA-L2	2025-12-13	St Etienne	Bastia	1.85	2.00	1.65	5.60	1.85	1.95	1.55	5.25
FRA-L2	2025-12-15	Boulogne	Troyes	2.17	1.73	3.75	2.05	2.08	1.73	3.60	1.95
FRA-L2	2026-01-03	Amiens	Nancy	2.25	1.83	3.50	2.16	2.25	1.62	3.25	2.10
FRA-L2	2026-01-03	Bastia	Grenoble	2.40	1.60	2.20	3.75	2.40	1.53	2.15	3.40
FRA-L2	2026-01-03	Clermont	Laval	2.55	1.50	2.65	2.88	2.50	1.50	2.55	2.80
FRA-L2	2026-01-03	Guingamp	Boulogne	2.15	1.71	1.91	4.20	2.15	1.67	1.85	4.10
FRA-L2	2026-01-03	Le Mans	St Etienne	1.85	2.00	2.65	2.70	1.80	2.00	2.40	2.60
FRA-L2	2026-01-03	Pau FC	Rodez	1.70	2.20	2.08	3.50	1.70	2.10	2.00	3.30
FRA-L2	2026-01-03	Reims	Annecy	2.20	1.67	1.70	5.66	2.20	1.65	1.65	5.00
FRA-L2	2026-01-03	Troyes	Red Star	2.14	1.70	1.88	4.75	2.10	1.70	1.80	4.10
FRA-L2	2026-01-05	Montpellier	Dunkerque	2.30	1.62	2.45	3.10	2.25	1.62	2.38	2.90
FRA-L2	2026-01-16	Annecy	Amiens	2.20	1.67	1.78	5.00	2.20	1.65	1.70	4.75
FRA-L2	2026-01-16	Boulogne	Montpellier	2.25	1.65	3.15	2.40	2.25	1.62	2.90	2.25
FRA-L2	2026-01-16	Dunkerque	Pau FC	1.93	1.94	1.80	4.33	1.93	1.88	1.75	4.00
FRA-L2	2026-01-16	Laval	Bastia	3.10	1.42	2.50	3.20	3.10	1.36	2.45	2.90
FRA-L2	2026-01-16	Rodez	Le Mans	2.03	1.80	2.80	2.54	2.03	1.78	2.63	2.40
FRA-L2	2026-01-17	Grenoble	Red Star	2.25	1.62	3.10	2.55	2.25	1.62	2.90	2.25
FRA-L2	2026-01-17	St Etienne	Clermont	1.57	2.45	1.52	6.50	1.57	2.35	1.42	6.00
FRA-L2	2026-01-17	Troyes	Reims	2.20	1.70	2.50	2.95	2.10	1.70	2.38	2.75
FRA-L2	2026-01-19	Nancy	Guingamp	2.15	1.71	2.75	2.66	2.15	1.67	2.55	2.55
FRA-L2	2026-01-23	Amiens	Laval	2.75	1.50	2.75	3.00	2.70	1.44	2.60	2.75
FRA-L2	2026-01-23	Annecy	Clermont	2.23	1.67	2.00	4.00	2.15	1.67	1.91	3.90
FRA-L2	2026-01-23	Bastia	Montpellier	2.45	1.57	2.80	2.80	2.40	1.53	2.55	2.70
FRA-L2	2026-01-23	Nancy	Rodez	1.95	1.85	2.10	3.60	1.95	1.85	1.95	3.30
FRA-L2	2026-01-23	Pau FC	Grenoble	1.87	1.95	1.77	4.75	1.85	1.95	1.70	4.50
FRA-L2	2026-01-24	Guingamp	Troyes	2.10	1.73	2.70	2.80	2.10	1.70	2.40	2.63
FRA-L2	2026-01-24	Red Star	Boulogne	2.55	1.53	1.93	4.50	2.40	1.53	1.90	4.10
FRA-L2	2026-01-24	Reims	St Etienne	1.80	2.00	2.10	3.40	1.80	2.00	2.05	3.40
FRA-L2	2026-01-26	Le Mans	Dunkerque	2.30	1.62	2.60	2.90	2.30	1.60	2.50	2.75
FRA-L2	2026-01-30	Bastia	Nancy	2.50	1.53	2.15	3.75	2.50	1.50	2.05	3.40
FRA-L2	2026-01-30	Clermont	Reims	2.10	1.84	4.33	1.93	2.03	1.78	4.10	1.75
FRA-L2	2026-01-30	Grenoble	Amiens	2.20	1.67	2.00	4.00	2.15	1.67	1.95	3.70
FRA-L2	2026-01-30	Laval	Pau FC	2.10	1.77	3.30	2.20	2.05	1.75	3.10	2.10
FRA-L2	2026-01-30	Montpellier	Guingamp	2.30	1.62	2.45	3.00	2.25	1.62	2.30	2.80
FRA-L2	2026-01-30	Rodez	Red Star	1.93	1.90	2.85	2.55	1.93	1.88	2.63	2.38
FRA-L2	2026-01-31	Dunkerque	Annecy	2.30	1.62	2.05	4.00	2.30	1.60	2.05	3.60
FRA-L2	2026-01-31	St Etienne	Boulogne	1.65	2.35	1.50	6.25	1.57	2.35	1.40	6.25
FRA-L2	2026-01-31	Troyes	Le Mans	2.10	1.75	2.10	3.66	2.05	1.75	2.00	3.30
FRA-L2	2026-02-06	Annecy	Grenoble	2.28	1.70	1.90	4.50	2.15	1.67	1.80	4.00
FRA-L2	2026-02-06	Boulogne	Rodez	2.20	1.75	2.38	3.14	2.20	1.65	2.20	2.90
FRA-L2	2026-02-06	Dunkerque	Guingamp	2.10	1.78	2.25	3.40	2.03	1.78	2.15	3.10
FRA-L2	2026-02-06	Red Star	Pau FC	2.03	1.83	2.25	3.33	2.03	1.78	2.15	3.00
FRA-L2	2026-02-06	Reims	Bastia	2.35	1.68	1.80	5.30	2.35	1.57	1.73	4.75
FRA-L2	2026-02-07	Le Mans	Laval	2.90	1.50	1.85	5.33	2.70	1.44	1.75	4.75
FRA-L2	2026-02-07	Nancy	Troyes	2.04	1.83	3.40	2.30	1.98	1.83	3.00	2.15
FRA-L2	2026-02-07	St Etienne	Montpellier	1.76	2.10	2.05	3.50	1.73	2.08	1.95	3.20
FRA-L2	2026-02-09	Amiens	Clermont	2.10	1.75	2.70	2.66	2.05	1.75	2.55	2.45
FRA-L2	2026-02-13	Amiens	Dunkerque	1.93	1.88	3.95	1.95	1.93	1.88	3.70	1.91
FRA-L2	2026-02-13	Clermont	Rodez	1.87	1.98	2.50	2.90	1.83	1.98	2.35	2.80
FRA-L2	2026-02-13	Laval	Annecy	2.88	1.44	3.20	2.50	2.88	1.40	3.00	2.50
FRA-L2	2026-02-13	Pau FC	Boulogne	1.98	1.87	1.95	4.50	1.98	1.83	1.85	4.20
FRA-L2	2026-02-13	Red Star	Nancy	2.20	1.70	2.02	4.20	2.20	1.65	1.95	4.10
FRA-L2	2026-02-14	Grenoble	Reims	1.95	1.85	4.75	1.92	1.95	1.85	4.50	1.80
FRA-L2	2026-02-14	Guingamp	St Etienne	1.75	2.08	2.55	2.71	1.73	2.08	2.40	2.55
FRA-L2	2026-02-14	Montpellier	Le Mans	2.40	1.60	2.40	3.20	2.40	1.53	2.30	3.20
FRA-L2	2026-02-16	Bastia	Troyes	2.50	1.53	2.88	2.75	2.50	1.50	2.63	2.55
FRA-L2	2026-02-20	Annecy	Red Star	2.55	1.52	2.48	3.25	2.50	1.50	2.30	3.10
FRA-L2	2026-02-20	Boulogne	Clermont	2.42	1.60	2.43	3.25	2.30	1.60	2.30	2.88
FRA-L2	2026-02-20	Dunkerque	Bastia	2.50	1.57	2.20	4.00	2.50	1.50	2.10	3.50
FRA-L2	2026-02-20	Nancy	Grenoble	2.15	1.70	2.02	4.00	2.15	1.67	1.83	4.00
FRA-L2	2026-02-20	Rodez	Montpellier	1.93	1.91	2.88	2.50	1.93	1.88	2.75	2.30
FRA-L2	2026-02-21	Reims	Amiens	1.70	2.10	1.40	10.75	1.70	2.10	1.33	8.00
FRA-L2	2026-02-21	St Etienne	Laval	1.88	2.00	1.50	7.00	1.88	1.93	1.45	6.25
FRA-L2	2026-02-21	Troyes	Pau FC	1.78	2.08	1.91	4.00	1.73	2.08	1.80	3.60
FRA-L2	2026-02-23	Le Mans	Guingamp	2.20	1.70	2.90	2.80	2.10	1.70	2.63	2.40
FRA-L2	2026-02-27	Bastia	Annecy	2.88	1.44	2.45	3.35	2.88	1.40	2.30	3.20
FRA-L2	2026-02-27	Clermont	Dunkerque	2.05	1.82	3.05	2.62	2.00	1.80	2.70	2.60
FRA-L2	2026-02-27	Grenoble	Boulogne	2.55	1.53	3.10	2.70	2.50	1.50	2.80	2.40
FRA-L2	2026-02-27	Laval	Nancy	2.55	1.53	2.55	3.10	2.50	1.50	2.30	2.90
FRA-L2	2026-02-27	Montpellier	Reims	2.10	1.77	3.14	2.38	2.05	1.75	2.88	2.20
FRA-L2	2026-02-28	Guingamp	Rodez	1.70	2.12	1.80	4.33	1.70	2.10	1.75	3.75
FRA-L2	2026-02-28	Pau FC	St Etienne	1.68	2.25	3.30	2.20	1.62	2.25	2.88	2.05
FRA-L2	2026-02-28	Red Star	Le Mans	2.15	1.70	2.30	3.35	2.10	1.70	2.15	3.00
FRA-L2	2026-03-02	Amiens	Troyes	1.78	2.10	4.10	1.83	1.70	2.10	3.70	1.80
FRA-L2	2026-03-06	Boulogne	Amiens	2.28	1.62	2.12	3.75	2.25	1.62	2.00	3.50
FRA-L2	2026-03-06	Laval	Guingamp	2.23	1.67	3.55	2.20	2.15	1.67	3.25	2.20
FRA-L2	2026-03-06	Nancy	Montpellier	2.12	1.85	2.87	2.63	1.95	1.85	2.70	2.45
FRA-L2	2026-03-06	Pau FC	Bastia	2.10	1.75	2.50	3.10	2.08	1.73	2.50	2.75
FRA-L2	2026-03-06	Rodez	Grenoble	1.85	2.00	2.00	3.55	1.80	2.00	2.00	3.40
FRA-L2	2026-03-07	Le Mans	Annecy	2.38	1.62	2.45	3.14	2.35	1.57	2.38	3.00
FRA-L2	2026-03-07	St Etienne	Red Star	1.90	1.97	1.80	4.60	1.88	1.93	1.70	4.50
FRA-L2	2026-03-07	Troyes	Clermont	1.79	2.15	1.68	4.80	1.67	2.15	1.65	4.50
FRA-L2	2026-03-09	Dunkerque	Reims	2.10	1.75	3.10	2.45	2.08	1.73	2.80	2.30
FRA-L2	2026-03-13	Bastia	Boulogne	2.80	1.47	2.07	4.75	2.70	1.44	1.85	4.33
FRA-L2	2026-03-13	Clermont	Pau FC	1.80	2.00	2.48	2.90	1.80	2.00	2.40	2.63
FRA-L2	2026-03-13	Guingamp	Amiens	1.68	2.25	1.56	6.00	1.62	2.25	1.45	5.75
FRA-L2	2026-03-13	Montpellier	Laval	2.14	1.80	1.90	4.50	2.05	1.75	1.70	4.50
FRA-L2	2026-03-13	Nancy	Le Mans	2.20	1.68	3.14	2.40	2.20	1.65	2.88	2.25
FRA-L2	2026-03-14	Grenoble	St Etienne	1.81	2.05	4.60	1.79	1.75	2.05	4.33	1.65
FRA-L2	2026-03-14	Red Star	Dunkerque	2.15	1.73	2.40	3.14	2.15	1.67	2.25	2.80
FRA-L2	2026-03-14	Reims	Rodez	1.68	2.25	1.62	5.50	1.67	2.15	1.53	5.25
FRA-L2	2026-03-16	Annecy	Troyes	2.02	1.83	2.80	2.66	2.00	1.80	2.55	2.45
FRA-L2	2026-03-20	Amiens	Le Mans	1.93	1.88	3.66	2.05	1.93	1.88	3.40	1.95
FRA-L2	2026-03-20	Boulogne	Nancy	2.50	1.57	2.60	2.88	2.50	1.50	2.45	2.80
FRA-L2	2026-03-20	Clermont	Red Star	2.25	1.73	3.14	2.45	2.25	1.62	3.00	2.30
FRA-L2	2026-03-20	Laval	Grenoble	2.38	1.62	2.65	3.00	2.35	1.57	2.50	2.70
FRA-L2	2026-03-20	Pau FC	Montpellier	1.75	2.10	2.88	2.45	1.73	2.08	2.70	2.25
FRA-L2	2026-03-20	Rodez	Bastia	2.30	1.68	2.40	3.10	2.30	1.60	2.35	2.90
FRA-L2	2026-03-21	Guingamp	Reims	1.92	1.91	2.66	2.65	1.90	1.90	2.50	2.50
FRA-L2	2026-03-21	St Etienne	Annecy	1.83	2.00	1.73	5.00	1.80	2.00	1.67	4.50
FRA-L2	2026-03-21	Troyes	Dunkerque	1.80	2.10	1.83	4.75	1.75	2.05	1.70	4.00
FRA-L2	2026-04-03	Annecy	Guingamp	2.02	1.83	2.75	2.60	2.00	1.80	2.50	2.50
FRA-L2	2026-04-03	Bastia	Amiens	2.15	1.73	1.82	4.80	2.15	1.67	1.70	4.50
FRA-L2	2026-04-03	Dunkerque	Rodez	1.74	2.25	2.20	3.25	1.67	2.15	2.10	2.88
FRA-L2	2026-04-03	Grenoble	Clermont	2.15	1.73	2.60	2.90	2.15	1.67	2.45	2.70
FRA-L2	2026-04-03	Red Star	Laval	2.25	1.67	1.75	5.00	2.25	1.62	1.67	4.75
FRA-L2	2026-04-04	Montpellier	Troyes	1.91	2.00	3.00	2.50	1.83	1.98	2.80	2.20
FRA-L2	2026-04-04	Nancy	St Etienne	1.80	2.05	4.10	1.90	1.75	2.05	3.70	1.80
FRA-L2	2026-04-04	Reims	Boulogne	2.05	1.81	1.57	6.50	2.05	1.75	1.50	6.00
FRA-L2	2026-04-06	Le Mans	Pau FC	1.75	2.10	1.73	4.75	1.70	2.10	1.65	4.33
FRA-L2	2026-04-10	Amiens	Pau FC	1.67	2.30	2.60	2.80	1.67	2.15	2.25	2.70
FRA-L2	2026-04-10	Annecy	Montpellier	2.20	1.73	2.75	2.80	2.15	1.67	2.55	2.55
FRA-L2	2026-04-10	Clermont	Nancy	2.25	1.68	2.55	3.25	2.25	1.62	2.45	2.70
FRA-L2	2026-04-10	Guingamp	Grenoble	1.89	2.00	1.73	4.80	1.85	1.95	1.65	4.50
FRA-L2	2026-04-10	Laval	Reims	2.06	1.80	4.50	1.84	2.05	1.75	4.10	1.75
FRA-L2	2026-04-11	Boulogne	Le Mans	2.30	1.62	4.00	2.38	2.25	1.62	3.60	1.95
FRA-L2	2026-04-11	Red Star	Bastia	2.45	1.57	2.10	4.50	2.40	1.53	1.83	4.10
FRA-L2	2026-04-11	St Etienne	Dunkerque	1.60	2.38	1.67	6.00	1.60	2.30	1.48	5.50
FRA-L2	2026-04-13	Rodez	Troyes	1.65	2.25	3.40	2.10	1.62	2.25	3.10	2.00
FRA-L2	2026-04-17	Le Mans	Clermont	1.85	2.00	1.70	5.80	1.85	1.95	1.57	5.25
FRA-L2	2026-04-17	Montpellier	Grenoble	1.95	1.91	1.70	5.00	1.95	1.85	1.62	4.75
FRA-L2	2026-04-17	Nancy	Annecy	2.35	1.65	2.65	2.90	2.35	1.57	2.40	2.75
FRA-L2	2026-04-17	Pau FC	Guingamp	1.91	1.95	3.00	2.35	1.85	1.95	2.75	2.25
FRA-L2	2026-04-17	Rodez	Amiens	1.61	2.50	1.68	4.75	1.53	2.40	1.60	4.33
FRA-L2	2026-04-18	Bastia	St Etienne	2.00	1.90	4.50	2.05	1.90	1.90	4.20	1.75
FRA-L2	2026-04-18	Reims	Red Star	2.10	1.80	1.90	4.20	2.00	1.80	1.83	3.80
FRA-L2	2026-04-18	Troyes	Boulogne	1.75	2.20	1.50	7.60	1.67	2.15	1.38	6.50
FRA-L2	2026-04-20	Dunkerque	Laval	2.00	1.91	2.20	4.20	1.93	1.88	2.00	3.20
FRA-L2	2026-04-24	Amiens	Montpellier	1.73	2.10	3.60	2.05	1.73	2.08	3.30	1.95
FRA-L2	2026-04-24	Annecy	Pau FC	1.91	1.98	1.90	4.33	1.83	1.98	1.75	4.00
FRA-L2	2026-04-24	Clermont	Bastia	2.25	1.67	2.90	2.60	2.25	1.62	2.70	2.45
FRA-L2	2026-04-24	Laval	Rodez	1.82	2.15	2.80	2.50	1.70	2.10	2.63	2.40
FRA-L2	2026-04-24	Red Star	Guingamp	1.83	2.00	1.73	4.75	1.80	2.00	1.67	4.20
FRA-L2	2026-04-25	Grenoble	Le Mans	1.95	1.95	4.33	1.87	1.85	1.95	4.10	1.80
FRA-L2	2026-04-25	Reims	Nancy	1.87	1.98	1.52	7.00	1.85	1.95	1.45	6.25
FRA-L2	2026-04-25	St Etienne	Troyes	1.70	2.20	1.98	3.80	1.70	2.10	1.91	3.60
FRA-L2	2026-04-27	Boulogne	Dunkerque	2.08	1.80	3.10	2.50	2.08	1.73	2.80	2.30
FRA-L2	2026-05-02	Amiens	Red Star	1.80	2.15	4.40	1.76	1.67	2.15	4.10	1.67
FRA-L2	2026-05-02	Boulogne	Annecy	2.10	1.83	3.95	2.00	2.10	1.70	3.50	2.00
FRA-L2	2026-05-02	Dunkerque	Grenoble	1.83	2.00	2.05	3.60	1.80	2.00	2.00	3.30
FRA-L2	2026-05-02	Guingamp	Bastia	2.00	1.83	2.33	3.30	2.00	1.80	2.10	3.20
FRA-L2	2026-05-02	Le Mans	Reims	2.00	1.85	2.60	2.80	1.98	1.83	2.45	2.63
FRA-L2	2026-05-02	Montpellier	Clermont	1.73	2.35	1.67	5.00	1.57	2.35	1.57	4.50
FRA-L2	2026-05-02	Pau FC	Nancy	2.00	1.88	2.65	2.75	1.93	1.88	2.50	2.60
FRA-L2	2026-05-02	Rodez	St Etienne	1.60	2.40	3.20	2.22	1.60	2.30	2.88	2.10
FRA-L2	2026-05-02	Troyes	Laval	1.70	2.35	1.60	5.60	1.57	2.35	1.57	4.10
FRA-L2	2026-05-09	Annecy	Rodez	1.75	2.10	2.30	3.20	1.73	2.08	2.30	2.90
FRA-L2	2026-05-09	Bastia	Le Mans	1.95	1.91	3.20	2.20	1.95	1.85	3.20	2.20
FRA-L2	2026-05-09	Clermont	Guingamp	1.73	2.10	2.70	2.55	1.70	2.10	2.55	2.45
FRA-L2	2026-05-09	Grenoble	Troyes	1.66	2.30	3.75	1.95	1.62	2.25	3.40	1.95
FRA-L2	2026-05-09	Laval	Boulogne	1.95	1.91	1.80	4.50	1.95	1.85	1.80	4.20
FRA-L2	2026-05-09	Nancy	Dunkerque	1.70	2.20	2.75	2.50	1.70	2.10	2.75	2.50
FRA-L2	2026-05-09	Red Star	Montpellier	1.95	2.08	2.30	4.50	1.73	2.08	1.73	4.50
FRA-L2	2026-05-09	Reims	Pau FC	1.50	3.00	1.36	8.80	1.44	2.70	1.36	7.00
FRA-L2	2026-05-09	St Etienne	Amiens	1.33	3.50	1.20	14.00	1.33	3.40	1.18	12.00
GER-B2	2024-08-02	FC Koln	Hamburg	1.57	2.58	2.15	3.60	1.53	2.40	2.00	3.50
GER-B2	2024-08-03	Hannover	Regensburg	1.69	2.33	1.59	6.40	1.65	2.20	1.53	5.75
GER-B2	2024-08-03	Hertha	Paderborn	1.46	2.92	2.15	3.38	1.44	2.70	2.05	3.20
GER-B2	2024-08-03	Karlsruhe	Nurnberg	1.47	2.92	1.58	5.70	1.40	2.88	1.53	5.25
GER-B2	2024-08-03	Magdeburg	Elversberg	1.68	2.36	2.31	3.40	1.62	2.25	2.25	3.10
GER-B2	2024-08-03	Schalke 04	Braunschweig	1.79	2.33	1.99	4.50	1.65	2.20	1.91	3.80
GER-B2	2024-08-04	Darmstadt	Fortuna Dusseldorf	1.76	2.29	3.31	2.28	1.67	2.15	3.10	2.20
GER-B2	2024-08-04	Greuther Furth	Preußen Münster	1.56	2.97	2.05	4.21	1.40	2.88	2.00	3.40
GER-B2	2024-08-04	Ulm	Kaiserslautern	1.81	2.17	2.95	2.58	1.70	2.10	2.63	2.50
GER-B2	2024-08-09	Kaiserslautern	Greuther Furth	1.59	2.60	2.07	3.71	1.53	2.40	1.95	3.50
GER-B2	2024-08-09	Regensburg	Ulm	2.17	1.81	2.61	2.95	2.05	1.75	2.45	2.80
GER-B2	2024-08-10	Elversberg	FC Koln	1.52	2.75	4.21	1.87	1.48	2.60	4.00	1.83
GER-B2	2024-08-10	Fortuna Dusseldorf	Karlsruhe	1.56	2.70	1.97	4.01	1.53	2.40	1.91	3.75
GER-B2	2024-08-10	Hamburg	Hertha	1.46	3.15	1.72	4.71	1.44	2.70	1.65	4.33
GER-B2	2024-08-10	Nurnberg	Schalke 04	1.61	2.55	3.29	2.30	1.60	2.30	3.00	2.30
GER-B2	2024-08-11	Braunschweig	Magdeburg	1.66	2.40	2.55	2.78	1.62	2.25	2.40	2.70
GER-B2	2024-08-11	Paderborn	Darmstadt	1.59	2.63	1.95	4.10	1.50	2.50	1.85	3.60
GER-B2	2024-08-11	Preußen Münster	Hannover	1.58	2.75	3.61	2.04	1.53	2.40	3.50	1.95
GER-B2	2024-08-23	Hannover	Hamburg	1.67	2.41	2.65	2.61	1.62	2.25	2.55	2.55
GER-B2	2024-08-23	Karlsruhe	Elversberg	1.46	2.94	1.74	4.88	1.44	2.70	1.70	4.50
GER-B2	2024-08-24	FC Koln	Braunschweig	1.45	3.00	1.48	6.90	1.40	2.88	1.42	6.25
GER-B2	2024-08-24	Greuther Furth	Paderborn	1.54	2.83	2.60	2.72	1.44	2.70	2.40	2.55
GER-B2	2024-08-24	Hertha	Regensburg	1.68	2.40	1.67	5.90	1.65	2.20	1.62	5.00
GER-B2	2024-08-24	Preußen Münster	Kaiserslautern	1.66	2.42	2.81	2.54	1.57	2.35	2.63	2.45
GER-B2	2024-08-25	Darmstadt	Nurnberg	1.71	2.35	2.11	3.73	1.67	2.15	2.05	3.40
GER-B2	2024-08-25	Magdeburg	Schalke 04	1.60	2.48	2.48	2.95	1.57	2.35	2.30	2.88
GER-B2	2024-08-25	Ulm	Fortuna Dusseldorf	2.12	1.93	3.60	2.18	2.05	1.80	3.40	2.10
GER-B2	2024-08-30	Fortuna Dusseldorf	Hannover	1.87	2.13	2.28	3.27	1.83	2.03	2.20	3.10
GER-B2	2024-08-30	Regensburg	Greuther Furth	1.86	2.17	3.04	2.46	1.80	2.00	2.88	2.38
GER-B2	2024-08-31	Elversberg	Darmstadt	1.65	2.50	2.67	2.64	1.60	2.30	2.55	2.50
GER-B2	2024-08-31	Hamburg	Preußen Münster	1.49	2.88	1.52	6.34	1.44	2.70	1.48	6.00
GER-B2	2024-08-31	Kaiserslautern	Hertha	1.65	2.44	2.31	3.05	1.62	2.25	2.20	3.00
GER-B2	2024-08-31	Nurnberg	Magdeburg	1.74	2.29	2.53	3.03	1.70	2.10	2.45	2.80
GER-B2	2024-09-01	Braunschweig	Karlsruhe	1.58	2.55	3.01	2.35	1.57	2.35	2.88	2.25
GER-B2	2024-09-01	Paderborn	Ulm	1.74	2.30	1.59	6.20	1.67	2.15	1.55	5.50
GER-B2	2024-09-01	Schalke 04	FC Koln	1.50	2.85	3.30	2.20	1.48	2.60	3.30	2.05
GER-B2	2024-09-13	Karlsruhe	Schalke 04	1.53	2.62	2.08	3.58	1.50	2.50	2.00	3.30
GER-B2	2024-09-13	Preußen Münster	Paderborn	1.62	2.53	3.32	2.14	1.57	2.35	3.00	2.10
GER-B2	2024-09-14	Darmstadt	Braunschweig	1.74	2.22	2.05	3.83	1.70	2.10	1.95	3.50
GER-B2	2024-09-14	FC Koln	Magdeburg	1.46	3.14	1.47	6.90	1.40	2.88	1.42	5.75
GER-B2	2024-09-14	Hannover	Kaiserslautern	1.72	2.26	2.04	3.80	1.67	2.15	1.95	3.40
GER-B2	2024-09-14	Ulm	Nurnberg	2.04	1.99	2.25	3.50	1.95	1.90	2.15	3.20
GER-B2	2024-09-15	Greuther Furth	Elversberg	1.48	2.88	2.01	3.66	1.44	2.70	1.91	3.60
GER-B2	2024-09-15	Hamburg	Regensburg	1.57	2.60	1.44	7.70	1.57	2.35	1.44	6.25
GER-B2	2024-09-15	Hertha	Fortuna Dusseldorf	1.59	2.50	2.47	2.83	1.53	2.40	2.38	2.70
GER-B2	2024-09-20	Paderborn	Hannover	1.71	2.35	2.29	3.12	1.67	2.15	2.20	3.00
GER-B2	2024-09-20	Schalke 04	Darmstadt	1.62	2.53	1.90	4.15	1.57	2.35	1.83	3.90
GER-B2	2024-09-21	Braunschweig	Greuther Furth	1.67	2.39	2.46	3.39	1.60	2.30	2.10	3.20
GER-B2	2024-09-21	Fortuna Dusseldorf	FC Koln	1.61	2.52	3.22	2.42	1.53	2.40	3.10	2.15
GER-B2	2024-09-21	Kaiserslautern	Hamburg	1.55	2.61	3.21	2.21	1.53	2.40	3.10	2.15
GER-B2	2024-09-21	Nurnberg	Hertha	1.58	2.52	3.23	2.23	1.53	2.40	3.10	2.15
GER-B2	2024-09-22	Elversberg	Ulm	1.79	2.17	1.86	4.63	1.70	2.10	1.80	4.10
GER-B2	2024-09-22	Magdeburg	Karlsruhe	1.47	3.00	2.59	2.63	1.40	2.88	2.45	2.55
GER-B2	2024-09-22	Regensburg	Preußen Münster	1.79	2.20	2.35	3.14	1.73	2.08	2.25	3.00
GER-B2	2024-09-27	Greuther Furth	Fortuna Dusseldorf	1.66	2.40	3.09	2.56	1.60	2.30	2.75	2.40
GER-B2	2024-09-27	Ulm	Braunschweig	2.02	1.93	2.76	2.88	2.00	1.85	2.63	2.63
GER-B2	2024-09-28	Darmstadt	Magdeburg	1.68	2.35	2.36	3.04	1.62	2.25	2.30	2.90
GER-B2	2024-09-28	Hamburg	Paderborn	1.49	3.05	1.94	3.96	1.44	2.70	1.85	3.70
GER-B2	2024-09-28	Preußen Münster	Schalke 04	1.58	2.52	2.63	2.69	1.53	2.40	2.40	2.60
GER-B2	2024-09-28	Regensburg	Kaiserslautern	1.68	2.38	3.45	2.15	1.65	2.20	3.40	2.05
GER-B2	2024-09-29	FC Koln	Karlsruhe	1.35	3.45	1.52	6.25	1.33	3.40	1.48	5.75
GER-B2	2024-09-29	Hannover	Nurnberg	1.55	2.69	1.50	6.86	1.50	2.50	1.45	6.50
GER-B2	2024-09-29	Hertha	Elversberg	1.45	2.92	1.89	4.35	1.40	2.88	1.83	3.90
GER-B2	2024-10-04	Karlsruhe	Darmstadt	1.58	2.70	1.75	4.75	1.53	2.40	1.73	4.50
GER-B2	2024-10-04	Paderborn	Regensburg	1.44	3.25	1.41	8.00	1.36	3.10	1.38	7.00
GER-B2	2024-10-05	Elversberg	Kaiserslautern	1.53	2.66	2.25	3.20	1.50	2.50	2.15	3.00
GER-B2	2024-10-05	FC Koln	Ulm	1.44	3.12	1.33	10.00	1.40	2.88	1.27	9.00
GER-B2	2024-10-05	Nurnberg	Preußen Münster	1.65	2.38	2.77	2.59	1.60	2.30	2.63	2.45
GER-B2	2024-10-05	Schalke 04	Hertha	1.53	2.65	2.55	2.91	1.50	2.50	2.25	2.80
GER-B2	2024-10-06	Braunschweig	Hannover	1.88	2.10	3.50	2.29	1.83	2.03	3.10	2.20
GER-B2	2024-10-06	Fortuna Dusseldorf	Hamburg	1.67	2.36	2.91	2.70	1.62	2.25	2.75	2.40
GER-B2	2024-10-06	Magdeburg	Greuther Furth	1.49	2.75	2.00	3.66	1.48	2.60	1.91	3.50
GER-B2	2024-10-18	Darmstadt	FC Koln	1.50	2.75	3.83	1.98	1.48	2.60	3.60	1.90
GER-B2	2024-10-18	Hertha	Braunschweig	1.57	2.62	1.91	4.01	1.53	2.40	1.85	3.70
GER-B2	2024-10-19	Hannover	Schalke 04	1.74	2.35	1.89	4.40	1.67	2.15	1.75	4.20
GER-B2	2024-10-19	Kaiserslautern	Paderborn	1.65	2.47	3.15	2.30	1.57	2.35	3.00	2.20
GER-B2	2024-10-19	Preußen Münster	Elversberg	1.56	2.80	2.75	2.61	1.53	2.40	2.60	2.55
GER-B2	2024-10-19	Regensburg	Fortuna Dusseldorf	1.78	2.26	4.70	1.82	1.70	2.10	4.33	1.75
GER-B2	2024-10-20	Greuther Furth	Nurnberg	1.86	2.20	2.20	3.75	1.75	2.05	2.10	3.20
GER-B2	2024-10-20	Hamburg	Magdeburg	1.39	3.35	1.74	4.75	1.36	3.10	1.67	4.33
GER-B2	2024-10-20	Ulm	Karlsruhe	1.78	2.25	3.85	2.05	1.67	2.15	3.60	1.95
GER-B2	2024-10-25	FC Koln	Paderborn	1.40	3.21	1.58	6.27	1.36	3.10	1.48	5.75
GER-B2	2024-10-25	Nurnberg	Regensburg	1.80	2.14	1.68	5.50	1.73	2.08	1.62	5.25
GER-B2	2024-10-26	Elversberg	Hamburg	1.51	2.76	2.95	2.52	1.48	2.60	2.63	2.45
GER-B2	2024-10-26	Fortuna Dusseldorf	Kaiserslautern	1.74	2.27	1.77	4.80	1.67	2.15	1.67	4.33
GER-B2	2024-10-26	Karlsruhe	Hertha	1.49	2.88	2.31	3.20	1.44	2.70	2.15	3.00
GER-B2	2024-10-26	Schalke 04	Greuther Furth	1.72	2.28	1.99	4.15	1.67	2.15	1.90	3.90
GER-B2	2024-10-27	Braunschweig	Preußen Münster	1.66	2.42	1.97	4.04	1.62	2.20	1.85	4.00
GER-B2	2024-10-27	Darmstadt	Ulm	1.89	2.15	1.70	5.51	1.77	1.97	1.65	5.25
GER-B2	2024-10-27	Magdeburg	Hannover	1.74	2.28	2.62	2.81	1.63	2.15	2.45	2.70
GER-B2	2024-11-01	Preußen Münster	Fortuna Dusseldorf	1.74	2.25	3.97	2.13	1.67	2.15	3.70	1.91
GER-B2	2024-11-01	Ulm	Schalke 04	2.13	1.85	2.75	2.83	2.05	1.75	2.63	2.70
GER-B2	2024-11-02	Greuther Furth	Darmstadt	1.65	2.48	2.84	2.72	1.57	2.35	2.63	2.35
GER-B2	2024-11-02	Hannover	Karlsruhe	1.72	2.38	2.03	3.96	1.67	2.15	1.95	3.70
GER-B2	2024-11-02	Hertha	FC Koln	1.59	2.52	2.87	2.50	1.57	2.35	2.63	2.45
GER-B2	2024-11-02	Regensburg	Elversberg	1.76	2.36	4.51	1.94	1.62	2.25	4.50	1.80
GER-B2	2024-11-03	Hamburg	Nurnberg	1.53	2.76	1.72	4.70	1.48	2.60	1.67	4.20
GER-B2	2024-11-03	Kaiserslautern	Magdeburg	1.69	2.42	2.42	3.05	1.62	2.25	2.35	2.90
GER-B2	2024-11-03	Paderborn	Braunschweig	1.86	2.16	1.81	4.66	1.73	2.08	1.75	4.50
GER-B2	2024-11-08	Braunschweig	Hamburg	1.71	2.35	3.55	2.20	1.70	2.10	3.25	2.15
GER-B2	2024-11-08	Nurnberg	Kaiserslautern	1.66	2.38	2.22	3.35	1.62	2.25	2.15	3.20
GER-B2	2024-11-09	Darmstadt	Hertha	1.50	2.86	2.14	3.40	1.44	2.70	2.05	3.10
GER-B2	2024-11-09	FC Koln	Greuther Furth	1.40	3.28	1.41	7.74	1.36	3.10	1.33	7.50
GER-B2	2024-11-09	Fortuna Dusseldorf	Paderborn	1.87	2.08	2.25	3.46	1.83	2.03	2.15	3.40
GER-B2	2024-11-09	Magdeburg	Ulm	2.04	2.02	2.02	4.70	1.93	1.93	1.95	3.70
GER-B2	2024-11-10	Elversberg	Hannover	1.92	2.06	2.98	2.60	1.83	2.03	2.70	2.50
GER-B2	2024-11-10	Karlsruhe	Preußen Münster	1.63	2.45	1.79	4.68	1.57	2.35	1.75	4.50
GER-B2	2024-11-10	Schalke 04	Regensburg	1.65	2.42	1.60	6.40	1.57	2.35	1.55	5.25
GER-B2	2024-11-22	Paderborn	Nurnberg	1.69	2.50	2.05	3.73	1.57	2.35	1.95	3.50
GER-B2	2024-11-22	Preußen Münster	FC Koln	1.72	2.35	4.54	1.80	1.67	2.15	4.33	1.75
GER-B2	2024-11-23	Fortuna Dusseldorf	Elversberg	1.83	2.21	2.17	3.61	1.70	2.10	2.10	3.30
GER-B2	2024-11-23	Greuther Furth	Karlsruhe	1.58	2.70	3.12	2.46	1.50	2.50	3.00	2.20
GER-B2	2024-11-23	Hamburg	Schalke 04	1.58	2.70	1.78	4.73	1.50	2.50	1.63	4.50
GER-B2	2024-11-23	Hannover	Darmstadt	1.66	2.48	2.17	3.69	1.57	2.35	1.95	3.50
GER-B2	2024-11-23	Hertha	Ulm	1.74	2.33	1.61	6.31	1.65	2.20	1.50	6.25
GER-B2	2024-11-24	Kaiserslautern	Braunschweig	1.79	2.29	2.46	3.28	1.67	2.15	2.40	2.75
GER-B2	2024-11-24	Regensburg	Magdeburg	1.86	2.20	3.90	2.10	1.73	2.08	3.60	1.95
GER-B2	2024-11-29	Magdeburg	Hertha	1.61	2.63	2.63	2.70	1.53	2.40	2.50	2.50
GER-B2	2024-11-29	Schalke 04	Kaiserslautern	1.70	2.40	2.17	3.59	1.65	2.20	2.05	3.30
GER-B2	2024-11-30	Braunschweig	Regensburg	1.87	2.12	1.70	5.39	1.75	2.05	1.65	4.75
GER-B2	2024-11-30	Darmstadt	Preußen Münster	1.72	2.35	1.76	5.00	1.62	2.25	1.73	4.50
GER-B2	2024-11-30	Elversberg	Paderborn	1.70	2.48	2.50	3.01	1.67	2.15	2.30	2.90
GER-B2	2024-11-30	FC Koln	Hannover	1.92	2.11	1.81	4.80	1.80	2.00	1.75	4.50
GER-B2	2024-12-01	Karlsruhe	Hamburg	1.50	2.95	2.56	2.95	1.44	2.70	2.30	2.80
GER-B2	2024-12-01	Nurnberg	Fortuna Dusseldorf	1.91	2.15	2.35	3.30	1.85	2.00	2.20	3.10
GER-B2	2024-12-01	Ulm	Greuther Furth	2.14	1.97	2.83	2.93	1.93	1.93	2.70	2.63
GER-B2	2024-12-06	Elversberg	Nurnberg	1.74	2.32	2.50	3.00	1.67	2.15	2.35	2.88
GER-B2	2024-12-06	Paderborn	Schalke 04	1.66	2.56	1.76	4.75	1.53	2.40	1.75	4.33
GER-B2	2024-12-07	Greuther Furth	Hertha	1.57	2.70	3.25	2.38	1.53	2.40	3.10	2.15
GER-B2	2024-12-07	Hannover	Ulm	1.95	2.06	1.62	6.20	1.85	2.00	1.57	5.75
GER-B2	2024-12-07	Kaiserslautern	Karlsruhe	1.67	2.47	2.67	2.88	1.62	2.25	2.55	2.55
GER-B2	2024-12-07	Preußen Münster	Magdeburg	2.04	1.98	2.95	2.71	1.93	1.93	2.80	2.50
GER-B2	2024-12-08	Fortuna Dusseldorf	Braunschweig	1.87	2.12	1.84	4.76	1.80	2.00	1.75	4.50
GER-B2	2024-12-08	Hamburg	Darmstadt	1.53	2.73	1.99	3.80	1.48	2.60	1.90	3.70
GER-B2	2024-12-08	Regensburg	FC Koln	1.78	2.25	6.60	1.53	1.67	2.15	6.25	1.50
GER-B2	2024-12-13	Hertha	Preußen Münster	1.82	2.22	1.70	5.33	1.70	2.10	1.67	4.75
GER-B2	2024-12-13	Karlsruhe	Regensburg	1.65	2.42	1.54	7.50	1.60	2.30	1.42	7.00
GER-B2	2024-12-14	Darmstadt	Kaiserslautern	1.67	2.39	1.97	3.98	1.62	2.25	1.90	3.60
GER-B2	2024-12-14	Magdeburg	Paderborn	1.86	2.14	2.58	2.95	1.75	2.05	2.38	2.80
GER-B2	2024-12-14	Schalke 04	Fortuna Dusseldorf	1.68	2.34	2.62	2.83	1.62	2.25	2.45	2.75
GER-B2	2024-12-14	Ulm	Hamburg	1.70	2.41	4.25	1.90	1.65	2.20	3.80	1.85
GER-B2	2024-12-15	Braunschweig	Elversberg	1.74	2.30	3.39	2.35	1.67	2.15	3.20	2.10
GER-B2	2024-12-15	FC Koln	Nurnberg	1.55	2.87	1.61	5.57	1.44	2.70	1.57	5.00
GER-B2	2024-12-15	Greuther Furth	Hannover	1.67	2.34	3.45	2.24	1.60	2.30	3.20	2.10
GER-B2	2024-12-20	Elversberg	Schalke 04	1.60	2.51	2.19	3.36	1.57	2.35	2.10	3.20
GER-B2	2024-12-20	Fortuna Dusseldorf	Magdeburg	1.61	2.53	2.18	3.40	1.53	2.40	2.05	3.20
GER-B2	2024-12-21	Hamburg	Greuther Furth	1.43	3.40	1.58	5.64	1.33	3.40	1.50	5.25
GER-B2	2024-12-21	Nurnberg	Braunschweig	1.57	2.58	1.73	4.99	1.53	2.40	1.62	4.75
GER-B2	2024-12-21	Paderborn	Karlsruhe	1.64	2.42	2.20	3.70	1.57	2.35	2.10	3.20
GER-B2	2024-12-21	Preußen Münster	Ulm	2.35	1.82	2.25	3.61	2.05	1.75	2.15	3.40
GER-B2	2024-12-22	Hannover	Hertha	1.72	2.38	2.20	3.45	1.60	2.30	2.15	3.25
GER-B2	2024-12-22	Kaiserslautern	FC Koln	1.61	2.44	3.66	2.08	1.57	2.35	3.30	2.05
GER-B2	2024-12-22	Regensburg	Darmstadt	1.78	2.19	4.95	1.75	1.70	2.10	4.33	1.67
GER-B2	2025-01-17	Fortuna Dusseldorf	Darmstadt	1.69	2.30	2.47	3.03	1.67	2.15	2.30	2.88
GER-B2	2025-01-17	Regensburg	Hannover	2.19	1.91	4.23	2.00	2.05	1.75	3.75	1.95
GER-B2	2025-01-18	Braunschweig	Schalke 04	1.69	2.35	3.31	2.21	1.65	2.20	3.10	2.10
GER-B2	2025-01-18	Hamburg	FC Koln	1.58	2.55	2.48	2.91	1.53	2.40	2.30	2.70
GER-B2	2025-01-18	Kaiserslautern	Ulm	2.04	2.08	2.08	3.80	1.90	1.95	2.00	3.60
GER-B2	2025-01-18	Preußen Münster	Greuther Furth	2.08	1.85	2.55	3.31	2.05	1.80	2.25	3.20
GER-B2	2025-01-19	Elversberg	Magdeburg	1.57	2.61	2.29	3.07	1.53	2.40	2.20	3.00
GER-B2	2025-01-19	Nurnberg	Karlsruhe	1.56	2.63	1.98	3.96	1.50	2.50	1.85	3.60
GER-B2	2025-01-19	Paderborn	Hertha	1.62	2.51	2.23	3.25	1.57	2.35	2.15	3.10
GER-B2	2025-01-24	Greuther Furth	Kaiserslautern	1.65	2.40	2.48	3.04	1.62	2.25	2.25	2.90
GER-B2	2025-01-24	Magdeburg	Braunschweig	1.56	2.63	1.55	6.77	1.50	2.50	1.48	6.00
GER-B2	2025-01-25	FC Koln	Elversberg	1.64	2.53	1.83	4.27	1.60	2.30	1.80	4.00
GER-B2	2025-01-25	Hertha	Hamburg	1.51	2.66	2.85	2.58	1.48	2.60	2.70	2.30
GER-B2	2025-01-25	Karlsruhe	Fortuna Dusseldorf	1.63	2.44	2.58	2.73	1.60	2.30	2.40	2.60
GER-B2	2025-01-25	Schalke 04	Nurnberg	1.71	2.31	2.39	3.12	1.67	2.15	2.20	2.90
GER-B2	2025-01-26	Darmstadt	Paderborn	1.66	2.66	2.26	3.20	1.53	2.40	2.15	3.00
GER-B2	2025-01-26	Hannover	Preußen Münster	1.96	2.03	1.70	5.51	1.90	1.95	1.65	4.75
GER-B2	2025-01-26	Ulm	Regensburg	2.31	1.70	2.16	4.05	2.15	1.67	2.05	3.60
GER-B2	2025-01-31	Elversberg	Karlsruhe	1.60	2.50	2.13	3.50	1.53	2.40	2.05	3.30
GER-B2	2025-01-31	Nurnberg	Darmstadt	1.64	2.44	2.56	2.86	1.60	2.30	2.40	2.75
GER-B2	2025-02-01	Braunschweig	FC Koln	2.01	1.97	4.72	1.92	1.93	1.93	4.10	1.85
GER-B2	2025-02-01	Fortuna Dusseldorf	Ulm	1.76	2.49	1.80	4.58	1.60	2.30	1.75	4.20
GER-B2	2025-02-01	Regensburg	Hertha	1.83	2.20	4.54	1.86	1.75	2.05	4.10	1.80
GER-B2	2025-02-01	Schalke 04	Magdeburg	1.62	2.41	2.54	3.18	1.57	2.35	2.30	2.80
GER-B2	2025-02-02	Hamburg	Hannover	1.67	2.37	2.36	3.74	1.60	2.30	2.25	2.90
GER-B2	2025-02-02	Kaiserslautern	Preußen Münster	1.85	2.12	1.93	4.26	1.80	2.00	1.85	3.90
GER-B2	2025-02-02	Paderborn	Greuther Furth	1.68	2.38	1.77	4.76	1.65	2.20	1.70	4.33
GER-B2	2025-02-07	Greuther Furth	Regensburg	1.93	2.04	1.94	4.31	1.88	1.98	1.85	4.00
GER-B2	2025-02-07	Preußen Münster	Hamburg	1.83	2.23	3.50	2.15	1.80	2.00	3.30	2.05
GER-B2	2025-02-08	Darmstadt	Elversberg	1.69	2.52	2.38	3.26	1.62	2.25	2.25	3.10
GER-B2	2025-02-08	Hertha	Kaiserslautern	1.53	2.72	1.93	3.92	1.50	2.50	1.85	3.60
GER-B2	2025-02-08	Magdeburg	Nurnberg	1.53	2.78	2.11	3.42	1.44	2.70	2.00	3.25
GER-B2	2025-02-08	Ulm	Paderborn	1.94	2.03	3.42	2.37	1.88	1.98	3.10	2.15
GER-B2	2025-02-09	FC Koln	Schalke 04	1.74	2.38	1.92	4.30	1.67	2.15	1.85	3.70
GER-B2	2025-02-09	Hannover	Fortuna Dusseldorf	1.65	2.42	2.05	3.81	1.60	2.30	1.90	3.50
GER-B2	2025-02-09	Karlsruhe	Braunschweig	1.62	2.50	1.82	4.21	1.57	2.35	1.75	3.90
GER-B2	2025-02-14	Magdeburg	FC Koln	1.65	2.40	2.31	3.15	1.62	2.25	2.20	3.00
GER-B2	2025-02-14	Paderborn	Preußen Münster	1.86	2.10	1.64	5.79	1.75	2.05	1.60	5.25
GER-B2	2025-02-15	Braunschweig	Darmstadt	1.83	2.20	2.70	2.65	1.75	2.05	2.60	2.55
GER-B2	2025-02-15	Elversberg	Greuther Furth	1.57	2.63	1.75	5.07	1.53	2.40	1.67	4.50
GER-B2	2025-02-15	Fortuna Dusseldorf	Hertha	1.58	2.58	2.35	3.06	1.53	2.40	2.25	2.90
GER-B2	2025-02-15	Kaiserslautern	Hannover	1.70	2.33	2.91	2.49	1.62	2.25	2.75	2.35
GER-B2	2025-02-16	Nurnberg	Ulm	1.95	2.20	2.04	3.86	1.85	2.00	1.95	3.50
GER-B2	2025-02-16	Regensburg	Hamburg	1.70	2.33	5.83	1.65	1.62	2.25	5.50	1.55
GER-B2	2025-02-16	Schalke 04	Karlsruhe	1.58	2.53	2.06	3.92	1.53	2.40	1.90	3.70
GER-B2	2025-02-21	Hamburg	Kaiserslautern	1.57	2.70	1.73	5.10	1.48	2.60	1.70	4.75
GER-B2	2025-02-21	Hertha	Nurnberg	1.65	2.55	2.04	3.98	1.57	2.35	1.90	3.60
GER-B2	2025-02-22	Hannover	Paderborn	1.85	2.10	2.25	3.43	1.80	2.00	2.15	3.10
GER-B2	2025-02-22	Karlsruhe	Magdeburg	1.48	2.90	3.17	2.31	1.48	2.60	3.00	2.20
GER-B2	2025-02-22	Preußen Münster	Regensburg	2.19	1.80	2.40	3.45	2.05	1.75	2.25	3.30
GER-B2	2025-02-22	Ulm	Elversberg	2.04	2.00	3.22	2.43	1.93	1.93	3.20	2.30
GER-B2	2025-02-23	Darmstadt	Schalke 04	1.79	2.23	2.29	3.27	1.75	2.05	2.20	3.10
GER-B2	2025-02-23	FC Koln	Fortuna Dusseldorf	1.77	2.22	1.97	4.10	1.73	2.08	1.90	3.80
GER-B2	2025-02-23	Greuther Furth	Braunschweig	1.86	2.10	2.10	3.73	1.80	2.00	2.00	3.50
GER-B2	2025-02-28	Fortuna Dusseldorf	Greuther Furth	1.74	2.29	1.98	3.97	1.67	2.15	1.90	3.50
GER-B2	2025-02-28	Schalke 04	Preußen Münster	2.08	1.91	1.97	4.32	2.03	1.83	1.85	4.00
GER-B2	2025-03-01	Braunschweig	Ulm	2.13	1.81	2.48	3.11	2.08	1.73	2.35	3.00
GER-B2	2025-03-01	Kaiserslautern	Regensburg	1.71	2.31	1.63	5.88	1.67	2.15	1.60	5.00
GER-B2	2025-03-01	Karlsruhe	FC Koln	1.95	2.09	3.79	2.09	1.83	2.03	3.60	2.00
GER-B2	2025-03-01	Nurnberg	Hannover	1.86	2.12	2.43	3.13	1.75	2.05	2.25	3.00
GER-B2	2025-03-02	Elversberg	Hertha	1.75	2.33	2.40	3.12	1.70	2.10	2.25	2.90
GER-B2	2025-03-02	Magdeburg	Darmstadt	1.65	2.41	2.02	3.81	1.60	2.30	1.90	3.50
GER-B2	2025-03-02	Paderborn	Hamburg	1.74	2.36	2.42	3.06	1.62	2.25	2.25	2.90
GER-B2	2025-03-07	Darmstadt	Karlsruhe	1.76	2.23	2.10	3.86	1.73	2.08	2.05	3.40
GER-B2	2025-03-07	Kaiserslautern	Elversberg	1.70	2.33	3.01	2.56	1.65	2.20	2.90	2.25
GER-B2	2025-03-08	Greuther Furth	Magdeburg	1.66	2.40	3.14	2.33	1.62	2.25	3.00	2.20
GER-B2	2025-03-08	Hamburg	Fortuna Dusseldorf	1.61	2.60	1.75	4.89	1.57	2.35	1.70	4.33
GER-B2	2025-03-08	Hertha	Schalke 04	1.70	2.28	1.91	4.30	1.65	2.20	1.80	4.10
GER-B2	2025-03-08	Ulm	FC Koln	2.15	1.80	3.67	2.20	2.08	1.73	3.40	2.15
GER-B2	2025-03-09	Hannover	Braunschweig	2.04	2.05	1.83	4.70	1.88	1.98	1.75	4.33
GER-B2	2025-03-09	Preußen Münster	Nurnberg	1.97	2.04	2.82	2.63	1.83	2.03	2.63	2.50
GER-B2	2025-03-09	Regensburg	Paderborn	2.04	2.03	5.69	1.68	1.85	2.00	5.25	1.62
GER-B2	2025-03-14	Magdeburg	Hamburg	1.56	2.56	2.55	2.75	1.53	2.40	2.50	2.63
GER-B2	2025-03-14	Schalke 04	Hannover	1.81	2.14	2.28	3.22	1.73	2.08	2.15	3.00
GER-B2	2025-03-15	Elversberg	Preußen Münster	1.74	2.33	1.68	5.50	1.67	2.15	1.62	5.00
GER-B2	2025-03-15	FC Koln	Darmstadt	2.04	1.96	1.92	4.40	1.95	1.90	1.83	4.10
GER-B2	2025-03-15	Fortuna Dusseldorf	Regensburg	1.78	2.23	1.66	5.40	1.70	2.10	1.62	4.33
GER-B2	2025-03-15	Paderborn	Kaiserslautern	1.66	2.47	1.75	5.10	1.62	2.25	1.73	4.75
GER-B2	2025-03-16	Braunschweig	Hertha	2.04	1.98	3.45	2.31	1.98	1.88	3.20	2.25
GER-B2	2025-03-16	Karlsruhe	Ulm	2.04	1.98	2.12	3.68	1.93	1.93	2.00	3.40
GER-B2	2025-03-16	Nurnberg	Greuther Furth	2.04	2.01	2.32	3.43	1.93	1.93	2.20	3.20
GER-B2	2025-03-28	Hamburg	Elversberg	1.55	2.67	1.86	4.60	1.48	2.60	1.80	3.70
GER-B2	2025-03-28	Ulm	Darmstadt	2.04	2.00	3.49	2.40	1.90	1.95	3.20	2.15
GER-B2	2025-03-29	Hannover	Magdeburg	1.55	2.58	2.52	2.85	1.53	2.40	2.45	2.63
GER-B2	2025-03-29	Hertha	Karlsruhe	1.74	2.28	1.70	5.36	1.70	2.10	1.67	4.75
GER-B2	2025-03-29	Kaiserslautern	Fortuna Dusseldorf	1.74	2.35	2.35	3.07	1.65	2.20	2.20	3.00
GER-B2	2025-03-29	Paderborn	FC Koln	1.82	2.16	2.07	3.81	1.80	2.00	2.00	3.50
GER-B2	2025-03-30	Greuther Furth	Schalke 04	1.94	2.04	2.82	2.70	1.90	1.95	2.55	2.55
GER-B2	2025-03-30	Preußen Münster	Braunschweig	2.04	2.17	2.10	3.88	1.93	1.93	2.00	3.50
GER-B2	2025-03-30	Regensburg	Nurnberg	2.04	1.94	3.90	2.13	1.93	1.93	3.40	2.00
GER-B2	2025-04-04	Braunschweig	Paderborn	1.74	2.20	4.90	1.85	1.70	2.10	4.10	1.80
GER-B2	2025-04-04	Karlsruhe	Hannover	1.77	2.30	3.18	2.40	1.70	2.10	3.00	2.30
GER-B2	2025-04-05	Darmstadt	Greuther Furth	1.73	2.25	1.85	4.87	1.67	2.15	1.70	4.75
GER-B2	2025-04-05	FC Koln	Hertha	1.68	2.33	2.13	3.40	1.62	2.25	2.10	3.20
GER-B2	2025-04-05	Fortuna Dusseldorf	Preußen Münster	1.75	2.41	2.04	3.95	1.60	2.30	1.95	3.50
GER-B2	2025-04-05	Nurnberg	Hamburg	1.54	2.66	4.20	1.91	1.50	2.50	3.70	1.80
GER-B2	2025-04-06	Elversberg	Regensburg	1.74	2.32	1.37	9.42	1.67	2.15	1.33	8.50
GER-B2	2025-04-06	Magdeburg	Kaiserslautern	1.43	3.00	1.85	4.16	1.40	2.88	1.73	4.00
GER-B2	2025-04-06	Schalke 04	Ulm	1.86	2.09	1.90	4.20	1.75	2.05	1.85	3.50
GER-B2	2025-04-11	Greuther Furth	FC Koln	1.80	2.26	3.79	2.06	1.63	2.15	3.60	2.00
GER-B2	2025-04-11	Hamburg	Braunschweig	1.42	3.03	1.41	7.85	1.37	2.87	1.38	7.00
GER-B2	2025-04-12	Hannover	Elversberg	1.86	2.25	2.48	2.90	1.73	2.08	2.40	2.75
GER-B2	2025-04-12	Hertha	Darmstadt	1.74	2.28	2.08	3.59	1.67	2.15	2.05	3.40
GER-B2	2025-04-12	Kaiserslautern	Nurnberg	1.61	2.58	1.80	4.45	1.57	2.35	1.75	4.20
GER-B2	2025-04-12	Ulm	Magdeburg	1.75	2.25	3.37	2.21	1.67	2.15	3.20	2.15
GER-B2	2025-04-13	Paderborn	Fortuna Dusseldorf	1.65	2.51	1.66	5.28	1.57	2.35	1.62	5.00
GER-B2	2025-04-13	Preußen Münster	Karlsruhe	1.78	2.17	2.18	3.47	1.70	2.10	2.10	3.30
GER-B2	2025-04-13	Regensburg	Schalke 04	1.75	2.21	4.35	1.89	1.70	2.10	4.10	1.85
GER-B2	2025-04-19	Braunschweig	Kaiserslautern	1.68	2.32	2.76	2.67	1.62	2.25	2.55	2.60
GER-B2	2025-04-19	Elversberg	Fortuna Dusseldorf	1.62	2.40	1.91	3.98	1.57	2.35	1.83	3.80
GER-B2	2025-04-19	Nurnberg	Paderborn	1.60	2.47	3.60	2.05	1.57	2.35	3.50	1.95
GER-B2	2025-04-19	Schalke 04	Hamburg	1.47	2.82	3.14	2.31	1.44	2.70	3.00	2.20
GER-B2	2025-04-20	Darmstadt	Hannover	1.74	2.23	2.21	3.38	1.67	2.15	2.10	3.20
GER-B2	2025-04-20	FC Koln	Preußen Münster	1.50	2.74	1.50	6.98	1.48	2.60	1.42	6.50
GER-B2	2025-04-20	Karlsruhe	Greuther Furth	1.74	2.29	2.55	2.88	1.67	2.15	2.45	2.80
GER-B2	2025-04-20	Magdeburg	Regensburg	1.53	2.68	1.43	7.71	1.48	2.60	1.38	7.00
GER-B2	2025-04-20	Ulm	Hertha	2.04	1.98	3.30	2.29	1.93	1.93	3.25	2.20
GER-B2	2025-04-25	Greuther Furth	Ulm	2.08	1.86	2.17	3.63	2.05	1.80	2.10	3.40
GER-B2	2025-04-25	Hertha	Magdeburg	1.42	3.13	2.36	2.88	1.36	3.10	2.30	2.70
GER-B2	2025-04-26	Fortuna Dusseldorf	Nurnberg	1.80	2.25	1.77	4.62	1.75	2.05	1.73	4.50
GER-B2	2025-04-26	Paderborn	Elversberg	1.65	2.40	2.28	3.13	1.62	2.25	2.15	3.00
GER-B2	2025-04-26	Preußen Münster	Darmstadt	1.58	2.53	2.99	2.37	1.53	2.40	2.90	2.20
GER-B2	2025-04-26	Regensburg	Braunschweig	1.95	1.95	2.90	2.54	1.93	1.93	2.75	2.40
GER-B2	2025-04-27	Hamburg	Karlsruhe	1.37	3.42	1.52	5.75	1.33	3.40	1.50	5.25
GER-B2	2025-04-27	Hannover	FC Koln	1.58	2.51	3.94	2.27	1.53	2.40	3.75	1.91
GER-B2	2025-04-27	Kaiserslautern	Schalke 04	1.50	2.81	1.90	4.07	1.48	2.60	1.80	4.00
GER-B2	2025-05-02	Magdeburg	Preußen Münster	1.49	2.90	1.48	6.88	1.44	2.70	1.44	6.00
GER-B2	2025-05-02	Schalke 04	Paderborn	1.53	2.75	4.14	1.85	1.50	2.50	4.00	1.80
GER-B2	2025-05-03	Braunschweig	Fortuna Dusseldorf	1.74	2.26	2.93	2.45	1.70	2.10	2.75	2.45
GER-B2	2025-05-03	Darmstadt	Hamburg	1.45	2.93	3.24	2.20	1.44	2.70	3.00	2.10
GER-B2	2025-05-03	FC Koln	Regensburg	1.45	2.95	1.24	14.50	1.40	2.88	1.22	10.00
GER-B2	2025-05-03	Ulm	Hannover	1.86	2.09	2.70	2.70	1.75	2.05	2.50	2.60
GER-B2	2025-05-04	Hertha	Greuther Furth	1.62	2.40	1.96	3.70	1.57	2.35	1.90	3.50
GER-B2	2025-05-04	Karlsruhe	Kaiserslautern	1.55	2.56	2.56	2.73	1.53	2.40	2.50	2.55
GER-B2	2025-05-04	Nurnberg	Elversberg	1.58	2.49	4.70	1.71	1.53	2.40	4.50	1.67
GER-B2	2025-05-09	Nurnberg	FC Koln	1.52	2.80	7.35	1.53	1.50	2.50	6.50	1.42
GER-B2	2025-05-09	Preußen Münster	Hertha	1.62	2.57	2.75	2.60	1.50	2.50	2.70	2.30
GER-B2	2025-05-10	Elversberg	Braunschweig	1.56	2.52	1.52	6.52	1.53	2.40	1.48	5.50
GER-B2	2025-05-10	Fortuna Dusseldorf	Schalke 04	1.49	2.88	1.85	3.91	1.44	2.70	1.80	3.60
GER-B2	2025-05-10	Hamburg	Ulm	1.33	3.48	1.38	7.75	1.33	3.40	1.36	6.50
GER-B2	2025-05-10	Paderborn	Magdeburg	1.45	2.96	1.84	4.04	1.40	2.88	1.80	3.75
GER-B2	2025-05-11	Hannover	Greuther Furth	1.65	2.38	2.20	3.21	1.60	2.30	2.15	2.90
GER-B2	2025-05-11	Kaiserslautern	Darmstadt	1.45	2.95	2.00	3.48	1.40	2.88	1.95	3.30
GER-B2	2025-05-11	Regensburg	Karlsruhe	1.95	2.14	3.76	1.99	1.83	2.03	3.50	1.95
GER-B2	2025-05-18	Braunschweig	Nurnberg	1.65	2.50	1.82	4.40	1.57	2.35	1.75	4.10
GER-B2	2025-05-18	Darmstadt	Regensburg	1.49	2.88	1.44	7.65	1.44	2.70	1.38	7.00
GER-B2	2025-05-18	FC Koln	Kaiserslautern	1.40	3.05	1.48	6.20	1.40	2.88	1.45	5.75
GER-B2	2025-05-18	Greuther Furth	Hamburg	1.42	3.04	2.58	2.52	1.40	2.88	2.45	2.45
GER-B2	2025-05-18	Hertha	Hannover	1.49	2.88	2.14	3.25	1.40	2.88	2.10	3.10
GER-B2	2025-05-18	Karlsruhe	Paderborn	1.49	2.80	4.69	1.76	1.48	2.60	4.50	1.67
GER-B2	2025-05-18	Magdeburg	Fortuna Dusseldorf	1.39	3.25	2.48	2.73	1.36	3.10	2.30	2.70
GER-B2	2025-05-18	Schalke 04	Elversberg	1.40	3.10	4.75	1.66	1.36	3.10	4.75	1.60
GER-B2	2025-05-18	Ulm	Preußen Münster	1.95	2.12	3.65	2.31	1.83	1.98	3.50	2.00
GER-B2	2025-08-01	Schalke 04	Hertha	1.64	2.30	3.00	2.40	1.60	2.30	2.90	2.25
GER-B2	2025-08-02	Bielefeld	Fortuna Dusseldorf	1.63	2.38	2.65	2.60	1.57	2.35	2.55	2.50
GER-B2	2025-08-02	Darmstadt	Bochum	1.65	2.30	2.36	3.00	1.65	2.20	2.30	2.90
GER-B2	2025-08-02	Elversberg	Nurnberg	1.67	2.33	2.02	3.70	1.67	2.15	1.91	3.70
GER-B2	2025-08-02	Karlsruhe	Preußen Münster	1.80	2.12	2.15	3.40	1.75	2.05	2.10	3.25
GER-B2	2025-08-02	Paderborn	Holstein Kiel	1.75	2.18	2.30	3.10	1.73	2.08	2.30	2.90
GER-B2	2025-08-03	Greuther Furth	Dresden	1.80	2.10	2.50	2.80	1.75	2.05	2.30	2.63
GER-B2	2025-08-03	Hannover	Kaiserslautern	1.60	2.38	2.20	3.50	1.57	2.35	2.20	3.00
GER-B2	2025-08-03	Magdeburg	Braunschweig	1.55	2.55	1.71	4.75	1.50	2.50	1.65	4.50
GER-B2	2025-08-08	Nurnberg	Darmstadt	1.62	2.36	2.75	2.46	1.62	2.25	2.70	2.38
GER-B2	2025-08-08	Preußen Münster	Paderborn	1.91	1.95	3.25	2.30	1.85	1.95	3.20	2.25
GER-B2	2025-08-09	Braunschweig	Greuther Furth	1.73	2.20	2.45	2.90	1.65	2.20	2.35	2.88
GER-B2	2025-08-09	Dresden	Magdeburg	1.59	2.38	2.85	2.40	1.57	2.35	2.75	2.30
GER-B2	2025-08-09	Fortuna Dusseldorf	Hannover	1.62	2.43	2.55	2.66	1.62	2.25	2.45	2.63
GER-B2	2025-08-09	Kaiserslautern	Schalke 04	1.73	2.15	2.50	2.80	1.70	2.10	2.35	2.60
GER-B2	2025-08-10	Bochum	Elversberg	1.72	2.16	2.45	2.90	1.70	2.10	2.40	2.75
GER-B2	2025-08-10	Hertha	Karlsruhe	1.56	2.50	1.85	4.20	1.50	2.50	1.80	3.80
GER-B2	2025-08-10	Holstein Kiel	Bielefeld	1.72	2.20	2.37	2.90	1.70	2.10	2.35	2.88
GER-B2	2025-08-22	Elversberg	Kaiserslautern	1.85	2.00	2.16	3.40	1.80	2.00	2.05	3.40
GER-B2	2025-08-22	Preußen Münster	Nurnberg	2.00	1.88	2.25	3.30	1.98	1.83	2.15	3.30
GER-B2	2025-08-23	Hannover	Magdeburg	1.66	2.25	2.20	3.40	1.65	2.20	2.20	3.20
GER-B2	2025-08-23	Karlsruhe	Braunschweig	1.60	2.45	1.82	4.20	1.60	2.30	1.80	4.00
GER-B2	2025-08-23	Paderborn	Fortuna Dusseldorf	1.60	2.50	1.70	4.70	1.53	2.40	1.67	4.50
GER-B2	2025-08-23	Schalke 04	Bochum	1.78	2.10	2.26	3.15	1.70	2.10	2.20	3.10
GER-B2	2025-08-24	Bielefeld	Dresden	1.75	2.35	2.05	4.20	1.57	2.35	2.00	3.80
GER-B2	2025-08-24	Darmstadt	Hertha	1.60	2.38	2.00	3.90	1.60	2.30	1.90	3.90
GER-B2	2025-08-24	Greuther Furth	Holstein Kiel	1.65	2.27	2.90	2.40	1.62	2.25	2.90	2.20
GER-B2	2025-08-29	Hertha	Elversberg	1.70	2.25	2.17	3.70	1.62	2.25	1.95	3.60
GER-B2	2025-08-29	Nurnberg	Paderborn	1.65	2.27	3.15	2.20	1.62	2.25	3.10	2.10
GER-B2	2025-08-30	Bochum	Preußen Münster	1.84	2.01	2.15	3.50	1.80	2.00	2.15	3.10
GER-B2	2025-08-30	Braunschweig	Bielefeld	1.62	2.35	2.80	2.45	1.57	2.35	2.60	2.45
GER-B2	2025-08-30	Fortuna Dusseldorf	Karlsruhe	1.62	2.32	2.30	3.00	1.57	2.30	2.30	2.88
GER-B2	2025-08-30	Holstein Kiel	Hannover	1.68	2.22	2.60	2.75	1.67	2.15	2.35	2.70
GER-B2	2025-08-31	Dresden	Schalke 04	1.83	2.04	2.15	3.40	1.83	1.98	2.10	3.40
GER-B2	2025-08-31	Kaiserslautern	Darmstadt	1.77	2.09	3.20	2.30	1.75	2.05	3.10	2.20
GER-B2	2025-08-31	Magdeburg	Greuther Furth	1.48	2.70	1.99	3.60	1.48	2.60	1.90	3.60
GER-B2	2025-09-12	Bielefeld	Magdeburg	1.52	2.60	2.17	3.25	1.50	2.50	2.00	3.25
GER-B2	2025-09-12	Paderborn	Bochum	1.62	2.38	1.91	4.33	1.57	2.35	1.83	4.00
GER-B2	2025-09-13	Darmstadt	Braunschweig	1.51	2.63	1.62	5.33	1.48	2.60	1.55	5.00
GER-B2	2025-09-13	Hannover	Hertha	1.59	2.38	1.75	5.00	1.57	2.35	1.62	5.00
GER-B2	2025-09-13	Karlsruhe	Nurnberg	1.62	2.34	2.10	3.55	1.62	2.25	2.10	3.25
GER-B2	2025-09-13	Schalke 04	Holstein Kiel	1.71	2.20	2.25	3.20	1.65	2.20	2.25	3.00
GER-B2	2025-09-14	Elversberg	Dresden	1.70	2.23	2.00	3.66	1.70	2.10	1.95	3.50
GER-B2	2025-09-14	Greuther Furth	Kaiserslautern	1.62	2.33	2.45	2.90	1.60	2.30	2.35	2.90
GER-B2	2025-09-14	Preußen Münster	Fortuna Dusseldorf	1.98	1.97	2.50	2.95	1.95	1.85	2.45	2.90
GER-B2	2025-09-19	Bielefeld	Greuther Furth	1.45	2.75	1.77	4.50	1.44	2.70	1.70	4.50
GER-B2	2025-09-19	Kaiserslautern	Preußen Münster	1.80	2.00	2.12	3.80	1.80	2.00	1.91	3.80
GER-B2	2025-09-20	Braunschweig	Elversberg	1.73	2.20	3.50	2.10	1.67	2.15	3.20	2.10
GER-B2	2025-09-20	Hertha	Paderborn	1.70	2.20	2.65	2.60	1.70	2.10	2.45	2.55
GER-B2	2025-09-20	Magdeburg	Schalke 04	1.62	2.30	2.38	2.95	1.60	2.30	2.35	2.90
GER-B2	2025-09-20	Nurnberg	Bochum	1.65	2.25	2.23	3.25	1.65	2.20	2.15	3.10
GER-B2	2025-09-21	Dresden	Hannover	1.60	2.40	2.88	2.40	1.57	2.35	2.63	2.40
GER-B2	2025-09-21	Fortuna Dusseldorf	Darmstadt	1.57	2.40	2.60	2.63	1.57	2.35	2.55	2.55
GER-B2	2025-09-21	Holstein Kiel	Karlsruhe	1.73	2.10	2.04	3.75	1.73	2.08	1.91	3.75
GER-B2	2025-09-26	Darmstadt	Dresden	1.54	2.60	1.71	4.50	1.53	2.40	1.67	4.20
GER-B2	2025-09-26	Schalke 04	Greuther Furth	1.70	2.20	1.80	4.33	1.67	2.15	1.75	3.90
GER-B2	2025-09-27	Bochum	Fortuna Dusseldorf	1.70	2.25	2.25	3.15	1.70	2.10	2.20	3.00
GER-B2	2025-09-27	Elversberg	Holstein Kiel	1.71	2.15	2.20	3.35	1.67	2.15	2.15	3.00
GER-B2	2025-09-27	Karlsruhe	Magdeburg	1.54	2.55	2.40	2.80	1.50	2.50	2.40	2.63
GER-B2	2025-09-27	Paderborn	Kaiserslautern	1.74	2.20	2.08	3.45	1.65	2.20	2.05	3.30
GER-B2	2025-09-28	Hannover	Bielefeld	1.65	2.32	1.90	4.00	1.65	2.20	1.85	3.90
GER-B2	2025-09-28	Nurnberg	Hertha	1.63	2.30	2.33	2.90	1.60	2.30	2.25	2.90
GER-B2	2025-09-28	Preußen Münster	Braunschweig	1.90	1.97	2.20	3.60	1.90	1.90	2.00	3.60
GER-B2	2025-10-03	Braunschweig	Paderborn	1.67	2.35	3.75	1.95	1.57	2.35	3.50	1.91
GER-B2	2025-10-03	Fortuna Dusseldorf	Nurnberg	1.70	2.20	2.50	2.80	1.70	2.10	2.50	2.60
GER-B2	2025-10-04	Dresden	Karlsruhe	1.67	2.25	2.25	3.05	1.67	2.15	2.20	2.90
GER-B2	2025-10-04	Hertha	Preußen Münster	1.73	2.17	2.00	3.90	1.73	2.08	1.91	3.60
GER-B2	2025-10-04	Holstein Kiel	Darmstadt	1.65	2.25	2.40	2.88	1.62	2.25	2.38	2.70
GER-B2	2025-10-04	Kaiserslautern	Bochum	1.65	2.35	2.00	3.50	1.57	2.35	2.00	3.40
GER-B2	2025-10-05	Bielefeld	Schalke 04	1.90	1.98	2.75	2.60	1.90	1.90	2.70	2.40
GER-B2	2025-10-05	Greuther Furth	Hannover	1.55	2.40	4.33	1.87	1.53	2.40	4.33	1.73
GER-B2	2025-10-05	Magdeburg	Elversberg	1.48	2.65	2.60	2.55	1.48	2.60	2.45	2.55
GER-B2	2025-10-17	Fortuna Dusseldorf	Braunschweig	1.73	2.16	1.91	4.00	1.70	2.10	1.85	4.00
GER-B2	2025-10-17	Hannover	Schalke 04	1.80	2.05	1.95	4.00	1.75	2.05	1.95	3.70
GER-B2	2025-10-18	Bochum	Hertha	1.60	2.40	2.60	2.63	1.57	2.35	2.60	2.55
GER-B2	2025-10-18	Karlsruhe	Kaiserslautern	1.60	2.38	2.55	2.70	1.57	2.35	2.55	2.55
GER-B2	2025-10-18	Paderborn	Bielefeld	1.64	2.32	1.73	5.00	1.60	2.30	1.70	5.00
GER-B2	2025-10-18	Preußen Münster	Dresden	1.70	2.25	2.38	2.88	1.62	2.25	2.30	2.75
GER-B2	2025-10-19	Darmstadt	Magdeburg	1.54	2.55	1.83	4.20	1.53	2.40	1.83	4.00
GER-B2	2025-10-19	Elversberg	Greuther Furth	1.48	2.70	1.53	6.00	1.48	2.60	1.48	5.75
GER-B2	2025-10-19	Nurnberg	Holstein Kiel	1.75	2.15	2.55	2.71	1.70	2.10	2.45	2.63
GER-B2	2025-10-24	Greuther Furth	Karlsruhe	1.52	2.50	3.30	2.10	1.50	2.50	3.30	1.95
GER-B2	2025-10-24	Schalke 04	Darmstadt	1.80	2.15	2.05	4.10	1.80	2.00	1.85	4.10
GER-B2	2025-10-25	Bielefeld	Elversberg	1.57	2.40	3.00	2.30	1.57	2.35	2.90	2.25
GER-B2	2025-10-25	Dresden	Paderborn	1.62	2.38	3.50	2.08	1.60	2.30	3.50	1.95
GER-B2	2025-10-25	Hertha	Fortuna Dusseldorf	1.57	2.43	1.86	4.33	1.57	2.35	1.75	4.10
GER-B2	2025-10-25	Holstein Kiel	Bochum	1.62	2.25	1.90	3.90	1.62	2.25	1.85	3.60
GER-B2	2025-10-26	Braunschweig	Hannover	1.90	2.00	3.80	2.00	1.90	1.90	3.75	1.95
GER-B2	2025-10-26	Kaiserslautern	Nurnberg	1.61	2.38	2.38	2.95	1.57	2.35	2.38	2.70
GER-B2	2025-10-26	Magdeburg	Preußen Münster	1.57	2.42	1.93	3.80	1.57	2.35	1.91	3.50
GER-B2	2025-10-31	Elversberg	Hannover	1.55	2.40	2.36	2.80	1.53	2.40	2.30	2.70
GER-B2	2025-10-31	Preußen Münster	Holstein Kiel	1.85	2.15	3.40	2.20	1.85	1.95	3.25	2.20
GER-B2	2025-11-01	Darmstadt	Bielefeld	1.67	2.25	2.05	3.40	1.67	2.15	2.00	3.20
GER-B2	2025-11-01	Hertha	Dresden	1.53	2.55	1.73	5.00	1.53	2.40	1.70	5.00
GER-B2	2025-11-01	Karlsruhe	Schalke 04	1.80	2.10	3.10	2.35	1.73	2.08	3.10	2.35
GER-B2	2025-11-01	Nurnberg	Braunschweig	1.68	2.25	1.72	5.00	1.62	2.25	1.67	4.75
GER-B2	2025-11-02	Bochum	Magdeburg	1.58	2.50	2.30	3.00	1.57	2.35	2.20	2.90
GER-B2	2025-11-02	Fortuna Dusseldorf	Kaiserslautern	1.58	2.38	2.55	2.63	1.57	2.35	2.55	2.55
GER-B2	2025-11-02	Paderborn	Greuther Furth	1.43	2.95	1.36	8.50	1.40	2.88	1.33	8.00
GER-B2	2025-11-07	Dresden	Nurnberg	1.67	2.15	2.60	2.60	1.67	2.15	2.50	2.55
GER-B2	2025-11-07	Greuther Furth	Preußen Münster	1.70	2.15	2.70	2.70	1.67	2.15	2.70	2.55
GER-B2	2025-11-08	Bielefeld	Karlsruhe	1.56	2.42	2.10	3.50	1.53	2.40	1.95	3.50
GER-B2	2025-11-08	Hannover	Darmstadt	1.70	2.20	2.20	3.40	1.70	2.10	2.15	3.20
GER-B2	2025-11-08	Kaiserslautern	Hertha	1.67	2.25	2.40	2.90	1.67	2.15	2.30	2.80
GER-B2	2025-11-08	Schalke 04	Elversberg	2.03	1.95	2.71	2.75	2.03	1.78	2.70	2.70
GER-B2	2025-11-09	Braunschweig	Bochum	1.67	2.20	3.00	2.25	1.67	2.15	3.00	2.15
GER-B2	2025-11-09	Holstein Kiel	Fortuna Dusseldorf	1.62	2.38	1.81	4.50	1.62	2.25	1.70	4.33
GER-B2	2025-11-09	Magdeburg	Paderborn	1.53	2.45	4.00	1.95	1.53	2.40	3.80	1.85
GER-B2	2025-11-21	Bochum	Dresden	1.70	2.28	1.95	4.00	1.70	2.10	1.90	4.00
GER-B2	2025-11-21	Hertha	Braunschweig	1.83	2.00	1.62	6.00	1.80	2.00	1.57	5.50
GER-B2	2025-11-22	Darmstadt	Greuther Furth	1.52	2.55	1.58	5.50	1.50	2.50	1.48	5.50
GER-B2	2025-11-22	Fortuna Dusseldorf	Magdeburg	1.52	2.63	2.18	3.10	1.50	2.50	2.15	3.00
GER-B2	2025-11-22	Paderborn	Hannover	1.65	2.25	2.20	3.20	1.62	2.25	2.20	3.00
GER-B2	2025-11-22	Preußen Münster	Schalke 04	2.05	1.78	3.45	2.33	2.03	1.78	3.20	2.25
GER-B2	2025-11-23	Kaiserslautern	Holstein Kiel	1.71	2.16	2.38	2.90	1.70	2.10	2.35	2.90
GER-B2	2025-11-23	Karlsruhe	Elversberg	1.75	2.12	3.33	2.23	1.75	2.05	3.30	2.10
GER-B2	2025-11-23	Nurnberg	Bielefeld	1.65	2.30	2.33	2.95	1.60	2.30	2.15	2.80
GER-B2	2025-11-28	Hannover	Karlsruhe	1.41	2.90	1.48	6.50	1.40	2.88	1.42	6.00
GER-B2	2025-11-28	Schalke 04	Paderborn	2.05	1.80	2.63	2.90	2.05	1.75	2.45	2.90
GER-B2	2025-11-29	Braunschweig	Kaiserslautern	1.71	2.10	3.25	2.25	1.70	2.10	3.10	2.15
GER-B2	2025-11-29	Greuther Furth	Bochum	1.62	2.30	3.15	2.20	1.62	2.25	3.00	2.20
GER-B2	2025-11-29	Holstein Kiel	Hertha	1.70	2.15	2.40	3.00	1.70	2.10	2.30	2.88
GER-B2	2025-11-29	Magdeburg	Nurnberg	1.56	2.45	2.25	3.10	1.53	2.40	2.10	3.10
GER-B2	2025-11-30	Bielefeld	Preußen Münster	1.70	2.15	1.79	4.75	1.70	2.10	1.67	4.50
GER-B2	2025-11-30	Dresden	Fortuna Dusseldorf	1.80	2.17	2.40	3.10	1.80	2.00	2.25	3.10
GER-B2	2025-11-30	Elversberg	Darmstadt	1.64	2.25	1.98	3.90	1.62	2.25	1.85	3.70
GER-B2	2025-12-05	Fortuna Dusseldorf	Schalke 04	1.90	1.90	3.30	2.25	1.90	1.90	3.25	2.20
GER-B2	2025-12-05	Preußen Münster	Hannover	1.67	2.20	4.50	1.83	1.67	2.15	4.20	1.75
GER-B2	2025-12-06	Bochum	Bielefeld	1.70	2.15	2.60	2.95	1.70	2.10	2.60	2.63
GER-B2	2025-12-06	Darmstadt	Karlsruhe	1.58	2.38	1.80	4.50	1.57	2.35	1.67	4.50
GER-B2	2025-12-06	Kaiserslautern	Dresden	1.62	2.25	2.05	3.40	1.62	2.25	2.05	3.25
GER-B2	2025-12-06	Paderborn	Elversberg	1.75	2.10	2.60	2.80	1.75	2.05	2.60	2.55
GER-B2	2025-12-07	Braunschweig	Holstein Kiel	1.98	1.98	2.70	2.63	1.98	1.83	2.55	2.60
GER-B2	2025-12-07	Hertha	Magdeburg	1.52	2.63	1.79	4.50	1.50	2.50	1.73	4.50
GER-B2	2025-12-07	Nurnberg	Greuther Furth	1.65	2.25	1.82	4.75	1.62	2.25	1.73	4.33
GER-B2	2025-12-12	Dresden	Braunschweig	2.05	1.85	2.30	3.40	1.95	1.85	2.20	3.00
GER-B2	2025-12-12	Greuther Furth	Hertha	1.69	2.18	4.00	1.91	1.67	2.15	3.80	1.85
GER-B2	2025-12-13	Bielefeld	Kaiserslautern	1.65	2.20	2.10	3.40	1.65	2.20	2.10	3.30
GER-B2	2025-12-13	Hannover	Bochum	1.75	2.20	1.91	4.50	1.75	2.05	1.85	4.33
GER-B2	2025-12-13	Karlsruhe	Paderborn	1.70	2.20	3.60	2.10	1.70	2.10	3.20	2.10
GER-B2	2025-12-13	Magdeburg	Holstein Kiel	1.62	2.38	2.12	3.40	1.62	2.25	2.10	3.30
GER-B2	2025-12-14	Darmstadt	Preußen Münster	1.70	2.20	1.90	5.00	1.70	2.10	1.90	4.00
GER-B2	2025-12-14	Elversberg	Fortuna Dusseldorf	1.53	2.50	1.58	5.50	1.50	2.50	1.55	5.25
GER-B2	2025-12-14	Schalke 04	Nurnberg	1.85	2.00	1.90	4.40	1.80	2.00	1.90	3.70
GER-B2	2025-12-19	Hertha	Bielefeld	1.90	1.93	2.00	4.00	1.90	1.90	2.00	3.90
GER-B2	2025-12-19	Paderborn	Darmstadt	1.66	2.25	2.08	3.50	1.62	2.25	2.05	3.30
GER-B2	2025-12-20	Bochum	Karlsruhe	1.57	2.38	1.72	5.50	1.57	2.35	1.60	5.25
GER-B2	2025-12-20	Fortuna Dusseldorf	Greuther Furth	1.55	2.40	1.84	4.20	1.53	2.40	1.75	4.00
GER-B2	2025-12-20	Holstein Kiel	Dresden	1.83	2.10	2.10	3.70	1.80	2.00	2.10	3.40
GER-B2	2025-12-20	Kaiserslautern	Magdeburg	1.55	2.40	2.45	3.00	1.53	2.40	2.45	2.63
GER-B2	2025-12-21	Braunschweig	Schalke 04	1.95	1.85	3.15	2.38	1.95	1.85	3.00	2.35
GER-B2	2025-12-21	Nurnberg	Hannover	1.80	2.10	3.50	2.10	1.80	2.00	3.50	2.00
GER-B2	2025-12-21	Preußen Münster	Elversberg	1.90	2.02	3.25	2.30	1.90	1.90	3.00	2.30
GER-B2	2026-01-16	Braunschweig	Magdeburg	1.62	2.30	3.00	2.32	1.62	2.25	2.90	2.20
GER-B2	2026-01-16	Fortuna Dusseldorf	Bielefeld	1.80	2.05	2.55	2.75	1.75	2.05	2.50	2.63
GER-B2	2026-01-17	Dresden	Greuther Furth	1.67	2.20	1.95	3.80	1.67	2.15	1.91	3.70
GER-B2	2026-01-17	Hertha	Schalke 04	2.00	1.83	2.60	2.88	1.98	1.83	2.50	2.88
GER-B2	2026-01-17	Nurnberg	Elversberg	1.90	2.02	2.63	2.70	1.90	1.90	2.55	2.63
GER-B2	2026-01-17	Preußen Münster	Karlsruhe	1.68	2.20	1.96	4.50	1.65	2.20	1.75	4.50
GER-B2	2026-01-18	Bochum	Darmstadt	1.85	2.02	2.55	2.80	1.85	1.95	2.50	2.75
GER-B2	2026-01-18	Holstein Kiel	Paderborn	1.85	1.98	3.10	2.35	1.85	1.95	2.90	2.35
GER-B2	2026-01-18	Kaiserslautern	Hannover	1.67	2.20	3.20	2.30	1.65	2.20	2.90	2.30
GER-B2	2026-01-23	Bielefeld	Holstein Kiel	2.00	1.80	2.48	3.25	2.00	1.80	2.25	3.25
GER-B2	2026-01-23	Darmstadt	Nurnberg	1.83	2.07	1.96	4.00	1.83	1.98	1.95	3.70
GER-B2	2026-01-24	Greuther Furth	Braunschweig	1.90	1.90	2.88	2.60	1.90	1.90	2.88	2.45
GER-B2	2026-01-24	Hannover	Fortuna Dusseldorf	1.67	2.20	1.80	4.60	1.67	2.15	1.80	4.20
GER-B2	2026-01-24	Karlsruhe	Hertha	1.64	2.40	3.45	2.00	1.53	2.40	3.40	2.00
GER-B2	2026-01-24	Magdeburg	Dresden	1.62	2.30	1.71	4.75	1.60	2.30	1.67	4.75
GER-B2	2026-01-25	Elversberg	Bochum	1.70	2.15	2.00	3.80	1.70	2.10	1.91	3.70
GER-B2	2026-01-25	Paderborn	Preußen Münster	1.73	2.12	1.70	5.50	1.70	2.10	1.65	5.25
GER-B2	2026-01-25	Schalke 04	Kaiserslautern	1.93	1.88	2.00	4.00	1.93	1.88	1.95	3.90
GER-B2	2026-01-30	Magdeburg	Hannover	1.67	2.33	2.60	2.60	1.67	2.15	2.60	2.60
GER-B2	2026-01-30	Nurnberg	Preußen Münster	1.85	1.98	2.20	3.55	1.85	1.95	2.20	3.25
GER-B2	2026-01-31	Bochum	Schalke 04	2.10	1.80	2.35	3.20	2.10	1.70	2.25	3.20
GER-B2	2026-01-31	Braunschweig	Karlsruhe	1.67	2.25	2.12	3.50	1.62	2.25	2.00	3.40
GER-B2	2026-01-31	Holstein Kiel	Greuther Furth	1.67	2.15	1.70	5.50	1.67	2.15	1.60	5.50
GER-B2	2026-01-31	Kaiserslautern	Elversberg	1.65	2.25	3.00	2.40	1.65	2.20	2.75	2.40
GER-B2	2026-02-01	Dresden	Bielefeld	1.91	1.90	2.65	2.75	1.90	1.90	2.63	2.55
GER-B2	2026-02-01	Fortuna Dusseldorf	Paderborn	1.80	2.15	3.00	2.45	1.75	2.05	2.75	2.45
GER-B2	2026-02-01	Hertha	Darmstadt	1.70	2.15	2.15	3.33	1.67	2.15	2.15	3.20
GER-B2	2026-02-06	Greuther Furth	Magdeburg	1.57	2.40	4.60	1.80	1.53	2.40	4.33	1.70
GER-B2	2026-02-06	Preußen Münster	Bochum	1.95	1.96	2.65	2.75	1.95	1.85	2.63	2.63
GER-B2	2026-02-07	Darmstadt	Kaiserslautern	1.73	2.20	2.10	3.90	1.73	2.08	2.10	3.50
GER-B2	2026-02-07	Elversberg	Hertha	1.70	2.23	2.15	3.30	1.70	2.10	2.15	3.00
GER-B2	2026-02-07	Paderborn	Nurnberg	1.67	2.25	1.98	3.95	1.62	2.25	1.95	3.60
GER-B2	2026-02-07	Schalke 04	Dresden	1.88	1.93	1.91	4.75	1.88	1.93	1.85	3.90
GER-B2	2026-02-08	Bielefeld	Braunschweig	1.90	1.95	1.88	4.75	1.85	1.95	1.80	4.33
GER-B2	2026-02-08	Hannover	Holstein Kiel	1.83	2.05	1.63	6.00	1.75	2.05	1.57	6.00
GER-B2	2026-02-08	Karlsruhe	Fortuna Dusseldorf	1.62	2.25	3.50	2.05	1.62	2.25	3.50	2.00
GER-B2	2026-02-13	Fortuna Dusseldorf	Preußen Münster	1.90	1.98	1.98	4.20	1.85	1.95	1.83	4.10
GER-B2	2026-02-13	Nurnberg	Karlsruhe	1.62	2.35	1.79	4.50	1.60	2.30	1.70	4.20
GER-B2	2026-02-14	Braunschweig	Darmstadt	1.98	1.97	3.45	2.25	1.98	1.83	3.20	2.25
GER-B2	2026-02-14	Dresden	Elversberg	1.75	2.07	3.30	2.25	1.75	2.05	3.20	2.20
GER-B2	2026-02-14	Hertha	Hannover	1.67	2.15	3.00	2.38	1.67	2.15	2.80	2.35
GER-B2	2026-02-14	Kaiserslautern	Greuther Furth	1.60	2.38	1.72	4.90	1.60	2.30	1.67	4.75
GER-B2	2026-02-15	Bochum	Paderborn	1.83	2.04	2.75	2.60	1.80	2.00	2.70	2.50
GER-B2	2026-02-15	Holstein Kiel	Schalke 04	2.10	1.77	3.10	2.48	2.10	1.70	3.00	2.40
GER-B2	2026-02-15	Magdeburg	Bielefeld	1.62	2.28	2.10	3.35	1.62	2.25	2.10	3.10
GER-B2	2026-02-20	Bochum	Nurnberg	1.73	2.10	2.20	3.35	1.70	2.10	2.20	3.10
GER-B2	2026-02-20	Greuther Furth	Bielefeld	1.75	2.10	4.10	1.92	1.75	2.05	4.10	1.83
GER-B2	2026-02-21	Darmstadt	Fortuna Dusseldorf	1.70	2.18	2.10	3.75	1.70	2.10	2.10	3.25
GER-B2	2026-02-21	Elversberg	Braunschweig	1.70	2.20	1.62	5.50	1.67	2.15	1.62	5.00
GER-B2	2026-02-21	Karlsruhe	Holstein Kiel	1.83	2.12	2.60	2.90	1.83	1.98	2.40	2.90
GER-B2	2026-02-21	Schalke 04	Magdeburg	1.70	2.15	2.15	3.55	1.67	2.15	2.00	3.10
GER-B2	2026-02-22	Hannover	Dresden	1.53	2.45	1.50	6.60	1.53	2.40	1.50	5.75
GER-B2	2026-02-22	Paderborn	Hertha	1.70	2.23	2.30	3.10	1.70	2.10	2.25	3.00
GER-B2	2026-02-22	Preußen Münster	Kaiserslautern	1.98	1.89	2.50	2.90	1.98	1.83	2.40	2.90
GER-B2	2026-02-27	Dresden	Darmstadt	1.80	2.10	2.60	2.75	1.80	2.00	2.38	2.75
GER-B2	2026-02-27	Fortuna Dusseldorf	Bochum	1.71	2.20	2.20	3.25	1.67	2.15	2.05	3.10
GER-B2	2026-02-28	Bielefeld	Hannover	1.70	2.20	2.85	2.45	1.70	2.10	2.60	2.40
GER-B2	2026-02-28	Greuther Furth	Schalke 04	1.77	2.10	4.75	1.74	1.73	2.08	4.33	1.70
GER-B2	2026-02-28	Holstein Kiel	Elversberg	1.70	2.20	3.30	2.16	1.70	2.10	3.00	2.10
GER-B2	2026-02-28	Kaiserslautern	Paderborn	1.70	2.20	3.45	2.06	1.70	2.10	3.10	1.95
GER-B2	2026-03-01	Braunschweig	Preußen Münster	1.93	1.91	2.55	2.75	1.93	1.88	2.50	2.70
GER-B2	2026-03-01	Hertha	Nurnberg	1.70	2.20	2.20	3.30	1.70	2.10	2.20	3.00
GER-B2	2026-03-01	Magdeburg	Karlsruhe	1.48	2.88	1.70	4.33	1.48	2.60	1.67	3.80
GER-B2	2026-03-06	Elversberg	Magdeburg	1.43	2.88	1.90	4.00	1.40	2.88	1.83	3.75
GER-B2	2026-03-06	Schalke 04	Bielefeld	1.85	2.00	1.91	4.10	1.85	1.95	1.91	3.90
GER-B2	2026-03-07	Bochum	Kaiserslautern	1.58	2.40	1.81	4.25	1.53	2.40	1.75	4.00
GER-B2	2026-03-07	Darmstadt	Holstein Kiel	1.65	2.25	1.95	4.00	1.62	2.25	1.90	3.60
GER-B2	2026-03-07	Nurnberg	Fortuna Dusseldorf	1.77	2.10	2.40	2.85	1.75	2.05	2.30	2.80
GER-B2	2026-03-07	Paderborn	Braunschweig	1.62	2.30	1.58	5.60	1.60	2.30	1.57	5.00
GER-B2	2026-03-08	Hannover	Greuther Furth	1.48	2.80	1.35	9.00	1.44	2.70	1.33	8.00
GER-B2	2026-03-08	Karlsruhe	Dresden	1.73	2.15	3.00	2.40	1.70	2.10	3.00	2.25
GER-B2	2026-03-08	Preußen Münster	Hertha	1.75	2.10	3.00	2.40	1.73	2.08	2.80	2.35
GER-B2	2026-03-13	Greuther Furth	Elversberg	1.62	2.40	4.50	1.71	1.57	2.35	4.50	1.67
GER-B2	2026-03-13	Magdeburg	Darmstadt	1.47	2.88	2.40	2.80	1.44	2.70	2.20	2.80
GER-B2	2026-03-14	Bielefeld	Paderborn	1.73	2.10	3.00	2.30	1.70	2.10	2.88	2.30
GER-B2	2026-03-14	Braunschweig	Fortuna Dusseldorf	1.90	2.00	3.10	2.35	1.85	1.95	2.90	2.35
GER-B2	2026-03-14	Hertha	Bochum	1.73	2.16	2.16	3.20	1.73	2.08	2.15	3.10
GER-B2	2026-03-14	Holstein Kiel	Nurnberg	1.95	1.98	2.40	3.00	1.95	1.85	2.35	3.00
GER-B2	2026-03-15	Dresden	Preußen Münster	2.05	1.86	2.17	3.60	2.05	1.75	2.10	3.50
GER-B2	2026-03-15	Kaiserslautern	Karlsruhe	1.57	2.50	2.05	3.40	1.57	2.35	2.00	3.40
GER-B2	2026-03-15	Schalke 04	Hannover	1.71	2.38	2.12	3.40	1.60	2.30	1.95	3.40
GER-B2	2026-03-20	Hannover	Braunschweig	1.73	2.25	1.62	5.75	1.73	2.08	1.55	4.75
GER-B2	2026-03-20	Karlsruhe	Greuther Furth	1.60	2.50	2.20	3.25	1.53	2.40	2.15	3.10
GER-B2	2026-03-21	Darmstadt	Schalke 04	1.85	2.00	2.55	2.71	1.83	1.98	2.55	2.70
GER-B2	2026-03-21	Elversberg	Bielefeld	1.62	2.30	2.00	3.75	1.62	2.25	2.00	3.30
GER-B2	2026-03-21	Nurnberg	Kaiserslautern	1.62	2.40	2.16	3.20	1.60	2.30	2.10	3.20
GER-B2	2026-03-21	Paderborn	Dresden	1.67	2.25	1.85	4.33	1.67	2.15	1.75	4.33
GER-B2	2026-03-22	Bochum	Holstein Kiel	1.62	2.30	1.86	4.33	1.62	2.25	1.75	4.33
GER-B2	2026-03-22	Fortuna Dusseldorf	Hertha	1.65	2.30	2.40	2.85	1.62	2.25	2.40	2.75
GER-B2	2026-03-22	Preußen Münster	Magdeburg	1.67	2.30	3.10	2.28	1.67	2.15	3.10	2.15
GER-B2	2026-04-04	Bielefeld	Darmstadt	1.67	2.30	2.40	2.85	1.65	2.20	2.38	2.70
GER-B2	2026-04-04	Dresden	Hertha	1.62	2.50	2.65	2.60	1.57	2.35	2.55	2.55
GER-B2	2026-04-04	Kaiserslautern	Fortuna Dusseldorf	1.52	2.63	2.70	2.60	1.48	2.60	2.70	2.40
GER-B2	2026-04-04	Magdeburg	Bochum	1.57	2.63	2.20	3.50	1.57	2.35	2.20	3.10
GER-B2	2026-04-05	Braunschweig	Nurnberg	1.80	2.10	2.80	2.55	1.73	2.08	2.75	2.40
GER-B2	2026-04-05	Greuther Furth	Paderborn	1.58	2.40	4.25	1.83	1.57	2.35	4.10	1.83
GER-B2	2026-04-05	Hannover	Elversberg	1.62	2.40	2.28	3.05	1.62	2.25	2.25	3.00
GER-B2	2026-04-05	Holstein Kiel	Preußen Münster	1.91	2.00	2.05	3.60	1.90	1.90	2.00	3.40
GER-B2	2026-04-05	Schalke 04	Karlsruhe	1.57	2.50	1.55	6.00	1.57	2.35	1.48	6.00
GER-B2	2026-04-10	Fortuna Dusseldorf	Holstein Kiel	1.70	2.25	2.06	3.30	1.70	2.10	2.05	3.30
GER-B2	2026-04-10	Karlsruhe	Bielefeld	1.62	2.40	3.40	2.12	1.62	2.25	3.25	2.05
GER-B2	2026-04-11	Darmstadt	Hannover	1.70	2.32	2.75	2.45	1.70	2.10	2.75	2.40
GER-B2	2026-04-11	Hertha	Kaiserslautern	1.47	2.75	1.75	4.20	1.44	2.70	1.75	3.90
GER-B2	2026-04-11	Nurnberg	Dresden	1.63	2.38	2.05	3.80	1.57	2.35	1.85	3.80
GER-B2	2026-04-11	Preußen Münster	Greuther Furth	1.95	1.94	2.12	3.60	1.95	1.85	2.05	3.60
GER-B2	2026-04-12	Bochum	Braunschweig	1.73	2.25	1.83	4.33	1.73	2.08	1.80	4.10
GER-B2	2026-04-12	Elversberg	Schalke 04	1.85	2.05	2.10	3.40	1.85	1.95	2.10	3.40
GER-B2	2026-04-12	Paderborn	Magdeburg	1.48	2.75	1.87	3.80	1.48	2.60	1.85	3.75
GER-B2	2026-04-17	Elversberg	Karlsruhe	1.40	3.10	1.50	6.00	1.36	3.10	1.48	5.50
GER-B2	2026-04-17	Holstein Kiel	Kaiserslautern	1.65	2.30	2.30	3.15	1.65	2.20	2.25	2.88
GER-B2	2026-04-18	Bielefeld	Nurnberg	1.67	2.20	2.00	3.75	1.65	2.20	1.91	3.75
GER-B2	2026-04-18	Dresden	Bochum	1.62	2.38	2.40	2.85	1.62	2.25	2.25	2.75
GER-B2	2026-04-18	Hannover	Paderborn	1.62	2.40	2.30	3.05	1.60	2.30	2.30	2.75
GER-B2	2026-04-18	Magdeburg	Fortuna Dusseldorf	1.57	2.50	2.05	4.20	1.57	2.35	1.75	4.20
GER-B2	2026-04-19	Braunschweig	Hertha	1.67	2.25	3.10	2.23	1.67	2.15	3.10	2.15
GER-B2	2026-04-19	Greuther Furth	Darmstadt	1.57	2.50	3.30	2.10	1.57	2.35	3.10	2.10
GER-B2	2026-04-19	Schalke 04	Preußen Münster	1.91	1.98	1.57	6.00	1.88	1.93	1.57	5.50
GER-B2	2026-04-24	Fortuna Dusseldorf	Dresden	1.70	2.20	2.45	3.00	1.70	2.10	2.45	2.70
GER-B2	2026-04-24	Kaiserslautern	Braunschweig	1.60	2.40	2.30	3.00	1.60	2.30	2.30	2.90
GER-B2	2026-04-25	Darmstadt	Elversberg	1.57	2.63	2.88	2.35	1.57	2.35	2.88	2.25
GER-B2	2026-04-25	Hertha	Holstein Kiel	1.58	2.50	1.85	4.33	1.57	2.35	1.73	4.10
GER-B2	2026-04-25	Karlsruhe	Hannover	1.53	2.63	4.10	1.77	1.53	2.40	4.00	1.75
GER-B2	2026-04-25	Preußen Münster	Bielefeld	1.91	1.98	3.50	2.17	1.90	1.90	3.10	2.05
GER-B2	2026-04-26	Bochum	Greuther Furth	1.73	2.20	1.73	4.60	1.70	2.10	1.70	4.50
GER-B2	2026-04-26	Nurnberg	Magdeburg	1.62	2.45	2.48	2.90	1.60	2.30	2.45	2.75
GER-B2	2026-04-26	Paderborn	Schalke 04	1.77	2.10	2.55	2.95	1.73	2.08	2.55	2.70
GER-B2	2026-05-02	Bielefeld	Bochum	1.65	2.30	2.07	3.50	1.65	2.20	1.90	3.40
GER-B2	2026-05-02	Dresden	Kaiserslautern	1.57	2.50	1.64	5.40	1.53	2.40	1.53	5.25
GER-B2	2026-05-02	Holstein Kiel	Braunschweig	1.91	1.91	2.54	3.00	1.90	1.90	2.45	2.70
GER-B2	2026-05-02	Schalke 04	Fortuna Dusseldorf	1.65	2.30	1.57	6.00	1.62	2.25	1.53	5.50
GER-B2	2026-05-03	Elversberg	Paderborn	1.62	2.38	2.20	3.10	1.62	2.25	2.10	3.10
GER-B2	2026-05-03	Greuther Furth	Nurnberg	1.67	2.25	2.65	2.55	1.67	2.15	2.55	2.55
GER-B2	2026-05-03	Hannover	Preußen Münster	1.60	2.50	1.53	7.00	1.60	2.30	1.53	5.25
GER-B2	2026-05-03	Karlsruhe	Darmstadt	1.43	2.88	2.70	2.50	1.40	2.88	2.45	2.45
GER-B2	2026-05-03	Magdeburg	Hertha	1.41	3.10	2.00	3.35	1.36	3.10	1.95	3.30
GER-B2	2026-05-08	Kaiserslautern	Bielefeld	1.57	2.40	4.10	1.85	1.57	2.35	4.00	1.75
GER-B2	2026-05-08	Paderborn	Karlsruhe	1.36	3.40	1.42	7.50	1.36	3.10	1.40	6.00
GER-B2	2026-05-09	Bochum	Hannover	1.60	2.55	3.70	1.91	1.60	2.30	3.50	1.91
GER-B2	2026-05-09	Braunschweig	Dresden	1.91	2.04	2.62	2.75	1.90	1.90	2.50	2.75
GER-B2	2026-05-09	Holstein Kiel	Magdeburg	1.50	2.80	3.00	2.20	1.50	2.50	3.00	2.15
GER-B2	2026-05-09	Nurnberg	Schalke 04	1.56	2.50	2.50	2.70	1.53	2.40	2.45	2.60
GER-B2	2026-05-10	Fortuna Dusseldorf	Elversberg	1.62	2.38	3.35	2.15	1.62	2.25	3.10	2.15
GER-B2	2026-05-10	Hertha	Greuther Furth	1.48	2.75	1.85	4.00	1.44	2.70	1.75	3.60
GER-B2	2026-05-10	Preußen Münster	Darmstadt	1.50	2.70	2.25	2.95	1.48	2.60	2.15	2.75
GER-B2	2026-05-17	Bielefeld	Hertha	1.60	2.50	1.68	5.25	1.60	2.30	1.62	5.25
GER-B2	2026-05-17	Darmstadt	Paderborn	1.44	3.00	3.60	1.90	1.40	2.88	3.60	1.85
GER-B2	2026-05-17	Dresden	Holstein Kiel	1.53	2.60	1.77	4.35	1.50	2.50	1.75	4.00
GER-B2	2026-05-17	Elversberg	Preußen Münster	1.38	3.50	1.25	13.00	1.30	3.50	1.22	9.50
GER-B2	2026-05-17	Greuther Furth	Fortuna Dusseldorf	1.53	2.63	2.10	3.40	1.50	2.50	2.05	3.20
GER-B2	2026-05-17	Hannover	Nurnberg	1.50	2.70	1.52	6.00	1.44	2.70	1.48	5.75
GER-B2	2026-05-17	Karlsruhe	Bochum	1.36	3.50	2.55	2.50	1.36	3.10	2.45	2.45
GER-B2	2026-05-17	Magdeburg	Kaiserslautern	1.35	3.40	1.53	5.60	1.33	3.40	1.50	5.25
GER-B2	2026-05-17	Schalke 04	Braunschweig	1.53	2.60	1.77	4.50	1.53	2.40	1.73	4.50
GER-BL	2024-08-23	M'gladbach	Leverkusen	1.48	2.90	5.60	1.67	1.44	2.75	4.75	1.62
GER-BL	2024-08-24	Augsburg	Werder Bremen	1.75	2.30	2.57	3.16	1.67	2.20	2.45	2.70
GER-BL	2024-08-24	Dortmund	Ein Frankfurt	1.52	2.81	1.81	4.82	1.50	2.63	1.70	4.50
GER-BL	2024-08-24	Freiburg	Stuttgart	1.61	2.62	3.95	2.11	1.53	2.50	3.70	1.91
GER-BL	2024-08-24	Hoffenheim	Holstein Kiel	1.56	3.00	1.70	5.10	1.40	3.00	1.62	4.50
GER-BL	2024-08-24	Mainz	Union Berlin	2.27	1.87	2.15	3.99	2.07	1.83	2.05	3.75
GER-BL	2024-08-24	RB Leipzig	Bochum	1.37	3.56	1.25	13.00	1.33	3.40	1.22	11.00
GER-BL	2024-08-25	St Pauli	Heidenheim	2.05	2.00	2.05	4.06	2.03	1.87	1.95	3.75
GER-BL	2024-08-25	Wolfsburg	Bayern Munich	1.53	2.95	7.00	1.54	1.44	2.75	6.00	1.45
GER-BL	2024-08-30	Union Berlin	St Pauli	2.21	1.89	2.04	4.43	2.10	1.73	1.95	4.20
GER-BL	2024-08-31	Bochum	M'gladbach	1.53	2.75	2.96	2.38	1.50	2.63	2.88	2.30
GER-BL	2024-08-31	Ein Frankfurt	Hoffenheim	1.46	3.11	1.71	5.02	1.40	3.00	1.62	4.50
GER-BL	2024-08-31	Holstein Kiel	Wolfsburg	1.68	2.41	3.07	2.38	1.62	2.30	2.90	2.30
GER-BL	2024-08-31	Leverkusen	RB Leipzig	1.50	2.89	1.75	5.15	1.44	2.75	1.62	4.75
GER-BL	2024-08-31	Stuttgart	Mainz	1.66	2.53	1.69	5.21	1.57	2.38	1.67	4.75
GER-BL	2024-08-31	Werder Bremen	Dortmund	1.62	2.63	4.15	1.95	1.57	2.38	3.90	1.91
GER-BL	2024-09-01	Bayern Munich	Freiburg	1.29	3.93	1.22	14.00	1.29	3.75	1.20	11.00
GER-BL	2024-09-01	Heidenheim	Augsburg	1.82	2.20	2.50	3.05	1.80	2.00	2.38	2.90
GER-BL	2024-09-13	Dortmund	Heidenheim	1.53	2.93	1.42	9.00	1.44	2.75	1.33	7.50
GER-BL	2024-09-14	Freiburg	Bochum	1.69	2.44	1.61	5.90	1.62	2.30	1.55	5.75
GER-BL	2024-09-14	Hoffenheim	Leverkusen	1.35	3.58	7.37	1.46	1.33	3.40	7.00	1.42
GER-BL	2024-09-14	Holstein Kiel	Bayern Munich	1.31	4.00	15.00	1.22	1.30	3.50	11.00	1.20
GER-BL	2024-09-14	M'gladbach	Stuttgart	1.50	2.88	2.78	2.53	1.50	2.63	2.63	2.45
GER-BL	2024-09-14	RB Leipzig	Union Berlin	1.62	2.49	1.50	7.00	1.57	2.38	1.48	6.25
GER-BL	2024-09-14	Wolfsburg	Ein Frankfurt	1.88	2.10	2.90	2.66	1.87	2.03	2.70	2.45
GER-BL	2024-09-15	Augsburg	St Pauli	2.20	2.04	2.14	4.10	2.10	1.73	2.05	3.90
GER-BL	2024-09-15	Mainz	Werder Bremen	1.78	2.21	2.26	3.50	1.73	2.10	2.15	3.20
GER-BL	2024-09-20	Augsburg	Mainz	1.84	2.25	2.44	3.18	1.73	2.10	2.30	3.00
GER-BL	2024-09-21	Bochum	Holstein Kiel	1.51	2.78	2.04	4.48	1.50	2.63	1.75	4.33
GER-BL	2024-09-21	Ein Frankfurt	M'gladbach	1.46	2.99	1.80	4.43	1.44	2.75	1.73	4.33
GER-BL	2024-09-21	Heidenheim	Freiburg	1.85	2.19	3.43	2.48	1.80	2.00	3.25	2.20
GER-BL	2024-09-21	Union Berlin	Hoffenheim	1.64	2.50	1.90	4.43	1.57	2.38	1.80	4.20
GER-BL	2024-09-21	Werder Bremen	Bayern Munich	1.38	3.40	11.00	1.34	1.36	3.20	8.50	1.33
GER-BL	2024-09-22	Leverkusen	Wolfsburg	1.44	3.20	1.31	12.00	1.36	3.20	1.27	8.50
GER-BL	2024-09-22	St Pauli	RB Leipzig	1.76	2.41	5.88	1.70	1.67	2.20	5.50	1.62
GER-BL	2024-09-22	Stuttgart	Dortmund	1.47	3.00	2.37	3.02	1.44	2.75	2.25	3.00
GER-BL	2024-09-27	Dortmund	Bochum	1.29	4.10	1.25	14.00	1.29	3.75	1.22	11.00
GER-BL	2024-09-28	Bayern Munich	Leverkusen	1.36	3.56	1.68	5.50	1.33	3.40	1.67	4.33
GER-BL	2024-09-28	Freiburg	St Pauli	1.82	2.29	1.61	6.25	1.67	2.20	1.57	5.50
GER-BL	2024-09-28	M'gladbach	Union Berlin	1.90	2.12	2.26	3.53	1.80	2.00	2.15	3.25
GER-BL	2024-09-28	Mainz	Heidenheim	1.88	2.10	1.89	4.58	1.85	2.05	1.83	4.33
GER-BL	2024-09-28	RB Leipzig	Augsburg	1.52	2.87	1.56	6.50	1.50	2.63	1.50	5.50
GER-BL	2024-09-28	Wolfsburg	Stuttgart	1.66	2.45	3.72	2.10	1.62	2.30	3.60	2.00
GER-BL	2024-09-29	Hoffenheim	Werder Bremen	1.54	2.75	2.37	3.10	1.50	2.63	2.25	2.90
GER-BL	2024-09-29	Holstein Kiel	Ein Frankfurt	1.61	2.51	4.00	2.04	1.57	2.38	3.50	1.95
GER-BL	2024-10-04	Augsburg	M'gladbach	1.60	2.57	2.55	2.93	1.57	2.38	2.40	2.75
GER-BL	2024-10-05	Bochum	Wolfsburg	1.65	2.42	3.21	2.30	1.62	2.30	3.00	2.20
GER-BL	2024-10-05	Leverkusen	Holstein Kiel	1.22	5.10	1.11	34.00	1.20	4.50	1.08	21.00
GER-BL	2024-10-05	St Pauli	Mainz	2.04	2.07	2.26	3.68	2.00	1.90	2.15	3.50
GER-BL	2024-10-05	Union Berlin	Dortmund	1.84	2.20	3.87	2.07	1.73	2.10	3.60	2.00
GER-BL	2024-10-05	Werder Bremen	Freiburg	1.79	2.29	2.80	2.72	1.73	2.10	2.63	2.60
GER-BL	2024-10-06	Ein Frankfurt	Bayern Munich	1.42	3.20	6.01	1.55	1.40	3.00	5.75	1.50
GER-BL	2024-10-06	Heidenheim	RB Leipzig	1.67	2.41	5.32	1.77	1.67	2.20	4.75	1.67
GER-BL	2024-10-06	Stuttgart	Hoffenheim	1.30	4.25	1.37	8.55	1.29	3.75	1.33	8.00
GER-BL	2024-10-18	Dortmund	St Pauli	1.57	2.71	1.32	11.70	1.53	2.50	1.29	11.00
GER-BL	2024-10-19	Bayern Munich	Stuttgart	1.29	4.24	1.33	10.48	1.29	3.75	1.33	8.00
GER-BL	2024-10-19	Freiburg	Augsburg	1.70	2.36	1.72	5.56	1.67	2.20	1.62	5.25
GER-BL	2024-10-19	Hoffenheim	Bochum	1.36	3.53	1.60	6.00	1.30	3.50	1.48	5.25
GER-BL	2024-10-19	Leverkusen	Ein Frankfurt	1.45	3.01	1.53	6.59	1.44	2.75	1.44	6.50
GER-BL	2024-10-19	M'gladbach	Heidenheim	1.65	2.42	1.98	4.11	1.62	2.30	1.90	3.80
GER-BL	2024-10-19	Mainz	RB Leipzig	1.67	2.58	4.22	1.92	1.53	2.50	3.80	1.83
GER-BL	2024-10-20	Holstein Kiel	Union Berlin	1.90	2.10	3.95	2.10	1.85	2.05	3.60	2.00
GER-BL	2024-10-20	Wolfsburg	Werder Bremen	1.65	2.56	2.05	3.75	1.57	2.38	1.92	3.60
GER-BL	2024-10-25	Mainz	M'gladbach	1.63	2.55	2.38	3.23	1.57	2.38	2.25	2.88
GER-BL	2024-10-26	Augsburg	Dortmund	1.52	2.76	4.30	1.88	1.50	2.63	4.00	1.80
GER-BL	2024-10-26	RB Leipzig	Freiburg	1.72	2.33	1.84	4.39	1.67	2.20	1.80	4.00
GER-BL	2024-10-26	St Pauli	Wolfsburg	1.96	2.01	2.61	2.91	1.93	1.97	2.45	2.75
GER-BL	2024-10-26	Stuttgart	Holstein Kiel	1.32	3.93	1.27	13.72	1.29	3.75	1.20	9.50
GER-BL	2024-10-26	Werder Bremen	Leverkusen	1.46	3.15	6.50	1.49	1.40	3.00	5.75	1.44
GER-BL	2024-10-27	Bochum	Bayern Munich	1.23	4.90	21.00	1.18	1.20	4.50	11.00	1.17
GER-BL	2024-10-27	Heidenheim	Hoffenheim	1.80	2.45	2.90	2.82	1.73	2.10	2.75	2.55
GER-BL	2024-10-27	Union Berlin	Ein Frankfurt	2.00	1.97	2.58	3.12	1.92	1.86	2.45	2.87
GER-BL	2024-11-01	Leverkusen	Stuttgart	1.41	3.30	1.64	5.50	1.40	3.00	1.62	4.75
GER-BL	2024-11-02	Bayern Munich	Union Berlin	1.43	3.35	1.18	21.59	1.36	3.20	1.14	15.00
GER-BL	2024-11-02	Dortmund	RB Leipzig	1.48	2.90	2.26	3.27	1.44	2.75	2.15	3.10
GER-BL	2024-11-02	Ein Frankfurt	Bochum	1.45	3.17	1.51	7.70	1.40	3.00	1.45	5.50
GER-BL	2024-11-02	Hoffenheim	St Pauli	1.72	2.47	1.98	4.13	1.67	2.20	1.90	3.90
GER-BL	2024-11-02	Holstein Kiel	Heidenheim	1.95	2.05	2.55	3.00	1.92	1.98	2.38	2.88
GER-BL	2024-11-02	Wolfsburg	Augsburg	1.83	2.41	2.15	3.74	1.80	2.00	2.05	3.40
GER-BL	2024-11-03	Freiburg	Mainz	1.85	2.10	1.87	5.03	1.80	2.00	1.73	4.75
GER-BL	2024-11-03	M'gladbach	Werder Bremen	1.54	2.77	2.35	3.15	1.50	2.63	2.30	2.90
GER-BL	2024-11-08	Union Berlin	Freiburg	2.44	1.66	2.49	3.32	2.30	1.62	2.38	3.10
GER-BL	2024-11-09	Bochum	Leverkusen	1.37	3.60	11.26	1.29	1.36	3.20	9.50	1.25
GER-BL	2024-11-09	Mainz	Dortmund	1.59	2.55	4.26	2.05	1.57	2.38	3.90	1.95
GER-BL	2024-11-09	RB Leipzig	M'gladbach	1.50	2.95	1.68	5.30	1.44	2.75	1.62	5.00
GER-BL	2024-11-09	St Pauli	Bayern Munich	1.49	2.90	17.00	1.23	1.44	2.75	13.00	1.20
GER-BL	2024-11-09	Werder Bremen	Holstein Kiel	1.61	2.60	1.66	5.53	1.57	2.38	1.57	5.00
GER-BL	2024-11-10	Augsburg	Hoffenheim	1.97	2.24	2.20	3.74	1.92	1.98	2.05	3.40
GER-BL	2024-11-10	Heidenheim	Wolfsburg	2.08	2.00	3.01	2.65	2.02	1.88	2.88	2.55
GER-BL	2024-11-10	Stuttgart	Ein Frankfurt	1.66	2.41	1.82	4.68	1.62	2.30	1.73	4.50
GER-BL	2024-11-22	Bayern Munich	Augsburg	1.30	4.00	1.14	23.00	1.29	3.75	1.13	15.00
GER-BL	2024-11-23	Dortmund	Freiburg	1.77	2.31	1.88	5.02	1.73	2.10	1.75	4.75
GER-BL	2024-11-23	Ein Frankfurt	Werder Bremen	1.53	2.75	1.81	4.58	1.50	2.63	1.75	4.33
GER-BL	2024-11-23	Hoffenheim	RB Leipzig	1.61	2.57	3.55	2.23	1.53	2.50	3.20	2.20
GER-BL	2024-11-23	Leverkusen	Heidenheim	1.48	3.05	1.24	15.00	1.44	2.75	1.22	13.00
GER-BL	2024-11-23	Stuttgart	Bochum	1.41	3.45	1.35	10.00	1.36	3.20	1.33	8.50
GER-BL	2024-11-23	Wolfsburg	Union Berlin	2.24	1.79	2.43	3.85	2.10	1.73	2.15	3.60
GER-BL	2024-11-24	Holstein Kiel	Mainz	1.89	2.12	3.40	2.37	1.86	2.04	3.20	2.25
GER-BL	2024-11-24	M'gladbach	St Pauli	1.85	2.25	2.00	4.56	1.73	2.10	1.90	3.90
GER-BL	2024-11-29	St Pauli	Holstein Kiel	2.04	1.92	1.74	5.61	2.01	1.89	1.67	5.25
GER-BL	2024-11-30	Augsburg	Bochum	1.85	2.15	1.85	4.97	1.84	2.06	1.80	4.33
GER-BL	2024-11-30	Dortmund	Bayern Munich	1.61	2.71	4.92	1.78	1.57	2.38	4.50	1.73
GER-BL	2024-11-30	Freiburg	M'gladbach	1.72	2.33	2.09	3.93	1.67	2.20	2.05	3.40
GER-BL	2024-11-30	RB Leipzig	Wolfsburg	1.68	2.41	1.80	5.00	1.62	2.30	1.75	4.50
GER-BL	2024-11-30	Union Berlin	Leverkusen	2.20	1.79	5.60	1.95	2.10	1.73	4.33	1.85
GER-BL	2024-11-30	Werder Bremen	Stuttgart	1.71	2.35	2.87	2.80	1.67	2.20	2.50	2.70
GER-BL	2024-12-01	Heidenheim	Ein Frankfurt	1.81	2.25	4.37	2.00	1.73	2.10	3.75	1.91
GER-BL	2024-12-01	Mainz	Hoffenheim	1.83	2.24	2.15	3.93	1.80	2.00	2.00	3.70
GER-BL	2024-12-06	Stuttgart	Union Berlin	2.17	1.83	1.98	4.60	2.10	1.73	1.91	4.10
GER-BL	2024-12-07	Bayern Munich	Heidenheim	1.31	3.98	1.14	25.02	1.30	3.50	1.13	15.00
GER-BL	2024-12-07	Bochum	Werder Bremen	1.67	2.49	3.75	2.20	1.57	2.38	3.60	1.95
GER-BL	2024-12-07	Ein Frankfurt	Augsburg	1.70	2.41	1.62	6.50	1.67	2.20	1.53	6.00
GER-BL	2024-12-07	Holstein Kiel	RB Leipzig	1.58	2.85	7.00	1.60	1.53	2.50	7.00	1.44
GER-BL	2024-12-07	Leverkusen	St Pauli	1.66	2.60	1.31	11.80	1.62	2.30	1.30	9.50
GER-BL	2024-12-07	M'gladbach	Dortmund	1.57	2.79	3.65	2.10	1.50	2.63	3.20	2.05
GER-BL	2024-12-08	Hoffenheim	Freiburg	2.02	2.20	2.70	3.09	1.99	1.91	2.40	3.00
GER-BL	2024-12-08	Wolfsburg	Mainz	1.94	2.00	2.23	3.90	1.92	1.98	2.15	3.60
GER-BL	2024-12-13	Freiburg	Wolfsburg	1.94	2.07	2.38	3.30	1.87	2.03	2.25	3.20
GER-BL	2024-12-14	Augsburg	Leverkusen	2.00	2.25	7.00	1.62	1.98	1.92	6.25	1.62
GER-BL	2024-12-14	M'gladbach	Holstein Kiel	1.47	3.14	1.48	7.50	1.40	3.00	1.40	7.00
GER-BL	2024-12-14	Mainz	Bayern Munich	1.61	2.60	7.00	1.57	1.57	2.38	6.00	1.53
GER-BL	2024-12-14	St Pauli	Werder Bremen	2.13	1.94	3.00	2.68	2.00	1.80	2.80	2.50
GER-BL	2024-12-14	Union Berlin	Bochum	2.00	2.03	1.69	6.25	1.91	1.99	1.65	5.25
GER-BL	2024-12-15	Dortmund	Hoffenheim	1.49	3.00	1.43	9.00	1.44	2.75	1.33	7.50
GER-BL	2024-12-15	Heidenheim	Stuttgart	1.65	2.50	4.73	1.91	1.57	2.38	4.33	1.73
GER-BL	2024-12-15	RB Leipzig	Ein Frankfurt	1.56	2.75	2.38	3.31	1.50	2.63	2.25	2.88
GER-BL	2024-12-20	Bayern Munich	RB Leipzig	1.29	4.00	1.26	13.00	1.29	3.75	1.20	13.00
GER-BL	2024-12-21	Ein Frankfurt	Mainz	1.79	2.27	2.16	3.84	1.73	2.10	2.10	3.40
GER-BL	2024-12-21	Hoffenheim	M'gladbach	1.62	2.50	2.39	3.14	1.57	2.38	2.20	3.00
GER-BL	2024-12-21	Holstein Kiel	Augsburg	1.96	2.00	3.60	2.29	1.93	1.97	3.40	2.10
GER-BL	2024-12-21	Leverkusen	Freiburg	1.67	2.58	1.46	8.24	1.53	2.50	1.38	7.50
GER-BL	2024-12-21	Stuttgart	St Pauli	1.69	2.41	1.51	7.33	1.62	2.30	1.45	6.25
GER-BL	2024-12-21	Werder Bremen	Union Berlin	2.24	1.84	2.36	3.56	2.10	1.73	2.25	3.30
GER-BL	2024-12-22	Bochum	Heidenheim	1.85	2.23	2.19	3.74	1.80	2.00	2.00	3.60
GER-BL	2024-12-22	Wolfsburg	Dortmund	1.66	2.50	3.37	2.20	1.62	2.30	3.10	2.15
GER-BL	2025-01-10	Dortmund	Leverkusen	1.56	2.70	3.88	2.12	1.53	2.50	3.70	1.91
GER-BL	2025-01-11	Freiburg	Holstein Kiel	1.59	2.69	1.47	7.59	1.50	2.63	1.45	6.50
GER-BL	2025-01-11	Heidenheim	Union Berlin	1.98	2.07	3.29	2.62	1.88	2.05	3.20	2.25
GER-BL	2025-01-11	Hoffenheim	Wolfsburg	1.76	2.39	2.45	3.15	1.73	2.10	2.30	3.00
GER-BL	2025-01-11	M'gladbach	Bayern Munich	1.41	3.20	8.79	1.36	1.36	3.20	8.00	1.33
GER-BL	2025-01-11	Mainz	Bochum	1.93	2.09	1.70	5.50	1.92	2.01	1.65	5.00
GER-BL	2025-01-11	St Pauli	Ein Frankfurt	1.87	2.16	3.70	2.23	1.86	2.07	3.50	2.15
GER-BL	2025-01-12	Augsburg	Stuttgart	1.83	2.14	4.15	2.06	1.73	2.10	3.90	1.90
GER-BL	2025-01-12	RB Leipzig	Werder Bremen	1.63	2.52	1.98	4.15	1.57	2.38	1.85	3.70
GER-BL	2025-01-14	Ein Frankfurt	Freiburg	1.56	2.75	1.79	5.03	1.53	2.50	1.67	4.50
GER-BL	2025-01-14	Holstein Kiel	Dortmund	1.53	2.85	7.00	1.57	1.50	2.63	6.50	1.45
GER-BL	2025-01-14	Leverkusen	Mainz	1.69	2.49	1.39	9.50	1.67	2.20	1.36	8.00
GER-BL	2025-01-14	Wolfsburg	M'gladbach	1.69	2.43	1.93	4.20	1.67	2.20	1.85	4.00
GER-BL	2025-01-15	Bayern Munich	Hoffenheim	1.29	4.25	1.13	25.84	1.25	4.00	1.11	19.00
GER-BL	2025-01-15	Bochum	St Pauli	2.06	1.91	2.63	3.03	2.04	1.86	2.45	3.00
GER-BL	2025-01-15	Stuttgart	RB Leipzig	1.50	2.88	2.05	3.76	1.44	2.75	1.95	3.50
GER-BL	2025-01-15	Union Berlin	Augsburg	2.24	1.79	2.21	3.87	2.10	1.73	2.15	3.50
GER-BL	2025-01-15	Werder Bremen	Heidenheim	1.65	2.40	1.78	4.85	1.62	2.30	1.73	4.50
GER-BL	2025-01-17	Ein Frankfurt	Dortmund	1.73	2.50	2.99	2.61	1.67	2.20	2.80	2.45
GER-BL	2025-01-18	Bayern Munich	Wolfsburg	1.33	3.85	1.18	21.00	1.33	3.40	1.14	19.00
GER-BL	2025-01-18	Bochum	RB Leipzig	1.90	2.30	3.60	2.23	1.73	2.10	3.30	2.15
GER-BL	2025-01-18	Heidenheim	St Pauli	1.99	1.94	2.49	3.10	1.99	1.91	2.38	2.90
GER-BL	2025-01-18	Holstein Kiel	Hoffenheim	1.67	2.33	2.99	2.50	1.67	2.20	2.88	2.45
GER-BL	2025-01-18	Leverkusen	M'gladbach	1.47	2.95	1.29	11.60	1.44	2.75	1.27	10.00
GER-BL	2025-01-18	Stuttgart	Freiburg	1.65	2.48	1.62	5.80	1.62	2.30	1.57	5.25
GER-BL	2025-01-19	Union Berlin	Mainz	2.09	1.87	2.88	2.98	2.07	1.83	2.70	2.63
GER-BL	2025-01-19	Werder Bremen	Augsburg	1.85	2.16	1.98	4.25	1.80	2.00	1.90	3.80
GER-BL	2025-01-24	Wolfsburg	Holstein Kiel	1.49	2.90	1.50	6.75	1.44	2.75	1.48	6.00
GER-BL	2025-01-25	Augsburg	Heidenheim	1.93	2.06	2.02	4.22	1.90	2.00	1.95	3.75
GER-BL	2025-01-25	Dortmund	Werder Bremen	1.49	2.90	1.58	6.34	1.44	2.75	1.50	5.50
GER-BL	2025-01-25	Freiburg	Bayern Munich	1.42	3.16	13.39	1.28	1.40	3.00	9.50	1.25
GER-BL	2025-01-25	M'gladbach	Bochum	1.62	2.53	1.80	4.78	1.57	2.38	1.73	4.50
GER-BL	2025-01-25	Mainz	Stuttgart	1.83	2.17	3.54	2.47	1.73	2.10	3.20	2.20
GER-BL	2025-01-25	RB Leipzig	Leverkusen	1.87	2.33	4.02	2.16	1.85	2.05	3.40	2.10
GER-BL	2025-01-26	Hoffenheim	Ein Frankfurt	1.53	2.81	3.43	2.14	1.44	2.75	3.20	2.10
GER-BL	2025-01-26	St Pauli	Union Berlin	2.25	1.79	2.49	3.40	2.10	1.73	2.35	3.20
GER-BL	2025-01-31	Werder Bremen	Mainz	1.86	2.16	2.50	3.14	1.80	2.00	2.35	3.10
GER-BL	2025-02-01	Bayern Munich	Holstein Kiel	1.15	6.75	1.05	65.00	1.13	6.00	1.04	29.00
GER-BL	2025-02-01	Bochum	Freiburg	2.00	2.01	2.94	2.74	1.97	1.93	2.70	2.63
GER-BL	2025-02-01	Heidenheim	Dortmund	1.64	2.50	4.98	1.75	1.57	2.38	4.50	1.67
GER-BL	2025-02-01	St Pauli	Augsburg	2.24	1.75	2.21	3.86	2.20	1.67	2.10	3.60
GER-BL	2025-02-01	Stuttgart	M'gladbach	1.51	2.82	1.69	5.06	1.50	2.63	1.65	4.75
GER-BL	2025-02-01	Union Berlin	RB Leipzig	1.85	2.19	3.25	2.48	1.80	2.00	2.80	2.45
GER-BL	2025-02-02	Ein Frankfurt	Wolfsburg	1.69	2.42	2.16	3.87	1.67	2.20	2.05	3.40
GER-BL	2025-02-02	Leverkusen	Hoffenheim	1.39	4.21	1.19	19.21	1.25	4.00	1.14	13.00
GER-BL	2025-02-07	Bayern Munich	Werder Bremen	1.24	4.60	1.12	23.00	1.20	4.50	1.11	19.00
GER-BL	2025-02-08	Dortmund	Stuttgart	1.53	2.77	2.04	3.81	1.50	2.63	1.95	3.50
GER-BL	2025-02-08	Freiburg	Heidenheim	1.85	2.21	1.75	5.41	1.80	2.00	1.70	5.00
GER-BL	2025-02-08	Hoffenheim	Union Berlin	1.78	2.26	2.43	3.15	1.73	2.10	2.30	3.00
GER-BL	2025-02-08	M'gladbach	Ein Frankfurt	1.57	2.77	2.73	2.71	1.50	2.63	2.55	2.63
GER-BL	2025-02-08	Mainz	Augsburg	2.14	1.88	1.87	5.09	2.00	1.80	1.75	4.75
GER-BL	2025-02-08	Wolfsburg	Leverkusen	1.88	2.18	4.58	2.23	1.80	2.00	3.50	2.15
GER-BL	2025-02-09	Holstein Kiel	Bochum	1.78	2.31	2.42	3.31	1.73	2.10	2.30	2.90
GER-BL	2025-02-09	RB Leipzig	St Pauli	1.86	2.19	1.71	5.50	1.80	2.00	1.65	4.75
GER-BL	2025-02-14	Augsburg	RB Leipzig	1.99	2.01	3.26	2.45	1.92	1.98	3.00	2.38
GER-BL	2025-02-15	Bochum	Dortmund	1.62	2.66	5.84	1.62	1.53	2.32	5.50	1.55
GER-BL	2025-02-15	Leverkusen	Bayern Munich	1.87	2.13	3.16	2.40	1.80	2.00	3.00	2.25
GER-BL	2025-02-15	St Pauli	Freiburg	2.35	1.73	2.59	3.35	2.15	1.62	2.50	3.00
GER-BL	2025-02-15	Stuttgart	Wolfsburg	1.53	2.78	1.63	5.80	1.41	2.70	1.53	5.25
GER-BL	2025-02-15	Union Berlin	M'gladbach	1.82	2.19	2.20	3.48	1.68	2.05	2.15	3.30
GER-BL	2025-02-16	Ein Frankfurt	Holstein Kiel	1.48	3.07	1.37	9.50	1.44	2.75	1.33	8.00
GER-BL	2025-02-16	Heidenheim	Mainz	2.00	1.95	3.86	2.15	1.98	1.92	3.70	2.00
GER-BL	2025-02-16	Werder Bremen	Hoffenheim	1.62	2.57	1.93	4.20	1.57	2.38	1.85	3.90
GER-BL	2025-02-21	Freiburg	Werder Bremen	1.94	2.01	2.05	4.20	1.91	1.99	1.95	3.90
GER-BL	2025-02-22	Dortmund	Union Berlin	1.68	2.42	1.52	7.10	1.62	2.30	1.50	6.50
GER-BL	2025-02-22	Holstein Kiel	Leverkusen	1.53	2.90	17.00	1.23	1.50	2.63	15.00	1.18
GER-BL	2025-02-22	M'gladbach	Augsburg	1.99	2.10	1.98	4.18	1.95	1.95	1.91	3.90
GER-BL	2025-02-22	Mainz	St Pauli	2.25	1.80	1.82	5.55	2.10	1.73	1.73	5.25
GER-BL	2025-02-22	Wolfsburg	Bochum	1.59	2.56	1.66	5.60	1.53	2.50	1.62	5.00
GER-BL	2025-02-23	Bayern Munich	Ein Frankfurt	1.41	3.39	1.29	11.25	1.36	3.20	1.25	8.50
GER-BL	2025-02-23	Hoffenheim	Stuttgart	1.54	2.66	3.63	2.10	1.53	2.50	3.30	2.05
GER-BL	2025-02-23	RB Leipzig	Heidenheim	1.52	2.77	1.34	10.15	1.50	2.63	1.30	9.00
GER-BL	2025-02-28	Stuttgart	Bayern Munich	1.62	2.65	4.80	1.80	1.53	2.50	4.20	1.73
GER-BL	2025-03-01	Bochum	Hoffenheim	1.75	2.28	2.61	3.01	1.73	2.10	2.38	2.90
GER-BL	2025-03-01	Ein Frankfurt	Leverkusen	1.64	2.53	4.50	1.89	1.53	2.50	3.90	1.85
GER-BL	2025-03-01	Heidenheim	M'gladbach	1.78	2.26	2.83	2.70	1.73	2.10	2.63	2.60
GER-BL	2025-03-01	RB Leipzig	Mainz	1.82	2.20	2.01	4.07	1.73	2.10	1.90	3.80
GER-BL	2025-03-01	St Pauli	Dortmund	1.94	2.06	4.67	1.95	1.91	1.99	4.33	1.80
GER-BL	2025-03-01	Werder Bremen	Wolfsburg	1.78	2.23	3.19	2.43	1.73	2.10	3.00	2.30
GER-BL	2025-03-02	Augsburg	Freiburg	2.40	1.68	2.61	3.21	2.30	1.62	2.45	2.90
GER-BL	2025-03-02	Union Berlin	Holstein Kiel	1.90	2.15	1.61	6.20	1.73	2.10	1.55	5.50
GER-BL	2025-03-07	M'gladbach	Mainz	1.78	2.21	2.82	2.71	1.73	2.10	2.62	2.60
GER-BL	2025-03-08	Bayern Munich	Bochum	1.38	3.58	1.20	17.00	1.33	3.40	1.17	13.00
GER-BL	2025-03-08	Dortmund	Augsburg	1.73	2.42	1.43	8.80	1.62	2.30	1.38	8.00
GER-BL	2025-03-08	Freiburg	RB Leipzig	1.92	2.09	2.65	2.94	1.80	2.00	2.50	2.80
GER-BL	2025-03-08	Holstein Kiel	Stuttgart	1.50	2.86	6.23	1.53	1.44	2.75	6.00	1.48
GER-BL	2025-03-08	Leverkusen	Werder Bremen	1.58	2.59	1.36	10.00	1.53	2.50	1.33	8.50
GER-BL	2025-03-08	Wolfsburg	St Pauli	2.03	1.91	1.89	4.81	2.01	1.89	1.83	4.50
GER-BL	2025-03-09	Ein Frankfurt	Union Berlin	1.88	2.10	2.04	4.05	1.84	2.06	1.95	3.75
GER-BL	2025-03-09	Hoffenheim	Heidenheim	1.77	2.21	1.98	4.20	1.73	2.10	1.90	3.90
GER-BL	2025-03-14	St Pauli	Hoffenheim	2.21	1.81	2.38	3.45	2.10	1.73	2.25	3.30
GER-BL	2025-03-15	Augsburg	Wolfsburg	2.14	1.82	2.55	3.14	2.10	1.73	2.40	3.00
GER-BL	2025-03-15	Mainz	Freiburg	2.08	1.91	1.90	4.83	2.07	1.83	1.80	4.50
GER-BL	2025-03-15	RB Leipzig	Dortmund	1.68	2.35	2.83	2.61	1.67	2.20	2.70	2.45
GER-BL	2025-03-15	Union Berlin	Bayern Munich	1.61	2.56	10.00	1.36	1.57	2.38	8.50	1.33
GER-BL	2025-03-15	Werder Bremen	M'gladbach	1.62	2.51	2.34	3.30	1.57	2.38	2.20	3.10
GER-BL	2025-03-16	Bochum	Ein Frankfurt	1.72	2.32	2.84	2.64	1.67	2.20	2.63	2.50
GER-BL	2025-03-16	Heidenheim	Holstein Kiel	1.82	2.21	2.10	3.95	1.73	2.10	2.00	3.70
GER-BL	2025-03-16	Stuttgart	Leverkusen	1.88	2.13	3.54	2.35	1.86	2.04	3.30	2.20
GER-BL	2025-03-28	Leverkusen	Bochum	1.46	2.90	1.25	13.00	1.44	2.75	1.22	12.00
GER-BL	2025-03-29	Bayern Munich	St Pauli	1.40	3.40	1.14	29.00	1.33	3.40	1.13	19.00
GER-BL	2025-03-29	Ein Frankfurt	Stuttgart	1.53	2.77	2.65	2.71	1.50	2.63	2.55	2.55
GER-BL	2025-03-29	Hoffenheim	Augsburg	2.00	2.01	2.48	3.19	1.92	1.98	2.30	3.00
GER-BL	2025-03-29	Holstein Kiel	Werder Bremen	1.68	2.34	3.28	2.26	1.62	2.30	3.00	2.20
GER-BL	2025-03-29	M'gladbach	RB Leipzig	1.51	2.77	2.97	2.45	1.44	2.75	2.88	2.25
GER-BL	2025-03-29	Wolfsburg	Heidenheim	1.77	2.21	1.80	5.06	1.73	2.10	1.70	4.75
GER-BL	2025-03-30	Dortmund	Mainz	1.75	2.45	1.71	5.20	1.73	2.10	1.62	4.75
GER-BL	2025-03-30	Freiburg	Union Berlin	2.07	1.88	2.07	4.30	2.05	1.85	1.95	4.00
GER-BL	2025-04-04	Augsburg	Bayern Munich	1.62	2.50	8.30	1.44	1.57	2.38	7.50	1.40
GER-BL	2025-04-05	Bochum	Stuttgart	1.61	2.55	2.82	2.91	1.57	2.38	2.45	2.80
GER-BL	2025-04-05	Freiburg	Dortmund	1.74	2.26	3.55	2.20	1.73	2.10	3.30	2.10
GER-BL	2025-04-05	Heidenheim	Leverkusen	1.82	2.25	6.50	1.53	1.73	2.10	5.75	1.53
GER-BL	2025-04-05	Mainz	Holstein Kiel	1.56	2.72	1.45	8.03	1.53	2.50	1.42	7.50
GER-BL	2025-04-05	RB Leipzig	Hoffenheim	1.50	2.78	1.72	5.10	1.50	2.63	1.70	4.50
GER-BL	2025-04-05	Werder Bremen	Ein Frankfurt	1.56	2.63	2.43	3.10	1.50	2.63	2.25	2.88
GER-BL	2025-04-06	St Pauli	M'gladbach	1.89	2.11	2.40	3.24	1.80	2.00	2.20	3.20
GER-BL	2025-04-06	Union Berlin	Wolfsburg	2.05	1.92	2.38	3.41	1.99	1.91	2.25	3.20
GER-BL	2025-04-11	Wolfsburg	RB Leipzig	1.58	2.58	2.86	2.51	1.53	2.50	2.70	2.45
GER-BL	2025-04-12	Bayern Munich	Dortmund	1.35	3.58	1.47	6.60	1.33	3.40	1.45	5.75
GER-BL	2025-04-12	Bochum	Augsburg	2.20	1.80	2.42	3.26	2.10	1.73	2.30	3.10
GER-BL	2025-04-12	Hoffenheim	Mainz	1.82	2.16	2.58	3.00	1.80	2.00	2.40	2.90
GER-BL	2025-04-12	Holstein Kiel	St Pauli	1.92	2.02	3.66	2.23	1.92	1.98	3.30	2.15
GER-BL	2025-04-12	Leverkusen	Union Berlin	1.76	2.25	1.41	9.00	1.73	2.10	1.38	7.50
GER-BL	2025-04-12	M'gladbach	Freiburg	1.58	2.56	2.35	3.18	1.53	2.50	2.25	3.00
GER-BL	2025-04-13	Ein Frankfurt	Heidenheim	1.68	2.32	1.78	4.62	1.67	2.20	1.73	4.20
GER-BL	2025-04-13	Stuttgart	Werder Bremen	1.51	2.74	1.78	4.60	1.50	2.63	1.73	4.10
GER-BL	2025-04-19	Freiburg	Hoffenheim	1.75	2.25	1.95	4.04	1.73	2.10	1.91	3.80
GER-BL	2025-04-19	Heidenheim	Bayern Munich	1.32	3.85	11.00	1.30	1.29	3.75	10.00	1.27
GER-BL	2025-04-19	Mainz	Wolfsburg	1.77	2.28	2.06	3.73	1.73	2.10	1.95	3.60
GER-BL	2025-04-19	RB Leipzig	Holstein Kiel	1.48	2.96	1.48	6.92	1.44	2.75	1.48	6.25
GER-BL	2025-04-19	Union Berlin	Stuttgart	1.82	2.12	3.25	2.47	1.80	2.00	3.00	2.25
GER-BL	2025-04-19	Werder Bremen	Bochum	1.55	2.63	1.64	5.50	1.50	2.63	1.60	4.75
GER-BL	2025-04-20	Augsburg	Ein Frankfurt	1.85	2.12	2.72	2.80	1.80	2.00	2.55	2.70
GER-BL	2025-04-20	Dortmund	M'gladbach	1.33	3.95	1.40	7.62	1.29	3.75	1.36	6.50
GER-BL	2025-04-20	St Pauli	Leverkusen	1.91	2.05	5.20	1.73	1.88	2.02	4.75	1.70
GER-BL	2025-04-25	Stuttgart	Heidenheim	1.50	2.85	1.54	6.65	1.50	2.63	1.45	6.00
GER-BL	2025-04-26	Bayern Munich	Mainz	1.33	4.17	1.27	12.00	1.25	4.00	1.25	9.50
GER-BL	2025-04-26	Ein Frankfurt	RB Leipzig	1.49	2.95	2.07	3.48	1.44	2.75	2.00	3.40
GER-BL	2025-04-26	Hoffenheim	Dortmund	1.60	2.63	4.25	1.91	1.53	2.50	4.00	1.83
GER-BL	2025-04-26	Holstein Kiel	M'gladbach	1.53	2.75	2.71	2.72	1.44	2.75	2.45	2.63
GER-BL	2025-04-26	Leverkusen	Augsburg	1.66	2.36	1.52	6.75	1.62	2.30	1.48	6.00
GER-BL	2025-04-26	Wolfsburg	Freiburg	1.65	2.42	2.44	2.98	1.62	2.30	2.30	2.88
GER-BL	2025-04-27	Bochum	Union Berlin	1.99	2.04	2.45	3.15	1.86	2.04	2.30	3.10
GER-BL	2025-04-27	Werder Bremen	St Pauli	1.98	2.06	2.13	4.05	1.86	2.04	1.95	3.80
GER-BL	2025-05-02	Heidenheim	Bochum	1.99	2.04	2.44	3.15	1.95	1.95	2.35	3.00
GER-BL	2025-05-03	Dortmund	Wolfsburg	1.34	3.60	1.30	11.00	1.30	3.50	1.27	9.00
GER-BL	2025-05-03	M'gladbach	Hoffenheim	1.41	3.20	2.31	2.94	1.36	3.20	2.25	2.88
GER-BL	2025-05-03	RB Leipzig	Bayern Munich	1.34	3.75	4.20	1.78	1.29	3.75	4.20	1.70
GER-BL	2025-05-03	St Pauli	Stuttgart	1.83	2.11	2.88	2.61	1.80	2.00	2.80	2.45
GER-BL	2025-05-03	Union Berlin	Werder Bremen	1.99	2.07	3.38	2.44	1.88	2.02	3.20	2.15
GER-BL	2025-05-04	Augsburg	Holstein Kiel	1.70	2.40	1.81	4.40	1.62	2.30	1.75	4.20
GER-BL	2025-05-04	Freiburg	Leverkusen	1.70	2.40	3.26	2.31	1.62	2.30	3.10	2.20
GER-BL	2025-05-04	Mainz	Ein Frankfurt	1.65	2.42	2.45	3.02	1.57	2.38	2.40	2.70
GER-BL	2025-05-09	Wolfsburg	Hoffenheim	1.53	2.70	2.98	2.54	1.50	2.63	2.80	2.30
GER-BL	2025-05-10	Bayern Munich	M'gladbach	1.16	6.50	1.18	19.00	1.14	5.50	1.13	13.00
GER-BL	2025-05-10	Bochum	Mainz	1.61	2.51	3.22	2.25	1.57	2.38	3.00	2.15
GER-BL	2025-05-10	Holstein Kiel	Freiburg	1.65	2.45	3.59	2.10	1.57	2.38	3.40	2.00
GER-BL	2025-05-10	Union Berlin	Heidenheim	1.84	2.14	2.11	3.81	1.73	2.10	2.05	3.50
GER-BL	2025-05-10	Werder Bremen	RB Leipzig	1.41	3.20	2.08	3.59	1.36	3.20	1.90	3.50
GER-BL	2025-05-11	Ein Frankfurt	St Pauli	1.70	2.35	1.59	6.03	1.67	2.20	1.55	5.50
GER-BL	2025-05-11	Leverkusen	Dortmund	1.49	2.75	2.72	2.66	1.44	2.75	2.50	2.55
GER-BL	2025-05-11	Stuttgart	Augsburg	1.53	3.00	1.62	5.84	1.40	3.00	1.50	5.50
GER-BL	2025-05-17	Augsburg	Union Berlin	1.82	2.23	1.98	4.45	1.73	2.10	1.90	4.00
GER-BL	2025-05-17	Dortmund	Holstein Kiel	1.20	7.03	1.16	21.00	1.20	4.50	1.13	15.00
GER-BL	2025-05-17	Freiburg	Ein Frankfurt	1.65	2.45	2.40	2.98	1.62	2.30	2.30	2.90
GER-BL	2025-05-17	Heidenheim	Werder Bremen	1.50	2.87	2.74	2.58	1.44	2.75	2.60	2.40
GER-BL	2025-05-17	Hoffenheim	Bayern Munich	1.34	3.43	4.83	1.68	1.33	3.40	4.50	1.65
GER-BL	2025-05-17	M'gladbach	Wolfsburg	1.36	3.55	2.36	2.84	1.33	3.40	2.25	2.70
GER-BL	2025-05-17	Mainz	Leverkusen	1.50	2.80	2.57	2.97	1.44	2.75	2.40	2.63
GER-BL	2025-05-17	RB Leipzig	Stuttgart	1.32	3.75	1.97	3.60	1.29	3.75	1.90	3.30
GER-BL	2025-05-17	St Pauli	Bochum	1.65	2.34	1.78	4.60	1.62	2.30	1.73	4.33
GER-BL	2025-08-22	Bayern Munich	RB Leipzig	1.25	4.33	1.26	11.00	1.25	4.00	1.22	11.00
GER-BL	2025-08-23	Ein Frankfurt	Werder Bremen	1.50	3.00	1.57	5.50	1.40	3.00	1.53	5.25
GER-BL	2025-08-23	Freiburg	Augsburg	1.98	1.91	2.00	4.00	1.95	1.90	1.91	3.90
GER-BL	2025-08-23	Heidenheim	Wolfsburg	1.90	2.06	2.80	2.56	1.90	1.95	2.80	2.55
GER-BL	2025-08-23	Leverkusen	Hoffenheim	1.57	2.50	1.75	4.40	1.57	2.38	1.73	4.10
GER-BL	2025-08-23	St Pauli	Dortmund	1.82	2.05	4.20	1.95	1.80	2.00	4.20	1.90
GER-BL	2025-08-23	Union Berlin	Stuttgart	1.67	2.30	4.10	1.92	1.62	2.30	4.10	1.83
GER-BL	2025-08-24	M'gladbach	Hamburg	1.58	2.55	2.00	3.85	1.53	2.50	1.95	3.50
GER-BL	2025-08-24	Mainz	FC Koln	1.83	2.05	2.00	3.85	1.83	2.03	1.95	3.70
GER-BL	2025-08-29	Hamburg	St Pauli	2.22	1.80	2.47	3.10	2.20	1.67	2.45	3.00
GER-BL	2025-08-30	Augsburg	Bayern Munich	1.44	3.10	10.00	1.32	1.44	2.75	9.00	1.29
GER-BL	2025-08-30	Hoffenheim	Ein Frankfurt	1.45	2.90	2.70	2.50	1.44	2.75	2.60	2.45
GER-BL	2025-08-30	RB Leipzig	Heidenheim	1.44	3.00	1.50	6.00	1.40	3.00	1.48	5.75
GER-BL	2025-08-30	Stuttgart	M'gladbach	1.35	3.40	1.59	5.00	1.33	3.40	1.57	5.00
GER-BL	2025-08-30	Werder Bremen	Leverkusen	1.48	2.75	3.75	1.95	1.44	2.75	3.60	1.91
GER-BL	2025-08-31	Dortmund	Union Berlin	1.60	2.45	1.46	8.00	1.57	2.38	1.40	6.50
GER-BL	2025-08-31	FC Koln	Freiburg	1.91	1.96	2.62	2.80	1.90	1.95	2.60	2.70
GER-BL	2025-08-31	Wolfsburg	Mainz	1.77	2.10	2.20	3.30	1.73	2.10	2.15	3.20
GER-BL	2025-09-12	Leverkusen	Ein Frankfurt	1.56	2.60	2.16	3.20	1.53	2.50	2.15	3.10
GER-BL	2025-09-13	Bayern Munich	Hamburg	1.17	6.00	1.08	29.00	1.14	5.50	1.06	23.00
GER-BL	2025-09-13	Freiburg	Stuttgart	1.75	2.28	3.00	2.65	1.67	2.20	2.63	2.63
GER-BL	2025-09-13	Heidenheim	Dortmund	1.50	2.75	5.33	1.62	1.44	2.75	5.00	1.57
GER-BL	2025-09-13	Mainz	RB Leipzig	1.55	2.63	2.38	2.88	1.53	2.50	2.35	2.80
GER-BL	2025-09-13	Union Berlin	Hoffenheim	1.84	2.05	2.88	2.55	1.83	2.03	2.88	2.45
GER-BL	2025-09-13	Wolfsburg	FC Koln	1.80	2.15	1.95	4.00	1.73	2.10	1.91	3.75
GER-BL	2025-09-14	M'gladbach	Werder Bremen	1.44	3.00	2.15	3.20	1.44	2.75	2.10	3.00
GER-BL	2025-09-14	St Pauli	Augsburg	2.10	1.95	2.18	3.55	1.90	1.95	2.10	3.30
GER-BL	2025-09-19	Stuttgart	St Pauli	1.62	2.38	1.87	4.00	1.62	2.30	1.80	4.00
GER-BL	2025-09-20	Augsburg	Mainz	1.79	2.20	2.65	2.66	1.67	2.20	2.63	2.63
GER-BL	2025-09-20	Hamburg	Heidenheim	1.67	2.28	1.81	4.50	1.67	2.20	1.75	4.50
GER-BL	2025-09-20	Hoffenheim	Bayern Munich	1.35	3.50	7.50	1.40	1.33	3.40	7.50	1.36
GER-BL	2025-09-20	RB Leipzig	FC Koln	1.43	3.13	1.91	3.80	1.40	3.00	1.90	3.75
GER-BL	2025-09-20	Werder Bremen	Freiburg	1.73	2.25	2.45	2.90	1.73	2.10	2.35	2.88
GER-BL	2025-09-21	Dortmund	Wolfsburg	1.45	2.88	1.55	5.50	1.44	2.75	1.53	5.25
GER-BL	2025-09-21	Ein Frankfurt	Union Berlin	1.63	2.38	1.66	5.10	1.62	2.30	1.62	4.75
GER-BL	2025-09-21	Leverkusen	M'gladbach	1.62	2.48	1.54	6.25	1.57	2.38	1.50	6.25
GER-BL	2025-09-26	Bayern Munich	Werder Bremen	1.20	4.80	1.12	21.00	1.20	4.50	1.09	21.00
GER-BL	2025-09-27	Heidenheim	Augsburg	1.77	2.10	2.90	2.45	1.73	2.10	2.90	2.35
GER-BL	2025-09-27	M'gladbach	Ein Frankfurt	1.58	2.50	3.00	2.33	1.57	2.38	3.00	2.25
GER-BL	2025-09-27	Mainz	Dortmund	1.66	2.45	3.55	2.08	1.57	2.38	3.40	2.00
GER-BL	2025-09-27	St Pauli	Leverkusen	1.85	2.05	3.10	2.38	1.85	2.00	3.00	2.38
GER-BL	2025-09-27	Wolfsburg	RB Leipzig	1.52	2.75	2.63	2.54	1.44	2.75	2.63	2.50
GER-BL	2025-09-28	FC Koln	Stuttgart	1.54	2.63	2.60	2.63	1.50	2.63	2.50	2.63
GER-BL	2025-09-28	Freiburg	Hoffenheim	1.85	2.14	2.33	3.20	1.85	2.00	2.30	3.10
GER-BL	2025-09-28	Union Berlin	Hamburg	1.81	2.05	2.00	3.80	1.80	2.00	1.95	3.80
GER-BL	2025-10-03	Hoffenheim	FC Koln	1.62	2.50	2.00	3.70	1.57	2.38	1.95	3.60
GER-BL	2025-10-04	Augsburg	Wolfsburg	1.73	2.20	2.60	2.80	1.67	2.20	2.55	2.63
GER-BL	2025-10-04	Dortmund	RB Leipzig	1.33	3.60	1.70	4.33	1.30	3.50	1.67	4.20
GER-BL	2025-10-04	Ein Frankfurt	Bayern Munich	1.25	4.33	7.50	1.40	1.22	4.33	7.50	1.33
GER-BL	2025-10-04	Leverkusen	Union Berlin	1.83	2.03	1.73	5.00	1.83	2.03	1.70	4.75
GER-BL	2025-10-04	Werder Bremen	St Pauli	1.73	2.25	2.40	3.00	1.73	2.10	2.30	3.00
GER-BL	2025-10-05	Hamburg	Mainz	1.58	2.60	3.20	2.20	1.53	2.50	3.10	2.15
GER-BL	2025-10-05	M'gladbach	Freiburg	1.93	2.02	2.75	2.75	1.93	1.93	2.70	2.63
GER-BL	2025-10-05	Stuttgart	Heidenheim	1.48	2.75	1.44	7.50	1.44	2.75	1.38	7.50
GER-BL	2025-10-17	Union Berlin	M'gladbach	2.05	1.97	2.30	3.40	2.05	1.80	2.25	3.20
GER-BL	2025-10-18	Bayern Munich	Dortmund	1.33	3.65	1.38	8.50	1.33	3.40	1.38	7.00
GER-BL	2025-10-18	FC Koln	Augsburg	1.57	2.50	2.05	3.65	1.53	2.50	2.00	3.40
GER-BL	2025-10-18	Heidenheim	Werder Bremen	1.71	2.25	2.80	2.60	1.67	2.20	2.63	2.55
GER-BL	2025-10-18	Mainz	Leverkusen	1.66	2.30	2.55	2.80	1.62	2.30	2.45	2.80
GER-BL	2025-10-18	RB Leipzig	Hamburg	1.35	3.40	1.48	6.00	1.33	3.40	1.45	6.00
GER-BL	2025-10-18	Wolfsburg	Stuttgart	1.70	2.25	2.90	2.42	1.67	2.20	2.80	2.38
GER-BL	2025-10-19	Freiburg	Ein Frankfurt	1.67	2.38	2.55	2.88	1.67	2.20	2.35	2.88
GER-BL	2025-10-19	St Pauli	Hoffenheim	1.80	2.10	2.80	2.65	1.73	2.10	2.63	2.55
GER-BL	2025-10-24	Werder Bremen	Union Berlin	1.73	2.20	2.38	3.10	1.73	2.10	2.30	3.00
GER-BL	2025-10-25	Augsburg	RB Leipzig	1.53	2.71	3.30	2.10	1.53	2.50	3.20	2.05
GER-BL	2025-10-25	Dortmund	FC Koln	1.50	2.75	1.41	8.00	1.44	2.75	1.36	7.50
GER-BL	2025-10-25	Ein Frankfurt	St Pauli	1.50	2.75	1.67	4.75	1.44	2.75	1.62	4.50
GER-BL	2025-10-25	Hamburg	Wolfsburg	1.62	2.60	2.20	3.15	1.53	2.50	2.20	3.10
GER-BL	2025-10-25	Hoffenheim	Heidenheim	1.53	2.63	1.60	5.33	1.53	2.50	1.60	5.25
GER-BL	2025-10-25	M'gladbach	Bayern Munich	1.26	4.33	11.00	1.29	1.22	4.33	11.00	1.22
GER-BL	2025-10-26	Leverkusen	Freiburg	1.80	2.07	2.00	3.90	1.80	2.00	2.00	3.50
GER-BL	2025-10-26	Stuttgart	Mainz	1.73	2.35	2.16	3.50	1.73	2.10	2.10	3.40
GER-BL	2025-10-31	Augsburg	Dortmund	1.57	2.55	5.60	1.60	1.57	2.38	5.25	1.55
GER-BL	2025-11-01	Bayern Munich	Leverkusen	1.40	3.35	1.29	10.00	1.36	3.20	1.25	10.00
GER-BL	2025-11-01	Heidenheim	Ein Frankfurt	1.55	2.63	4.20	1.80	1.53	2.50	4.10	1.80
GER-BL	2025-11-01	Mainz	Werder Bremen	1.55	2.63	1.93	4.00	1.53	2.50	1.85	3.90
GER-BL	2025-11-01	RB Leipzig	Stuttgart	1.46	2.90	2.20	3.25	1.44	2.75	2.10	3.25
GER-BL	2025-11-01	St Pauli	M'gladbach	1.85	2.03	2.38	3.20	1.83	2.03	2.30	3.10
GER-BL	2025-11-01	Union Berlin	Freiburg	2.22	1.73	2.70	2.83	2.20	1.67	2.60	2.80
GER-BL	2025-11-02	FC Koln	Hamburg	1.62	2.45	2.45	2.80	1.57	2.38	2.45	2.70
GER-BL	2025-11-02	Wolfsburg	Hoffenheim	1.50	2.75	2.80	2.45	1.50	2.63	2.80	2.30
GER-BL	2025-11-07	Werder Bremen	Wolfsburg	1.57	2.45	2.16	3.20	1.57	2.38	2.15	3.10
GER-BL	2025-11-08	Hamburg	Dortmund	1.57	2.50	3.90	1.93	1.57	2.38	3.80	1.85
GER-BL	2025-11-08	Hoffenheim	RB Leipzig	1.45	3.00	2.75	2.40	1.44	2.75	2.70	2.35
GER-BL	2025-11-08	Leverkusen	Heidenheim	1.53	2.60	1.44	8.10	1.53	2.50	1.44	7.00
GER-BL	2025-11-08	M'gladbach	FC Koln	1.57	2.45	2.10	3.60	1.57	2.38	2.05	3.40
GER-BL	2025-11-08	Union Berlin	Bayern Munich	1.40	3.20	13.00	1.22	1.36	3.20	11.00	1.22
GER-BL	2025-11-09	Ein Frankfurt	Mainz	1.57	2.50	1.92	4.00	1.57	2.38	1.90	3.70
GER-BL	2025-11-09	Freiburg	St Pauli	2.05	1.85	1.80	4.75	2.00	1.85	1.75	4.75
GER-BL	2025-11-09	Stuttgart	Augsburg	1.53	2.70	1.55	6.00	1.50	2.63	1.55	5.50
GER-BL	2025-11-21	Mainz	Hoffenheim	1.68	2.25	2.50	2.80	1.67	2.20	2.45	2.70
GER-BL	2025-11-22	Augsburg	Hamburg	1.80	2.10	2.50	2.87	1.80	2.00	2.50	2.80
GER-BL	2025-11-22	Bayern Munich	Freiburg	1.40	3.25	1.18	18.00	1.36	3.20	1.17	13.00
GER-BL	2025-11-22	Dortmund	Stuttgart	1.60	2.50	1.85	4.35	1.57	2.38	1.75	4.20
GER-BL	2025-11-22	FC Koln	Ein Frankfurt	1.61	2.50	2.80	2.45	1.57	2.38	2.70	2.40
GER-BL	2025-11-22	Heidenheim	M'gladbach	1.68	2.20	3.40	2.15	1.67	2.20	3.40	2.05
GER-BL	2025-11-22	Wolfsburg	Leverkusen	1.53	2.70	3.45	2.05	1.50	2.63	3.40	2.00
GER-BL	2025-11-23	RB Leipzig	Werder Bremen	1.33	3.40	1.55	5.75	1.33	3.40	1.53	5.25
GER-BL	2025-11-23	St Pauli	Union Berlin	2.63	1.53	2.70	3.00	2.63	1.50	2.63	2.90
GER-BL	2025-11-28	M'gladbach	RB Leipzig	1.50	2.80	2.88	2.33	1.50	2.63	2.80	2.25
GER-BL	2025-11-29	Bayern Munich	St Pauli	1.29	3.75	1.13	26.00	1.29	3.75	1.10	21.00
GER-BL	2025-11-29	Hoffenheim	Augsburg	1.57	2.50	1.73	4.60	1.57	2.38	1.73	4.20
GER-BL	2025-11-29	Leverkusen	Dortmund	1.62	2.45	2.75	2.60	1.57	2.38	2.70	2.45
GER-BL	2025-11-29	Union Berlin	Heidenheim	2.10	1.78	1.62	6.60	2.10	1.73	1.60	6.25
GER-BL	2025-11-29	Werder Bremen	FC Koln	1.57	2.50	2.22	3.14	1.57	2.38	2.15	3.00
GER-BL	2025-11-30	Ein Frankfurt	Wolfsburg	1.50	2.70	1.96	3.75	1.50	2.63	1.95	3.50
GER-BL	2025-11-30	Freiburg	Mainz	1.77	2.15	1.77	5.00	1.73	2.10	1.73	4.50
GER-BL	2025-11-30	Hamburg	Stuttgart	1.67	2.40	2.80	2.50	1.67	2.20	2.70	2.45
GER-BL	2025-12-05	Mainz	M'gladbach	1.75	2.14	2.75	2.60	1.73	2.10	2.70	2.50
GER-BL	2025-12-06	Augsburg	Leverkusen	1.68	2.25	3.45	2.15	1.67	2.20	3.40	2.05
GER-BL	2025-12-06	FC Koln	St Pauli	1.98	1.94	2.02	3.80	1.98	1.88	2.00	3.75
GER-BL	2025-12-06	Heidenheim	Freiburg	2.12	1.76	4.75	1.84	2.10	1.73	4.75	1.75
GER-BL	2025-12-06	RB Leipzig	Ein Frankfurt	1.57	2.50	1.75	4.50	1.57	2.38	1.73	4.33
GER-BL	2025-12-06	Stuttgart	Bayern Munich	1.32	3.60	5.50	1.65	1.30	3.50	4.50	1.62
GER-BL	2025-12-06	Wolfsburg	Union Berlin	1.95	1.92	2.05	3.90	1.95	1.90	1.95	3.80
GER-BL	2025-12-07	Dortmund	Hoffenheim	1.41	3.10	1.64	5.10	1.40	3.00	1.62	4.50
GER-BL	2025-12-07	Hamburg	Werder Bremen	1.77	2.12	2.40	2.90	1.73	2.10	2.40	2.88
GER-BL	2025-12-12	Union Berlin	RB Leipzig	2.03	1.85	3.15	2.37	2.03	1.83	3.00	2.35
GER-BL	2025-12-13	Ein Frankfurt	Augsburg	1.85	2.10	1.93	4.33	1.85	2.00	1.85	4.00
GER-BL	2025-12-13	Hoffenheim	Hamburg	1.62	2.63	1.71	4.75	1.62	2.30	1.70	4.33
GER-BL	2025-12-13	Leverkusen	FC Koln	1.50	2.75	1.80	4.75	1.44	2.75	1.75	4.00
GER-BL	2025-12-13	M'gladbach	Wolfsburg	1.66	2.38	2.02	3.60	1.62	2.30	2.00	3.40
GER-BL	2025-12-13	St Pauli	Heidenheim	2.20	1.70	1.91	4.60	2.20	1.67	1.85	4.33
GER-BL	2025-12-14	Bayern Munich	Mainz	1.22	5.40	1.10	26.00	1.17	5.00	1.09	19.00
GER-BL	2025-12-14	Freiburg	Dortmund	1.85	2.00	3.80	2.20	1.80	2.00	3.75	1.95
GER-BL	2025-12-14	Werder Bremen	Stuttgart	1.60	2.45	2.88	2.38	1.57	2.38	2.80	2.35
GER-BL	2025-12-19	Dortmund	M'gladbach	1.50	2.70	1.50	6.33	1.50	2.63	1.48	6.00
GER-BL	2025-12-20	Augsburg	Werder Bremen	1.81	2.05	2.25	3.33	1.80	2.00	2.20	3.20
GER-BL	2025-12-20	FC Koln	Union Berlin	2.10	1.75	2.71	2.90	2.10	1.73	2.50	2.90
GER-BL	2025-12-20	Hamburg	Ein Frankfurt	1.85	2.05	2.50	2.90	1.85	2.00	2.40	2.88
GER-BL	2025-12-20	RB Leipzig	Leverkusen	1.50	2.75	2.15	3.33	1.50	2.63	2.15	3.10
GER-BL	2025-12-20	Stuttgart	Hoffenheim	1.57	2.80	2.00	3.70	1.57	2.38	1.95	3.70
GER-BL	2025-12-20	Wolfsburg	Freiburg	1.91	2.00	2.50	2.90	1.88	1.98	2.35	2.90
GER-BL	2025-12-21	Heidenheim	Bayern Munich	1.29	4.00	16.00	1.20	1.25	4.00	13.00	1.14
GER-BL	2025-12-21	Mainz	St Pauli	2.25	1.70	2.00	4.10	2.20	1.67	1.95	4.10
GER-BL	2026-01-09	Ein Frankfurt	Dortmund	1.66	2.30	3.45	2.10	1.62	2.30	3.25	2.05
GER-BL	2026-01-10	Freiburg	Hamburg	1.92	1.93	1.84	4.80	1.91	1.91	1.80	4.75
GER-BL	2026-01-10	Heidenheim	FC Koln	1.80	2.10	2.90	2.65	1.73	2.10	2.75	2.50
GER-BL	2026-01-10	Leverkusen	Stuttgart	1.63	2.50	2.20	3.20	1.62	2.30	2.15	3.10
GER-BL	2026-01-10	Union Berlin	Mainz	2.30	1.68	2.20	4.00	2.30	1.60	2.05	4.00
GER-BL	2026-01-11	Bayern Munich	Wolfsburg	1.23	4.70	1.15	20.00	1.22	4.33	1.13	17.00
GER-BL	2026-01-11	M'gladbach	Augsburg	1.80	2.08	1.95	3.95	1.80	2.00	1.90	3.80
GER-BL	2026-01-13	Dortmund	Werder Bremen	1.55	2.63	1.44	7.50	1.53	2.50	1.42	6.50
GER-BL	2026-01-13	Mainz	Heidenheim	1.83	2.12	1.80	4.60	1.80	2.00	1.73	4.50
GER-BL	2026-01-13	Stuttgart	Ein Frankfurt	1.48	2.90	1.70	4.75	1.44	2.75	1.65	4.50
GER-BL	2026-01-14	FC Koln	Bayern Munich	1.25	4.50	12.00	1.28	1.22	4.33	11.00	1.20
GER-BL	2026-01-14	Hoffenheim	M'gladbach	1.62	2.50	2.00	3.80	1.62	2.30	1.95	3.50
GER-BL	2026-01-14	RB Leipzig	Freiburg	1.68	2.30	1.76	4.70	1.67	2.20	1.75	4.33
GER-BL	2026-01-14	Wolfsburg	St Pauli	2.20	1.75	1.87	4.55	2.20	1.67	1.83	4.50
GER-BL	2026-01-15	Augsburg	Union Berlin	2.20	1.70	2.66	2.88	2.20	1.67	2.50	2.88
GER-BL	2026-01-16	Werder Bremen	Ein Frankfurt	1.75	2.23	2.75	2.70	1.73	2.10	2.63	2.50
GER-BL	2026-01-17	Dortmund	St Pauli	1.87	2.14	1.33	12.00	1.85	2.00	1.33	10.00
GER-BL	2026-01-17	FC Koln	Mainz	1.85	2.04	2.15	3.50	1.85	2.00	2.10	3.50
GER-BL	2026-01-17	Hamburg	M'gladbach	1.77	2.15	2.50	2.90	1.73	2.10	2.45	2.80
GER-BL	2026-01-17	Hoffenheim	Leverkusen	1.52	2.80	2.38	2.88	1.50	2.63	2.35	2.80
GER-BL	2026-01-17	RB Leipzig	Bayern Munich	1.37	3.45	4.35	1.75	1.36	3.20	4.00	1.73
GER-BL	2026-01-17	Wolfsburg	Heidenheim	1.63	2.35	1.72	5.00	1.62	2.30	1.67	4.75
GER-BL	2026-01-18	Augsburg	Freiburg	2.05	1.83	2.66	2.80	2.00	1.80	2.55	2.80
GER-BL	2026-01-18	Stuttgart	Union Berlin	1.77	2.20	1.62	5.75	1.73	2.10	1.60	5.50
GER-BL	2026-01-23	St Pauli	Hamburg	2.63	1.53	2.90	2.88	2.63	1.50	2.80	2.80
GER-BL	2026-01-24	Bayern Munich	Augsburg	1.25	4.50	1.16	21.00	1.22	4.33	1.13	17.00
GER-BL	2026-01-24	Ein Frankfurt	Hoffenheim	1.67	2.45	3.10	2.28	1.67	2.20	3.00	2.20
GER-BL	2026-01-24	Heidenheim	RB Leipzig	1.45	2.80	4.90	1.65	1.44	2.75	4.33	1.65
GER-BL	2026-01-24	Leverkusen	Werder Bremen	1.50	2.70	1.57	5.75	1.50	2.63	1.57	5.50
GER-BL	2026-01-24	Mainz	Wolfsburg	1.93	1.93	2.36	3.20	1.93	1.93	2.25	3.20
GER-BL	2026-01-24	Union Berlin	Dortmund	2.10	1.78	3.35	2.30	2.10	1.73	3.20	2.30
GER-BL	2026-01-25	Freiburg	FC Koln	1.73	2.20	2.00	3.85	1.73	2.10	2.00	3.50
GER-BL	2026-01-25	M'gladbach	Stuttgart	1.62	2.45	3.05	2.33	1.57	2.38	2.88	2.30
GER-BL	2026-01-27	St Pauli	RB Leipzig	2.10	1.80	5.00	1.82	2.10	1.73	5.00	1.75
GER-BL	2026-01-27	Werder Bremen	Hoffenheim	1.66	2.38	3.80	1.96	1.62	2.30	3.70	1.91
GER-BL	2026-01-30	FC Koln	Wolfsburg	1.68	2.30	2.10	3.55	1.67	2.20	2.05	3.30
GER-BL	2026-01-31	Augsburg	St Pauli	2.50	1.62	2.15	4.00	2.30	1.62	2.10	3.75
GER-BL	2026-01-31	Ein Frankfurt	Leverkusen	1.68	2.30	3.60	2.10	1.67	2.20	3.40	2.00
GER-BL	2026-01-31	Hamburg	Bayern Munich	1.40	3.25	10.00	1.32	1.40	3.00	7.50	1.30
GER-BL	2026-01-31	Hoffenheim	Union Berlin	1.83	2.05	1.84	4.33	1.80	2.00	1.83	4.20
GER-BL	2026-01-31	RB Leipzig	Mainz	1.50	2.90	1.55	5.80	1.44	2.75	1.55	5.50
GER-BL	2026-01-31	Werder Bremen	M'gladbach	1.78	2.16	2.20	3.30	1.73	2.10	2.15	3.25
GER-BL	2026-02-01	Dortmund	Heidenheim	1.44	3.10	1.29	12.00	1.40	3.00	1.27	8.50
GER-BL	2026-02-01	Stuttgart	Freiburg	1.62	2.40	1.68	5.00	1.62	2.30	1.65	4.75
GER-BL	2026-02-06	Union Berlin	Ein Frankfurt	2.00	1.91	2.22	3.45	2.00	1.80	2.10	3.25
GER-BL	2026-02-07	Freiburg	Werder Bremen	2.00	1.93	2.15	3.75	1.98	1.88	2.10	3.50
GER-BL	2026-02-07	Heidenheim	Hamburg	1.91	1.98	2.92	2.50	1.88	1.98	2.80	2.45
GER-BL	2026-02-07	M'gladbach	Leverkusen	1.73	2.20	3.70	2.05	1.67	2.20	3.40	2.05
GER-BL	2026-02-07	Mainz	Augsburg	1.85	2.00	2.00	4.00	1.80	2.00	1.91	3.80
GER-BL	2026-02-07	St Pauli	Stuttgart	1.88	2.00	5.00	1.73	1.85	2.00	5.00	1.67
GER-BL	2026-02-07	Wolfsburg	Dortmund	1.53	2.65	4.80	1.72	1.50	2.63	4.20	1.70
GER-BL	2026-02-08	Bayern Munich	Hoffenheim	1.23	4.50	1.25	11.00	1.22	4.33	1.20	10.00
GER-BL	2026-02-08	FC Koln	RB Leipzig	1.48	2.75	3.50	2.05	1.44	2.75	3.40	2.00
GER-BL	2026-02-13	Dortmund	Mainz	1.62	2.45	1.69	5.40	1.57	2.38	1.65	4.75
GER-BL	2026-02-14	Ein Frankfurt	M'gladbach	1.75	2.20	2.20	3.65	1.67	2.20	2.20	3.25
GER-BL	2026-02-14	Hamburg	Union Berlin	2.20	1.71	2.38	3.25	2.20	1.67	2.30	3.20
GER-BL	2026-02-14	Hoffenheim	Freiburg	1.73	2.28	1.73	4.75	1.73	2.10	1.73	4.50
GER-BL	2026-02-14	Leverkusen	St Pauli	1.91	2.00	1.54	6.50	1.91	1.91	1.53	6.00
GER-BL	2026-02-14	Stuttgart	FC Koln	1.48	2.80	1.51	6.25	1.44	2.75	1.50	5.25
GER-BL	2026-02-14	Werder Bremen	Bayern Munich	1.30	3.60	9.00	1.35	1.30	3.50	8.00	1.30
GER-BL	2026-02-15	Augsburg	Heidenheim	1.75	2.25	1.91	4.20	1.67	2.20	1.90	3.80
GER-BL	2026-02-15	RB Leipzig	Wolfsburg	1.40	3.20	1.55	5.80	1.36	3.20	1.50	5.50
GER-BL	2026-02-20	Mainz	Hamburg	1.77	2.10	2.12	3.60	1.73	2.10	2.10	3.60
GER-BL	2026-02-21	Bayern Munich	Ein Frankfurt	1.17	6.00	1.10	23.00	1.17	5.00	1.08	19.00
GER-BL	2026-02-21	FC Koln	Hoffenheim	1.62	2.40	3.65	2.05	1.57	2.38	3.25	2.05
GER-BL	2026-02-21	RB Leipzig	Dortmund	1.53	2.75	2.05	3.50	1.53	2.50	1.91	3.50
GER-BL	2026-02-21	Union Berlin	Leverkusen	2.10	1.87	3.25	2.35	2.10	1.73	3.20	2.35
GER-BL	2026-02-21	Wolfsburg	Augsburg	1.74	2.15	2.25	3.33	1.73	2.10	2.20	3.20
GER-BL	2026-02-22	Freiburg	M'gladbach	1.83	2.03	2.15	3.70	1.83	2.03	2.10	3.70
GER-BL	2026-02-22	Heidenheim	Stuttgart	1.50	2.63	4.50	1.70	1.50	2.63	4.33	1.67
GER-BL	2026-02-22	St Pauli	Werder Bremen	2.16	1.75	2.71	2.80	2.10	1.73	2.63	2.75
GER-BL	2026-02-27	Augsburg	FC Koln	1.83	2.05	2.20	3.33	1.80	2.00	2.20	3.25
GER-BL	2026-02-28	Dortmund	Bayern Munich	1.35	3.40	4.50	1.73	1.33	3.40	4.20	1.67
GER-BL	2026-02-28	Hoffenheim	St Pauli	1.91	2.00	1.53	6.50	1.91	1.91	1.50	6.00
GER-BL	2026-02-28	Leverkusen	Mainz	1.67	2.30	1.73	4.75	1.62	2.30	1.65	4.50
GER-BL	2026-02-28	M'gladbach	Union Berlin	2.10	1.80	2.40	3.10	2.10	1.73	2.35	3.10
GER-BL	2026-02-28	Werder Bremen	Heidenheim	1.63	2.50	1.63	5.25	1.62	2.30	1.60	5.25
GER-BL	2026-03-01	Ein Frankfurt	Freiburg	1.80	2.10	2.30	3.14	1.73	2.10	2.25	3.10
GER-BL	2026-03-01	Hamburg	RB Leipzig	1.55	2.60	3.80	1.90	1.53	2.50	3.80	1.85
GER-BL	2026-03-01	Stuttgart	Wolfsburg	1.33	3.60	1.40	7.00	1.33	3.40	1.40	6.25
GER-BL	2026-03-04	Hamburg	Leverkusen	1.70	2.25	3.70	2.05	1.67	2.20	3.60	2.00
GER-BL	2026-03-06	Bayern Munich	M'gladbach	1.30	3.75	1.25	13.00	1.30	3.50	1.22	9.00
GER-BL	2026-03-07	FC Koln	Dortmund	1.58	2.55	4.25	1.81	1.57	2.38	4.00	1.80
GER-BL	2026-03-07	Freiburg	Leverkusen	1.80	2.10	3.10	2.40	1.73	2.10	2.90	2.35
GER-BL	2026-03-07	Heidenheim	Hoffenheim	1.48	2.88	5.80	1.57	1.44	2.75	5.50	1.50
GER-BL	2026-03-07	Mainz	Stuttgart	1.60	2.50	3.60	2.00	1.57	2.38	3.50	1.95
GER-BL	2026-03-07	RB Leipzig	Augsburg	1.40	3.10	1.36	8.50	1.40	3.00	1.33	8.00
GER-BL	2026-03-07	Wolfsburg	Hamburg	1.88	2.08	2.66	2.75	1.88	1.98	2.55	2.75
GER-BL	2026-03-08	St Pauli	Ein Frankfurt	2.05	1.80	2.60	2.88	2.00	1.80	2.50	2.80
GER-BL	2026-03-08	Union Berlin	Werder Bremen	2.20	1.73	2.45	3.15	2.20	1.67	2.45	3.00
GER-BL	2026-03-13	M'gladbach	St Pauli	2.25	1.67	1.95	4.30	2.20	1.67	1.91	4.20
GER-BL	2026-03-14	Dortmund	Augsburg	1.57	2.50	1.57	5.60	1.57	2.38	1.55	5.00
GER-BL	2026-03-14	Ein Frankfurt	Heidenheim	1.53	2.63	1.65	5.10	1.50	2.63	1.65	4.75
GER-BL	2026-03-14	Hamburg	FC Koln	1.80	2.10	2.42	2.95	1.80	2.00	2.30	2.90
GER-BL	2026-03-14	Hoffenheim	Wolfsburg	1.41	3.10	1.45	7.00	1.40	3.00	1.45	6.25
GER-BL	2026-03-14	Leverkusen	Bayern Munich	1.35	3.60	5.00	1.58	1.33	3.40	4.75	1.57
GER-BL	2026-03-15	Freiburg	Union Berlin	1.88	2.00	1.95	4.20	1.80	2.00	1.90	4.00
GER-BL	2026-03-15	Stuttgart	RB Leipzig	1.33	3.50	2.50	2.62	1.33	3.40	2.45	2.50
GER-BL	2026-03-15	Werder Bremen	Mainz	1.76	2.20	2.30	3.15	1.67	2.20	2.30	3.00
GER-BL	2026-03-20	RB Leipzig	Hoffenheim	1.43	3.10	1.95	3.60	1.40	3.00	1.91	3.50
GER-BL	2026-03-21	Bayern Munich	Union Berlin	1.30	4.00	1.17	18.00	1.29	3.75	1.14	13.00
GER-BL	2026-03-21	Dortmund	Hamburg	1.62	2.50	1.44	7.50	1.62	2.30	1.44	7.00
GER-BL	2026-03-21	FC Koln	M'gladbach	1.94	1.91	2.38	3.20	1.91	1.91	2.38	3.00
GER-BL	2026-03-21	Heidenheim	Leverkusen	1.45	2.90	5.50	1.57	1.44	2.75	5.00	1.55
GER-BL	2026-03-21	Wolfsburg	Werder Bremen	1.66	2.30	2.40	2.88	1.62	2.30	2.30	2.88
GER-BL	2026-03-22	Augsburg	Stuttgart	1.57	2.50	3.75	2.05	1.57	2.38	3.50	2.00
GER-BL	2026-03-22	Mainz	Ein Frankfurt	1.80	2.10	2.20	3.40	1.80	2.00	2.15	3.25
GER-BL	2026-03-22	St Pauli	Freiburg	2.40	1.62	2.75	2.95	2.38	1.57	2.75	2.88
GER-BL	2026-04-04	Freiburg	Bayern Munich	1.48	2.88	6.00	1.55	1.44	2.75	5.25	1.53
GER-BL	2026-04-04	Hamburg	Augsburg	1.81	2.10	2.44	3.00	1.73	2.10	2.35	2.90
GER-BL	2026-04-04	Hoffenheim	Mainz	1.68	2.28	1.73	4.75	1.67	2.20	1.70	4.75
GER-BL	2026-04-04	Leverkusen	Wolfsburg	1.50	2.80	1.47	7.50	1.50	2.63	1.45	6.25
GER-BL	2026-04-04	M'gladbach	Heidenheim	1.62	2.43	1.62	5.25	1.62	2.30	1.57	5.25
GER-BL	2026-04-04	Stuttgart	Dortmund	1.50	2.88	2.38	2.75	1.50	2.63	2.35	2.63
GER-BL	2026-04-04	Werder Bremen	RB Leipzig	1.50	2.80	4.00	1.93	1.50	2.63	3.75	1.85
GER-BL	2026-04-05	Ein Frankfurt	FC Koln	1.68	2.30	1.95	3.85	1.62	2.30	1.91	3.60
GER-BL	2026-04-05	Union Berlin	St Pauli	2.40	1.63	2.10	4.20	2.30	1.62	2.10	3.75
GER-BL	2026-04-10	Augsburg	Hoffenheim	1.50	2.80	3.70	2.05	1.44	2.75	3.60	1.95
GER-BL	2026-04-11	Dortmund	Leverkusen	1.53	2.75	2.15	3.33	1.53	2.50	2.15	3.10
GER-BL	2026-04-11	Heidenheim	Union Berlin	1.91	1.98	3.10	2.60	1.88	1.98	2.70	2.55
GER-BL	2026-04-11	RB Leipzig	M'gladbach	1.50	2.75	1.50	6.50	1.50	2.63	1.48	5.75
GER-BL	2026-04-11	St Pauli	Bayern Munich	1.44	3.00	9.00	1.36	1.40	3.00	8.00	1.30
GER-BL	2026-04-11	Wolfsburg	Ein Frankfurt	1.58	2.55	2.50	2.66	1.53	2.50	2.50	2.63
GER-BL	2026-04-12	FC Koln	Werder Bremen	1.80	2.10	2.38	3.10	1.80	2.00	2.35	3.00
GER-BL	2026-04-12	Mainz	Freiburg	1.91	1.95	2.25	3.60	1.91	1.91	2.25	3.50
GER-BL	2026-04-12	Stuttgart	Hamburg	1.36	3.50	1.40	10.00	1.33	3.40	1.29	9.00
GER-BL	2026-04-17	St Pauli	FC Koln	2.10	1.83	2.90	3.00	2.10	1.73	2.88	2.45
GER-BL	2026-04-18	Ein Frankfurt	RB Leipzig	1.40	3.20	3.10	2.28	1.36	3.20	2.90	2.20
GER-BL	2026-04-18	Hoffenheim	Dortmund	1.48	2.80	2.63	3.00	1.44	2.75	2.15	3.00
GER-BL	2026-04-18	Leverkusen	Augsburg	1.44	3.10	1.44	7.00	1.44	2.75	1.38	7.00
GER-BL	2026-04-18	Union Berlin	Wolfsburg	1.79	2.15	2.20	3.25	1.73	2.10	2.15	3.20
GER-BL	2026-04-18	Werder Bremen	Hamburg	1.73	2.20	2.05	4.65	1.73	2.10	1.75	4.50
GER-BL	2026-04-19	Bayern Munich	Stuttgart	1.25	4.50	1.50	7.00	1.22	4.33	1.50	5.25
GER-BL	2026-04-19	Freiburg	Heidenheim	1.63	2.40	1.67	5.00	1.62	2.30	1.65	5.00
GER-BL	2026-04-19	M'gladbach	Mainz	1.87	2.05	2.38	3.20	1.80	2.00	2.20	3.20
GER-BL	2026-04-24	RB Leipzig	Union Berlin	1.62	2.50	1.55	6.25	1.57	2.38	1.55	5.50
GER-BL	2026-04-25	Augsburg	Ein Frankfurt	1.52	2.75	2.45	2.80	1.44	2.75	2.30	2.70
GER-BL	2026-04-25	FC Koln	Leverkusen	1.50	2.63	3.65	1.95	1.50	2.63	3.50	1.91
GER-BL	2026-04-25	Hamburg	Hoffenheim	1.46	2.90	4.50	1.73	1.44	2.75	4.50	1.65
GER-BL	2026-04-25	Heidenheim	St Pauli	1.88	1.98	2.33	3.10	1.88	1.98	2.20	2.80
GER-BL	2026-04-25	Mainz	Bayern Munich	1.36	3.30	3.85	1.87	1.36	3.20	3.60	1.85
GER-BL	2026-04-25	Wolfsburg	M'gladbach	1.63	2.40	2.20	3.25	1.62	2.30	2.10	3.25
GER-BL	2026-04-26	Dortmund	Freiburg	1.55	2.65	1.44	7.00	1.53	2.50	1.44	6.25
GER-BL	2026-04-26	Stuttgart	Werder Bremen	1.44	3.00	1.55	5.75	1.44	2.75	1.53	5.50
GER-BL	2026-05-02	Bayern Munich	Heidenheim	1.23	5.00	1.30	9.50	1.20	4.50	1.25	9.00
GER-BL	2026-05-02	Ein Frankfurt	Hamburg	1.50	2.75	1.70	4.60	1.50	2.63	1.67	4.50
GER-BL	2026-05-02	Hoffenheim	Stuttgart	1.38	3.30	2.22	2.90	1.36	3.20	2.15	2.88
GER-BL	2026-05-02	Leverkusen	RB Leipzig	1.38	3.25	2.20	3.10	1.36	3.20	2.10	3.10
GER-BL	2026-05-02	Union Berlin	FC Koln	1.80	2.12	2.70	2.65	1.73	2.10	2.63	2.60
GER-BL	2026-05-02	Werder Bremen	Augsburg	1.53	2.63	2.00	3.66	1.53	2.50	1.95	3.60
GER-BL	2026-05-03	Freiburg	Wolfsburg	1.63	2.40	2.15	3.50	1.57	2.38	2.05	3.50
GER-BL	2026-05-03	M'gladbach	Dortmund	1.56	2.60	3.80	1.93	1.53	2.50	3.75	1.90
GER-BL	2026-05-03	St Pauli	Mainz	2.10	1.80	2.88	2.60	2.10	1.73	2.88	2.50
GER-BL	2026-05-08	Dortmund	Ein Frankfurt	1.40	3.20	1.81	4.40	1.36	3.20	1.73	4.10
GER-BL	2026-05-09	Augsburg	M'gladbach	1.44	3.00	1.96	3.60	1.44	2.75	1.91	3.50
GER-BL	2026-05-09	Hoffenheim	Werder Bremen	1.38	3.30	1.53	5.75	1.36	3.20	1.53	5.25
GER-BL	2026-05-09	RB Leipzig	St Pauli	1.38	3.25	1.30	10.00	1.36	3.20	1.27	9.00
GER-BL	2026-05-09	Stuttgart	Leverkusen	1.32	3.60	2.05	3.20	1.30	3.50	2.00	3.20
GER-BL	2026-05-09	Wolfsburg	Bayern Munich	1.23	5.00	5.50	1.51	1.20	4.50	5.25	1.48
GER-BL	2026-05-10	FC Koln	Heidenheim	1.38	3.40	2.10	3.20	1.36	3.20	2.00	3.20
GER-BL	2026-05-10	Hamburg	Freiburg	1.70	2.30	3.10	2.33	1.67	2.20	3.10	2.20
GER-BL	2026-05-10	Mainz	Union Berlin	1.47	2.88	1.72	4.50	1.44	2.75	1.67	4.50
GER-BL	2026-05-16	Bayern Munich	FC Koln	1.13	7.50	1.17	15.00	1.11	6.50	1.13	12.00
GER-BL	2026-05-16	Ein Frankfurt	Stuttgart	1.29	3.90	3.70	1.87	1.29	3.75	3.70	1.80
GER-BL	2026-05-16	Freiburg	RB Leipzig	1.52	2.75	2.50	2.65	1.44	2.75	2.45	2.55
GER-BL	2026-05-16	Heidenheim	Mainz	1.45	2.95	2.00	3.40	1.44	2.75	1.95	3.30
GER-BL	2026-05-16	Leverkusen	Hamburg	1.29	4.00	1.30	9.50	1.25	4.00	1.29	8.00
GER-BL	2026-05-16	M'gladbach	Hoffenheim	1.35	3.40	4.75	1.67	1.33	3.40	4.50	1.62
GER-BL	2026-05-16	St Pauli	Wolfsburg	1.71	2.20	2.63	2.60	1.67	2.20	2.55	2.55
GER-BL	2026-05-16	Union Berlin	Augsburg	1.35	3.50	2.60	2.50	1.33	3.40	2.60	2.40
GER-BL	2026-05-16	Werder Bremen	Dortmund	1.40	3.10	3.33	2.10	1.40	3.00	3.10	2.05
GRE-SL	2024-08-17	PAOK	Panserraikos	1.52	2.65	1.20	15.00	1.50	2.50	1.20	13.00
GRE-SL	2024-08-17	Volos NFC	Olympiakos	1.81	2.25	10.00	1.36	1.75	2.05	10.00	1.33
GRE-SL	2024-08-18	AEK	OFI Crete	1.54	2.60	1.26	13.00	1.50	2.50	1.25	12.00
GRE-SL	2024-08-18	Atromitos	Aris	2.14	1.83	2.88	2.66	2.08	1.73	2.80	2.55
GRE-SL	2024-08-18	Levadeiakos	Athens Kallithea	2.50	1.58	2.35	3.60	2.40	1.53	2.25	3.60
GRE-SL	2024-08-18	Panathinaikos	Asteras Tripolis	1.97	2.02	1.43	8.50	1.88	1.98	1.40	8.50
GRE-SL	2024-08-19	Panetolikos	Lamia	2.26	1.73	2.10	4.21	2.15	1.67	1.95	4.00
GRE-SL	2024-08-24	AEK	Lamia	1.35	3.40	1.11	29.00	1.33	3.40	1.09	23.00
GRE-SL	2024-08-24	OFI Crete	Atromitos	2.20	1.81	2.49	3.12	2.10	1.70	2.40	3.10
GRE-SL	2024-08-24	Panserraikos	Aris	2.27	1.78	4.41	2.02	2.25	1.62	3.90	2.00
GRE-SL	2024-08-25	Asteras Tripolis	Volos NFC	2.21	1.73	2.00	4.55	2.10	1.70	1.90	4.33
GRE-SL	2024-08-25	PAOK	Panetolikos	1.61	2.47	1.27	13.00	1.57	2.35	1.27	9.50
GRE-SL	2024-08-25	Panathinaikos	Levadeiakos	1.74	2.20	1.22	15.14	1.67	2.15	1.20	12.00
GRE-SL	2024-08-26	Olympiakos	Athens Kallithea	1.60	2.45	1.15	23.00	1.57	2.35	1.14	21.00
GRE-SL	2024-08-31	Aris	Asteras Tripolis	2.26	1.70	1.90	4.75	2.20	1.65	1.85	4.50
GRE-SL	2024-08-31	Lamia	Olympiakos	1.62	2.39	12.00	1.29	1.60	2.30	12.00	1.27
GRE-SL	2024-08-31	Panetolikos	Panserraikos	2.49	1.60	2.15	4.55	2.35	1.57	2.00	4.10
GRE-SL	2024-09-01	Athens Kallithea	Panathinaikos	1.97	1.96	9.00	1.43	1.93	1.93	8.50	1.42
GRE-SL	2024-09-01	Atromitos	PAOK	1.97	1.93	7.00	1.48	1.93	1.93	6.50	1.48
GRE-SL	2024-09-01	Levadeiakos	AEK	1.68	2.31	8.50	1.39	1.65	2.20	8.00	1.38
GRE-SL	2024-09-01	Volos NFC	OFI Crete	2.31	1.69	2.50	3.34	2.25	1.62	2.45	3.10
GRE-SL	2024-09-14	Asteras Tripolis	Atromitos	2.44	1.63	2.56	3.16	2.25	1.62	2.55	3.00
GRE-SL	2024-09-14	Lamia	Athens Kallithea	2.43	1.70	3.46	2.36	2.15	1.67	3.20	2.30
GRE-SL	2024-09-15	OFI Crete	Aris	2.10	1.87	3.71	2.20	2.03	1.83	3.40	2.10
GRE-SL	2024-09-15	Olympiakos	Panetolikos	1.51	2.60	1.17	20.00	1.50	2.50	1.17	15.00
GRE-SL	2024-09-15	PAOK	Panathinaikos	2.02	1.91	2.10	4.10	1.98	1.88	2.00	3.90
GRE-SL	2024-09-15	Panserraikos	Levadeiakos	2.65	1.54	2.40	3.70	2.50	1.50	2.35	3.40
GRE-SL	2024-09-16	AEK	Volos NFC	1.50	2.70	1.16	23.00	1.48	2.60	1.14	13.00
GRE-SL	2024-09-21	Aris	Olympiakos	2.02	1.95	5.75	1.70	2.00	1.85	5.25	1.67
GRE-SL	2024-09-21	Panetolikos	Asteras Tripolis	2.37	1.63	3.12	2.75	2.25	1.62	3.00	2.55
GRE-SL	2024-09-21	Volos NFC	PAOK	2.21	1.88	9.66	1.39	2.10	1.70	8.50	1.38
GRE-SL	2024-09-22	Athens Kallithea	AEK	1.81	2.14	7.00	1.53	1.73	2.08	5.75	1.53
GRE-SL	2024-09-22	Atromitos	Lamia	1.97	1.95	1.70	6.21	1.93	1.93	1.67	5.25
GRE-SL	2024-09-22	Levadeiakos	OFI Crete	2.34	1.67	2.50	3.40	2.20	1.65	2.45	3.10
GRE-SL	2024-09-22	Panathinaikos	Panserraikos	1.57	2.50	1.19	18.00	1.53	2.40	1.18	15.00
GRE-SL	2024-09-28	Asteras Tripolis	Levadeiakos	2.58	1.55	2.02	4.64	2.50	1.50	1.95	4.20
GRE-SL	2024-09-28	Volos NFC	Athens Kallithea	2.41	1.61	2.75	3.17	2.35	1.57	2.60	3.00
GRE-SL	2024-09-29	AEK	Panathinaikos	1.97	2.00	2.01	4.25	1.88	1.98	1.95	4.00
GRE-SL	2024-09-29	OFI Crete	Panetolikos	2.22	1.74	2.25	3.80	2.15	1.67	2.15	3.30
GRE-SL	2024-09-29	Olympiakos	Atromitos	1.97	2.09	1.50	7.25	1.90	1.95	1.48	7.00
GRE-SL	2024-09-29	PAOK	Aris	1.90	2.02	1.57	7.09	1.85	2.00	1.50	6.50
GRE-SL	2024-09-30	Lamia	Panserraikos	2.36	1.66	2.71	3.10	2.25	1.62	2.60	2.80
GRE-SL	2024-10-05	Aris	Lamia	1.74	2.23	1.40	9.00	1.70	2.10	1.38	8.00
GRE-SL	2024-10-05	Atromitos	Volos NFC	2.11	1.87	1.90	5.31	2.05	1.80	1.80	4.75
GRE-SL	2024-10-05	Panetolikos	AEK	1.81	2.16	9.50	1.38	1.73	2.08	9.00	1.36
GRE-SL	2024-10-06	Athens Kallithea	Asteras Tripolis	2.21	1.77	2.65	3.05	2.10	1.70	2.50	2.80
GRE-SL	2024-10-06	Levadeiakos	PAOK	2.17	1.78	6.95	1.57	2.05	1.75	6.25	1.55
GRE-SL	2024-10-06	Panathinaikos	Olympiakos	2.04	1.87	2.92	2.75	2.00	1.85	2.75	2.55
GRE-SL	2024-10-06	Panserraikos	OFI Crete	2.23	1.71	2.62	3.10	2.20	1.65	2.40	3.00
GRE-SL	2024-10-19	Atromitos	Panetolikos	2.32	1.67	2.08	4.74	2.20	1.65	1.90	4.50
GRE-SL	2024-10-19	Lamia	Asteras Tripolis	2.42	1.62	3.45	2.42	2.35	1.54	3.20	2.35
GRE-SL	2024-10-19	Volos NFC	Panserraikos	2.31	1.69	2.41	3.49	2.20	1.65	2.30	3.30
GRE-SL	2024-10-20	AEK	PAOK	2.05	1.98	2.02	3.90	1.90	1.95	1.95	3.90
GRE-SL	2024-10-20	Aris	Athens Kallithea	2.02	1.87	1.58	7.08	2.00	1.85	1.53	6.50
GRE-SL	2024-10-20	OFI Crete	Panathinaikos	1.76	2.39	5.00	1.75	1.70	2.10	5.00	1.70
GRE-SL	2024-10-20	Olympiakos	Levadeiakos	1.78	2.23	1.19	18.98	1.67	2.15	1.18	13.00
GRE-SL	2024-10-26	Levadeiakos	Lamia	2.73	1.50	2.10	4.57	2.60	1.48	2.00	4.00
GRE-SL	2024-10-26	Panetolikos	Volos NFC	2.52	1.61	2.70	3.15	2.40	1.53	2.55	2.90
GRE-SL	2024-10-26	Panserraikos	AEK	1.63	2.36	8.50	1.35	1.60	2.30	8.00	1.33
GRE-SL	2024-10-27	Asteras Tripolis	Olympiakos	2.08	1.90	5.60	1.71	2.05	1.80	5.50	1.65
GRE-SL	2024-10-27	Athens Kallithea	Atromitos	2.12	1.79	3.28	2.50	2.05	1.75	2.80	2.50
GRE-SL	2024-10-27	PAOK	OFI Crete	1.52	2.63	1.30	12.00	1.50	2.50	1.25	11.00
GRE-SL	2024-10-27	Panathinaikos	Aris	2.13	1.80	2.12	4.24	2.05	1.75	1.95	4.00
GRE-SL	2024-11-02	Athens Kallithea	Panetolikos	2.60	1.57	3.05	2.91	2.50	1.50	2.75	2.70
GRE-SL	2024-11-02	Olympiakos	Panserraikos	1.49	2.89	1.16	29.12	1.44	2.70	1.10	29.00
GRE-SL	2024-11-03	Aris	Levadeiakos	2.09	1.94	1.46	9.47	1.93	1.93	1.40	8.50
GRE-SL	2024-11-03	Atromitos	AEK	1.99	1.97	5.30	1.67	1.93	1.93	5.25	1.65
GRE-SL	2024-11-03	Lamia	PAOK	1.83	2.11	8.55	1.41	1.75	2.05	7.50	1.40
GRE-SL	2024-11-03	Volos NFC	Panathinaikos	2.04	1.86	6.41	1.63	2.03	1.83	5.50	1.57
GRE-SL	2024-11-04	Asteras Tripolis	OFI Crete	2.21	1.77	2.37	3.27	2.15	1.67	2.30	3.10
GRE-SL	2024-11-09	AEK	Asteras Tripolis	1.75	2.20	1.30	15.00	1.70	2.10	1.30	10.00
GRE-SL	2024-11-09	Panetolikos	Aris	2.39	1.62	3.66	2.32	2.30	1.60	3.20	2.30
GRE-SL	2024-11-09	Panserraikos	Atromitos	2.35	1.65	3.56	2.39	2.25	1.62	3.30	2.30
GRE-SL	2024-11-10	Levadeiakos	Volos NFC	2.59	1.55	2.60	3.34	2.50	1.50	2.60	3.00
GRE-SL	2024-11-10	OFI Crete	Athens Kallithea	2.07	1.87	1.86	4.74	2.03	1.83	1.80	4.20
GRE-SL	2024-11-10	PAOK	Olympiakos	2.13	1.80	2.22	3.73	2.05	1.75	2.15	3.50
GRE-SL	2024-11-10	Panathinaikos	Lamia	1.58	2.54	1.21	15.50	1.53	2.40	1.20	13.00
GRE-SL	2024-11-22	Athens Kallithea	Panserraikos	2.23	1.74	2.24	3.70	2.15	1.67	2.20	3.50
GRE-SL	2024-11-23	Aris	Volos NFC	1.97	1.99	1.52	7.50	1.88	1.98	1.48	7.50
GRE-SL	2024-11-23	Lamia	OFI Crete	2.33	1.69	3.66	2.51	2.20	1.65	3.40	2.25
GRE-SL	2024-11-24	Asteras Tripolis	PAOK	2.01	1.94	6.50	1.56	1.95	1.90	6.50	1.53
GRE-SL	2024-11-24	Olympiakos	AEK	2.20	1.79	2.28	3.49	2.05	1.75	2.20	3.30
GRE-SL	2024-11-24	Panetolikos	Panathinaikos	2.23	1.75	5.61	1.70	2.15	1.67	5.25	1.67
GRE-SL	2024-11-25	Atromitos	Levadeiakos	2.58	1.55	2.05	4.98	2.40	1.53	1.90	4.50
GRE-SL	2024-11-30	AEK	Aris	1.89	2.04	1.42	8.33	1.85	2.00	1.40	8.00
GRE-SL	2024-11-30	Levadeiakos	Panetolikos	2.64	1.52	2.35	3.99	2.60	1.48	2.15	3.70
GRE-SL	2024-11-30	Volos NFC	Lamia	2.49	1.59	1.99	4.90	2.40	1.53	1.91	4.75
GRE-SL	2024-12-01	OFI Crete	Olympiakos	1.79	2.15	9.57	1.37	1.73	2.08	9.50	1.36
GRE-SL	2024-12-01	PAOK	Athens Kallithea	1.62	2.37	1.25	12.00	1.60	2.30	1.22	11.00
GRE-SL	2024-12-01	Panathinaikos	Atromitos	2.04	1.89	1.50	7.21	2.00	1.85	1.48	7.00
GRE-SL	2024-12-01	Panserraikos	Asteras Tripolis	2.37	1.63	2.64	3.40	2.30	1.60	2.40	3.30
GRE-SL	2024-12-07	Aris	Atromitos	2.41	1.62	2.23	4.24	2.35	1.57	2.05	4.00
GRE-SL	2024-12-07	Olympiakos	Volos NFC	1.60	2.44	1.18	17.57	1.57	2.35	1.17	15.00
GRE-SL	2024-12-08	Asteras Tripolis	Panathinaikos	2.10	1.88	6.50	1.65	2.00	1.85	6.00	1.60
GRE-SL	2024-12-08	Lamia	Panetolikos	3.40	1.48	2.80	3.70	3.40	1.33	2.50	3.50
GRE-SL	2024-12-08	OFI Crete	AEK	1.73	2.53	9.48	1.43	1.57	2.35	8.50	1.33
GRE-SL	2024-12-08	Panserraikos	PAOK	1.72	2.25	8.65	1.40	1.67	2.15	8.00	1.38
GRE-SL	2024-12-09	Athens Kallithea	Levadeiakos	2.44	1.59	2.48	3.44	2.35	1.57	2.35	3.25
GRE-SL	2024-12-14	Atromitos	OFI Crete	2.12	1.84	1.84	5.46	2.05	1.80	1.75	4.75
GRE-SL	2024-12-14	Lamia	AEK	1.89	2.07	12.94	1.30	1.83	2.03	10.00	1.29
GRE-SL	2024-12-14	Volos NFC	Asteras Tripolis	2.48	1.60	2.46	4.09	2.35	1.57	2.00	4.00
GRE-SL	2024-12-15	Aris	Panserraikos	1.99	1.98	1.69	5.60	1.95	1.90	1.65	4.75
GRE-SL	2024-12-15	Levadeiakos	Panathinaikos	2.27	1.75	7.83	1.50	2.15	1.67	7.50	1.50
GRE-SL	2024-12-15	Panetolikos	PAOK	1.92	2.12	6.80	1.58	1.90	1.95	6.25	1.55
GRE-SL	2024-12-16	Athens Kallithea	Olympiakos	1.81	2.14	11.00	1.32	1.73	2.08	11.00	1.29
GRE-SL	2024-12-21	Olympiakos	Lamia	1.64	2.38	1.14	23.88	1.57	2.35	1.13	17.00
GRE-SL	2024-12-22	AEK	Levadeiakos	1.68	2.29	1.21	17.00	1.67	2.15	1.20	17.00
GRE-SL	2024-12-22	PAOK	Atromitos	1.84	2.06	1.35	11.00	1.83	2.03	1.30	11.00
GRE-SL	2024-12-22	Panathinaikos	Athens Kallithea	1.63	2.38	1.20	17.00	1.57	2.35	1.18	17.00
GRE-SL	2024-12-22	Panserraikos	Panetolikos	2.40	1.62	2.54	3.56	2.30	1.60	2.50	3.30
GRE-SL	2024-12-23	Asteras Tripolis	Aris	2.45	1.64	2.96	2.76	2.35	1.57	2.90	2.70
GRE-SL	2024-12-23	OFI Crete	Volos NFC	2.27	1.76	2.22	3.76	2.10	1.70	2.15	3.60
GRE-SL	2025-01-04	Athens Kallithea	Lamia	2.56	1.60	2.35	4.31	2.50	1.50	2.05	4.00
GRE-SL	2025-01-05	Aris	OFI Crete	2.04	1.85	1.73	5.60	2.00	1.85	1.70	4.75
GRE-SL	2025-01-05	Atromitos	Asteras Tripolis	2.74	1.54	2.15	4.73	2.60	1.48	2.15	4.10
GRE-SL	2025-01-05	Levadeiakos	Panserraikos	2.35	1.65	2.03	4.54	2.25	1.62	1.95	4.33
GRE-SL	2025-01-05	Panathinaikos	PAOK	2.14	1.82	2.26	3.56	2.05	1.75	2.20	3.30
GRE-SL	2025-01-05	Volos NFC	AEK	1.97	2.02	13.00	1.28	1.88	1.98	12.00	1.27
GRE-SL	2025-01-06	Panetolikos	Olympiakos	2.08	1.81	9.83	1.40	2.05	1.80	8.00	1.40
GRE-SL	2025-01-11	Olympiakos	Aris	1.97	2.06	1.30	14.00	1.93	1.93	1.29	12.00
GRE-SL	2025-01-12	AEK	Athens Kallithea	1.63	2.42	1.18	20.00	1.60	2.30	1.17	15.00
GRE-SL	2025-01-12	Lamia	Atromitos	3.15	1.43	3.87	2.39	3.10	1.36	3.75	2.30
GRE-SL	2025-01-12	PAOK	Volos NFC	1.61	2.47	1.19	19.00	1.57	2.35	1.17	19.00
GRE-SL	2025-01-12	Panserraikos	Panathinaikos	1.85	2.09	9.50	1.44	1.80	2.00	7.50	1.42
GRE-SL	2025-01-13	Asteras Tripolis	Panetolikos	2.49	1.60	1.92	5.86	2.40	1.50	1.73	5.75
GRE-SL	2025-01-13	OFI Crete	Levadeiakos	2.24	1.74	2.25	3.72	2.20	1.62	2.15	3.60
GRE-SL	2025-01-18	Athens Kallithea	Volos NFC	2.50	1.57	2.44	3.58	2.40	1.53	2.30	3.40
GRE-SL	2025-01-19	Aris	PAOK	2.11	1.85	4.50	1.98	2.03	1.83	4.20	1.91
GRE-SL	2025-01-19	Atromitos	Olympiakos	2.47	1.64	8.00	1.55	2.40	1.53	7.50	1.50
GRE-SL	2025-01-19	Levadeiakos	Asteras Tripolis	3.13	1.41	2.90	3.16	3.10	1.36	2.80	3.00
GRE-SL	2025-01-19	Panathinaikos	AEK	2.36	1.69	3.08	2.72	2.25	1.62	2.90	2.50
GRE-SL	2025-01-19	Panetolikos	OFI Crete	2.60	1.56	2.94	3.08	2.50	1.50	2.75	2.80
GRE-SL	2025-01-20	Panserraikos	Lamia	2.41	1.62	1.93	5.00	2.30	1.60	1.83	4.75
GRE-SL	2025-01-24	Volos NFC	Atromitos	3.14	1.42	3.10	2.88	3.10	1.36	2.90	2.80
GRE-SL	2025-01-25	AEK	Panetolikos	1.74	2.21	1.22	19.00	1.70	2.10	1.18	19.00
GRE-SL	2025-01-25	Asteras Tripolis	Athens Kallithea	2.36	1.63	1.90	5.69	2.30	1.60	1.73	5.25
GRE-SL	2025-01-25	OFI Crete	Panserraikos	2.05	1.87	1.83	4.84	2.00	1.85	1.80	4.75
GRE-SL	2025-01-26	Lamia	Aris	2.81	1.48	4.76	2.17	2.70	1.44	4.75	1.91
GRE-SL	2025-01-26	Olympiakos	Panathinaikos	2.47	1.63	2.00	5.00	2.35	1.57	1.85	5.00
GRE-SL	2025-01-26	PAOK	Levadeiakos	1.81	2.14	1.34	10.50	1.75	2.05	1.30	9.50
GRE-SL	2025-02-01	Panathinaikos	OFI Crete	1.63	2.40	1.34	10.50	1.62	2.25	1.30	10.00
GRE-SL	2025-02-01	Panserraikos	Volos NFC	2.22	1.79	2.28	3.67	2.10	1.70	2.20	3.40
GRE-SL	2025-02-02	Athens Kallithea	Aris	2.43	1.60	3.60	2.35	2.35	1.57	3.60	2.25
GRE-SL	2025-02-02	Levadeiakos	Olympiakos	2.16	1.88	10.00	1.40	2.08	1.73	10.00	1.36
GRE-SL	2025-02-02	PAOK	AEK	2.28	1.77	2.80	2.82	2.15	1.67	2.70	2.70
GRE-SL	2025-02-02	Panetolikos	Atromitos	3.50	1.36	3.00	3.16	3.50	1.30	2.88	2.88
GRE-SL	2025-02-03	Asteras Tripolis	Lamia	2.32	1.65	1.57	8.11	2.20	1.65	1.50	6.50
GRE-SL	2025-02-08	OFI Crete	PAOK	1.77	2.21	5.00	1.88	1.67	2.10	5.00	1.65
GRE-SL	2025-02-08	Volos NFC	Panetolikos	2.88	1.46	2.45	4.56	2.88	1.40	2.00	4.33
GRE-SL	2025-02-09	AEK	Panserraikos	1.51	2.63	1.16	23.00	1.50	2.50	1.14	15.00
GRE-SL	2025-02-09	Aris	Panathinaikos	2.40	1.66	4.06	2.24	2.25	1.62	4.00	1.95
GRE-SL	2025-02-09	Olympiakos	Asteras Tripolis	1.90	2.04	1.36	15.00	1.85	2.00	1.25	13.00
GRE-SL	2025-02-10	Atromitos	Athens Kallithea	2.66	1.51	2.05	4.61	2.60	1.48	1.95	4.20
GRE-SL	2025-02-10	Lamia	Levadeiakos	3.05	1.48	3.41	2.51	2.60	1.48	3.25	2.35
GRE-SL	2025-02-15	AEK	Atromitos	1.97	2.02	1.25	16.00	1.88	1.98	1.25	15.00
GRE-SL	2025-02-15	OFI Crete	Asteras Tripolis	2.30	1.66	2.36	3.66	2.25	1.62	2.20	3.30
GRE-SL	2025-02-16	Levadeiakos	Aris	2.55	1.56	3.85	2.14	2.40	1.53	3.70	2.05
GRE-SL	2025-02-16	PAOK	Lamia	1.78	2.32	1.18	19.87	1.67	2.15	1.14	19.00
GRE-SL	2025-02-16	Panathinaikos	Volos NFC	1.98	1.94	1.35	10.00	1.93	1.93	1.33	9.50
GRE-SL	2025-02-16	Panetolikos	Athens Kallithea	2.83	1.46	2.56	3.45	2.70	1.44	2.45	3.20
GRE-SL	2025-02-16	Panserraikos	Olympiakos	1.50	2.82	26.00	1.13	1.44	2.70	19.00	1.11
GRE-SL	2025-02-22	Athens Kallithea	OFI Crete	2.04	1.85	2.54	3.10	2.03	1.83	2.40	3.00
GRE-SL	2025-02-22	Atromitos	Panserraikos	2.19	1.79	1.72	6.08	2.08	1.73	1.62	5.50
GRE-SL	2025-02-22	Volos NFC	Levadeiakos	2.60	1.53	2.64	3.16	2.50	1.50	2.55	3.10
GRE-SL	2025-02-23	Aris	Panetolikos	2.25	1.68	1.46	9.50	2.20	1.65	1.44	7.50
GRE-SL	2025-02-23	Asteras Tripolis	AEK	2.11	1.83	7.50	1.48	2.05	1.80	7.50	1.48
GRE-SL	2025-02-23	Lamia	Panathinaikos	1.97	1.99	14.00	1.27	1.93	1.93	13.00	1.25
GRE-SL	2025-02-23	Olympiakos	PAOK	2.09	1.83	1.73	5.50	2.05	1.80	1.70	5.00
GRE-SL	2025-03-01	Panathinaikos	Panetolikos	1.97	2.02	1.27	14.33	1.88	1.98	1.27	13.00
GRE-SL	2025-03-01	Panserraikos	Athens Kallithea	2.14	1.83	2.68	3.28	2.05	1.75	2.55	2.75
GRE-SL	2025-03-01	Volos NFC	Aris	2.42	1.59	3.63	2.27	2.40	1.53	3.50	2.25
GRE-SL	2025-03-02	AEK	Olympiakos	2.59	1.59	2.96	2.90	2.50	1.50	2.80	2.70
GRE-SL	2025-03-02	Levadeiakos	Atromitos	2.90	1.44	2.60	3.47	2.70	1.44	2.50	3.25
GRE-SL	2025-03-02	OFI Crete	Lamia	2.01	1.93	1.44	9.19	1.98	1.88	1.35	8.50
GRE-SL	2025-03-02	PAOK	Asteras Tripolis	1.84	2.08	1.27	15.00	1.72	2.05	1.22	15.00
GRE-SL	2025-03-09	Aris	AEK	2.33	1.65	4.90	1.91	2.25	1.62	4.33	1.90
GRE-SL	2025-03-09	Asteras Tripolis	Panserraikos	2.44	1.58	1.88	5.00	2.40	1.53	1.85	4.75
GRE-SL	2025-03-09	Athens Kallithea	PAOK	1.84	2.11	7.50	1.51	1.75	2.05	7.00	1.50
GRE-SL	2025-03-09	Atromitos	Panathinaikos	2.35	1.63	4.50	2.04	2.25	1.62	4.10	1.85
GRE-SL	2025-03-09	Lamia	Volos NFC	2.50	1.56	5.75	1.78	2.50	1.50	5.75	1.73
GRE-SL	2025-03-09	Olympiakos	OFI Crete	1.63	2.50	1.22	15.00	1.60	2.30	1.22	15.00
GRE-SL	2025-03-09	Panetolikos	Levadeiakos	2.97	1.44	2.39	3.65	2.88	1.40	2.25	3.40
GRE-SL	2025-03-29	Asteras Tripolis	Aris	2.75	1.50	3.55	2.42	2.70	1.44	3.50	2.30
GRE-SL	2025-03-29	Athens Kallithea	Volos NFC	2.34	1.67	2.54	3.37	2.25	1.62	2.45	3.20
GRE-SL	2025-03-29	OFI Crete	Atromitos	2.05	1.84	2.25	3.72	2.05	1.80	2.15	3.30
GRE-SL	2025-03-29	Panetolikos	Levadeiakos	2.90	1.47	2.97	3.00	2.70	1.44	2.80	2.80
GRE-SL	2025-03-30	AEK	PAOK	2.11	1.84	1.90	4.70	2.05	1.80	1.85	4.33
GRE-SL	2025-03-30	Olympiakos	Panathinaikos	2.21	1.73	1.70	5.90	2.15	1.67	1.67	5.50
GRE-SL	2025-03-30	Panserraikos	Lamia	2.25	1.73	1.80	5.52	2.10	1.70	1.70	5.25
GRE-SL	2025-04-05	Aris	OFI Crete	1.75	2.26	1.45	8.50	1.67	2.15	1.40	8.50
GRE-SL	2025-04-05	Lamia	Athens Kallithea	2.46	1.58	3.94	2.14	2.35	1.57	3.90	2.10
GRE-SL	2025-04-05	Levadeiakos	Panserraikos	2.10	1.86	1.75	5.32	2.03	1.83	1.70	5.00
GRE-SL	2025-04-06	PAOK	Olympiakos	2.27	1.67	2.75	2.91	2.25	1.62	2.75	2.80
GRE-SL	2025-04-06	Panathinaikos	AEK	2.36	1.65	3.20	2.55	2.30	1.60	3.20	2.40
GRE-SL	2025-04-06	Volos NFC	Panetolikos	2.76	1.53	1.90	5.20	2.70	1.44	1.85	4.75
GRE-SL	2025-04-07	Atromitos	Asteras Tripolis	2.72	1.52	2.00	4.74	2.60	1.48	1.87	4.33
GRE-SL	2025-04-12	Panetolikos	Lamia	2.75	1.50	1.79	5.86	2.50	1.50	1.75	5.25
GRE-SL	2025-04-12	Panserraikos	Athens Kallithea	2.16	1.78	2.86	2.72	2.08	1.73	2.75	2.63
GRE-SL	2025-04-12	Volos NFC	Levadeiakos	2.54	1.61	1.99	4.75	2.40	1.53	1.95	4.10
GRE-SL	2025-04-13	Aris	Atromitos	2.27	1.68	1.70	5.64	2.15	1.67	1.67	5.00
GRE-SL	2025-04-13	Asteras Tripolis	OFI Crete	2.06	1.84	1.91	4.75	2.05	1.80	1.80	4.50
GRE-SL	2025-04-13	Olympiakos	AEK	2.34	1.73	2.00	4.36	2.25	1.62	1.91	4.00
GRE-SL	2025-04-13	Panathinaikos	PAOK	2.11	1.77	2.28	3.52	2.05	1.75	2.20	3.40
GRE-SL	2025-04-23	Athens Kallithea	Levadeiakos	2.34	1.65	2.68	3.15	2.25	1.62	2.63	2.80
GRE-SL	2025-04-23	Lamia	Volos NFC	2.42	1.60	10.09	1.53	2.30	1.60	7.50	1.42
GRE-SL	2025-04-23	Panserraikos	Panetolikos	2.44	1.61	2.43	3.37	2.35	1.57	2.35	3.20
GRE-SL	2025-04-26	Atromitos	Aris	2.44	1.62	3.98	2.22	2.30	1.60	3.60	2.05
GRE-SL	2025-04-26	OFI Crete	Asteras Tripolis	1.99	1.92	2.88	2.61	1.98	1.88	2.75	2.50
GRE-SL	2025-04-27	AEK	Olympiakos	2.36	1.65	2.38	3.29	2.25	1.62	2.30	3.20
GRE-SL	2025-04-27	PAOK	Panathinaikos	2.04	1.89	2.04	3.91	2.00	1.85	1.95	3.90
GRE-SL	2025-04-28	Levadeiakos	Lamia	1.86	2.06	1.35	11.78	1.83	2.03	1.25	9.50
GRE-SL	2025-04-28	Panetolikos	Athens Kallithea	2.44	1.59	2.79	2.91	2.35	1.54	2.62	2.80
GRE-SL	2025-04-28	Volos NFC	Panserraikos	2.16	1.75	1.42	10.06	2.15	1.67	1.35	8.50
GRE-SL	2025-05-03	Asteras Tripolis	Atromitos	2.35	1.64	70.00	4.33	2.25	1.62	1.85	4.33
GRE-SL	2025-05-03	OFI Crete	Aris	1.78	3.60	15.00	12.00	1.73	2.08	3.90	1.85
GRE-SL	2025-05-04	AEK	Panathinaikos	2.01	1.88	1.93	4.00	1.98	1.88	1.91	4.00
GRE-SL	2025-05-04	Olympiakos	PAOK	1.84	2.05	2.43	3.05	1.75	2.05	2.20	3.00
GRE-SL	2025-05-05	Athens Kallithea	Panetolikos	2.45	1.58	1.86	5.31	2.40	1.53	1.85	5.00
GRE-SL	2025-05-05	Lamia	Levadeiakos	2.28	1.75	7.11	1.60	2.15	1.67	6.00	1.60
GRE-SL	2025-05-05	Panserraikos	Volos NFC	1.92	1.98	1.25	16.00	1.90	1.95	1.20	12.00
GRE-SL	2025-05-10	Aris	Asteras Tripolis	2.00	1.93	1.67	5.50	1.93	1.93	1.65	5.25
GRE-SL	2025-05-10	Atromitos	OFI Crete	1.74	2.25	1.83	4.25	1.62	2.25	1.80	4.10
GRE-SL	2025-05-10	Lamia	Panserraikos	2.05	1.85	5.75	1.69	2.00	1.85	5.00	1.65
GRE-SL	2025-05-10	Levadeiakos	Athens Kallithea	2.33	1.67	2.60	3.05	2.20	1.65	2.60	3.00
GRE-SL	2025-05-10	Panetolikos	Volos NFC	2.07	1.89	8.00	1.53	1.98	1.88	5.50	1.53
GRE-SL	2025-05-11	PAOK	AEK	1.91	2.00	2.12	3.64	1.88	1.98	2.05	3.50
GRE-SL	2025-05-11	Panathinaikos	Olympiakos	1.83	2.09	3.18	2.40	1.75	2.05	2.90	2.35
GRE-SL	2025-05-14	Athens Kallithea	Panserraikos	1.76	2.30	2.13	3.65	1.73	2.08	2.05	3.30
GRE-SL	2025-05-14	Levadeiakos	Panetolikos	2.15	1.74	1.65	6.40	2.15	1.67	1.65	5.75
GRE-SL	2025-05-14	Volos NFC	Lamia	1.67	2.40	1.16	22.00	1.57	2.35	1.14	17.00
GRE-SL	2025-05-18	Lamia	Panetolikos	2.36	1.70	2.55	3.30	2.35	1.57	2.38	3.30
GRE-SL	2025-05-18	Panserraikos	Levadeiakos	1.85	2.03	3.50	2.33	1.80	2.00	3.50	2.10
GRE-SL	2025-05-18	Volos NFC	Athens Kallithea	1.91	2.00	1.83	4.40	1.83	1.98	1.80	4.20
GRE-SL	2025-08-23	Aris	Volos NFC	2.15	1.74	1.72	5.25	2.15	1.67	1.67	4.75
GRE-SL	2025-08-23	Olympiakos	Asteras Tripolis	1.85	2.10	1.22	17.00	1.85	1.95	1.22	17.00
GRE-SL	2025-08-23	Panetolikos	Atromitos	2.55	1.50	3.33	2.50	2.50	1.50	3.20	2.40
GRE-SL	2025-08-24	AEK	Panserraikos	1.58	2.40	1.23	15.00	1.53	2.40	1.18	15.00
GRE-SL	2025-08-24	PAOK	Larisa	1.70	2.23	1.30	11.00	1.70	2.10	1.30	11.00
GRE-SL	2025-08-25	Levadeiakos	Kifisia	2.50	1.64	2.05	4.75	2.50	1.50	1.91	4.75
GRE-SL	2025-08-30	Aris	Panetolikos	2.05	1.80	1.47	8.00	2.05	1.75	1.39	7.50
GRE-SL	2025-08-30	Larisa	Kifisia	2.88	1.43	2.30	4.00	2.88	1.37	2.25	3.50
GRE-SL	2025-08-30	Panserraikos	OFI Crete	2.00	1.83	3.00	2.45	2.00	1.80	3.00	2.25
GRE-SL	2025-08-30	Volos NFC	Olympiakos	1.95	1.85	11.00	1.32	1.95	1.85	11.00	1.30
GRE-SL	2025-08-31	AEK	Asteras Tripolis	1.73	2.10	1.25	13.00	1.70	2.10	1.19	12.00
GRE-SL	2025-08-31	PAOK	Atromitos	1.75	2.08	1.38	8.50	1.73	2.08	1.35	8.00
GRE-SL	2025-08-31	Panathinaikos	Levadeiakos	1.80	2.02	1.40	8.50	1.80	2.00	1.39	7.00
GRE-SL	2025-09-13	Atromitos	Aris	2.55	1.57	3.10	2.55	2.35	1.57	3.10	2.30
GRE-SL	2025-09-13	Olympiakos	Panserraikos	1.40	3.10	1.10	31.00	1.36	3.10	1.07	26.00
GRE-SL	2025-09-13	Panetolikos	Volos NFC	2.45	1.53	2.65	2.80	2.40	1.53	2.57	2.70
GRE-SL	2025-09-14	Asteras Tripolis	Larisa	2.45	1.58	1.90	4.50	2.40	1.53	1.81	4.50
GRE-SL	2025-09-14	Kifisia	Panathinaikos	1.95	1.85	9.50	1.41	1.95	1.85	9.50	1.35
GRE-SL	2025-09-14	Levadeiakos	AEK	2.05	1.78	5.60	1.68	2.05	1.75	5.00	1.62
GRE-SL	2025-09-14	OFI Crete	PAOK	1.67	2.20	8.00	1.47	1.67	2.15	8.00	1.33
GRE-SL	2025-09-20	Kifisia	Aris	2.38	1.62	4.60	1.86	2.25	1.62	4.50	1.76
GRE-SL	2025-09-20	PAOK	Panetolikos	1.73	2.10	1.15	26.00	1.73	2.08	1.11	26.00
GRE-SL	2025-09-20	Panserraikos	Atromitos	2.25	1.73	3.45	2.62	2.08	1.73	3.00	2.57
GRE-SL	2025-09-20	Volos NFC	Asteras Tripolis	2.35	1.60	2.05	4.00	2.35	1.57	2.01	3.60
GRE-SL	2025-09-21	Larisa	AEK	1.98	1.95	7.00	1.47	1.85	1.95	6.50	1.42
GRE-SL	2025-09-21	Levadeiakos	OFI Crete	1.95	1.86	2.00	4.00	1.95	1.85	1.96	3.75
GRE-SL	2025-09-21	Panathinaikos	Olympiakos	2.20	1.67	3.50	2.20	2.15	1.67	3.50	2.15
GRE-SL	2025-09-27	Aris	Panserraikos	1.73	2.10	1.40	9.50	1.70	2.10	1.27	9.00
GRE-SL	2025-09-27	Olympiakos	Levadeiakos	1.70	2.15	1.24	15.00	1.70	2.10	1.24	11.00
GRE-SL	2025-09-28	AEK	Volos NFC	1.73	2.15	1.35	10.00	1.67	2.15	1.27	10.00
GRE-SL	2025-09-28	Asteras Tripolis	PAOK	1.91	1.90	6.00	1.55	1.90	1.90	5.50	1.49
GRE-SL	2025-09-28	OFI Crete	Kifisia	2.20	1.67	2.00	4.00	2.20	1.65	1.91	3.80
GRE-SL	2025-09-28	Panetolikos	Panathinaikos	1.98	1.83	6.33	1.57	1.98	1.83	5.50	1.56
GRE-SL	2025-09-29	Atromitos	Larisa	2.25	1.67	2.08	3.95	2.25	1.62	1.96	3.90
GRE-SL	2025-10-04	Larisa	Volos NFC	2.40	1.57	2.50	3.33	2.40	1.53	2.40	3.25
GRE-SL	2025-10-04	OFI Crete	Aris	2.03	1.84	4.10	1.91	2.03	1.78	3.90	1.86
GRE-SL	2025-10-04	Panserraikos	Asteras Tripolis	2.10	1.70	2.88	2.80	2.10	1.70	2.57	2.70
GRE-SL	2025-10-05	Kifisia	AEK	1.88	1.95	10.00	1.40	1.85	1.95	8.00	1.33
GRE-SL	2025-10-05	Levadeiakos	Panetolikos	2.25	1.62	1.73	5.75	2.25	1.62	1.68	5.00
GRE-SL	2025-10-05	PAOK	Olympiakos	2.15	1.70	3.00	2.65	2.10	1.70	3.00	2.35
GRE-SL	2025-10-05	Panathinaikos	Atromitos	1.78	2.10	1.30	10.50	1.73	2.08	1.27	9.00
GRE-SL	2025-10-18	Atromitos	Levadeiakos	2.25	1.65	3.25	2.30	2.25	1.62	3.20	2.20
GRE-SL	2025-10-18	Larisa	Olympiakos	1.70	2.17	15.00	1.24	1.70	2.10	13.00	1.19
GRE-SL	2025-10-18	Panetolikos	OFI Crete	2.15	1.75	2.75	2.90	2.05	1.75	2.45	2.70
GRE-SL	2025-10-19	AEK	PAOK	1.91	1.90	2.30	3.33	1.90	1.90	2.25	3.30
GRE-SL	2025-10-19	Aris	Panathinaikos	2.17	1.75	4.00	2.14	2.05	1.75	3.90	1.96
GRE-SL	2025-10-19	Asteras Tripolis	Kifisia	2.08	1.75	2.28	3.30	2.08	1.73	2.20	3.30
GRE-SL	2025-10-19	Volos NFC	Panserraikos	1.88	1.93	1.68	5.25	1.88	1.93	1.61	5.25
GRE-SL	2025-10-25	Kifisia	Panetolikos	2.10	1.80	1.80	4.75	2.00	1.80	1.71	4.75
GRE-SL	2025-10-25	OFI Crete	Atromitos	2.00	1.83	2.05	4.00	1.98	1.83	1.96	3.80
GRE-SL	2025-10-25	Panserraikos	Larisa	2.20	1.68	2.33	3.40	2.15	1.67	2.25	3.30
GRE-SL	2025-10-26	Levadeiakos	Aris	2.12	1.70	2.33	3.50	2.10	1.70	2.15	3.30
GRE-SL	2025-10-26	Olympiakos	AEK	2.10	1.73	1.82	4.75	2.08	1.73	1.71	4.75
GRE-SL	2025-10-26	PAOK	Volos NFC	1.63	2.30	1.32	9.50	1.60	2.30	1.27	8.50
GRE-SL	2025-10-26	Panathinaikos	Asteras Tripolis	1.62	2.35	1.25	13.00	1.57	2.35	1.19	12.00
GRE-SL	2025-11-01	Atromitos	Kifisia	2.15	1.70	2.88	2.66	2.10	1.70	2.85	2.50
GRE-SL	2025-11-01	Olympiakos	Aris	1.80	2.05	1.30	12.00	1.75	2.05	1.25	9.50
GRE-SL	2025-11-01	Volos NFC	Panathinaikos	1.98	1.83	5.25	1.70	1.98	1.83	5.25	1.66
GRE-SL	2025-11-02	AEK	Panetolikos	1.62	2.30	1.22	13.00	1.62	2.25	1.19	11.00
GRE-SL	2025-11-02	Larisa	Levadeiakos	2.10	1.79	3.90	2.12	2.05	1.75	3.90	1.96
GRE-SL	2025-11-02	Panserraikos	PAOK	1.57	2.55	15.00	1.20	1.57	2.35	15.00	1.17
GRE-SL	2025-11-03	Asteras Tripolis	OFI Crete	2.00	1.83	2.25	3.60	1.98	1.83	2.05	3.50
GRE-SL	2025-11-08	Panetolikos	Larisa	2.12	1.85	2.17	3.60	1.95	1.85	2.05	3.60
GRE-SL	2025-11-09	Aris	Asteras Tripolis	2.14	1.75	1.77	5.33	2.05	1.75	1.62	5.25
GRE-SL	2025-11-09	Atromitos	Volos NFC	2.30	1.62	2.65	2.95	2.30	1.60	2.65	2.75
GRE-SL	2025-11-09	Kifisia	Olympiakos	1.70	2.10	8.00	1.43	1.70	2.10	7.00	1.42
GRE-SL	2025-11-09	Levadeiakos	Panserraikos	1.73	2.10	1.38	10.50	1.73	2.08	1.27	10.00
GRE-SL	2025-11-09	OFI Crete	AEK	1.71	2.25	8.00	1.42	1.62	2.25	8.00	1.30
GRE-SL	2025-11-09	Panathinaikos	PAOK	2.12	1.83	3.35	2.22	1.98	1.83	3.30	2.10
GRE-SL	2025-11-22	Asteras Tripolis	Panetolikos	2.12	1.73	2.00	5.00	2.10	1.70	1.86	4.50
GRE-SL	2025-11-22	Olympiakos	Atromitos	1.71	2.25	1.30	15.00	1.62	2.25	1.19	15.00
GRE-SL	2025-11-23	AEK	Aris	1.97	1.90	1.48	7.50	1.90	1.90	1.39	7.00
GRE-SL	2025-11-23	PAOK	Kifisia	1.54	2.45	1.23	13.00	1.53	2.40	1.19	9.50
GRE-SL	2025-11-23	Panserraikos	Panathinaikos	1.67	2.20	8.00	1.43	1.67	2.15	7.00	1.42
GRE-SL	2025-11-24	Larisa	OFI Crete	2.00	1.81	2.35	3.40	2.00	1.80	2.10	3.40
GRE-SL	2025-11-24	Volos NFC	Levadeiakos	2.15	1.71	3.20	2.30	2.15	1.67	2.95	2.25
GRE-SL	2025-11-29	Aris	Larisa	1.95	1.88	1.56	6.50	1.93	1.88	1.46	6.50
GRE-SL	2025-11-29	Kifisia	Panserraikos	2.03	1.80	1.65	6.00	2.03	1.78	1.57	6.00
GRE-SL	2025-11-29	OFI Crete	Volos NFC	1.95	1.85	2.50	3.10	1.95	1.85	2.45	2.82
GRE-SL	2025-11-30	Atromitos	Asteras Tripolis	2.33	1.62	2.40	3.40	2.25	1.62	2.35	2.95
GRE-SL	2025-11-30	Levadeiakos	PAOK	1.87	1.95	4.10	1.91	1.85	1.95	4.10	1.86
GRE-SL	2025-11-30	Panathinaikos	AEK	2.25	1.67	2.71	2.80	2.25	1.62	2.65	2.75
GRE-SL	2025-11-30	Panetolikos	Olympiakos	1.90	1.98	12.00	1.28	1.88	1.93	12.00	1.24
GRE-SL	2025-12-06	Olympiakos	OFI Crete	1.34	3.40	1.12	26.00	1.33	3.40	1.05	26.00
GRE-SL	2025-12-06	Volos NFC	Kifisia	1.95	2.00	2.25	3.30	1.95	1.85	2.25	3.05
GRE-SL	2025-12-07	AEK	Atromitos	1.74	2.15	1.24	15.00	1.67	2.15	1.15	15.00
GRE-SL	2025-12-07	Asteras Tripolis	Levadeiakos	2.00	1.80	3.33	2.25	2.00	1.80	3.05	2.10
GRE-SL	2025-12-07	Larisa	Panathinaikos	1.95	1.98	10.00	1.38	1.95	1.85	10.00	1.30
GRE-SL	2025-12-07	PAOK	Aris	2.10	1.77	1.46	9.00	2.08	1.73	1.37	9.00
GRE-SL	2025-12-08	Panserraikos	Panetolikos	2.40	1.58	2.71	2.90	2.40	1.53	2.70	2.70
GRE-SL	2025-12-13	Kifisia	Asteras Tripolis	2.10	1.73	2.08	4.00	2.10	1.70	1.91	3.90
GRE-SL	2025-12-13	Levadeiakos	Larisa	1.85	2.08	1.40	8.50	1.73	2.08	1.35	8.00
GRE-SL	2025-12-13	OFI Crete	Panserraikos	1.90	1.91	1.95	4.25	1.90	1.90	1.86	4.10
GRE-SL	2025-12-14	Aris	Olympiakos	2.05	1.75	6.40	1.60	2.05	1.75	5.50	1.57
GRE-SL	2025-12-14	Atromitos	PAOK	1.75	2.05	7.60	1.43	1.75	2.05	7.50	1.39
GRE-SL	2025-12-14	Panathinaikos	Volos NFC	1.85	2.05	1.35	10.00	1.85	1.95	1.33	10.00
GRE-SL	2025-12-14	Panetolikos	AEK	1.96	1.85	8.50	1.40	1.95	1.85	8.50	1.35
GRE-SL	2025-12-20	Asteras Tripolis	Aris	2.75	1.45	2.71	3.10	2.70	1.44	2.70	2.85
GRE-SL	2025-12-20	Olympiakos	Kifisia	1.45	2.75	1.22	13.00	1.44	2.70	1.15	13.00
GRE-SL	2025-12-20	Volos NFC	Panetolikos	2.20	1.67	1.97	4.40	2.20	1.65	1.86	4.20
GRE-SL	2025-12-21	AEK	OFI Crete	1.50	2.88	1.16	18.00	1.40	2.88	1.10	15.00
GRE-SL	2025-12-21	Larisa	Atromitos	2.40	1.60	3.00	2.63	2.40	1.53	2.85	2.55
GRE-SL	2025-12-21	PAOK	Panathinaikos	2.10	1.70	1.91	4.40	2.10	1.70	1.68	4.10
GRE-SL	2025-12-22	Panserraikos	Levadeiakos	1.95	1.86	6.50	1.56	1.95	1.85	5.50	1.56
GRE-SL	2026-01-10	Atromitos	Olympiakos	1.85	1.95	11.00	1.30	1.85	1.95	10.00	1.25
GRE-SL	2026-01-10	Kifisia	Larisa	2.15	1.68	1.85	4.33	2.15	1.67	1.81	4.20
GRE-SL	2026-01-10	Panetolikos	PAOK	1.77	2.30	10.50	1.32	1.60	2.30	9.00	1.27
GRE-SL	2026-01-11	Aris	AEK	2.28	1.67	4.50	1.95	2.15	1.67	3.90	1.91
GRE-SL	2026-01-11	Levadeiakos	Volos NFC	1.95	1.90	1.58	6.50	1.90	1.90	1.49	6.25
GRE-SL	2026-01-11	OFI Crete	Asteras Tripolis	2.35	1.64	2.63	3.20	2.35	1.57	2.40	3.20
GRE-SL	2026-01-11	Panathinaikos	Panserraikos	1.62	2.40	1.18	18.00	1.53	2.40	1.11	13.00
GRE-SL	2026-01-17	Panserraikos	Kifisia	2.20	1.65	3.80	2.08	2.20	1.65	3.80	1.96
GRE-SL	2026-01-18	AEK	Panathinaikos	2.20	1.68	1.93	4.33	2.15	1.67	1.79	4.33
GRE-SL	2026-01-18	Larisa	Aris	2.50	1.57	4.20	2.05	2.50	1.50	4.20	2.01
GRE-SL	2026-01-18	PAOK	OFI Crete	1.41	2.90	1.17	17.00	1.40	2.88	1.13	12.00
GRE-SL	2026-01-19	Panetolikos	Levadeiakos	2.12	1.76	5.00	1.74	2.10	1.70	5.00	1.66
GRE-SL	2026-01-19	Volos NFC	Atromitos	2.30	1.60	2.20	3.75	2.30	1.60	2.05	3.75
GRE-SL	2026-01-24	Asteras Tripolis	AEK	1.88	2.00	8.00	1.43	1.80	2.00	7.50	1.39
GRE-SL	2026-01-24	Larisa	Panserraikos	2.50	1.53	1.88	5.50	2.50	1.50	1.79	4.50
GRE-SL	2026-01-24	Olympiakos	Volos NFC	1.67	2.45	1.21	17.00	1.67	2.15	1.15	17.00
GRE-SL	2026-01-25	Aris	Levadeiakos	2.50	1.55	2.65	3.00	2.50	1.50	2.50	3.00
GRE-SL	2026-01-25	Atromitos	Panathinaikos	2.60	1.52	4.33	2.05	2.60	1.48	4.33	2.01
GRE-SL	2026-01-25	OFI Crete	Panetolikos	2.05	1.80	1.86	4.50	2.05	1.75	1.81	4.20
GRE-SL	2026-01-31	Atromitos	OFI Crete	2.10	1.76	1.87	5.25	2.10	1.70	1.68	4.75
GRE-SL	2026-01-31	Panetolikos	Aris	2.45	1.65	5.75	1.71	2.40	1.53	5.75	1.66
GRE-SL	2026-01-31	Volos NFC	Larisa	2.50	1.58	2.25	3.85	2.50	1.50	2.25	3.30
GRE-SL	2026-02-01	AEK	Olympiakos	2.08	1.77	2.54	2.90	2.08	1.73	2.50	2.85
GRE-SL	2026-02-01	Levadeiakos	Asteras Tripolis	2.10	1.78	1.81	5.50	2.10	1.70	1.81	4.50
GRE-SL	2026-02-01	PAOK	Panserraikos	1.40	3.10	1.14	29.00	1.36	3.10	1.05	21.00
GRE-SL	2026-02-01	Panathinaikos	Kifisia	2.15	1.73	1.52	7.00	2.10	1.70	1.49	6.50
GRE-SL	2026-02-04	Asteras Tripolis	Olympiakos	1.95	1.97	13.00	1.27	1.95	1.85	11.00	1.25
GRE-SL	2026-02-07	Asteras Tripolis	Volos NFC	2.25	1.70	1.73	5.33	2.25	1.62	1.71	4.75
GRE-SL	2026-02-07	Kifisia	Atromitos	2.25	1.62	2.83	2.66	2.25	1.62	2.75	2.55
GRE-SL	2026-02-07	Larisa	Panetolikos	2.50	1.60	1.90	5.10	2.50	1.50	1.81	4.50
GRE-SL	2026-02-08	Aris	PAOK	2.20	1.67	4.00	2.00	2.20	1.65	3.90	1.96
GRE-SL	2026-02-08	OFI Crete	Levadeiakos	2.10	1.73	3.90	2.25	2.10	1.70	3.90	2.10
GRE-SL	2026-02-08	Olympiakos	Panathinaikos	2.20	1.67	1.46	9.00	2.20	1.65	1.37	8.50
GRE-SL	2026-02-08	Panserraikos	AEK	1.73	2.18	14.00	1.24	1.73	2.08	11.00	1.22
GRE-SL	2026-02-14	Levadeiakos	Olympiakos	2.08	1.87	7.00	1.52	2.08	1.73	6.50	1.49
GRE-SL	2026-02-14	Panetolikos	Asteras Tripolis	2.38	1.57	3.10	2.57	2.35	1.57	2.82	2.55
GRE-SL	2026-02-14	Volos NFC	Aris	2.55	1.54	3.70	2.28	2.50	1.50	3.60	2.25
GRE-SL	2026-02-15	Kifisia	OFI Crete	1.95	1.85	2.15	3.60	1.95	1.85	2.01	3.50
GRE-SL	2026-02-15	PAOK	AEK	2.35	1.68	2.37	3.60	2.20	1.65	2.20	3.60
GRE-SL	2026-02-15	Panathinaikos	Larisa	2.15	1.74	1.46	8.90	2.10	1.70	1.41	8.50
GRE-SL	2026-02-16	Atromitos	Panserraikos	2.20	1.77	1.43	9.50	2.20	1.65	1.35	8.50
GRE-SL	2026-02-21	Asteras Tripolis	Atromitos	2.50	1.53	2.71	2.85	2.50	1.50	2.57	2.82
GRE-SL	2026-02-21	Olympiakos	Panetolikos	1.67	2.30	1.19	17.00	1.67	2.15	1.11	17.00
GRE-SL	2026-02-22	AEK	Levadeiakos	1.88	1.93	1.46	7.50	1.88	1.93	1.42	7.00
GRE-SL	2026-02-22	Aris	Kifisia	2.20	1.67	1.82	5.00	2.15	1.67	1.76	4.50
GRE-SL	2026-02-22	Larisa	PAOK	2.25	1.67	8.00	1.51	2.25	1.62	6.50	1.46
GRE-SL	2026-02-22	OFI Crete	Panathinaikos	2.10	1.77	4.50	1.88	2.10	1.70	4.50	1.79
GRE-SL	2026-02-22	Panserraikos	Volos NFC	2.50	1.65	4.33	2.01	2.50	1.50	3.80	2.01
GRE-SL	2026-02-28	Atromitos	Panetolikos	2.20	1.68	1.75	5.66	2.20	1.65	1.68	5.00
GRE-SL	2026-02-28	Kifisia	Levadeiakos	2.12	1.73	2.60	2.80	2.10	1.70	2.55	2.75
GRE-SL	2026-02-28	OFI Crete	Larisa	2.25	1.62	2.60	3.50	2.25	1.62	2.20	3.50
GRE-SL	2026-03-01	PAOK	Asteras Tripolis	1.75	2.10	1.30	10.75	1.75	2.05	1.27	9.00
GRE-SL	2026-03-01	Panathinaikos	Aris	2.55	1.50	1.81	5.50	2.50	1.50	1.76	5.00
GRE-SL	2026-03-01	Panserraikos	Olympiakos	1.70	2.35	21.00	1.17	1.70	2.10	19.00	1.11
GRE-SL	2026-03-01	Volos NFC	AEK	1.80	2.00	10.50	1.32	1.80	2.00	10.00	1.27
GRE-SL	2026-03-04	Kifisia	PAOK	1.95	1.85	8.50	1.40	1.95	1.85	7.00	1.35
GRE-SL	2026-03-04	Panathinaikos	OFI Crete	1.88	1.97	1.39	9.00	1.88	1.93	1.35	8.00
GRE-SL	2026-03-07	AEK	Larisa	1.62	2.35	1.22	17.00	1.57	2.35	1.13	13.00
GRE-SL	2026-03-07	Aris	Atromitos	2.60	1.56	1.93	4.75	2.60	1.48	1.86	4.33
GRE-SL	2026-03-08	Asteras Tripolis	Panserraikos	2.20	1.67	1.65	5.75	2.20	1.65	1.61	5.00
GRE-SL	2026-03-08	Levadeiakos	Panathinaikos	2.25	1.67	3.30	2.33	2.20	1.65	3.10	2.30
GRE-SL	2026-03-08	Olympiakos	PAOK	2.28	1.66	1.88	4.75	2.25	1.62	1.71	4.33
GRE-SL	2026-03-08	Volos NFC	OFI Crete	2.15	1.78	2.28	3.40	2.15	1.67	2.10	3.40
GRE-SL	2026-03-09	Panetolikos	Kifisia	2.30	1.65	2.90	2.66	2.20	1.65	2.85	2.57
GRE-SL	2026-03-14	Larisa	Asteras Tripolis	2.50	1.57	2.00	4.50	2.40	1.53	1.86	4.50
GRE-SL	2026-03-14	OFI Crete	Olympiakos	1.70	2.20	10.00	1.31	1.70	2.10	9.00	1.27
GRE-SL	2026-03-14	Panserraikos	Aris	2.60	1.55	5.00	1.88	2.50	1.50	4.75	1.79
GRE-SL	2026-03-15	Atromitos	AEK	1.93	1.91	9.00	1.45	1.93	1.88	8.00	1.37
GRE-SL	2026-03-15	Kifisia	Volos NFC	2.25	1.73	2.16	3.75	2.25	1.62	2.10	3.70
GRE-SL	2026-03-15	PAOK	Levadeiakos	1.75	2.10	1.32	11.00	1.75	2.05	1.24	10.00
GRE-SL	2026-03-15	Panathinaikos	Panetolikos	2.05	1.80	1.51	7.30	2.05	1.75	1.49	6.00
GRE-SL	2026-03-22	AEK	Kifisia	1.53	2.55	1.22	17.50	1.53	2.40	1.19	12.00
GRE-SL	2026-03-22	Aris	OFI Crete	2.10	1.80	1.68	6.00	2.10	1.70	1.61	5.50
GRE-SL	2026-03-22	Asteras Tripolis	Panathinaikos	2.25	1.73	6.00	1.66	2.20	1.65	6.00	1.56
GRE-SL	2026-03-22	Levadeiakos	Atromitos	2.25	1.70	2.10	4.00	2.25	1.62	2.01	3.80
GRE-SL	2026-03-22	Olympiakos	Larisa	1.50	2.88	1.12	32.00	1.40	2.88	1.07	26.00
GRE-SL	2026-03-22	Panetolikos	Panserraikos	2.38	1.63	1.88	5.00	2.35	1.57	1.81	4.50
GRE-SL	2026-03-22	Volos NFC	PAOK	1.95	2.02	12.00	1.31	1.95	1.85	11.00	1.27
GRE-SL	2026-04-04	Asteras Tripolis	Larisa	2.33	1.62	2.25	3.75	2.25	1.62	2.05	3.60
GRE-SL	2026-04-04	Kifisia	Panserraikos	2.15	1.73	1.66	6.00	2.15	1.67	1.51	5.75
GRE-SL	2026-04-04	Panetolikos	Atromitos	2.40	1.58	2.75	3.00	2.40	1.53	2.70	2.82
GRE-SL	2026-04-05	Levadeiakos	Aris	2.28	1.67	2.43	3.20	2.15	1.67	2.20	3.20
GRE-SL	2026-04-05	Olympiakos	AEK	2.14	1.73	1.78	5.33	2.08	1.73	1.68	5.25
GRE-SL	2026-04-05	PAOK	Panathinaikos	2.12	1.73	1.68	5.75	2.10	1.70	1.57	5.75
GRE-SL	2026-04-05	Volos NFC	OFI Crete	2.00	1.86	2.28	3.33	1.95	1.85	2.15	3.20
GRE-SL	2026-04-08	Atromitos	Kifisia	2.25	1.67	2.45	3.70	2.25	1.62	2.35	3.00
GRE-SL	2026-04-08	Larisa	Panetolikos	2.50	1.57	2.60	3.30	2.40	1.53	2.55	2.70
GRE-SL	2026-04-08	Panserraikos	Asteras Tripolis	2.60	1.53	3.14	2.55	2.60	1.48	2.85	2.50
GRE-SL	2026-04-18	Aris	Volos NFC	2.10	1.80	1.63	6.50	2.10	1.70	1.57	6.50
GRE-SL	2026-04-18	Atromitos	Larisa	2.40	1.62	1.80	6.00	2.25	1.62	1.61	6.00
GRE-SL	2026-04-18	Kifisia	Asteras Tripolis	2.60	1.57	2.15	3.90	2.60	1.48	2.10	3.90
GRE-SL	2026-04-18	OFI Crete	Levadeiakos	2.05	1.87	3.10	2.45	2.03	1.78	3.00	2.30
GRE-SL	2026-04-18	Panetolikos	Panserraikos	2.42	1.62	1.86	5.00	2.40	1.53	1.81	4.75
GRE-SL	2026-04-19	AEK	PAOK	2.20	1.70	2.12	4.10	2.10	1.70	1.96	4.10
GRE-SL	2026-04-19	Panathinaikos	Olympiakos	2.75	1.50	4.20	2.05	2.70	1.44	4.20	2.01
GRE-SL	2026-04-22	Asteras Tripolis	Panetolikos	2.38	1.57	2.32	3.60	2.35	1.57	2.25	3.30
GRE-SL	2026-04-22	Larisa	Kifisia	2.25	1.67	2.71	2.70	2.25	1.62	2.57	2.57
GRE-SL	2026-04-22	Panserraikos	Atromitos	2.50	1.53	3.66	2.20	2.50	1.50	3.60	2.15
GRE-SL	2026-04-26	Atromitos	Asteras Tripolis	2.45	1.60	2.17	3.75	2.30	1.60	2.10	3.70
GRE-SL	2026-04-26	Kifisia	Panetolikos	2.25	1.65	1.95	4.75	2.20	1.65	1.86	4.33
GRE-SL	2026-04-26	Larisa	Panserraikos	2.40	1.58	1.77	6.25	2.40	1.53	1.62	6.25
GRE-SL	2026-05-02	Asteras Tripolis	Atromitos	2.35	1.62	1.93	4.25	2.35	1.57	1.91	4.10
GRE-SL	2026-05-02	Panetolikos	Kifisia	2.40	1.62	3.10	2.90	2.40	1.53	3.10	2.70
GRE-SL	2026-05-02	Panserraikos	Larisa	2.70	1.57	3.20	2.62	2.70	1.44	3.20	2.45
GRE-SL	2026-05-03	Levadeiakos	Volos NFC	1.73	2.25	1.60	5.66	1.67	2.15	1.56	5.00
GRE-SL	2026-05-03	OFI Crete	Aris	1.89	1.95	3.20	2.30	1.85	1.95	3.10	2.25
GRE-SL	2026-05-03	PAOK	Olympiakos	2.50	1.57	2.95	2.66	2.40	1.53	2.82	2.55
GRE-SL	2026-05-03	Panathinaikos	AEK	2.15	1.70	4.33	2.02	2.15	1.67	4.33	1.86
GRE-SL	2026-05-09	Atromitos	Panetolikos	2.05	1.83	1.96	4.25	1.98	1.83	1.86	4.10
GRE-SL	2026-05-09	Larisa	Asteras Tripolis	2.25	1.67	2.70	2.83	2.20	1.65	2.70	2.70
GRE-SL	2026-05-09	Panserraikos	Kifisia	2.54	1.53	3.60	2.34	2.50	1.50	3.50	2.30
GRE-SL	2026-05-10	AEK	Panathinaikos	1.90	2.00	1.47	7.50	1.80	2.00	1.41	6.50
GRE-SL	2026-05-10	Aris	OFI Crete	1.85	2.00	1.61	7.00	1.80	2.00	1.49	6.50
GRE-SL	2026-05-10	Olympiakos	PAOK	2.00	1.80	1.77	5.20	2.00	1.80	1.66	4.75
GRE-SL	2026-05-10	Volos NFC	Levadeiakos	1.67	2.42	3.30	2.45	1.67	2.15	3.10	2.01
GRE-SL	2026-05-12	Asteras Tripolis	Panserraikos	2.60	1.55	1.84	5.00	2.60	1.48	1.81	5.00
GRE-SL	2026-05-12	Kifisia	Atromitos	2.00	1.81	2.90	3.10	2.00	1.80	2.65	2.65
GRE-SL	2026-05-12	Panetolikos	Larisa	2.30	1.62	2.45	3.25	2.30	1.60	2.45	3.00
GRE-SL	2026-05-13	Levadeiakos	OFI Crete	1.64	2.40	1.77	4.60	1.62	2.25	1.71	4.20
GRE-SL	2026-05-13	Olympiakos	Panathinaikos	1.91	2.00	1.41	8.50	1.80	2.00	1.39	8.00
GRE-SL	2026-05-13	PAOK	AEK	1.93	1.95	1.90	4.25	1.85	1.95	1.81	3.60
GRE-SL	2026-05-13	Volos NFC	Aris	1.90	2.00	3.45	2.22	1.88	1.93	3.20	2.15
GRE-SL	2026-05-16	Asteras Tripolis	Kifisia	2.10	1.80	1.57	7.50	2.08	1.73	1.49	7.00
GRE-SL	2026-05-16	Larisa	Atromitos	2.05	1.95	2.35	3.10	1.85	1.95	2.25	2.85
GRE-SL	2026-05-17	AEK	Olympiakos	2.05	1.85	2.95	2.55	1.95	1.85	2.75	2.55
GRE-SL	2026-05-17	Aris	Levadeiakos	1.91	2.00	2.00	4.33	1.80	2.00	1.91	3.75
GRE-SL	2026-05-17	OFI Crete	Volos NFC	1.50	2.70	1.75	4.35	1.48	2.60	1.68	4.20
GRE-SL	2026-05-17	Panathinaikos	PAOK	1.91	2.00	4.10	2.05	1.85	1.95	4.10	1.79
GRE-SL	2026-05-17	Panserraikos	Panetolikos	2.10	1.80	2.06	5.25	2.05	1.75	1.62	5.25
GRE-SL	2026-05-21	Atromitos	Panserraikos	1.63	2.30	1.37	9.70	1.60	2.30	1.24	9.00
GRE-SL	2026-05-21	Kifisia	Larisa	2.00	1.85	1.90	4.20	1.95	1.85	1.86	4.20
GRE-SL	2026-05-21	Panetolikos	Asteras Tripolis	2.04	1.91	2.35	3.30	1.95	1.85	2.15	3.30
ITA-SA	2024-08-17	Empoli	Monza	2.35	1.73	2.55	3.31	2.20	1.67	2.40	3.10
ITA-SA	2024-08-17	Genoa	Inter	1.92	2.02	8.10	1.51	1.91	1.99	7.00	1.50
ITA-SA	2024-08-17	Milan	Torino	1.90	2.19	1.53	7.41	1.73	2.10	1.53	6.50
ITA-SA	2024-08-17	Parma	Fiorentina	1.99	2.05	3.80	2.20	1.95	1.95	3.50	2.15
ITA-SA	2024-08-18	Bologna	Udinese	2.44	1.66	2.15	4.25	2.30	1.62	2.05	3.90
ITA-SA	2024-08-18	Cagliari	Roma	1.93	2.02	3.97	2.16	1.90	2.00	3.70	2.05
ITA-SA	2024-08-18	Lazio	Venezia	1.94	2.02	1.43	9.55	1.90	2.00	1.40	9.00
ITA-SA	2024-08-18	Verona	Napoli	1.95	2.01	5.57	1.78	1.95	1.95	5.25	1.70
ITA-SA	2024-08-19	Juventus	Como	2.05	2.00	1.58	7.00	2.03	1.87	1.55	6.00
ITA-SA	2024-08-19	Lecce	Atalanta	2.12	1.88	3.81	2.20	2.00	1.80	3.50	2.10
ITA-SA	2024-08-24	Inter	Lecce	1.65	2.43	1.22	17.00	1.57	2.38	1.20	12.00
ITA-SA	2024-08-24	Monza	Genoa	2.47	1.66	2.81	2.96	2.30	1.62	2.63	2.88
ITA-SA	2024-08-24	Parma	Milan	1.63	2.49	5.77	1.66	1.57	2.38	5.25	1.60
ITA-SA	2024-08-24	Udinese	Lazio	2.30	1.75	3.58	2.47	2.20	1.67	3.20	2.35
ITA-SA	2024-08-25	Fiorentina	Venezia	1.82	2.23	1.52	7.50	1.73	2.10	1.45	6.25
ITA-SA	2024-08-25	Napoli	Bologna	2.31	1.80	2.04	4.38	2.30	1.62	1.95	4.20
ITA-SA	2024-08-25	Roma	Empoli	1.94	2.01	1.51	8.25	1.91	1.99	1.48	6.50
ITA-SA	2024-08-25	Torino	Atalanta	2.20	1.87	3.70	2.31	2.10	1.73	3.50	2.25
ITA-SA	2024-08-26	Cagliari	Como	2.17	1.80	2.30	3.55	2.10	1.73	2.25	3.30
ITA-SA	2024-08-26	Verona	Juventus	2.40	1.69	5.00	1.92	2.30	1.62	4.33	1.85
ITA-SA	2024-08-30	Inter	Atalanta	1.74	2.39	1.55	6.68	1.62	2.30	1.50	6.25
ITA-SA	2024-08-30	Venezia	Torino	2.24	1.74	3.53	2.35	2.15	1.67	3.25	2.20
ITA-SA	2024-08-31	Bologna	Empoli	2.35	1.71	1.77	5.70	2.20	1.67	1.70	5.25
ITA-SA	2024-08-31	Lazio	Milan	1.91	2.02	2.90	2.61	1.90	2.00	2.80	2.55
ITA-SA	2024-08-31	Lecce	Cagliari	2.36	1.66	2.36	3.80	2.30	1.62	2.20	3.50
ITA-SA	2024-08-31	Napoli	Parma	1.61	2.47	1.48	8.00	1.57	2.38	1.42	7.50
ITA-SA	2024-09-01	Fiorentina	Monza	2.25	1.85	1.92	5.40	2.20	1.67	1.85	4.33
ITA-SA	2024-09-01	Genoa	Verona	2.43	1.66	2.15	4.10	2.30	1.62	2.05	3.70
ITA-SA	2024-09-01	Juventus	Roma	2.13	1.87	1.80	5.30	2.00	1.80	1.75	5.00
ITA-SA	2024-09-01	Udinese	Como	2.25	1.74	2.36	3.49	2.10	1.73	2.25	3.30
ITA-SA	2024-09-14	Como	Bologna	2.60	1.62	3.13	2.69	2.38	1.57	2.90	2.55
ITA-SA	2024-09-14	Empoli	Juventus	2.37	1.68	6.61	1.66	2.30	1.62	6.00	1.60
ITA-SA	2024-09-14	Milan	Venezia	1.50	2.90	1.29	12.00	1.44	2.75	1.25	11.00
ITA-SA	2024-09-15	Atalanta	Fiorentina	1.92	2.05	1.93	4.83	1.89	2.01	1.80	4.75
ITA-SA	2024-09-15	Cagliari	Napoli	1.87	2.13	4.80	1.83	1.80	2.00	4.50	1.75
ITA-SA	2024-09-15	Genoa	Roma	2.25	1.75	3.69	2.26	2.20	1.67	3.30	2.20
ITA-SA	2024-09-15	Monza	Inter	1.85	2.12	9.80	1.41	1.80	2.00	8.00	1.38
ITA-SA	2024-09-15	Torino	Lecce	2.48	1.68	1.99	4.80	2.30	1.62	1.91	4.10
ITA-SA	2024-09-16	Lazio	Verona	2.02	2.01	1.59	6.70	1.98	1.92	1.55	6.25
ITA-SA	2024-09-16	Parma	Udinese	2.03	1.91	2.30	3.45	1.99	1.91	2.20	3.25
ITA-SA	2024-09-20	Cagliari	Empoli	2.31	1.69	2.15	4.00	2.20	1.67	2.00	4.00
ITA-SA	2024-09-20	Verona	Torino	2.88	1.54	2.98	2.95	2.75	1.44	2.80	2.75
ITA-SA	2024-09-21	Juventus	Napoli	2.38	1.69	2.51	3.35	2.30	1.62	2.38	3.10
ITA-SA	2024-09-21	Lecce	Parma	1.97	2.07	2.16	3.75	1.95	1.95	2.10	3.60
ITA-SA	2024-09-21	Venezia	Genoa	2.31	1.72	3.13	2.70	2.20	1.67	2.88	2.63
ITA-SA	2024-09-22	Fiorentina	Lazio	2.16	1.87	2.50	3.32	2.07	1.83	2.30	3.00
ITA-SA	2024-09-22	Inter	Milan	1.78	2.21	1.73	5.72	1.73	2.10	1.67	5.25
ITA-SA	2024-09-22	Monza	Bologna	2.86	1.58	3.32	2.66	2.75	1.44	3.10	2.60
ITA-SA	2024-09-22	Roma	Udinese	1.91	2.05	1.73	5.30	1.88	2.02	1.70	4.50
ITA-SA	2024-09-24	Atalanta	Como	1.75	2.28	1.55	7.00	1.67	2.20	1.53	5.75
ITA-SA	2024-09-27	Milan	Lecce	1.51	2.88	1.33	11.00	1.50	2.63	1.29	9.50
ITA-SA	2024-09-28	Bologna	Atalanta	2.29	1.79	3.08	2.73	2.20	1.67	2.80	2.63
ITA-SA	2024-09-28	Genoa	Juventus	2.73	1.54	5.80	1.85	2.63	1.50	5.25	1.80
ITA-SA	2024-09-28	Udinese	Inter	1.79	2.31	8.20	1.47	1.73	2.10	7.00	1.45
ITA-SA	2024-09-29	Como	Verona	2.24	1.81	1.98	4.50	2.10	1.73	1.95	4.20
ITA-SA	2024-09-29	Empoli	Fiorentina	2.20	1.81	3.65	2.31	2.10	1.73	3.30	2.20
ITA-SA	2024-09-29	Napoli	Monza	1.80	2.23	1.35	12.24	1.73	2.10	1.30	9.00
ITA-SA	2024-09-29	Roma	Venezia	1.77	2.20	1.51	8.50	1.73	2.10	1.50	6.50
ITA-SA	2024-09-29	Torino	Lazio	2.35	1.73	3.23	2.62	2.20	1.67	3.00	2.50
ITA-SA	2024-09-30	Parma	Cagliari	1.80	2.20	2.08	3.92	1.73	2.10	1.95	3.70
ITA-SA	2024-10-04	Napoli	Como	1.83	2.20	1.54	7.00	1.80	2.00	1.53	6.00
ITA-SA	2024-10-04	Verona	Venezia	2.20	1.81	2.67	3.06	2.10	1.73	2.55	2.88
ITA-SA	2024-10-05	Atalanta	Genoa	1.71	2.47	1.48	8.19	1.62	2.30	1.40	7.50
ITA-SA	2024-10-05	Inter	Torino	1.74	2.30	1.35	10.80	1.67	2.20	1.33	10.00
ITA-SA	2024-10-05	Udinese	Lecce	2.47	1.66	2.72	3.23	2.30	1.62	2.55	3.00
ITA-SA	2024-10-06	Bologna	Parma	1.82	2.17	2.06	3.96	1.73	2.10	1.95	3.70
ITA-SA	2024-10-06	Fiorentina	Milan	1.72	2.30	3.78	2.11	1.67	2.20	3.30	2.05
ITA-SA	2024-10-06	Juventus	Cagliari	1.98	2.00	1.55	8.60	1.93	1.97	1.50	6.50
ITA-SA	2024-10-06	Lazio	Empoli	2.13	1.89	1.64	6.50	2.04	1.86	1.55	6.25
ITA-SA	2024-10-06	Monza	Roma	2.38	1.74	4.45	2.08	2.20	1.67	4.10	1.95
ITA-SA	2024-10-19	Como	Parma	1.63	2.45	1.91	4.80	1.57	2.38	1.75	4.50
ITA-SA	2024-10-19	Genoa	Bologna	2.38	1.72	4.43	2.10	2.20	1.67	4.20	1.95
ITA-SA	2024-10-19	Juventus	Lazio	2.43	1.73	2.18	4.19	2.30	1.62	2.10	3.75
ITA-SA	2024-10-19	Milan	Udinese	1.62	2.50	1.41	9.10	1.57	2.38	1.36	9.00
ITA-SA	2024-10-20	Cagliari	Torino	2.35	1.71	2.57	3.50	2.20	1.67	2.40	3.30
ITA-SA	2024-10-20	Empoli	Napoli	2.16	1.82	6.14	1.73	2.10	1.73	5.75	1.67
ITA-SA	2024-10-20	Lecce	Fiorentina	2.33	1.77	3.49	2.40	2.20	1.67	3.30	2.30
ITA-SA	2024-10-20	Roma	Inter	1.88	2.10	4.52	2.01	1.87	2.03	4.00	1.95
ITA-SA	2024-10-20	Venezia	Atalanta	1.61	2.51	6.90	1.52	1.57	2.38	6.25	1.48
ITA-SA	2024-10-21	Verona	Monza	2.38	1.68	2.45	3.60	2.30	1.62	2.35	3.40
ITA-SA	2024-10-25	Torino	Como	2.34	1.72	2.83	3.12	2.20	1.67	2.63	2.90
ITA-SA	2024-10-25	Udinese	Cagliari	2.21	1.79	2.29	3.78	2.10	1.73	2.20	3.50
ITA-SA	2024-10-26	Atalanta	Verona	1.59	2.57	1.33	12.44	1.57	2.38	1.24	12.00
ITA-SA	2024-10-26	Napoli	Lecce	1.86	2.11	1.36	11.90	1.84	2.06	1.29	11.00
ITA-SA	2024-10-27	Fiorentina	Roma	2.13	1.85	2.60	3.07	2.08	1.82	2.40	3.00
ITA-SA	2024-10-27	Inter	Juventus	2.28	1.79	1.86	5.10	2.10	1.73	1.75	4.75
ITA-SA	2024-10-27	Lazio	Genoa	1.90	2.08	1.47	8.15	1.85	2.05	1.42	7.50
ITA-SA	2024-10-27	Monza	Venezia	2.14	1.85	2.20	3.76	2.00	1.80	2.10	3.60
ITA-SA	2024-10-27	Parma	Empoli	1.88	2.10	2.23	3.64	1.85	2.05	2.20	3.30
ITA-SA	2024-10-29	Cagliari	Bologna	2.10	1.92	3.38	2.41	2.00	1.90	3.20	2.25
ITA-SA	2024-10-29	Lecce	Verona	2.34	1.72	2.36	3.64	2.20	1.67	2.25	3.50
ITA-SA	2024-10-29	Milan	Napoli	2.05	2.00	2.91	2.80	2.05	1.85	2.75	2.63
ITA-SA	2024-10-30	Atalanta	Monza	1.71	2.36	1.33	12.19	1.67	2.20	1.30	9.50
ITA-SA	2024-10-30	Empoli	Inter	1.88	2.10	9.10	1.43	1.86	2.04	8.50	1.40
ITA-SA	2024-10-30	Juventus	Parma	1.66	2.49	1.47	7.70	1.57	2.38	1.44	6.50
ITA-SA	2024-10-30	Venezia	Udinese	2.29	1.73	2.81	2.94	2.20	1.67	2.63	2.70
ITA-SA	2024-10-31	Como	Lazio	2.07	1.90	3.37	2.52	2.05	1.85	3.10	2.40
ITA-SA	2024-10-31	Genoa	Fiorentina	2.07	1.89	5.60	1.72	2.04	1.86	5.00	1.70
ITA-SA	2024-10-31	Roma	Torino	2.46	1.80	1.88	5.01	2.20	1.67	1.75	4.75
ITA-SA	2024-11-02	Bologna	Lecce	2.29	1.87	1.87	6.20	2.00	1.80	1.75	5.00
ITA-SA	2024-11-02	Monza	Milan	1.99	2.00	6.44	1.70	1.99	1.91	6.00	1.62
ITA-SA	2024-11-02	Udinese	Juventus	2.38	1.68	4.87	2.15	2.30	1.62	3.90	2.10
ITA-SA	2024-11-03	Inter	Venezia	1.39	3.62	1.21	16.80	1.33	3.40	1.17	15.00
ITA-SA	2024-11-03	Napoli	Atalanta	2.13	1.92	2.35	3.61	2.00	1.80	2.25	3.30
ITA-SA	2024-11-03	Torino	Fiorentina	2.36	1.75	3.95	2.27	2.30	1.62	3.60	2.20
ITA-SA	2024-11-03	Verona	Roma	2.13	1.87	5.31	1.89	2.00	1.80	5.00	1.75
ITA-SA	2024-11-04	Empoli	Como	2.71	1.57	2.99	2.91	2.63	1.50	2.88	2.70
ITA-SA	2024-11-04	Lazio	Cagliari	1.82	2.25	1.58	6.89	1.73	2.10	1.55	6.50
ITA-SA	2024-11-04	Parma	Genoa	1.82	2.20	1.85	5.00	1.73	2.10	1.80	4.20
ITA-SA	2024-11-07	Genoa	Como	2.43	1.66	3.38	2.51	2.30	1.62	3.30	2.45
ITA-SA	2024-11-08	Lecce	Empoli	3.08	1.47	2.37	4.00	3.00	1.40	2.25	3.60
ITA-SA	2024-11-09	Cagliari	Milan	1.67	2.41	5.30	1.72	1.62	2.30	5.00	1.65
ITA-SA	2024-11-09	Juventus	Torino	2.75	1.54	1.62	8.05	2.63	1.50	1.57	7.00
ITA-SA	2024-11-09	Venezia	Parma	1.65	2.45	2.26	3.36	1.62	2.30	2.15	3.20
ITA-SA	2024-11-10	Atalanta	Udinese	1.94	2.06	1.50	8.25	1.92	1.98	1.45	7.00
ITA-SA	2024-11-10	Fiorentina	Verona	1.89	2.25	1.53	7.50	1.73	2.10	1.48	6.00
ITA-SA	2024-11-10	Inter	Napoli	1.98	2.00	1.85	4.80	1.95	1.95	1.80	4.33
ITA-SA	2024-11-10	Monza	Lazio	2.36	1.69	5.60	1.84	2.30	1.62	5.25	1.75
ITA-SA	2024-11-10	Roma	Bologna	2.43	1.66	2.26	3.89	2.30	1.62	2.15	3.50
ITA-SA	2024-11-23	Milan	Juventus	2.21	1.79	2.44	3.41	2.10	1.73	2.30	3.10
ITA-SA	2024-11-23	Parma	Atalanta	1.56	2.69	6.37	1.61	1.50	2.63	5.25	1.54
ITA-SA	2024-11-23	Verona	Inter	1.91	2.22	8.26	1.49	1.87	2.03	6.50	1.45
ITA-SA	2024-11-24	Como	Fiorentina	2.02	1.98	4.36	2.07	1.95	1.95	4.10	1.91
ITA-SA	2024-11-24	Genoa	Cagliari	2.07	1.90	2.64	3.27	2.02	1.88	2.55	2.88
ITA-SA	2024-11-24	Lazio	Bologna	2.13	1.87	1.85	5.01	2.00	1.80	1.80	4.50
ITA-SA	2024-11-24	Napoli	Roma	2.23	1.81	1.81	6.00	2.10	1.73	1.67	5.50
ITA-SA	2024-11-24	Torino	Monza	2.85	1.54	2.19	4.33	2.63	1.50	2.05	4.20
ITA-SA	2024-11-25	Empoli	Udinese	2.86	1.52	3.23	2.90	2.75	1.44	2.90	2.75
ITA-SA	2024-11-25	Venezia	Lecce	2.29	1.78	2.31	3.80	2.10	1.73	2.10	3.70
ITA-SA	2024-11-29	Cagliari	Verona	1.92	2.13	2.01	4.30	1.80	2.00	1.90	4.10
ITA-SA	2024-11-30	Bologna	Venezia	2.28	1.74	1.94	4.90	2.20	1.67	1.85	4.50
ITA-SA	2024-11-30	Como	Monza	2.23	1.87	2.16	4.62	2.04	1.86	1.90	4.20
ITA-SA	2024-11-30	Milan	Empoli	1.84	2.14	1.36	11.00	1.80	2.00	1.33	10.00
ITA-SA	2024-12-01	Lecce	Juventus	2.72	1.54	6.99	1.69	2.63	1.50	6.50	1.62
ITA-SA	2024-12-01	Parma	Lazio	1.80	2.24	4.95	1.81	1.68	2.05	4.75	1.73
ITA-SA	2024-12-01	Torino	Napoli	2.50	1.61	6.40	1.75	2.32	1.53	5.50	1.67
ITA-SA	2024-12-01	Udinese	Genoa	2.29	1.80	2.03	4.35	2.10	1.73	1.95	4.00
ITA-SA	2024-12-02	Roma	Atalanta	1.99	2.00	3.70	2.20	1.98	1.92	3.50	2.10
ITA-SA	2024-12-06	Atalanta	Milan	1.86	2.32	2.23	3.90	1.80	2.00	2.05	3.60
ITA-SA	2024-12-06	Inter	Parma	1.36	3.80	1.22	15.00	1.33	3.40	1.20	13.00
ITA-SA	2024-12-07	Genoa	Torino	2.75	1.55	2.59	3.35	2.75	1.44	2.50	3.10
ITA-SA	2024-12-07	Juventus	Bologna	2.66	1.60	1.86	5.70	2.63	1.50	1.75	5.50
ITA-SA	2024-12-07	Roma	Lecce	2.23	1.86	1.57	7.90	2.00	1.80	1.50	7.00
ITA-SA	2024-12-08	Fiorentina	Cagliari	1.78	2.29	1.60	6.44	1.73	2.10	1.55	5.75
ITA-SA	2024-12-08	Napoli	Lazio	2.16	1.87	1.91	5.13	2.00	1.80	1.80	4.75
ITA-SA	2024-12-08	Venezia	Como	1.95	2.01	2.93	2.77	1.91	1.99	2.80	2.70
ITA-SA	2024-12-08	Verona	Empoli	2.58	1.59	2.85	3.25	2.50	1.53	2.63	3.20
ITA-SA	2024-12-09	Monza	Udinese	2.72	1.55	2.82	3.11	2.63	1.50	2.75	2.88
ITA-SA	2024-12-13	Empoli	Torino	3.10	1.44	2.67	3.43	3.00	1.40	2.55	3.25
ITA-SA	2024-12-14	Cagliari	Atalanta	1.81	2.25	6.25	1.62	1.73	2.10	5.25	1.57
ITA-SA	2024-12-14	Juventus	Venezia	1.97	2.00	1.42	10.30	1.95	1.95	1.38	8.50
ITA-SA	2024-12-14	Udinese	Napoli	2.34	1.78	5.75	1.76	2.20	1.67	5.50	1.70
ITA-SA	2024-12-15	Bologna	Fiorentina	2.31	1.72	2.86	2.92	2.20	1.67	2.70	2.80
ITA-SA	2024-12-15	Como	Roma	2.02	1.92	4.06	2.25	2.01	1.89	3.80	2.00
ITA-SA	2024-12-15	Lecce	Monza	2.50	1.76	2.88	3.14	2.20	1.67	2.63	2.80
ITA-SA	2024-12-15	Milan	Genoa	2.06	1.98	1.57	7.50	2.04	1.86	1.53	6.00
ITA-SA	2024-12-15	Parma	Verona	1.88	2.12	2.15	4.02	1.85	2.05	2.05	3.60
ITA-SA	2024-12-16	Lazio	Inter	2.13	1.89	3.69	2.25	2.08	1.82	3.50	2.15
ITA-SA	2024-12-20	Verona	Milan	1.82	2.25	6.00	1.66	1.80	2.00	5.25	1.62
ITA-SA	2024-12-21	Genoa	Napoli	2.40	1.67	6.12	1.75	2.30	1.62	5.50	1.70
ITA-SA	2024-12-21	Lecce	Lazio	1.90	2.09	6.22	1.65	1.86	2.04	5.75	1.57
ITA-SA	2024-12-21	Torino	Bologna	2.75	1.54	3.72	2.50	2.63	1.50	3.60	2.38
ITA-SA	2024-12-22	Atalanta	Empoli	1.62	2.62	1.30	11.00	1.53	2.50	1.27	11.00
ITA-SA	2024-12-22	Monza	Juventus	2.21	1.79	7.50	1.61	2.10	1.73	6.50	1.57
ITA-SA	2024-12-22	Roma	Parma	1.55	2.78	1.51	8.89	1.44	2.75	1.36	8.50
ITA-SA	2024-12-22	Venezia	Cagliari	2.02	1.95	2.71	3.00	1.99	1.91	2.50	2.88
ITA-SA	2024-12-23	Fiorentina	Udinese	1.83	2.11	1.66	6.31	1.80	2.00	1.57	5.75
ITA-SA	2024-12-23	Inter	Como	1.67	2.44	1.36	11.00	1.62	2.30	1.33	9.50
ITA-SA	2024-12-28	Cagliari	Inter	1.71	2.33	8.50	1.42	1.67	2.20	7.50	1.40
ITA-SA	2024-12-28	Empoli	Genoa	2.79	1.55	2.65	3.41	2.63	1.50	2.63	3.20
ITA-SA	2024-12-28	Lazio	Atalanta	2.10	1.93	3.37	2.48	2.00	1.80	3.10	2.40
ITA-SA	2024-12-28	Parma	Monza	2.05	2.04	2.66	2.96	1.95	1.95	2.60	2.88
ITA-SA	2024-12-29	Juventus	Fiorentina	2.36	1.79	1.95	5.10	2.10	1.73	1.85	4.50
ITA-SA	2024-12-29	Milan	Roma	2.20	1.92	2.43	3.46	2.10	1.73	2.30	3.30
ITA-SA	2024-12-29	Napoli	Venezia	1.72	2.32	1.30	13.55	1.67	2.20	1.27	11.00
ITA-SA	2024-12-29	Udinese	Torino	2.55	1.66	2.35	3.90	2.30	1.62	2.25	3.60
ITA-SA	2024-12-30	Bologna	Verona	2.03	1.90	1.55	8.36	2.00	1.90	1.53	6.50
ITA-SA	2024-12-30	Como	Lecce	2.05	1.88	1.70	6.02	2.02	1.88	1.62	5.75
ITA-SA	2025-01-04	Fiorentina	Napoli	2.48	1.70	3.86	2.56	2.30	1.62	3.60	2.25
ITA-SA	2025-01-04	Venezia	Empoli	2.38	1.67	2.68	3.06	2.30	1.62	2.63	3.00
ITA-SA	2025-01-04	Verona	Udinese	2.30	1.74	3.33	2.64	2.30	1.62	3.20	2.50
ITA-SA	2025-01-05	Lecce	Genoa	2.61	1.58	3.04	2.80	2.50	1.53	2.88	2.70
ITA-SA	2025-01-05	Monza	Cagliari	2.23	1.88	2.50	3.43	2.03	1.87	2.38	3.25
ITA-SA	2025-01-05	Roma	Lazio	2.25	1.81	2.64	3.21	2.10	1.73	2.55	3.00
ITA-SA	2025-01-05	Torino	Parma	2.00	1.95	1.82	5.25	1.98	1.92	1.73	5.25
ITA-SA	2025-01-10	Lazio	Como	2.02	2.00	2.06	4.41	1.95	1.83	2.00	3.80
ITA-SA	2025-01-11	Empoli	Lecce	2.47	1.62	2.10	4.52	2.38	1.57	2.00	4.20
ITA-SA	2025-01-11	Milan	Cagliari	1.63	2.62	1.37	11.00	1.53	2.50	1.33	8.50
ITA-SA	2025-01-11	Torino	Juventus	3.06	1.47	4.71	2.14	3.00	1.40	4.20	2.05
ITA-SA	2025-01-11	Udinese	Atalanta	2.07	2.01	6.39	1.68	2.04	1.89	5.75	1.65
ITA-SA	2025-01-12	Bologna	Roma	2.16	1.79	2.81	2.93	2.10	1.73	2.63	2.80
ITA-SA	2025-01-12	Genoa	Parma	2.02	2.00	2.03	4.24	1.95	1.95	1.95	4.20
ITA-SA	2025-01-12	Napoli	Verona	1.83	2.12	1.36	12.00	1.80	2.00	1.33	10.00
ITA-SA	2025-01-12	Venezia	Inter	1.73	2.41	10.60	1.35	1.57	2.38	10.00	1.33
ITA-SA	2025-01-13	Monza	Fiorentina	2.15	1.87	4.65	1.95	2.10	1.73	4.33	1.87
ITA-SA	2025-01-14	Atalanta	Juventus	2.42	1.67	2.21	4.08	2.30	1.62	2.10	3.75
ITA-SA	2025-01-14	Como	Milan	1.88	2.10	4.83	1.88	1.87	2.03	4.50	1.80
ITA-SA	2025-01-15	Inter	Bologna	1.92	2.04	1.56	7.50	1.90	2.00	1.53	6.50
ITA-SA	2025-01-17	Roma	Genoa	2.02	1.92	1.50	8.92	2.01	1.89	1.45	7.00
ITA-SA	2025-01-18	Atalanta	Napoli	2.25	1.80	2.46	3.63	2.20	1.67	2.20	3.40
ITA-SA	2025-01-18	Bologna	Monza	2.19	1.81	1.66	6.94	2.10	1.73	1.55	6.50
ITA-SA	2025-01-18	Juventus	Milan	2.33	1.74	2.48	3.35	2.20	1.67	2.35	3.30
ITA-SA	2025-01-19	Cagliari	Lecce	2.13	1.87	2.12	4.60	2.03	1.87	1.91	4.10
ITA-SA	2025-01-19	Fiorentina	Torino	2.31	1.80	1.80	5.45	2.10	1.73	1.75	5.25
ITA-SA	2025-01-19	Inter	Empoli	1.70	2.34	1.37	11.73	1.67	2.20	1.33	11.00
ITA-SA	2025-01-19	Parma	Venezia	1.86	2.16	2.25	3.50	1.85	2.05	2.15	3.30
ITA-SA	2025-01-19	Verona	Lazio	2.02	1.95	5.40	1.82	1.99	1.91	5.00	1.75
ITA-SA	2025-01-20	Como	Udinese	2.12	1.88	2.22	3.76	2.00	1.80	2.10	3.60
ITA-SA	2025-01-24	Torino	Cagliari	2.49	1.65	2.35	3.75	2.30	1.62	2.25	3.50
ITA-SA	2025-01-25	Como	Atalanta	1.83	2.15	4.42	1.96	1.80	2.00	4.10	1.90
ITA-SA	2025-01-25	Empoli	Bologna	2.49	1.63	4.15	2.13	2.38	1.57	3.75	2.10
ITA-SA	2025-01-25	Napoli	Juventus	2.55	1.58	2.70	3.50	2.50	1.53	2.50	3.30
ITA-SA	2025-01-26	Lazio	Fiorentina	2.02	2.02	2.20	3.80	2.01	1.89	2.10	3.50
ITA-SA	2025-01-26	Lecce	Inter	1.79	2.22	10.50	1.38	1.73	2.10	9.50	1.36
ITA-SA	2025-01-26	Milan	Parma	1.38	3.32	1.30	10.79	1.36	3.20	1.29	9.00
ITA-SA	2025-01-26	Udinese	Roma	2.16	1.88	3.21	2.54	2.10	1.73	2.90	2.50
ITA-SA	2025-01-27	Genoa	Monza	2.51	1.60	2.35	3.75	2.50	1.53	2.30	3.50
ITA-SA	2025-01-27	Venezia	Verona	1.94	2.10	2.36	3.37	1.88	2.02	2.20	3.30
ITA-SA	2025-01-31	Parma	Lecce	2.08	2.05	2.55	3.50	2.04	1.86	2.50	3.00
ITA-SA	2025-02-01	Atalanta	Torino	2.02	2.02	1.60	7.00	2.00	1.90	1.53	6.50
ITA-SA	2025-02-01	Bologna	Como	2.12	1.88	2.02	4.59	2.00	1.80	1.95	3.90
ITA-SA	2025-02-01	Monza	Verona	2.28	1.73	2.56	3.38	2.20	1.67	2.40	3.25
ITA-SA	2025-02-01	Udinese	Venezia	2.11	2.01	1.83	5.34	1.92	1.98	1.75	5.00
ITA-SA	2025-02-02	Fiorentina	Genoa	2.04	1.93	1.95	4.88	2.00	1.90	1.90	4.10
ITA-SA	2025-02-02	Juventus	Empoli	1.96	2.21	1.43	8.90	1.73	2.10	1.40	7.50
ITA-SA	2025-02-02	Milan	Inter	1.91	2.10	4.68	1.95	1.87	2.03	4.33	1.85
ITA-SA	2025-02-02	Roma	Napoli	2.25	1.80	3.77	2.31	2.20	1.67	3.40	2.20
ITA-SA	2025-02-03	Cagliari	Lazio	1.90	2.10	4.23	2.08	1.87	2.03	3.80	2.00
ITA-SA	2025-02-06	Fiorentina	Inter	2.11	1.97	4.18	2.10	1.95	1.95	3.90	1.95
ITA-SA	2025-02-07	Como	Juventus	2.12	1.88	4.00	2.29	2.00	1.80	3.40	2.20
ITA-SA	2025-02-08	Empoli	Milan	1.78	2.23	5.60	1.74	1.73	2.10	4.75	1.67
ITA-SA	2025-02-08	Torino	Genoa	2.90	1.52	2.48	3.73	2.63	1.50	2.38	3.40
ITA-SA	2025-02-08	Verona	Atalanta	1.85	2.22	8.57	1.53	1.80	2.00	8.00	1.42
ITA-SA	2025-02-09	Cagliari	Parma	1.84	2.24	2.00	4.50	1.73	2.10	1.91	3.90
ITA-SA	2025-02-09	Lazio	Monza	1.71	2.51	1.38	12.00	1.57	2.38	1.30	10.00
ITA-SA	2025-02-09	Lecce	Bologna	2.47	1.70	5.70	2.07	2.38	1.57	4.20	2.00
ITA-SA	2025-02-09	Napoli	Udinese	2.05	2.01	1.49	8.51	2.02	1.88	1.45	8.00
ITA-SA	2025-02-09	Venezia	Roma	1.92	2.14	4.70	1.95	1.89	2.01	4.20	1.90
ITA-SA	2025-02-10	Inter	Fiorentina	1.83	2.30	1.51	7.30	1.80	2.00	1.48	6.50
ITA-SA	2025-02-14	Bologna	Torino	2.57	1.60	1.80	5.91	2.50	1.53	1.73	5.50
ITA-SA	2025-02-15	Atalanta	Cagliari	1.81	2.22	1.56	6.80	1.80	2.00	1.53	6.00
ITA-SA	2025-02-15	Lazio	Napoli	2.40	1.73	2.61	3.51	2.30	1.62	2.30	3.30
ITA-SA	2025-02-15	Milan	Verona	1.66	2.43	1.39	10.10	1.62	2.30	1.33	9.50
ITA-SA	2025-02-16	Fiorentina	Como	2.19	1.81	2.50	3.37	2.10	1.73	2.38	3.10
ITA-SA	2025-02-16	Juventus	Inter	2.14	1.88	4.01	2.17	2.04	1.86	3.75	2.10
ITA-SA	2025-02-16	Monza	Lecce	2.60	1.62	2.97	2.86	2.38	1.57	2.75	2.70
ITA-SA	2025-02-16	Parma	Roma	1.87	2.10	4.02	2.20	1.80	2.00	3.75	2.00
ITA-SA	2025-02-16	Udinese	Empoli	2.36	1.80	1.96	4.62	2.10	1.73	1.90	4.33
ITA-SA	2025-02-17	Genoa	Venezia	2.47	1.65	1.89	5.28	2.38	1.57	1.80	5.00
ITA-SA	2025-02-21	Lecce	Udinese	2.44	1.66	3.15	2.75	2.30	1.62	2.90	2.63
ITA-SA	2025-02-22	Inter	Genoa	1.82	2.21	1.35	12.00	1.76	1.96	1.33	10.00
ITA-SA	2025-02-22	Parma	Bologna	2.02	2.01	5.07	1.95	2.00	1.90	4.75	1.72
ITA-SA	2025-02-22	Torino	Milan	1.95	2.11	4.30	1.99	1.80	2.00	3.90	1.85
ITA-SA	2025-02-22	Venezia	Lazio	1.98	2.06	6.06	1.68	1.97	1.93	5.75	1.57
ITA-SA	2025-02-23	Cagliari	Juventus	2.19	1.80	4.93	1.92	2.10	1.73	4.50	1.83
ITA-SA	2025-02-23	Como	Napoli	2.49	1.85	3.88	2.38	2.38	1.57	3.60	2.30
ITA-SA	2025-02-23	Empoli	Atalanta	1.74	2.32	7.03	1.52	1.67	2.20	6.50	1.48
ITA-SA	2025-02-23	Verona	Fiorentina	2.51	1.83	4.10	2.13	2.30	1.62	3.60	2.05
ITA-SA	2025-02-24	Roma	Monza	1.79	2.29	1.33	13.00	1.73	2.10	1.25	11.00
ITA-SA	2025-02-27	Bologna	Milan	2.06	1.88	3.05	2.64	2.04	1.86	3.00	2.40
ITA-SA	2025-02-28	Fiorentina	Lecce	2.56	1.63	1.96	5.01	2.50	1.53	1.91	4.75
ITA-SA	2025-03-01	Atalanta	Venezia	1.51	2.85	1.23	17.00	1.50	2.63	1.18	15.00
ITA-SA	2025-03-01	Napoli	Inter	2.27	1.80	3.30	2.57	2.10	1.73	2.90	2.50
ITA-SA	2025-03-01	Udinese	Parma	1.93	2.06	1.94	4.68	1.90	2.00	1.85	4.33
ITA-SA	2025-03-02	Bologna	Cagliari	2.27	1.75	1.80	5.91	2.20	1.67	1.70	5.00
ITA-SA	2025-03-02	Genoa	Empoli	2.40	1.66	2.01	5.01	2.30	1.62	1.90	4.50
ITA-SA	2025-03-02	Milan	Lazio	1.81	2.21	2.25	3.66	1.73	2.10	2.15	3.40
ITA-SA	2025-03-02	Monza	Torino	2.40	1.70	4.80	2.00	2.30	1.62	4.50	1.90
ITA-SA	2025-03-02	Roma	Como	2.19	1.81	2.09	4.38	2.10	1.73	1.95	4.00
ITA-SA	2025-03-03	Juventus	Verona	1.99	2.01	1.35	12.00	1.99	1.91	1.33	11.00
ITA-SA	2025-03-07	Cagliari	Genoa	2.61	1.59	2.57	3.41	2.50	1.53	2.50	3.20
ITA-SA	2025-03-08	Como	Venezia	1.99	1.93	1.70	6.50	1.98	1.92	1.62	5.50
ITA-SA	2025-03-08	Inter	Monza	1.53	2.69	1.16	24.00	1.50	2.63	1.14	21.00
ITA-SA	2025-03-08	Lecce	Milan	2.01	2.01	5.10	1.85	1.99	1.91	4.75	1.80
ITA-SA	2025-03-08	Parma	Torino	2.27	1.73	3.69	2.34	2.20	1.67	3.50	2.25
ITA-SA	2025-03-09	Empoli	Roma	2.23	1.84	4.16	2.12	2.10	1.73	3.75	2.10
ITA-SA	2025-03-09	Juventus	Atalanta	2.24	1.82	2.85	3.03	2.10	1.73	2.70	2.80
ITA-SA	2025-03-09	Napoli	Fiorentina	2.26	1.76	1.63	7.10	2.20	1.67	1.57	6.50
ITA-SA	2025-03-09	Verona	Bologna	2.33	1.73	5.90	1.78	2.20	1.67	5.50	1.73
ITA-SA	2025-03-10	Lazio	Udinese	2.12	1.89	1.90	5.20	2.06	1.84	1.85	4.50
ITA-SA	2025-03-14	Genoa	Lecce	2.63	1.56	2.15	4.60	2.63	1.50	2.05	4.33
ITA-SA	2025-03-15	Milan	Como	1.74	2.26	1.95	4.82	1.73	2.10	1.80	4.33
ITA-SA	2025-03-15	Monza	Parma	2.10	1.92	3.22	2.50	1.99	1.91	3.10	2.30
ITA-SA	2025-03-15	Torino	Empoli	2.28	1.73	1.93	5.16	2.20	1.67	1.85	4.75
ITA-SA	2025-03-15	Udinese	Verona	2.37	1.72	1.82	5.34	2.30	1.62	1.75	5.00
ITA-SA	2025-03-16	Atalanta	Inter	2.07	2.04	2.75	2.92	2.00	1.80	2.55	2.80
ITA-SA	2025-03-16	Bologna	Lazio	2.42	1.67	2.42	3.83	2.30	1.62	2.25	3.60
ITA-SA	2025-03-16	Fiorentina	Juventus	2.41	1.68	3.45	2.45	2.20	1.67	3.25	2.35
ITA-SA	2025-03-16	Roma	Cagliari	2.00	1.99	1.52	7.70	1.95	1.95	1.48	6.50
ITA-SA	2025-03-16	Venezia	Napoli	2.11	1.88	8.40	1.51	2.00	1.80	7.50	1.48
ITA-SA	2025-03-29	Como	Empoli	2.04	1.96	1.83	5.80	1.95	1.95	1.73	5.00
ITA-SA	2025-03-29	Juventus	Genoa	2.51	1.66	1.60	8.10	2.38	1.57	1.50	7.50
ITA-SA	2025-03-29	Lecce	Roma	2.20	1.80	5.46	1.78	2.10	1.73	5.00	1.70
ITA-SA	2025-03-29	Venezia	Bologna	2.21	1.80	5.60	1.85	2.20	1.67	5.00	1.80
ITA-SA	2025-03-30	Cagliari	Monza	2.07	1.88	1.85	5.40	2.06	1.84	1.80	4.75
ITA-SA	2025-03-30	Fiorentina	Atalanta	1.92	2.01	4.06	2.11	1.91	1.91	3.80	2.00
ITA-SA	2025-03-30	Inter	Udinese	1.95	2.01	1.48	9.50	1.91	1.99	1.44	8.00
ITA-SA	2025-03-30	Napoli	Milan	1.97	2.01	2.01	4.17	1.95	1.95	1.91	3.90
ITA-SA	2025-03-31	Lazio	Torino	2.33	1.74	1.90	5.36	2.30	1.62	1.80	4.50
ITA-SA	2025-03-31	Verona	Parma	2.32	1.73	3.01	2.97	2.20	1.67	2.88	2.63
ITA-SA	2025-04-04	Genoa	Udinese	2.85	1.54	2.45	3.60	2.75	1.44	2.35	3.50
ITA-SA	2025-04-05	Milan	Fiorentina	1.97	2.02	1.85	5.10	1.95	1.95	1.75	4.75
ITA-SA	2025-04-05	Monza	Como	1.98	2.04	5.42	1.75	1.90	2.00	5.00	1.67
ITA-SA	2025-04-05	Parma	Inter	1.82	2.19	7.75	1.52	1.73	2.10	6.50	1.50
ITA-SA	2025-04-06	Atalanta	Lazio	1.81	2.21	1.73	5.40	1.73	2.10	1.65	5.25
ITA-SA	2025-04-06	Empoli	Cagliari	2.42	1.69	2.66	3.10	2.30	1.62	2.60	3.00
ITA-SA	2025-04-06	Lecce	Venezia	2.50	1.62	2.50	3.67	2.50	1.53	2.35	3.40
ITA-SA	2025-04-06	Roma	Juventus	2.42	1.67	2.55	3.28	2.30	1.62	2.45	3.10
ITA-SA	2025-04-06	Torino	Verona	2.73	1.54	1.95	5.35	2.63	1.50	1.90	5.00
ITA-SA	2025-04-07	Bologna	Napoli	2.63	1.58	2.80	3.21	2.45	1.49	2.45	3.20
ITA-SA	2025-04-11	Udinese	Milan	1.92	2.04	4.56	1.94	1.90	2.00	4.20	1.85
ITA-SA	2025-04-12	Inter	Cagliari	1.71	2.33	1.36	11.21	1.67	2.20	1.30	9.50
ITA-SA	2025-04-12	Juventus	Lecce	1.99	2.01	1.38	11.00	1.99	1.91	1.33	9.00
ITA-SA	2025-04-12	Venezia	Monza	2.13	1.88	1.84	5.09	2.00	1.80	1.75	4.75
ITA-SA	2025-04-13	Atalanta	Bologna	1.96	2.01	2.00	4.46	1.95	1.95	1.90	4.00
ITA-SA	2025-04-13	Como	Torino	2.14	1.82	1.91	4.63	2.10	1.73	1.83	4.10
ITA-SA	2025-04-13	Fiorentina	Parma	1.98	2.01	1.80	5.30	1.89	1.89	1.69	5.00
ITA-SA	2025-04-13	Lazio	Roma	2.17	1.81	3.33	2.47	2.10	1.73	3.10	2.40
ITA-SA	2025-04-13	Verona	Genoa	3.01	1.45	3.06	2.94	3.00	1.40	2.80	2.75
ITA-SA	2025-04-14	Napoli	Empoli	2.13	1.93	1.47	8.75	2.04	1.86	1.45	7.50
ITA-SA	2025-04-19	Lecce	Como	1.93	2.03	3.79	2.16	1.90	2.00	3.50	2.10
ITA-SA	2025-04-19	Monza	Napoli	1.82	2.14	12.00	1.35	1.80	2.00	10.00	1.33
ITA-SA	2025-04-19	Roma	Verona	2.14	1.80	1.60	6.75	2.00	1.80	1.57	6.25
ITA-SA	2025-04-20	Bologna	Inter	2.20	1.80	3.68	2.40	2.10	1.73	3.40	2.25
ITA-SA	2025-04-20	Empoli	Venezia	2.63	1.58	2.38	3.73	2.50	1.53	2.25	3.60
ITA-SA	2025-04-20	Milan	Atalanta	1.67	2.51	2.67	2.77	1.57	2.38	2.55	2.60
ITA-SA	2025-04-23	Cagliari	Fiorentina	2.38	1.68	3.21	2.68	2.30	1.62	3.00	2.55
ITA-SA	2025-04-23	Genoa	Lazio	2.45	1.64	3.99	2.25	2.38	1.57	3.70	2.15
ITA-SA	2025-04-23	Parma	Juventus	1.99	1.97	5.35	1.76	1.95	1.95	5.00	1.70
ITA-SA	2025-04-23	Torino	Udinese	2.62	1.59	2.56	3.41	2.50	1.53	2.50	3.10
ITA-SA	2025-04-27	Atalanta	Lecce	1.69	2.55	1.30	13.13	1.57	2.25	1.22	12.00
ITA-SA	2025-04-27	Como	Genoa	2.06	1.91	1.82	5.08	2.05	1.85	1.80	4.75
ITA-SA	2025-04-27	Fiorentina	Empoli	2.47	1.64	2.17	4.20	2.38	1.57	2.10	3.70
ITA-SA	2025-04-27	Inter	Roma	1.82	2.15	1.85	5.10	1.73	2.10	1.75	4.75
ITA-SA	2025-04-27	Juventus	Monza	1.61	2.54	1.25	15.00	1.53	2.50	1.22	12.00
ITA-SA	2025-04-27	Napoli	Torino	2.13	1.90	1.40	10.00	1.96	1.76	1.33	9.00
ITA-SA	2025-04-27	Venezia	Milan	1.70	2.33	5.52	1.69	1.67	2.20	5.00	1.60
ITA-SA	2025-04-28	Lazio	Parma	1.69	2.38	1.40	9.12	1.62	2.30	1.36	8.50
ITA-SA	2025-04-28	Udinese	Bologna	2.39	1.66	5.66	1.82	2.38	1.57	5.00	1.75
ITA-SA	2025-04-28	Verona	Cagliari	2.58	1.62	2.48	3.91	2.50	1.53	2.38	3.60
ITA-SA	2025-05-02	Torino	Venezia	2.35	1.70	2.71	3.21	2.20	1.67	2.55	3.00
ITA-SA	2025-05-03	Cagliari	Udinese	2.50	1.65	2.65	3.27	2.30	1.62	2.60	3.00
ITA-SA	2025-05-03	Inter	Verona	1.99	1.94	1.49	7.69	1.98	1.92	1.45	7.00
ITA-SA	2025-05-03	Lecce	Napoli	2.24	1.80	8.07	1.52	2.10	1.73	8.00	1.45
ITA-SA	2025-05-03	Parma	Como	1.82	2.17	3.43	2.33	1.73	2.10	3.30	2.25
ITA-SA	2025-05-04	Bologna	Juventus	2.57	1.59	2.45	3.60	2.50	1.53	2.35	3.40
ITA-SA	2025-05-04	Empoli	Lazio	2.30	1.80	4.85	1.91	2.20	1.67	4.33	1.85
ITA-SA	2025-05-04	Monza	Atalanta	1.48	2.84	14.75	1.25	1.44	2.75	12.00	1.22
ITA-SA	2025-05-04	Roma	Fiorentina	2.13	1.89	1.80	5.13	2.05	1.85	1.75	5.00
ITA-SA	2025-05-05	Genoa	Milan	1.88	2.10	5.00	1.82	1.84	2.06	5.00	1.73
ITA-SA	2025-05-09	Milan	Bologna	1.99	1.97	2.28	3.49	1.95	1.95	2.20	3.20
ITA-SA	2025-05-10	Como	Cagliari	1.78	2.25	1.82	4.80	1.68	2.05	1.73	4.50
ITA-SA	2025-05-10	Empoli	Parma	2.53	1.63	2.49	3.48	2.38	1.57	2.35	3.40
ITA-SA	2025-05-10	Lazio	Juventus	2.31	1.73	2.54	3.47	2.20	1.67	2.30	3.30
ITA-SA	2025-05-11	Napoli	Genoa	1.90	2.19	1.32	13.02	1.73	2.10	1.29	10.00
ITA-SA	2025-05-11	Torino	Inter	2.24	1.82	5.45	1.75	2.00	1.80	5.00	1.70
ITA-SA	2025-05-11	Udinese	Monza	1.99	2.07	1.64	5.87	1.80	2.00	1.62	5.25
ITA-SA	2025-05-11	Verona	Lecce	2.86	1.56	2.65	3.54	2.75	1.44	2.50	3.40
ITA-SA	2025-05-12	Atalanta	Roma	1.82	2.23	2.10	3.90	1.67	2.20	2.00	3.70
ITA-SA	2025-05-12	Venezia	Fiorentina	2.44	1.66	2.83	2.90	2.30	1.62	2.63	2.90
ITA-SA	2025-05-17	Genoa	Atalanta	2.13	1.98	3.36	2.35	2.04	1.86	3.10	2.25
ITA-SA	2025-05-18	Cagliari	Venezia	2.35	1.70	2.92	2.89	2.20	1.67	2.75	2.80
ITA-SA	2025-05-18	Fiorentina	Bologna	2.42	1.63	3.20	2.65	2.30	1.62	3.20	2.45
ITA-SA	2025-05-18	Inter	Lazio	1.71	2.28	1.70	5.39	1.67	2.20	1.67	5.00
ITA-SA	2025-05-18	Juventus	Udinese	1.90	2.11	1.44	8.85	1.80	2.00	1.40	7.50
ITA-SA	2025-05-18	Lecce	Torino	2.49	1.64	2.17	4.30	2.38	1.57	2.10	3.80
ITA-SA	2025-05-18	Monza	Empoli	2.24	1.77	5.39	1.80	2.10	1.73	5.00	1.73
ITA-SA	2025-05-18	Parma	Napoli	1.99	2.01	7.50	1.49	1.92	1.98	7.00	1.45
ITA-SA	2025-05-18	Roma	Milan	1.82	2.16	2.23	3.35	1.73	2.10	2.15	3.10
ITA-SA	2025-05-18	Verona	Como	2.47	1.65	3.35	2.50	2.38	1.57	3.25	2.35
ITA-SA	2025-05-23	Como	Inter	1.61	2.51	4.66	1.78	1.57	2.38	4.33	1.73
ITA-SA	2025-05-23	Napoli	Cagliari	1.56	2.63	1.23	18.44	1.50	2.63	1.18	15.00
ITA-SA	2025-05-24	Bologna	Genoa	2.13	1.93	1.55	8.00	2.00	1.85	1.48	6.50
ITA-SA	2025-05-24	Milan	Monza	1.40	3.25	1.25	11.75	1.36	3.20	1.22	11.00
ITA-SA	2025-05-25	Atalanta	Parma	1.67	2.38	1.93	4.68	1.67	2.20	1.83	4.50
ITA-SA	2025-05-25	Empoli	Verona	3.24	1.44	2.01	5.19	3.20	1.36	1.95	5.00
ITA-SA	2025-05-25	Lazio	Lecce	1.68	2.32	1.49	8.50	1.62	2.30	1.40	8.50
ITA-SA	2025-05-25	Torino	Roma	1.82	2.25	5.75	1.61	1.67	2.20	5.00	1.57
ITA-SA	2025-05-25	Udinese	Fiorentina	1.99	2.11	3.21	2.45	1.80	2.00	2.90	2.35
ITA-SA	2025-05-25	Venezia	Juventus	1.61	2.58	7.00	1.50	1.57	2.38	6.00	1.48
ITA-SA	2025-08-23	Genoa	Lecce	2.50	1.58	1.80	5.75	2.50	1.53	1.75	5.25
ITA-SA	2025-08-23	Milan	Cremonese	1.75	2.18	1.40	10.50	1.73	2.10	1.30	9.50
ITA-SA	2025-08-23	Roma	Bologna	2.25	1.68	2.20	3.75	2.20	1.67	2.20	3.50
ITA-SA	2025-08-23	Sassuolo	Napoli	2.05	1.86	6.00	1.67	2.03	1.83	5.75	1.65
ITA-SA	2025-08-24	Atalanta	Pisa	1.80	2.10	1.48	7.50	1.80	2.00	1.48	6.50
ITA-SA	2025-08-24	Cagliari	Fiorentina	2.30	1.66	3.20	2.55	2.30	1.62	3.00	2.55
ITA-SA	2025-08-24	Como	Lazio	1.94	1.93	2.40	3.14	1.93	1.93	2.30	3.10
ITA-SA	2025-08-24	Juventus	Parma	2.10	1.93	1.44	9.00	2.10	1.73	1.42	8.00
ITA-SA	2025-08-25	Inter	Torino	1.68	2.25	1.38	9.00	1.67	2.20	1.36	8.50
ITA-SA	2025-08-25	Udinese	Verona	2.63	1.54	2.00	4.50	2.63	1.50	1.95	4.33
ITA-SA	2025-08-29	Cremonese	Sassuolo	2.20	1.74	2.80	2.83	2.20	1.67	2.80	2.60
ITA-SA	2025-08-29	Lecce	Milan	2.11	1.82	7.00	1.60	2.10	1.73	7.00	1.53
ITA-SA	2025-08-30	Bologna	Como	2.30	1.73	2.88	2.80	2.20	1.67	2.88	2.63
ITA-SA	2025-08-30	Napoli	Cagliari	2.22	1.74	1.44	9.50	2.20	1.67	1.40	9.00
ITA-SA	2025-08-30	Parma	Atalanta	1.83	2.10	4.75	1.80	1.73	2.10	4.33	1.80
ITA-SA	2025-08-30	Pisa	Roma	2.15	1.76	5.50	1.73	2.10	1.73	5.25	1.73
ITA-SA	2025-08-31	Genoa	Juventus	2.75	1.53	5.30	1.87	2.75	1.44	5.25	1.83
ITA-SA	2025-08-31	Inter	Udinese	1.60	2.50	1.30	12.00	1.53	2.50	1.24	10.00
ITA-SA	2025-08-31	Lazio	Verona	2.20	1.75	1.60	6.50	2.10	1.73	1.52	6.50
ITA-SA	2025-08-31	Torino	Fiorentina	2.33	1.67	3.35	2.46	2.20	1.67	3.20	2.40
ITA-SA	2025-09-13	Cagliari	Parma	2.25	1.73	2.30	3.60	2.10	1.73	2.20	3.50
ITA-SA	2025-09-13	Fiorentina	Napoli	2.30	1.67	4.33	2.05	2.20	1.67	4.33	1.95
ITA-SA	2025-09-13	Juventus	Inter	2.30	1.67	2.88	2.85	2.30	1.62	2.70	2.80
ITA-SA	2025-09-14	Atalanta	Lecce	1.84	2.06	1.42	9.50	1.80	2.00	1.40	8.50
ITA-SA	2025-09-14	Milan	Bologna	2.10	1.79	1.83	5.00	2.10	1.73	1.75	4.80
ITA-SA	2025-09-14	Pisa	Udinese	2.50	1.58	2.95	2.75	2.50	1.53	2.88	2.70
ITA-SA	2025-09-14	Roma	Torino	2.10	1.83	1.55	7.50	2.10	1.73	1.53	6.50
ITA-SA	2025-09-14	Sassuolo	Lazio	2.03	1.93	4.33	1.95	2.03	1.83	4.20	1.90
ITA-SA	2025-09-15	Como	Genoa	2.25	1.67	1.72	5.66	2.20	1.67	1.70	5.50
ITA-SA	2025-09-15	Verona	Cremonese	2.40	1.62	2.75	3.00	2.30	1.62	2.60	3.00
ITA-SA	2025-09-19	Lecce	Cagliari	2.70	1.55	3.00	2.80	2.63	1.50	2.80	2.80
ITA-SA	2025-09-20	Bologna	Genoa	2.75	1.54	2.15	4.75	2.75	1.44	2.15	4.10
ITA-SA	2025-09-20	Udinese	Milan	1.80	2.15	5.25	1.67	1.73	2.10	5.25	1.65
ITA-SA	2025-09-20	Verona	Juventus	2.10	1.85	7.00	1.55	2.00	1.85	7.00	1.53
ITA-SA	2025-09-21	Cremonese	Parma	2.15	1.83	3.15	2.60	2.03	1.83	3.00	2.38
ITA-SA	2025-09-21	Fiorentina	Como	2.05	1.88	2.70	2.87	1.98	1.88	2.63	2.70
ITA-SA	2025-09-21	Inter	Sassuolo	1.53	2.60	1.33	10.00	1.53	2.50	1.29	10.00
ITA-SA	2025-09-21	Lazio	Roma	2.30	1.63	3.10	2.88	2.30	1.62	2.75	2.88
ITA-SA	2025-09-21	Torino	Atalanta	2.10	1.86	4.20	2.25	2.03	1.83	4.20	2.00
ITA-SA	2025-09-22	Napoli	Pisa	2.00	1.91	1.33	12.00	2.00	1.85	1.30	10.00
ITA-SA	2025-09-27	Cagliari	Inter	1.91	2.00	7.00	1.54	1.90	1.95	7.00	1.48
ITA-SA	2025-09-27	Como	Cremonese	1.87	2.00	1.45	8.50	1.85	2.00	1.44	7.50
ITA-SA	2025-09-27	Juventus	Atalanta	2.05	1.83	2.00	4.33	2.03	1.83	1.90	4.33
ITA-SA	2025-09-28	Lecce	Bologna	2.40	1.62	6.00	1.80	2.30	1.62	6.00	1.65
ITA-SA	2025-09-28	Milan	Napoli	2.10	1.80	2.05	4.33	2.05	1.80	1.85	4.33
ITA-SA	2025-09-28	Pisa	Fiorentina	2.30	1.75	3.60	2.20	2.10	1.73	3.50	2.15
ITA-SA	2025-09-28	Roma	Verona	2.05	1.85	1.44	8.50	2.00	1.85	1.40	8.50
ITA-SA	2025-09-28	Sassuolo	Udinese	2.22	1.73	2.40	3.30	2.10	1.73	2.35	3.30
ITA-SA	2025-09-29	Genoa	Lazio	2.63	1.55	3.00	2.80	2.63	1.50	2.80	2.80
ITA-SA	2025-09-29	Parma	Torino	2.50	1.62	2.60	3.25	2.50	1.53	2.55	3.10
ITA-SA	2025-10-03	Verona	Sassuolo	2.30	1.65	2.45	3.40	2.30	1.62	2.30	3.30
ITA-SA	2025-10-04	Atalanta	Como	1.85	2.10	2.25	3.60	1.83	2.03	2.15	3.40
ITA-SA	2025-10-04	Inter	Cremonese	1.58	2.48	1.18	21.00	1.57	2.38	1.17	21.00
ITA-SA	2025-10-04	Lazio	Torino	2.14	1.75	2.10	4.33	2.10	1.73	2.10	3.80
ITA-SA	2025-10-04	Parma	Lecce	2.30	1.67	1.91	4.50	2.20	1.67	1.85	4.50
ITA-SA	2025-10-05	Bologna	Pisa	2.25	1.67	1.70	5.75	2.20	1.67	1.65	5.50
ITA-SA	2025-10-05	Fiorentina	Roma	2.22	1.67	3.10	2.50	2.20	1.67	3.00	2.45
ITA-SA	2025-10-05	Juventus	Milan	2.10	1.78	2.80	2.80	2.10	1.73	2.75	2.80
ITA-SA	2025-10-05	Napoli	Genoa	2.30	1.65	1.48	9.00	2.30	1.62	1.45	9.00
ITA-SA	2025-10-05	Udinese	Cagliari	2.30	1.70	2.15	4.10	2.20	1.67	2.05	4.10
ITA-SA	2025-10-18	Lecce	Sassuolo	2.36	1.67	3.05	2.80	2.20	1.67	2.75	2.75
ITA-SA	2025-10-18	Pisa	Verona	2.75	1.50	2.83	3.00	2.75	1.44	2.70	3.00
ITA-SA	2025-10-18	Roma	Inter	2.10	1.78	3.60	2.20	2.10	1.73	3.50	2.15
ITA-SA	2025-10-18	Torino	Napoli	2.48	1.62	5.40	1.85	2.30	1.62	5.25	1.80
ITA-SA	2025-10-19	Atalanta	Lazio	1.83	2.05	1.85	4.40	1.83	2.03	1.83	4.20
ITA-SA	2025-10-19	Cagliari	Bologna	2.25	1.67	4.00	2.10	2.20	1.67	3.90	2.00
ITA-SA	2025-10-19	Como	Juventus	2.10	1.78	3.60	2.40	2.10	1.73	3.10	2.30
ITA-SA	2025-10-19	Genoa	Parma	2.75	1.50	2.30	3.85	2.75	1.44	2.25	3.75
ITA-SA	2025-10-19	Milan	Fiorentina	2.10	1.75	1.73	5.50	2.10	1.73	1.73	5.00
ITA-SA	2025-10-20	Cremonese	Udinese	2.30	1.65	3.25	2.45	2.30	1.62	3.20	2.40
ITA-SA	2025-10-24	Milan	Pisa	1.83	2.10	1.34	11.00	1.80	2.00	1.30	9.50
ITA-SA	2025-10-25	Cremonese	Atalanta	1.65	2.40	7.90	1.48	1.57	2.38	7.00	1.42
ITA-SA	2025-10-25	Napoli	Inter	2.05	1.91	3.75	2.28	2.03	1.83	3.60	2.20
ITA-SA	2025-10-25	Parma	Como	2.38	1.65	4.50	2.05	2.35	1.57	4.50	1.95
ITA-SA	2025-10-25	Udinese	Lecce	2.32	1.63	2.05	4.60	2.30	1.62	1.95	4.50
ITA-SA	2025-10-26	Fiorentina	Bologna	2.63	1.53	2.83	2.90	2.63	1.50	2.80	2.88
ITA-SA	2025-10-26	Lazio	Juventus	2.20	1.70	3.65	2.25	2.20	1.67	3.50	2.20
ITA-SA	2025-10-26	Sassuolo	Roma	2.22	1.67	4.60	1.95	2.20	1.67	4.20	1.95
ITA-SA	2025-10-26	Torino	Genoa	2.80	1.45	2.50	3.35	2.75	1.44	2.45	3.25
ITA-SA	2025-10-26	Verona	Cagliari	2.45	1.60	2.00	4.60	2.38	1.57	1.95	4.33
ITA-SA	2025-10-28	Atalanta	Milan	1.98	1.91	2.60	2.90	1.98	1.88	2.55	2.80
ITA-SA	2025-10-28	Lecce	Napoli	2.28	1.67	6.50	1.63	2.20	1.67	6.00	1.62
ITA-SA	2025-10-29	Bologna	Torino	2.25	1.68	1.81	5.33	2.20	1.67	1.75	4.75
ITA-SA	2025-10-29	Como	Verona	2.25	1.83	1.60	7.00	2.03	1.83	1.57	6.50
ITA-SA	2025-10-29	Genoa	Cremonese	2.30	1.67	1.80	5.33	2.30	1.62	1.73	5.25
ITA-SA	2025-10-29	Inter	Fiorentina	1.58	2.50	1.37	9.20	1.53	2.50	1.36	8.50
ITA-SA	2025-10-29	Juventus	Udinese	1.85	2.05	1.48	8.00	1.80	2.00	1.45	7.00
ITA-SA	2025-10-29	Roma	Parma	2.15	1.77	1.48	9.00	2.10	1.73	1.48	8.50
ITA-SA	2025-10-30	Cagliari	Sassuolo	2.30	1.67	2.70	2.95	2.20	1.67	2.63	2.80
ITA-SA	2025-10-30	Pisa	Lazio	2.40	1.60	4.00	2.15	2.38	1.57	3.90	2.10
ITA-SA	2025-11-01	Cremonese	Juventus	1.85	2.05	7.00	1.52	1.85	2.00	6.00	1.50
ITA-SA	2025-11-01	Napoli	Como	2.10	1.75	1.95	4.70	2.10	1.73	1.91	4.50
ITA-SA	2025-11-01	Udinese	Atalanta	1.85	2.06	5.10	1.75	1.85	2.00	5.00	1.67
ITA-SA	2025-11-02	Fiorentina	Lecce	2.20	1.73	1.70	5.66	2.10	1.73	1.70	5.50
ITA-SA	2025-11-02	Milan	Roma	2.55	1.67	2.38	3.50	2.50	1.53	2.30	3.50
ITA-SA	2025-11-02	Parma	Bologna	2.63	1.50	5.00	2.00	2.63	1.50	4.75	1.95
ITA-SA	2025-11-02	Torino	Pisa	2.40	1.60	1.88	5.33	2.38	1.57	1.85	5.00
ITA-SA	2025-11-02	Verona	Inter	1.80	2.10	9.00	1.40	1.80	2.00	8.00	1.36
ITA-SA	2025-11-03	Lazio	Cagliari	2.14	1.73	1.67	6.10	2.10	1.73	1.62	6.00
ITA-SA	2025-11-03	Sassuolo	Genoa	2.75	1.48	2.60	3.50	2.75	1.44	2.60	3.00
ITA-SA	2025-11-07	Pisa	Cremonese	2.50	1.55	2.38	3.60	2.50	1.53	2.30	3.40
ITA-SA	2025-11-08	Como	Cagliari	2.03	1.83	1.57	7.00	2.03	1.83	1.57	6.25
ITA-SA	2025-11-08	Juventus	Torino	1.93	1.93	1.52	7.00	1.93	1.93	1.50	6.50
ITA-SA	2025-11-08	Lecce	Verona	3.00	1.45	2.80	3.14	3.00	1.40	2.70	3.00
ITA-SA	2025-11-08	Parma	Milan	2.05	1.82	7.50	1.53	2.05	1.80	6.50	1.50
ITA-SA	2025-11-09	Atalanta	Sassuolo	1.71	2.22	1.50	7.50	1.67	2.20	1.48	6.25
ITA-SA	2025-11-09	Bologna	Napoli	2.63	1.50	3.00	2.75	2.63	1.50	3.00	2.63
ITA-SA	2025-11-09	Genoa	Fiorentina	3.00	1.45	3.10	2.85	3.00	1.40	3.10	2.80
ITA-SA	2025-11-09	Inter	Lazio	1.80	2.18	1.33	11.00	1.80	2.00	1.30	10.00
ITA-SA	2025-11-09	Roma	Udinese	2.10	1.85	1.55	7.50	2.00	1.80	1.53	6.50
ITA-SA	2025-11-22	Cagliari	Genoa	3.20	1.40	3.33	2.80	3.20	1.36	3.25	2.55
ITA-SA	2025-11-22	Fiorentina	Juventus	2.20	1.73	4.00	2.10	2.20	1.67	3.80	2.05
ITA-SA	2025-11-22	Napoli	Atalanta	2.22	1.70	2.40	3.40	2.20	1.67	2.25	3.40
ITA-SA	2025-11-22	Udinese	Bologna	2.50	1.55	3.05	2.60	2.50	1.53	3.00	2.50
ITA-SA	2025-11-23	Cremonese	Roma	2.25	1.68	5.80	1.75	2.20	1.67	5.00	1.75
ITA-SA	2025-11-23	Inter	Milan	2.10	1.78	2.14	4.20	2.10	1.73	2.05	4.00
ITA-SA	2025-11-23	Lazio	Lecce	2.70	1.50	1.92	5.80	2.63	1.50	1.83	5.25
ITA-SA	2025-11-23	Verona	Parma	2.40	1.60	2.25	3.90	2.38	1.57	2.10	3.90
ITA-SA	2025-11-24	Sassuolo	Pisa	2.28	1.67	2.05	4.25	2.20	1.67	2.00	4.10
ITA-SA	2025-11-24	Torino	Como	2.50	1.60	3.60	2.30	2.38	1.57	3.60	2.20
ITA-SA	2025-11-28	Como	Sassuolo	1.91	1.95	1.85	5.00	1.91	1.91	1.80	4.50
ITA-SA	2025-11-29	Genoa	Verona	3.20	1.44	2.05	4.75	3.20	1.36	2.05	4.50
ITA-SA	2025-11-29	Juventus	Cagliari	1.62	2.40	1.24	14.00	1.62	2.30	1.22	13.00
ITA-SA	2025-11-29	Milan	Lazio	2.10	1.78	1.70	5.80	2.10	1.73	1.65	5.50
ITA-SA	2025-11-29	Parma	Udinese	2.28	1.70	2.75	2.83	2.20	1.67	2.75	2.70
ITA-SA	2025-11-30	Atalanta	Fiorentina	1.91	2.00	1.67	5.60	1.85	2.00	1.62	5.25
ITA-SA	2025-11-30	Lecce	Torino	2.63	1.50	3.15	2.70	2.63	1.50	3.00	2.63
ITA-SA	2025-11-30	Pisa	Inter	1.58	2.50	13.00	1.27	1.53	2.50	10.00	1.25
ITA-SA	2025-11-30	Roma	Napoli	3.00	1.46	2.80	3.10	3.00	1.40	2.75	3.10
ITA-SA	2025-12-01	Bologna	Cremonese	1.92	2.00	1.55	7.00	1.88	1.98	1.53	6.50
ITA-SA	2025-12-06	Inter	Como	1.73	2.20	1.57	6.40	1.73	2.10	1.55	5.50
ITA-SA	2025-12-06	Sassuolo	Fiorentina	2.10	1.78	2.88	2.70	2.10	1.73	2.70	2.63
ITA-SA	2025-12-06	Verona	Atalanta	1.96	1.91	6.10	1.70	1.91	1.91	5.25	1.67
ITA-SA	2025-12-07	Cagliari	Roma	2.38	1.64	6.00	1.67	2.38	1.57	5.75	1.65
ITA-SA	2025-12-07	Cremonese	Lecce	2.38	1.67	2.38	3.40	2.30	1.62	2.38	3.25
ITA-SA	2025-12-07	Lazio	Bologna	2.10	1.80	2.38	3.60	2.00	1.80	2.25	3.40
ITA-SA	2025-12-07	Napoli	Juventus	3.00	1.46	2.71	3.25	3.00	1.40	2.55	3.10
ITA-SA	2025-12-08	Pisa	Parma	2.28	1.67	2.55	3.14	2.20	1.67	2.55	3.00
ITA-SA	2025-12-08	Torino	Milan	2.05	1.83	5.70	1.68	2.05	1.80	5.50	1.65
ITA-SA	2025-12-08	Udinese	Genoa	3.00	1.44	2.50	3.50	3.00	1.40	2.50	3.30
ITA-SA	2025-12-12	Lecce	Pisa	3.00	1.45	2.54	3.45	3.00	1.40	2.45	3.30
ITA-SA	2025-12-13	Atalanta	Cagliari	1.80	2.20	1.35	9.50	1.80	2.00	1.33	8.50
ITA-SA	2025-12-13	Parma	Lazio	2.30	1.65	3.90	2.10	2.30	1.62	3.90	2.05
ITA-SA	2025-12-13	Torino	Cremonese	2.00	1.91	2.00	4.00	2.00	1.85	2.00	3.90
ITA-SA	2025-12-14	Bologna	Juventus	2.20	1.80	3.40	2.50	2.00	1.80	3.40	2.25
ITA-SA	2025-12-14	Fiorentina	Verona	2.45	1.65	2.05	4.33	2.38	1.57	1.95	4.33
ITA-SA	2025-12-14	Genoa	Inter	2.05	1.86	7.50	1.55	2.05	1.80	7.50	1.45
ITA-SA	2025-12-14	Milan	Sassuolo	1.91	1.95	1.50	7.50	1.90	1.95	1.50	6.00
ITA-SA	2025-12-14	Udinese	Napoli	2.38	1.62	4.75	1.91	2.30	1.62	4.33	1.90
ITA-SA	2025-12-15	Roma	Como	2.25	1.68	2.25	3.70	2.20	1.67	2.20	3.70
ITA-SA	2025-12-20	Juventus	Roma	2.20	1.73	2.05	4.50	2.20	1.67	2.00	4.50
ITA-SA	2025-12-20	Lazio	Cremonese	2.05	1.83	1.57	7.00	2.03	1.83	1.53	7.00
ITA-SA	2025-12-21	Cagliari	Pisa	2.45	1.62	2.05	4.50	2.30	1.62	2.00	4.20
ITA-SA	2025-12-21	Fiorentina	Udinese	2.25	1.68	2.12	4.00	2.20	1.67	2.05	3.90
ITA-SA	2025-12-21	Genoa	Atalanta	2.25	1.67	4.00	2.10	2.20	1.67	3.75	2.05
ITA-SA	2025-12-21	Sassuolo	Torino	2.20	1.73	2.38	3.40	2.20	1.67	2.35	3.30
ITA-SA	2025-12-27	Lecce	Como	2.38	1.63	5.00	1.90	2.38	1.57	4.75	1.83
ITA-SA	2025-12-27	Parma	Fiorentina	2.04	1.85	3.75	2.15	2.00	1.85	3.75	2.05
ITA-SA	2025-12-27	Pisa	Juventus	2.10	1.80	8.00	1.50	2.10	1.73	7.50	1.48
ITA-SA	2025-12-27	Torino	Cagliari	2.30	1.67	1.83	5.25	2.30	1.62	1.80	5.00
ITA-SA	2025-12-27	Udinese	Lazio	2.75	1.53	3.30	2.55	2.75	1.44	3.30	2.50
ITA-SA	2025-12-28	Atalanta	Inter	1.83	2.05	3.60	2.12	1.83	2.03	3.20	2.00
ITA-SA	2025-12-28	Bologna	Sassuolo	2.12	1.78	2.05	4.20	2.10	1.73	1.95	4.20
ITA-SA	2025-12-28	Cremonese	Napoli	2.20	1.73	7.00	1.60	2.20	1.67	6.50	1.60
ITA-SA	2025-12-28	Milan	Verona	1.91	2.00	1.40	10.00	1.88	1.98	1.36	7.50
ITA-SA	2025-12-29	Roma	Genoa	2.28	1.67	1.62	7.00	2.20	1.67	1.57	6.50
ITA-SA	2026-01-02	Cagliari	Milan	2.14	1.75	6.80	1.60	2.10	1.73	6.00	1.57
ITA-SA	2026-01-03	Atalanta	Roma	2.28	1.71	2.33	3.50	2.20	1.67	2.30	3.40
ITA-SA	2026-01-03	Como	Udinese	2.10	1.77	1.84	5.00	2.10	1.73	1.75	4.75
ITA-SA	2026-01-03	Genoa	Pisa	2.65	1.55	1.95	5.10	2.50	1.53	1.91	4.75
ITA-SA	2026-01-03	Juventus	Lecce	1.91	2.00	1.25	15.00	1.91	1.91	1.25	15.00
ITA-SA	2026-01-03	Sassuolo	Parma	2.10	1.83	2.10	4.20	2.10	1.73	2.10	3.70
ITA-SA	2026-01-04	Fiorentina	Cremonese	1.90	2.00	1.75	5.00	1.80	2.00	1.70	5.00
ITA-SA	2026-01-04	Inter	Bologna	1.68	2.30	1.44	8.00	1.67	2.20	1.38	7.50
ITA-SA	2026-01-04	Lazio	Napoli	2.54	1.53	4.00	2.20	2.50	1.53	3.80	2.15
ITA-SA	2026-01-04	Verona	Torino	2.70	1.53	2.75	3.10	2.63	1.50	2.63	2.90
ITA-SA	2026-01-06	Lecce	Roma	2.28	1.67	5.40	1.80	2.20	1.67	5.00	1.75
ITA-SA	2026-01-06	Pisa	Como	2.22	1.77	5.33	1.80	2.10	1.73	4.75	1.75
ITA-SA	2026-01-06	Sassuolo	Juventus	2.10	1.91	5.60	1.70	2.00	1.80	5.25	1.67
ITA-SA	2026-01-07	Bologna	Atalanta	2.05	1.83	3.13	2.40	2.00	1.80	3.00	2.38
ITA-SA	2026-01-07	Lazio	Fiorentina	2.30	1.66	2.40	3.50	2.30	1.62	2.30	3.50
ITA-SA	2026-01-07	Napoli	Verona	2.05	1.83	1.35	13.50	2.00	1.80	1.30	11.00
ITA-SA	2026-01-07	Parma	Inter	1.67	2.28	10.50	1.36	1.67	2.20	10.00	1.33
ITA-SA	2026-01-07	Torino	Udinese	2.40	1.62	2.25	3.75	2.30	1.62	2.20	3.60
ITA-SA	2026-01-08	Cremonese	Cagliari	2.75	1.50	2.50	3.45	2.75	1.44	2.45	3.30
ITA-SA	2026-01-08	Milan	Genoa	2.22	1.70	1.50	8.50	2.20	1.67	1.45	8.50
ITA-SA	2026-01-10	Atalanta	Torino	2.00	1.83	1.60	7.00	2.00	1.80	1.60	6.25
ITA-SA	2026-01-10	Como	Bologna	2.10	1.75	2.00	4.35	2.10	1.73	1.95	4.20
ITA-SA	2026-01-10	Roma	Sassuolo	2.10	1.75	1.73	5.80	2.10	1.73	1.70	5.25
ITA-SA	2026-01-10	Udinese	Pisa	2.30	1.67	1.95	4.80	2.20	1.67	1.91	4.33
ITA-SA	2026-01-11	Fiorentina	Milan	1.92	2.00	3.40	2.28	1.85	2.00	3.30	2.25
ITA-SA	2026-01-11	Inter	Napoli	2.25	1.67	1.75	5.75	2.20	1.67	1.70	5.25
ITA-SA	2026-01-11	Lecce	Parma	2.70	1.53	2.88	2.95	2.63	1.50	2.75	2.80
ITA-SA	2026-01-11	Verona	Lazio	3.00	1.44	3.75	2.37	3.00	1.40	3.75	2.30
ITA-SA	2026-01-12	Genoa	Cagliari	2.75	1.50	2.20	4.20	2.75	1.44	2.20	3.90
ITA-SA	2026-01-12	Juventus	Cremonese	1.68	2.30	1.27	13.00	1.62	2.30	1.25	11.00
ITA-SA	2026-01-14	Inter	Lecce	1.58	2.50	1.20	20.00	1.53	2.50	1.17	15.00
ITA-SA	2026-01-14	Napoli	Parma	1.91	2.00	1.33	12.00	1.85	2.00	1.30	11.00
ITA-SA	2026-01-15	Como	Milan	2.10	1.79	3.20	2.40	2.10	1.73	3.10	2.40
ITA-SA	2026-01-15	Verona	Bologna	2.33	1.65	3.80	2.20	2.30	1.62	3.80	2.15
ITA-SA	2026-01-16	Pisa	Atalanta	1.83	2.05	6.75	1.57	1.83	2.03	6.25	1.57
ITA-SA	2026-01-17	Cagliari	Juventus	2.14	1.77	7.50	1.55	2.10	1.73	6.50	1.53
ITA-SA	2026-01-17	Napoli	Sassuolo	2.14	1.76	1.48	8.50	2.10	1.73	1.42	8.50
ITA-SA	2026-01-17	Udinese	Inter	1.80	2.05	8.00	1.50	1.80	2.00	7.00	1.45
ITA-SA	2026-01-18	Bologna	Fiorentina	1.91	2.00	2.38	3.15	1.85	2.00	2.38	3.10
ITA-SA	2026-01-18	Milan	Lecce	1.91	1.95	1.30	13.00	1.90	1.95	1.29	12.00
ITA-SA	2026-01-18	Parma	Genoa	2.70	1.53	2.90	3.00	2.63	1.50	2.90	2.90
ITA-SA	2026-01-18	Torino	Roma	2.10	1.75	4.75	2.00	2.10	1.73	4.50	1.90
ITA-SA	2026-01-19	Cremonese	Verona	2.25	1.68	2.50	3.35	2.20	1.67	2.40	3.20
ITA-SA	2026-01-19	Lazio	Como	2.63	1.50	3.25	2.65	2.63	1.50	3.10	2.60
ITA-SA	2026-01-23	Inter	Pisa	1.55	2.63	1.30	11.00	1.53	2.50	1.25	11.00
ITA-SA	2026-01-24	Como	Torino	1.91	1.98	1.57	6.66	1.88	1.98	1.53	6.50
ITA-SA	2026-01-24	Fiorentina	Cagliari	1.98	1.91	1.84	5.00	1.91	1.91	1.80	4.50
ITA-SA	2026-01-24	Lecce	Lazio	3.00	1.40	4.75	2.05	3.00	1.40	4.75	1.95
ITA-SA	2026-01-25	Atalanta	Parma	1.83	2.15	1.36	10.00	1.83	2.03	1.33	9.50
ITA-SA	2026-01-25	Genoa	Bologna	2.42	1.57	3.33	2.45	2.38	1.57	3.25	2.40
ITA-SA	2026-01-25	Juventus	Napoli	2.50	1.57	1.96	4.75	2.50	1.53	1.85	4.75
ITA-SA	2026-01-25	Roma	Milan	2.20	1.73	2.75	3.00	2.20	1.67	2.63	3.00
ITA-SA	2026-01-25	Sassuolo	Cremonese	2.36	1.62	2.10	4.20	2.30	1.62	2.00	4.00
ITA-SA	2026-01-26	Verona	Udinese	2.63	1.52	3.00	2.75	2.63	1.50	2.90	2.70
ITA-SA	2026-01-30	Lazio	Genoa	2.90	1.48	2.28	4.00	2.75	1.44	2.25	3.70
ITA-SA	2026-01-31	Cagliari	Verona	2.50	1.55	2.25	4.00	2.50	1.53	2.15	3.75
ITA-SA	2026-01-31	Napoli	Fiorentina	2.20	1.72	2.00	4.50	2.20	1.67	1.91	4.33
ITA-SA	2026-01-31	Pisa	Sassuolo	2.30	1.65	3.20	2.50	2.30	1.62	3.20	2.40
ITA-SA	2026-02-01	Como	Atalanta	2.05	1.83	2.38	3.45	2.03	1.83	2.35	3.20
ITA-SA	2026-02-01	Cremonese	Inter	1.68	2.30	13.00	1.27	1.67	2.20	11.00	1.22
ITA-SA	2026-02-01	Parma	Juventus	2.00	1.87	9.50	1.44	2.00	1.80	8.50	1.40
ITA-SA	2026-02-01	Torino	Lecce	2.63	1.53	2.15	4.25	2.63	1.50	2.05	3.80
ITA-SA	2026-02-02	Udinese	Roma	2.50	1.55	4.60	2.00	2.50	1.53	4.33	1.95
ITA-SA	2026-02-03	Bologna	Milan	2.20	1.75	3.20	2.50	2.20	1.67	3.20	2.40
ITA-SA	2026-02-06	Verona	Pisa	2.50	1.57	2.63	3.25	2.50	1.53	2.50	3.20
ITA-SA	2026-02-07	Fiorentina	Torino	1.95	2.05	1.73	5.40	1.80	2.00	1.73	5.00
ITA-SA	2026-02-07	Genoa	Napoli	2.70	1.50	4.40	2.10	2.63	1.50	4.10	2.10
ITA-SA	2026-02-08	Bologna	Parma	2.15	1.91	1.64	5.60	1.98	1.88	1.62	5.50
ITA-SA	2026-02-08	Juventus	Lazio	2.10	1.80	1.42	10.00	2.10	1.73	1.42	8.50
ITA-SA	2026-02-08	Lecce	Udinese	3.20	1.44	2.95	2.90	3.20	1.36	2.88	2.90
ITA-SA	2026-02-08	Sassuolo	Inter	1.75	2.10	8.00	1.48	1.73	2.10	6.50	1.48
ITA-SA	2026-02-09	Atalanta	Cremonese	1.68	2.25	1.38	9.50	1.67	2.20	1.36	8.00
ITA-SA	2026-02-09	Roma	Cagliari	2.16	1.74	1.50	8.00	2.10	1.73	1.48	7.50
ITA-SA	2026-02-13	Pisa	Milan	2.14	1.78	7.00	1.60	2.10	1.73	6.25	1.55
ITA-SA	2026-02-14	Como	Fiorentina	1.67	2.22	1.73	5.25	1.67	2.20	1.73	5.00
ITA-SA	2026-02-14	Inter	Juventus	2.00	1.86	2.05	4.10	2.00	1.80	2.05	3.90
ITA-SA	2026-02-14	Lazio	Atalanta	2.03	1.83	3.50	2.25	2.03	1.83	3.50	2.20
ITA-SA	2026-02-15	Cremonese	Genoa	2.63	1.52	3.50	2.50	2.63	1.50	3.30	2.40
ITA-SA	2026-02-15	Napoli	Roma	3.00	1.46	2.50	3.50	3.00	1.40	2.50	3.30
ITA-SA	2026-02-15	Parma	Verona	2.63	1.52	2.30	3.75	2.63	1.50	2.25	3.60
ITA-SA	2026-02-15	Torino	Bologna	2.10	1.90	3.10	2.50	2.10	1.73	2.90	2.50
ITA-SA	2026-02-15	Udinese	Sassuolo	2.20	1.70	2.63	3.10	2.20	1.67	2.55	3.00
ITA-SA	2026-02-16	Cagliari	Lecce	3.00	1.44	2.45	3.60	3.00	1.40	2.40	3.50
ITA-SA	2026-02-18	Milan	Como	2.40	1.65	2.60	3.30	2.38	1.57	2.60	3.00
ITA-SA	2026-02-20	Sassuolo	Verona	2.20	1.75	1.80	5.33	2.20	1.67	1.73	5.25
ITA-SA	2026-02-21	Cagliari	Lazio	2.63	1.53	3.50	2.50	2.63	1.50	3.25	2.45
ITA-SA	2026-02-21	Juventus	Como	2.05	1.85	2.15	3.65	2.00	1.85	2.10	3.50
ITA-SA	2026-02-21	Lecce	Inter	2.00	1.91	8.00	1.51	1.91	1.91	6.50	1.50
ITA-SA	2026-02-22	Atalanta	Napoli	2.30	1.70	2.50	3.30	2.30	1.62	2.40	3.30
ITA-SA	2026-02-22	Genoa	Torino	2.50	1.60	2.38	3.70	2.50	1.53	2.30	3.60
ITA-SA	2026-02-22	Milan	Parma	1.78	2.10	1.33	11.00	1.73	2.10	1.30	9.50
ITA-SA	2026-02-22	Roma	Cremonese	1.83	2.14	1.33	11.00	1.73	2.10	1.30	11.00
ITA-SA	2026-02-23	Bologna	Udinese	2.20	1.75	1.91	4.60	2.20	1.67	1.85	4.33
ITA-SA	2026-02-23	Fiorentina	Pisa	1.91	2.04	1.63	5.80	1.91	1.91	1.60	5.75
ITA-SA	2026-02-27	Parma	Cagliari	2.63	1.55	2.20	4.20	2.63	1.50	2.20	3.80
ITA-SA	2026-02-28	Como	Lecce	2.00	1.87	1.48	9.70	2.00	1.85	1.48	8.00
ITA-SA	2026-02-28	Inter	Genoa	1.71	2.20	1.33	11.00	1.67	2.20	1.30	8.50
ITA-SA	2026-02-28	Verona	Napoli	2.50	1.58	6.75	1.67	2.50	1.53	5.75	1.67
ITA-SA	2026-03-01	Cremonese	Milan	1.73	2.25	9.00	1.41	1.67	2.20	8.00	1.38
ITA-SA	2026-03-01	Roma	Juventus	2.30	1.67	2.62	2.90	2.20	1.67	2.55	2.90
ITA-SA	2026-03-01	Sassuolo	Atalanta	1.93	1.93	3.35	2.28	1.93	1.93	3.25	2.25
ITA-SA	2026-03-01	Torino	Lazio	2.70	1.55	2.90	2.88	2.63	1.50	2.88	2.88
ITA-SA	2026-03-02	Pisa	Bologna	2.20	1.70	4.50	1.92	2.20	1.67	4.33	1.91
ITA-SA	2026-03-02	Udinese	Fiorentina	2.12	1.73	3.40	2.38	2.10	1.73	3.25	2.35
ITA-SA	2026-03-06	Napoli	Torino	2.10	1.75	1.57	7.00	2.10	1.73	1.55	6.50
ITA-SA	2026-03-07	Atalanta	Udinese	1.95	1.91	1.73	5.50	1.91	1.91	1.70	5.00
ITA-SA	2026-03-07	Cagliari	Como	2.05	1.91	7.00	1.55	1.91	1.91	6.50	1.50
ITA-SA	2026-03-07	Juventus	Pisa	1.60	2.40	1.22	15.00	1.57	2.38	1.20	13.00
ITA-SA	2026-03-08	Bologna	Verona	2.12	1.73	1.62	6.33	2.10	1.73	1.60	6.00
ITA-SA	2026-03-08	Fiorentina	Parma	2.00	1.91	1.75	5.50	2.00	1.85	1.73	5.50
ITA-SA	2026-03-08	Genoa	Roma	2.60	1.53	4.50	2.05	2.50	1.53	4.33	2.00
ITA-SA	2026-03-08	Lecce	Cremonese	2.45	1.62	2.35	3.60	2.30	1.62	2.25	3.50
ITA-SA	2026-03-08	Milan	Inter	2.00	1.91	3.25	2.45	2.00	1.80	3.25	2.45
ITA-SA	2026-03-09	Lazio	Sassuolo	2.12	1.78	2.25	3.60	2.10	1.73	2.20	3.60
ITA-SA	2026-03-13	Torino	Parma	2.45	1.60	2.28	3.80	2.38	1.57	2.25	3.60
ITA-SA	2026-03-14	Inter	Atalanta	1.62	2.45	1.52	6.25	1.57	2.38	1.50	6.00
ITA-SA	2026-03-14	Napoli	Lecce	2.18	1.77	1.47	9.50	2.10	1.73	1.45	7.00
ITA-SA	2026-03-14	Udinese	Juventus	1.91	2.00	6.50	1.55	1.91	1.91	6.25	1.53
ITA-SA	2026-03-15	Como	Roma	2.55	1.57	2.14	4.00	2.50	1.53	2.10	3.80
ITA-SA	2026-03-15	Lazio	Milan	2.10	1.80	4.75	1.85	2.10	1.73	4.50	1.85
ITA-SA	2026-03-15	Pisa	Cagliari	2.70	1.53	2.60	3.20	2.63	1.50	2.55	3.10
ITA-SA	2026-03-15	Sassuolo	Bologna	2.00	1.90	2.40	3.25	1.95	1.90	2.38	3.00
ITA-SA	2026-03-15	Verona	Genoa	2.80	1.46	3.50	2.40	2.75	1.44	3.40	2.38
ITA-SA	2026-03-16	Cremonese	Fiorentina	2.20	1.75	4.33	1.94	2.10	1.73	4.20	1.90
ITA-SA	2026-03-20	Cagliari	Napoli	2.50	1.57	6.00	1.75	2.50	1.53	5.25	1.75
ITA-SA	2026-03-20	Genoa	Udinese	2.45	1.57	2.22	3.75	2.38	1.57	2.15	3.75
ITA-SA	2026-03-21	Juventus	Sassuolo	1.55	2.60	1.30	11.00	1.53	2.50	1.27	11.00
ITA-SA	2026-03-21	Milan	Torino	1.90	2.00	1.38	10.00	1.88	1.98	1.36	8.50
ITA-SA	2026-03-21	Parma	Cremonese	2.18	1.75	2.33	3.70	2.10	1.73	2.25	3.50
ITA-SA	2026-03-22	Atalanta	Verona	1.93	1.98	1.40	9.00	1.93	1.93	1.40	8.50
ITA-SA	2026-03-22	Bologna	Lazio	2.22	1.80	2.33	3.35	2.05	1.80	2.30	3.30
ITA-SA	2026-03-22	Como	Pisa	1.68	2.30	1.33	13.00	1.62	2.30	1.33	9.50
ITA-SA	2026-03-22	Fiorentina	Inter	1.73	2.20	5.33	1.63	1.67	2.20	5.25	1.62
ITA-SA	2026-03-22	Roma	Lecce	2.20	1.76	1.53	8.00	2.10	1.73	1.50	8.00
ITA-SA	2026-04-04	Lazio	Parma	2.38	1.67	1.95	4.75	2.38	1.57	1.95	4.33
ITA-SA	2026-04-04	Sassuolo	Cagliari	2.12	1.80	2.15	4.00	2.00	1.80	2.15	3.70
ITA-SA	2026-04-04	Verona	Fiorentina	2.40	1.60	4.20	2.10	2.38	1.57	3.70	2.10
ITA-SA	2026-04-05	Cremonese	Bologna	2.10	1.83	3.70	2.16	2.10	1.73	3.50	2.10
ITA-SA	2026-04-05	Inter	Roma	1.86	2.00	1.60	6.00	1.80	2.00	1.57	6.00
ITA-SA	2026-04-05	Pisa	Torino	2.38	1.63	3.25	2.55	2.30	1.62	3.00	2.55
ITA-SA	2026-04-06	Juventus	Genoa	1.77	2.20	1.42	10.00	1.67	2.20	1.42	7.50
ITA-SA	2026-04-06	Lecce	Atalanta	1.95	1.91	6.00	1.70	1.91	1.91	5.50	1.62
ITA-SA	2026-04-06	Napoli	Milan	2.36	1.65	2.50	3.30	2.30	1.62	2.40	3.25
ITA-SA	2026-04-06	Udinese	Como	2.05	1.80	5.75	1.68	2.00	1.80	5.25	1.67
ITA-SA	2026-04-10	Roma	Pisa	1.80	2.10	1.40	10.00	1.80	2.00	1.36	8.00
ITA-SA	2026-04-11	Atalanta	Juventus	1.77	2.20	3.10	2.38	1.73	2.10	3.10	2.25
ITA-SA	2026-04-11	Cagliari	Cremonese	2.50	1.55	2.10	4.20	2.50	1.53	2.05	3.90
ITA-SA	2026-04-11	Milan	Udinese	1.83	2.05	1.48	8.00	1.80	2.00	1.48	7.00
ITA-SA	2026-04-11	Torino	Verona	2.50	1.57	2.05	4.40	2.50	1.53	2.00	4.00
ITA-SA	2026-04-12	Bologna	Lecce	2.18	1.80	1.88	5.00	2.10	1.73	1.83	4.50
ITA-SA	2026-04-12	Como	Inter	1.91	2.00	3.10	2.40	1.85	2.00	3.10	2.38
ITA-SA	2026-04-12	Genoa	Sassuolo	2.05	1.83	2.20	3.60	2.05	1.80	2.15	3.40
ITA-SA	2026-04-12	Parma	Napoli	2.45	1.62	7.00	1.67	2.38	1.57	7.00	1.55
ITA-SA	2026-04-13	Fiorentina	Lazio	2.20	1.73	2.40	3.30	2.20	1.67	2.38	3.30
ITA-SA	2026-04-17	Inter	Cagliari	1.57	2.55	1.26	14.00	1.53	2.50	1.22	13.00
ITA-SA	2026-04-17	Sassuolo	Como	1.67	2.30	6.50	1.67	1.62	2.30	6.25	1.48
ITA-SA	2026-04-18	Napoli	Lazio	2.12	1.83	1.67	7.50	2.03	1.83	1.53	7.00
ITA-SA	2026-04-18	Roma	Atalanta	1.95	1.91	2.45	3.25	1.95	1.90	2.40	2.90
ITA-SA	2026-04-18	Udinese	Parma	2.63	1.55	2.25	4.00	2.63	1.50	2.20	3.90
ITA-SA	2026-04-19	Cremonese	Torino	2.22	1.80	2.90	2.62	2.00	1.80	2.88	2.60
ITA-SA	2026-04-19	Juventus	Bologna	1.67	2.25	1.48	7.50	1.67	2.20	1.45	6.50
ITA-SA	2026-04-19	Pisa	Genoa	2.63	1.57	3.40	2.65	2.63	1.50	3.00	2.60
ITA-SA	2026-04-19	Verona	Milan	2.00	1.85	7.00	1.62	2.00	1.85	6.50	1.53
ITA-SA	2026-04-20	Lecce	Fiorentina	2.30	1.63	3.70	2.15	2.30	1.62	3.50	2.10
ITA-SA	2026-04-24	Napoli	Cremonese	1.93	2.00	1.36	12.00	1.93	1.93	1.33	12.00
ITA-SA	2026-04-25	Bologna	Roma	2.10	1.80	3.80	2.20	2.10	1.73	3.80	2.10
ITA-SA	2026-04-25	Parma	Pisa	2.50	1.55	2.25	3.75	2.50	1.53	2.20	3.60
ITA-SA	2026-04-25	Verona	Lecce	2.90	1.45	2.60	3.20	2.75	1.44	2.55	3.10
ITA-SA	2026-04-26	Fiorentina	Sassuolo	1.86	2.03	2.10	4.00	1.83	2.03	1.91	3.60
ITA-SA	2026-04-26	Genoa	Como	2.10	1.83	6.00	1.63	2.10	1.73	5.75	1.57
ITA-SA	2026-04-26	Milan	Juventus	2.10	1.80	2.75	2.75	2.10	1.73	2.75	2.75
ITA-SA	2026-04-26	Torino	Inter	1.64	2.38	8.00	1.42	1.62	2.30	7.00	1.40
ITA-SA	2026-04-27	Cagliari	Atalanta	1.95	1.91	4.90	1.77	1.95	1.90	4.75	1.73
ITA-SA	2026-04-27	Lazio	Udinese	2.36	1.65	2.30	3.60	2.30	1.62	2.25	3.50
ITA-SA	2026-05-01	Pisa	Lecce	2.63	1.50	3.40	2.40	2.63	1.50	3.40	2.38
ITA-SA	2026-05-02	Atalanta	Genoa	1.81	2.10	1.52	6.50	1.73	2.10	1.50	6.50
ITA-SA	2026-05-02	Como	Napoli	2.14	1.75	2.28	3.50	2.10	1.73	2.20	3.50
ITA-SA	2026-05-02	Udinese	Torino	2.10	1.80	2.00	4.00	2.10	1.73	2.00	4.00
ITA-SA	2026-05-03	Bologna	Cagliari	2.30	1.67	2.28	3.60	2.30	1.62	2.25	3.50
ITA-SA	2026-05-03	Inter	Parma	1.50	2.80	1.22	15.00	1.50	2.63	1.20	13.00
ITA-SA	2026-05-03	Juventus	Verona	1.57	2.48	1.20	17.00	1.57	2.38	1.18	13.00
ITA-SA	2026-05-03	Sassuolo	Milan	1.73	2.20	4.75	1.75	1.73	2.10	4.50	1.73
ITA-SA	2026-05-04	Cremonese	Lazio	2.30	1.65	3.25	2.40	2.30	1.62	3.10	2.38
ITA-SA	2026-05-04	Roma	Fiorentina	1.86	2.00	1.55	6.50	1.80	2.00	1.53	5.75
ITA-SA	2026-05-08	Torino	Sassuolo	1.95	1.91	2.80	2.70	1.95	1.90	2.75	2.63
ITA-SA	2026-05-09	Cagliari	Udinese	2.23	1.67	2.62	3.00	2.20	1.67	2.55	3.00
ITA-SA	2026-05-09	Lazio	Inter	1.88	2.00	4.33	1.92	1.85	2.00	4.20	1.83
ITA-SA	2026-05-09	Lecce	Juventus	1.96	1.91	9.00	1.41	1.91	1.91	9.00	1.40
ITA-SA	2026-05-10	Cremonese	Pisa	2.10	1.83	1.91	4.50	2.10	1.73	1.91	3.90
ITA-SA	2026-05-10	Fiorentina	Genoa	2.12	1.80	2.08	4.10	2.00	1.80	1.95	4.00
ITA-SA	2026-05-10	Milan	Atalanta	1.95	1.95	2.26	3.33	1.93	1.93	2.25	3.25
ITA-SA	2026-05-10	Parma	Roma	2.03	1.86	9.50	1.41	2.03	1.83	8.50	1.38
ITA-SA	2026-05-10	Verona	Como	1.92	2.00	9.50	1.44	1.91	1.91	8.00	1.38
ITA-SA	2026-05-11	Napoli	Bologna	1.93	1.92	1.57	6.66	1.91	1.91	1.57	5.75
ITA-SA	2026-05-17	Atalanta	Bologna	1.62	2.38	1.76	4.50	1.62	2.30	1.73	4.50
ITA-SA	2026-05-17	Cagliari	Torino	2.30	1.67	2.28	3.75	2.30	1.62	2.15	3.70
ITA-SA	2026-05-17	Como	Parma	1.67	2.28	1.25	14.00	1.67	2.20	1.22	13.00
ITA-SA	2026-05-17	Genoa	Milan	2.20	1.73	5.50	1.73	2.10	1.73	5.00	1.70
ITA-SA	2026-05-17	Inter	Verona	1.73	2.20	1.40	8.50	1.73	2.10	1.40	7.00
ITA-SA	2026-05-17	Juventus	Fiorentina	1.60	2.50	1.33	9.50	1.57	2.38	1.33	7.50
ITA-SA	2026-05-17	Pisa	Napoli	2.00	1.91	9.00	1.44	1.91	1.91	8.50	1.40
ITA-SA	2026-05-17	Roma	Lazio	1.92	1.91	1.53	6.50	1.91	1.91	1.50	6.50
ITA-SA	2026-05-17	Sassuolo	Lecce	2.10	1.80	2.60	2.90	2.00	1.80	2.55	2.88
ITA-SA	2026-05-17	Udinese	Cremonese	2.20	1.74	2.45	3.14	2.20	1.67	2.40	3.10
ITA-SA	2026-05-22	Fiorentina	Atalanta	1.62	2.40	3.15	2.30	1.57	2.38	3.10	2.20
ITA-SA	2026-05-23	Bologna	Inter	1.73	2.15	3.65	2.15	1.73	2.10	3.60	2.00
ITA-SA	2026-05-23	Lazio	Pisa	2.00	1.91	1.70	5.10	2.00	1.80	1.70	5.00
ITA-SA	2026-05-24	Cremonese	Como	1.80	2.12	6.00	1.57	1.80	2.00	5.50	1.55
ITA-SA	2026-05-24	Lecce	Genoa	2.75	1.50	1.95	4.60	2.75	1.44	1.95	4.50
ITA-SA	2026-05-24	Milan	Cagliari	1.96	1.92	1.40	9.50	1.91	1.91	1.38	7.50
ITA-SA	2026-05-24	Napoli	Udinese	1.83	2.10	1.55	6.50	1.73	2.10	1.55	5.75
ITA-SA	2026-05-24	Parma	Sassuolo	1.73	2.36	3.33	2.35	1.73	2.10	3.25	2.25
ITA-SA	2026-05-24	Torino	Juventus	1.62	2.40	7.50	1.53	1.62	2.30	6.50	1.48
ITA-SA	2026-05-24	Verona	Roma	1.86	2.00	11.00	1.37	1.80	2.00	9.50	1.33
ITA-SB	2024-08-16	Brescia	Palermo	2.26	1.75	3.12	2.62	2.15	1.67	3.00	2.40
ITA-SB	2024-08-17	Bari	Juve Stabia	2.49	1.60	2.02	4.54	2.40	1.53	1.90	4.33
ITA-SB	2024-08-17	Pisa	Spezia	2.35	1.68	2.40	3.37	2.25	1.62	2.30	3.00
ITA-SB	2024-08-17	Salernitana	Cittadella	2.26	1.77	2.36	3.32	2.10	1.70	2.30	3.10
ITA-SB	2024-08-17	Sudtirol	Modena	3.23	1.43	2.80	3.58	3.10	1.36	2.45	3.50
ITA-SB	2024-08-18	Catanzaro	Sassuolo	1.96	1.96	3.49	2.27	1.93	1.93	3.30	2.20
ITA-SB	2024-08-18	Cesena	Carrarese	2.37	1.66	1.76	6.32	2.30	1.60	1.65	5.50
ITA-SB	2024-08-18	Cosenza	Cremonese	2.26	1.80	4.30	2.02	2.10	1.70	4.00	1.91
ITA-SB	2024-08-18	Frosinone	Sampdoria	2.26	1.76	3.10	2.60	2.10	1.70	3.00	2.40
ITA-SB	2024-08-18	Reggiana	Mantova	2.17	1.81	3.05	2.60	2.05	1.75	2.88	2.45
ITA-SB	2024-08-23	Modena	Bari	2.74	1.53	2.27	3.92	2.50	1.50	2.20	3.60
ITA-SB	2024-08-24	Brescia	Cittadella	2.43	1.63	2.26	3.83	2.25	1.62	2.15	3.50
ITA-SB	2024-08-24	Cremonese	Carrarese	2.06	1.89	1.72	5.75	2.03	1.83	1.62	5.75
ITA-SB	2024-08-24	Pisa	Palermo	2.16	1.81	2.19	3.84	2.05	1.75	2.15	3.60
ITA-SB	2024-08-24	Sampdoria	Reggiana	2.26	1.73	1.72	5.84	2.15	1.67	1.67	5.25
ITA-SB	2024-08-24	Sassuolo	Cesena	2.16	1.81	2.41	3.71	2.08	1.73	2.25	3.10
ITA-SB	2024-08-24	Spezia	Frosinone	2.18	1.80	2.24	3.68	2.08	1.73	2.15	3.40
ITA-SB	2024-08-24	Sudtirol	Salernitana	2.55	1.58	2.35	3.82	2.40	1.53	2.20	3.40
ITA-SB	2024-08-25	Catanzaro	Juve Stabia	2.20	1.77	2.23	3.78	2.08	1.73	2.15	3.50
ITA-SB	2024-08-25	Mantova	Cosenza	2.26	1.74	2.46	3.34	2.10	1.70	2.30	3.10
ITA-SB	2024-08-27	Bari	Sassuolo	2.07	1.87	2.83	2.86	2.03	1.83	2.60	2.70
ITA-SB	2024-08-27	Carrarese	Sudtirol	2.91	1.47	3.52	2.55	2.88	1.40	3.30	2.40
ITA-SB	2024-08-27	Cittadella	Pisa	2.26	1.72	3.99	2.24	2.15	1.67	3.80	2.10
ITA-SB	2024-08-27	Cremonese	Palermo	2.02	1.90	2.01	4.10	2.00	1.85	1.95	3.80
ITA-SB	2024-08-27	Frosinone	Modena	2.29	1.71	2.58	3.15	2.20	1.65	2.50	2.90
ITA-SB	2024-08-27	Reggiana	Brescia	2.46	1.62	2.98	2.81	2.35	1.57	2.80	2.70
ITA-SB	2024-08-27	Salernitana	Sampdoria	2.16	1.84	2.63	2.99	2.05	1.75	2.45	2.90
ITA-SB	2024-08-28	Cesena	Catanzaro	2.06	1.90	1.80	5.22	1.98	1.88	1.73	5.00
ITA-SB	2024-08-28	Cosenza	Spezia	2.36	1.70	2.70	3.00	2.25	1.62	2.50	2.80
ITA-SB	2024-08-28	Juve Stabia	Mantova	2.19	1.80	2.78	3.02	2.08	1.73	2.40	3.00
ITA-SB	2024-08-31	Modena	Cittadella	2.61	1.55	2.08	4.92	2.50	1.50	1.85	4.50
ITA-SB	2024-08-31	Pisa	Reggiana	2.37	1.69	1.89	5.40	2.20	1.65	1.80	4.33
ITA-SB	2024-08-31	Sampdoria	Bari	2.26	1.73	2.16	3.99	2.15	1.67	2.10	3.70
ITA-SB	2024-08-31	Sassuolo	Cremonese	2.06	1.87	2.75	2.83	2.00	1.85	2.63	2.70
ITA-SB	2024-08-31	Sudtirol	Brescia	2.92	1.46	2.38	4.11	2.88	1.40	2.25	3.75
ITA-SB	2024-09-01	Catanzaro	Carrarese	2.16	1.78	2.20	3.86	2.08	1.73	2.10	3.75
ITA-SB	2024-09-01	Frosinone	Juve Stabia	2.28	1.71	2.02	4.73	2.20	1.65	1.95	4.33
ITA-SB	2024-09-01	Mantova	Salernitana	1.85	2.13	2.40	3.16	1.75	2.05	2.25	3.00
ITA-SB	2024-09-01	Palermo	Cosenza	2.06	1.93	1.95	4.40	1.98	1.88	1.91	3.80
ITA-SB	2024-09-01	Spezia	Cesena	2.33	1.68	2.59	3.14	2.25	1.62	2.40	3.00
ITA-SB	2024-09-13	Cesena	Modena	2.75	1.51	2.47	3.95	2.60	1.48	2.35	3.40
ITA-SB	2024-09-14	Bari	Mantova	2.06	1.88	2.00	4.51	2.00	1.85	1.91	4.20
ITA-SB	2024-09-14	Brescia	Frosinone	2.26	1.77	2.63	3.18	2.10	1.70	2.40	2.90
ITA-SB	2024-09-14	Cittadella	Catanzaro	2.26	1.74	2.56	3.11	2.15	1.67	2.45	2.88
ITA-SB	2024-09-14	Cremonese	Spezia	2.06	1.90	2.16	3.89	2.00	1.85	2.05	3.50
ITA-SB	2024-09-14	Juve Stabia	Palermo	2.28	1.71	3.00	2.63	2.20	1.65	2.88	2.55
ITA-SB	2024-09-15	Carrarese	Sassuolo	2.02	1.96	3.74	2.45	1.95	1.90	3.50	2.05
ITA-SB	2024-09-15	Cosenza	Sampdoria	2.37	1.73	2.70	3.44	2.20	1.65	2.30	3.30
ITA-SB	2024-09-15	Reggiana	Sudtirol	2.91	1.48	2.60	3.44	2.70	1.44	2.45	3.20
ITA-SB	2024-09-15	Salernitana	Pisa	1.94	1.75	2.85	2.50	2.05	1.80	3.10	2.38
ITA-SB	2024-09-20	Catanzaro	Cremonese	2.02	1.97	2.90	2.70	1.90	1.95	2.70	2.63
ITA-SB	2024-09-21	Cosenza	Sassuolo	2.17	1.81	3.05	2.72	2.08	1.73	2.75	2.63
ITA-SB	2024-09-21	Modena	Juve Stabia	2.66	1.55	2.05	5.16	2.50	1.50	1.83	4.75
ITA-SB	2024-09-21	Palermo	Cesena	2.02	1.93	2.61	3.23	1.98	1.88	2.55	2.75
ITA-SB	2024-09-21	Pisa	Brescia	2.26	1.74	2.10	4.60	2.15	1.67	1.95	4.00
ITA-SB	2024-09-21	Reggiana	Salernitana	2.17	1.82	2.37	3.35	2.05	1.75	2.30	3.20
ITA-SB	2024-09-21	Sampdoria	Sudtirol	2.47	1.62	2.10	4.77	2.30	1.60	1.95	4.10
ITA-SB	2024-09-22	Frosinone	Bari	2.17	1.79	2.66	2.93	2.08	1.73	2.55	2.75
ITA-SB	2024-09-22	Mantova	Cittadella	2.26	1.73	2.55	3.20	2.15	1.67	2.50	2.90
ITA-SB	2024-09-22	Spezia	Carrarese	2.26	1.74	1.95	5.10	2.15	1.67	1.83	4.33
ITA-SB	2024-09-27	Cittadella	Frosinone	2.17	1.80	2.63	3.16	2.08	1.73	2.38	2.90
ITA-SB	2024-09-28	Bari	Cosenza	2.26	1.77	2.11	4.24	2.10	1.70	2.00	3.90
ITA-SB	2024-09-28	Carrarese	Reggiana	2.32	1.67	3.00	2.73	2.25	1.62	2.75	2.55
ITA-SB	2024-09-28	Sassuolo	Spezia	2.16	1.90	2.20	3.79	2.00	1.85	2.10	3.70
ITA-SB	2024-09-29	Cesena	Mantova	1.93	2.05	1.80	5.78	1.83	2.03	1.65	5.25
ITA-SB	2024-09-29	Juve Stabia	Pisa	2.45	1.61	3.20	2.70	2.35	1.57	2.90	2.50
ITA-SB	2024-09-29	Modena	Sampdoria	2.59	1.57	2.75	3.01	2.50	1.50	2.63	2.80
ITA-SB	2024-09-29	Salernitana	Catanzaro	2.02	1.91	2.10	4.01	2.00	1.85	1.95	3.80
ITA-SB	2024-09-30	Brescia	Cremonese	2.31	1.72	3.37	2.47	2.15	1.67	3.25	2.40
ITA-SB	2024-09-30	Sudtirol	Palermo	2.49	1.65	2.66	3.12	2.30	1.60	2.55	3.00
ITA-SB	2024-10-04	Sampdoria	Juve Stabia	2.46	1.60	1.86	5.54	2.35	1.57	1.80	5.00
ITA-SB	2024-10-05	Frosinone	Carrarese	2.17	1.81	2.01	4.32	2.08	1.73	1.91	4.00
ITA-SB	2024-10-05	Pisa	Cesena	2.35	1.69	2.58	3.17	2.20	1.65	2.40	3.10
ITA-SB	2024-10-05	Sassuolo	Cittadella	2.02	2.00	1.71	5.54	1.90	1.95	1.65	5.00
ITA-SB	2024-10-05	Spezia	Reggiana	2.26	1.71	2.16	4.20	2.15	1.67	2.05	3.50
ITA-SB	2024-10-06	Catanzaro	Modena	2.75	1.50	3.01	2.91	2.60	1.48	2.88	2.80
ITA-SB	2024-10-06	Cosenza	Sudtirol	2.77	1.51	2.44	3.68	2.70	1.44	2.35	3.30
ITA-SB	2024-10-06	Cremonese	Bari	2.08	1.86	2.14	3.95	2.03	1.83	1.95	3.75
ITA-SB	2024-10-06	Mantova	Brescia	2.16	1.81	2.98	2.85	2.05	1.75	2.88	2.55
ITA-SB	2024-10-06	Palermo	Salernitana	2.06	1.93	2.10	4.16	1.98	1.88	1.95	3.80
ITA-SB	2024-10-18	Bari	Catanzaro	2.28	1.74	1.99	4.79	2.15	1.67	1.90	4.50
ITA-SB	2024-10-19	Brescia	Sassuolo	1.83	2.13	3.77	2.10	1.75	2.05	3.40	2.05
ITA-SB	2024-10-19	Cittadella	Cosenza	2.33	1.69	2.80	2.98	2.25	1.62	2.63	2.80
ITA-SB	2024-10-19	Modena	Palermo	2.41	1.62	2.51	3.39	2.35	1.57	2.35	3.20
ITA-SB	2024-10-19	Salernitana	Spezia	2.44	1.63	2.69	3.20	2.30	1.60	2.45	3.10
ITA-SB	2024-10-19	Sudtirol	Pisa	2.99	1.43	2.80	3.60	2.88	1.40	2.70	3.25
ITA-SB	2024-10-20	Carrarese	Mantova	2.11	1.87	2.60	3.11	2.00	1.85	2.50	2.90
ITA-SB	2024-10-20	Cesena	Sampdoria	2.38	1.69	2.40	3.47	2.20	1.65	2.30	3.20
ITA-SB	2024-10-20	Juve Stabia	Cremonese	2.25	1.81	3.45	2.50	2.05	1.75	3.20	2.30
ITA-SB	2024-10-20	Reggiana	Frosinone	2.44	1.65	2.63	3.25	2.25	1.62	2.60	2.90
ITA-SB	2024-10-25	Spezia	Bari	2.31	1.71	2.05	4.53	2.20	1.65	1.95	4.20
ITA-SB	2024-10-26	Carrarese	Cittadella	2.46	1.68	2.37	3.50	2.35	1.57	2.30	3.50
ITA-SB	2024-10-26	Cesena	Brescia	1.85	2.07	1.85	4.90	1.83	2.03	1.75	4.50
ITA-SB	2024-10-26	Cosenza	Juve Stabia	2.48	1.63	2.38	3.64	2.35	1.57	2.25	3.40
ITA-SB	2024-10-26	Cremonese	Salernitana	1.93	2.09	1.85	5.00	1.83	2.03	1.70	4.75
ITA-SB	2024-10-26	Palermo	Reggiana	2.06	1.92	1.95	4.67	2.00	1.85	1.80	4.33
ITA-SB	2024-10-26	Sassuolo	Modena	1.93	2.02	2.07	4.10	1.90	1.95	2.00	3.60
ITA-SB	2024-10-27	Catanzaro	Sudtirol	2.68	1.53	2.38	4.55	2.50	1.50	2.00	4.50
ITA-SB	2024-10-27	Frosinone	Pisa	2.38	1.65	3.25	2.56	2.30	1.60	3.00	2.45
ITA-SB	2024-10-27	Sampdoria	Mantova	2.02	2.02	1.76	6.00	1.88	1.98	1.67	5.50
ITA-SB	2024-10-29	Bari	Carrarese	2.28	1.75	1.97	4.65	2.15	1.67	1.85	4.50
ITA-SB	2024-10-29	Brescia	Spezia	2.37	1.67	3.56	2.47	2.25	1.62	3.25	2.30
ITA-SB	2024-10-29	Juve Stabia	Sassuolo	2.16	1.84	3.33	2.44	2.05	1.80	3.20	2.40
ITA-SB	2024-10-29	Modena	Cremonese	2.42	1.64	2.92	2.80	2.35	1.57	2.88	2.75
ITA-SB	2024-10-29	Reggiana	Cosenza	2.46	1.64	2.40	3.60	2.35	1.57	2.35	3.40
ITA-SB	2024-10-29	Salernitana	Cesena	2.06	1.88	2.41	3.30	1.98	1.88	2.35	3.10
ITA-SB	2024-10-30	Cittadella	Sampdoria	2.26	1.79	3.20	2.50	2.08	1.73	3.10	2.45
ITA-SB	2024-10-30	Mantova	Palermo	2.02	2.00	4.30	1.99	1.90	1.95	4.20	1.90
ITA-SB	2024-10-30	Pisa	Catanzaro	2.56	1.58	2.20	3.94	2.40	1.53	2.10	3.70
ITA-SB	2024-10-30	Sudtirol	Frosinone	2.91	1.47	2.68	3.34	2.88	1.40	2.50	3.20
ITA-SB	2024-11-02	Bari	Reggiana	2.37	1.69	2.10	5.13	2.30	1.60	1.83	4.50
ITA-SB	2024-11-02	Carrarese	Juve Stabia	2.74	1.62	2.75	3.24	2.60	1.48	2.55	3.00
ITA-SB	2024-11-02	Spezia	Modena	2.74	1.62	2.44	3.94	2.60	1.48	2.38	3.40
ITA-SB	2024-11-03	Catanzaro	Frosinone	2.36	1.67	2.20	4.05	2.25	1.62	2.15	3.50
ITA-SB	2024-11-03	Cesena	Sudtirol	2.50	1.58	2.10	4.21	2.40	1.53	2.00	4.20
ITA-SB	2024-11-03	Cosenza	Salernitana	2.29	1.70	2.47	3.50	2.20	1.65	2.38	3.00
ITA-SB	2024-11-03	Cremonese	Pisa	2.33	1.67	2.17	4.10	2.25	1.62	2.10	3.70
ITA-SB	2024-11-03	Palermo	Cittadella	2.02	1.90	1.82	5.29	1.98	1.88	1.75	4.75
ITA-SB	2024-11-03	Sampdoria	Brescia	2.08	1.88	1.89	4.80	2.00	1.85	1.83	4.10
ITA-SB	2024-11-03	Sassuolo	Mantova	1.63	2.40	1.56	6.72	1.57	2.35	1.50	6.25
ITA-SB	2024-11-08	Frosinone	Palermo	2.33	1.72	3.25	2.58	2.25	1.62	3.00	2.40
ITA-SB	2024-11-09	Brescia	Cosenza	2.26	1.75	2.47	3.62	2.15	1.67	2.38	3.30
ITA-SB	2024-11-09	Mantova	Cremonese	2.11	1.88	4.18	2.00	2.03	1.83	4.10	1.90
ITA-SB	2024-11-09	Modena	Carrarese	2.58	1.55	2.09	4.90	2.50	1.50	1.95	4.20
ITA-SB	2024-11-09	Pisa	Sampdoria	2.37	1.68	2.19	4.20	2.20	1.65	2.10	3.80
ITA-SB	2024-11-09	Sudtirol	Sassuolo	2.35	1.65	4.16	2.15	2.30	1.60	3.90	2.05
ITA-SB	2024-11-10	Cittadella	Cesena	2.37	1.66	3.31	2.59	2.25	1.62	3.00	2.55
ITA-SB	2024-11-10	Juve Stabia	Spezia	2.74	1.51	3.00	2.96	2.50	1.50	2.80	2.80
ITA-SB	2024-11-10	Reggiana	Catanzaro	2.40	1.67	2.38	4.08	2.25	1.62	2.10	3.80
ITA-SB	2024-11-10	Salernitana	Bari	2.26	1.78	2.65	3.08	2.10	1.70	2.50	2.80
ITA-SB	2024-11-22	Cosenza	Modena	2.61	1.55	2.84	3.13	2.50	1.50	2.70	3.00
ITA-SB	2024-11-23	Carrarese	Pisa	2.59	1.55	3.45	2.60	2.40	1.53	3.30	2.40
ITA-SB	2024-11-23	Catanzaro	Mantova	2.17	1.81	1.98	4.51	2.05	1.75	1.91	3.90
ITA-SB	2024-11-23	Cesena	Reggiana	2.17	1.80	1.85	6.11	2.05	1.75	1.73	5.25
ITA-SB	2024-11-23	Juve Stabia	Brescia	2.33	1.91	2.17	4.17	2.00	1.85	2.10	3.60
ITA-SB	2024-11-23	Sassuolo	Salernitana	2.11	2.20	1.70	5.80	1.93	1.93	1.65	5.25
ITA-SB	2024-11-24	Bari	Cittadella	2.26	1.76	1.95	5.32	2.10	1.70	1.80	4.50
ITA-SB	2024-11-24	Cremonese	Frosinone	2.26	1.74	1.81	5.88	2.15	1.67	1.65	5.75
ITA-SB	2024-11-24	Palermo	Sampdoria	2.10	1.93	2.14	4.22	1.98	1.88	2.00	3.70
ITA-SB	2024-11-24	Spezia	Sudtirol	2.92	1.49	1.99	5.65	2.88	1.40	1.90	5.00
ITA-SB	2024-11-29	Reggiana	Sassuolo	2.02	2.01	5.88	1.68	1.88	1.98	5.25	1.62
ITA-SB	2024-11-30	Brescia	Bari	2.16	1.81	2.90	2.83	2.08	1.73	2.80	2.70
ITA-SB	2024-11-30	Cittadella	Juve Stabia	2.60	1.55	3.02	2.85	2.50	1.50	2.80	2.63
ITA-SB	2024-11-30	Mantova	Modena	2.37	1.64	3.31	2.54	2.25	1.62	3.10	2.45
ITA-SB	2024-11-30	Sampdoria	Catanzaro	2.26	1.77	2.23	4.10	2.08	1.73	2.10	3.75
ITA-SB	2024-11-30	Sudtirol	Cremonese	2.74	1.53	4.31	2.16	2.60	1.48	3.90	2.10
ITA-SB	2024-12-01	Frosinone	Cesena	2.40	1.63	3.63	2.42	2.30	1.57	3.40	2.30
ITA-SB	2024-12-01	Palermo	Spezia	2.37	1.71	2.45	3.60	2.20	1.62	2.30	3.30
ITA-SB	2024-12-01	Pisa	Cosenza	2.40	1.65	2.06	4.56	2.30	1.57	1.95	3.90
ITA-SB	2024-12-01	Salernitana	Carrarese	2.46	1.61	2.25	4.00	2.35	1.54	2.15	3.60
ITA-SB	2024-12-06	Juve Stabia	Sudtirol	3.15	1.42	2.34	5.11	3.10	1.36	2.00	4.50
ITA-SB	2024-12-07	Bari	Cesena	2.43	1.77	2.70	3.15	2.10	1.70	2.50	2.88
ITA-SB	2024-12-07	Carrarese	Palermo	2.20	1.81	3.72	2.31	2.05	1.75	3.40	2.20
ITA-SB	2024-12-07	Cosenza	Frosinone	2.51	1.60	2.27	4.23	2.40	1.53	2.15	4.00
ITA-SB	2024-12-07	Mantova	Pisa	2.28	1.72	3.89	2.31	2.15	1.67	3.60	2.05
ITA-SB	2024-12-07	Modena	Salernitana	2.35	1.66	2.06	4.62	2.25	1.62	1.95	4.10
ITA-SB	2024-12-08	Catanzaro	Brescia	2.16	1.81	2.50	3.34	2.05	1.75	2.35	3.00
ITA-SB	2024-12-08	Cremonese	Reggiana	2.16	1.87	1.81	5.30	2.05	1.80	1.73	4.75
ITA-SB	2024-12-08	Sassuolo	Sampdoria	1.85	2.20	1.70	5.50	1.73	2.08	1.65	5.00
ITA-SB	2024-12-08	Spezia	Cittadella	2.26	1.73	1.67	6.70	2.15	1.67	1.62	6.00
ITA-SB	2024-12-13	Pisa	Bari	2.29	1.71	2.09	5.02	2.15	1.67	1.90	4.75
ITA-SB	2024-12-14	Cesena	Cosenza	2.33	1.67	2.06	4.98	2.25	1.62	1.95	4.20
ITA-SB	2024-12-14	Frosinone	Sassuolo	2.06	1.88	5.06	1.87	2.00	1.85	4.33	1.83
ITA-SB	2024-12-14	Reggiana	Modena	2.65	1.52	3.18	2.92	2.50	1.50	2.88	2.70
ITA-SB	2024-12-14	Sampdoria	Spezia	2.43	1.62	3.28	2.66	2.25	1.62	3.25	2.50
ITA-SB	2024-12-14	Sudtirol	Mantova	2.48	1.61	2.31	4.33	2.30	1.60	2.05	3.75
ITA-SB	2024-12-15	Brescia	Carrarese	2.33	1.66	2.24	4.21	2.25	1.62	2.10	3.75
ITA-SB	2024-12-15	Cittadella	Cremonese	2.16	1.85	4.69	2.04	2.05	1.80	4.33	1.91
ITA-SB	2024-12-15	Palermo	Catanzaro	1.87	2.07	1.78	5.31	1.80	2.00	1.70	5.00
ITA-SB	2024-12-15	Salernitana	Juve Stabia	2.51	1.58	2.42	3.78	2.40	1.53	2.25	3.40
ITA-SB	2024-12-20	Salernitana	Brescia	2.29	1.76	2.30	3.69	2.20	1.65	2.20	3.40
ITA-SB	2024-12-21	Bari	Sudtirol	2.57	1.58	2.19	4.74	2.40	1.53	1.95	4.50
ITA-SB	2024-12-21	Carrarese	Cosenza	2.50	1.59	2.41	3.89	2.40	1.53	2.30	3.60
ITA-SB	2024-12-21	Catanzaro	Spezia	2.35	1.67	3.92	2.23	2.25	1.62	3.70	2.15
ITA-SB	2024-12-21	Cittadella	Reggiana	2.57	1.56	3.34	2.93	2.40	1.53	2.80	2.75
ITA-SB	2024-12-21	Mantova	Frosinone	2.39	1.64	2.63	3.37	2.30	1.60	2.45	3.10
ITA-SB	2024-12-21	Modena	Pisa	2.60	1.55	2.63	3.39	2.40	1.53	2.55	3.10
ITA-SB	2024-12-21	Sassuolo	Palermo	1.85	2.19	1.82	4.96	1.73	2.08	1.75	4.50
ITA-SB	2024-12-22	Cremonese	Sampdoria	2.16	1.83	1.88	4.90	2.03	1.83	1.83	4.50
ITA-SB	2024-12-22	Juve Stabia	Cesena	2.57	1.59	2.65	3.46	2.50	1.50	2.45	3.20
ITA-SB	2024-12-26	Brescia	Modena	2.65	1.53	3.44	2.65	2.50	1.50	3.20	2.45
ITA-SB	2024-12-26	Cesena	Cremonese	2.54	1.58	3.29	2.63	2.40	1.53	3.00	2.50
ITA-SB	2024-12-26	Cosenza	Catanzaro	2.37	1.70	2.58	3.81	2.20	1.65	2.45	3.10
ITA-SB	2024-12-26	Frosinone	Salernitana	2.35	1.68	2.38	3.61	2.25	1.62	2.30	3.40
ITA-SB	2024-12-26	Palermo	Bari	2.02	1.93	1.85	5.08	1.98	1.88	1.80	4.75
ITA-SB	2024-12-26	Pisa	Sassuolo	2.02	1.96	3.14	2.57	1.93	1.93	3.00	2.40
ITA-SB	2024-12-26	Reggiana	Juve Stabia	3.25	1.43	2.78	3.64	3.10	1.36	2.70	3.25
ITA-SB	2024-12-26	Sampdoria	Carrarese	2.46	1.64	2.30	3.74	2.30	1.60	2.25	3.60
ITA-SB	2024-12-26	Spezia	Mantova	2.02	2.01	1.55	7.00	1.90	1.95	1.50	6.25
ITA-SB	2024-12-26	Sudtirol	Cittadella	2.60	1.55	2.32	3.89	2.50	1.50	2.25	3.50
ITA-SB	2024-12-29	Bari	Spezia	2.26	1.71	3.48	2.63	2.15	1.67	3.00	2.63
ITA-SB	2024-12-29	Carrarese	Cesena	2.43	1.62	2.62	3.66	2.35	1.57	2.40	3.50
ITA-SB	2024-12-29	Catanzaro	Salernitana	2.16	1.79	2.48	3.66	2.05	1.75	2.20	3.40
ITA-SB	2024-12-29	Cittadella	Palermo	2.26	1.80	3.57	2.67	2.15	1.67	3.10	2.60
ITA-SB	2024-12-29	Cremonese	Brescia	2.00	1.96	1.72	5.74	1.93	1.93	1.67	5.25
ITA-SB	2024-12-29	Juve Stabia	Frosinone	2.74	1.53	2.33	4.20	2.60	1.48	2.20	3.60
ITA-SB	2024-12-29	Mantova	Reggiana	2.31	1.76	3.34	2.67	2.20	1.65	3.25	2.38
ITA-SB	2024-12-29	Modena	Sudtirol	2.67	1.51	2.11	4.54	2.60	1.48	2.00	4.10
ITA-SB	2024-12-29	Sampdoria	Pisa	2.25	1.73	3.12	2.82	2.10	1.70	2.75	2.70
ITA-SB	2024-12-29	Sassuolo	Cosenza	1.78	2.16	1.50	8.00	1.70	2.10	1.45	6.00
ITA-SB	2025-01-12	Brescia	Sampdoria	2.31	1.69	3.19	2.60	2.15	1.67	2.90	2.50
ITA-SB	2025-01-12	Cesena	Cittadella	2.55	1.60	2.13	4.61	2.35	1.57	2.00	4.20
ITA-SB	2025-01-12	Cosenza	Mantova	2.02	1.91	1.95	4.61	1.98	1.88	1.85	4.20
ITA-SB	2025-01-12	Frosinone	Cremonese	2.48	1.59	3.45	2.49	2.40	1.53	3.25	2.40
ITA-SB	2025-01-12	Palermo	Modena	2.37	1.70	2.27	4.06	2.25	1.62	2.25	3.60
ITA-SB	2025-01-12	Reggiana	Bari	2.37	1.64	2.36	3.79	2.30	1.60	2.25	3.50
ITA-SB	2025-01-12	Salernitana	Sassuolo	1.85	2.07	4.35	1.93	1.80	2.00	4.00	1.90
ITA-SB	2025-01-12	Spezia	Juve Stabia	2.62	1.60	1.95	4.83	2.35	1.57	1.90	4.50
ITA-SB	2025-01-12	Sudtirol	Catanzaro	2.52	1.61	2.50	3.60	2.35	1.57	2.35	3.30
ITA-SB	2025-01-13	Pisa	Carrarese	2.40	1.63	1.90	5.35	2.30	1.60	1.83	4.75
ITA-SB	2025-01-17	Sampdoria	Cesena	2.48	1.62	2.51	3.66	2.40	1.53	2.40	3.30
ITA-SB	2025-01-18	Bari	Brescia	2.35	1.67	2.15	4.34	2.25	1.62	2.05	4.20
ITA-SB	2025-01-18	Cittadella	Mantova	2.16	1.80	2.22	4.13	2.08	1.73	2.00	3.90
ITA-SB	2025-01-18	Cremonese	Cosenza	2.16	1.81	1.61	6.29	2.08	1.73	1.60	6.25
ITA-SB	2025-01-18	Modena	Frosinone	2.59	1.54	2.09	4.51	2.50	1.50	2.00	4.10
ITA-SB	2025-01-18	Salernitana	Reggiana	2.48	1.60	2.44	3.50	2.35	1.57	2.35	3.50
ITA-SB	2025-01-19	Carrarese	Spezia	2.42	1.65	3.64	2.45	2.25	1.62	3.30	2.30
ITA-SB	2025-01-19	Catanzaro	Pisa	2.26	1.82	3.65	2.47	2.15	1.67	3.40	2.25
ITA-SB	2025-01-19	Palermo	Juve Stabia	2.37	1.69	2.10	4.62	2.20	1.65	1.95	4.20
ITA-SB	2025-01-19	Sassuolo	Sudtirol	1.93	2.03	1.54	6.89	1.83	2.03	1.50	6.50
ITA-SB	2025-01-24	Spezia	Sassuolo	2.07	1.92	2.61	3.10	2.00	1.85	2.50	2.88
ITA-SB	2025-01-25	Cesena	Bari	2.46	1.63	2.27	4.03	2.35	1.57	2.15	3.60
ITA-SB	2025-01-25	Cosenza	Cittadella	2.44	1.61	2.50	3.52	2.30	1.60	2.45	3.10
ITA-SB	2025-01-25	Frosinone	Sudtirol	2.54	1.59	2.24	3.89	2.35	1.57	2.10	3.70
ITA-SB	2025-01-25	Juve Stabia	Carrarese	2.61	1.55	2.10	4.69	2.50	1.50	2.00	4.20
ITA-SB	2025-01-25	Mantova	Sampdoria	2.37	1.76	2.86	2.87	2.30	1.60	2.70	2.70
ITA-SB	2025-01-26	Brescia	Catanzaro	2.26	1.77	2.60	3.15	2.08	1.73	2.60	2.90
ITA-SB	2025-01-26	Cremonese	Modena	2.48	1.64	2.15	4.45	2.35	1.57	2.05	3.90
ITA-SB	2025-01-26	Pisa	Salernitana	2.26	1.78	2.15	4.42	2.10	1.70	2.00	4.00
ITA-SB	2025-01-26	Reggiana	Palermo	2.55	1.62	2.75	3.28	2.40	1.53	2.50	3.25
ITA-SB	2025-01-31	Palermo	Pisa	2.36	1.68	2.39	3.94	2.25	1.62	2.20	3.60
ITA-SB	2025-02-01	Catanzaro	Cesena	2.48	1.64	2.42	3.57	2.30	1.60	2.30	3.40
ITA-SB	2025-02-01	Cittadella	Spezia	2.47	1.61	5.60	1.91	2.35	1.57	5.00	1.80
ITA-SB	2025-02-01	Modena	Mantova	2.12	1.88	1.90	4.90	2.00	1.85	1.80	4.33
ITA-SB	2025-02-01	Sampdoria	Cosenza	2.37	1.67	2.23	3.96	2.20	1.65	2.15	3.60
ITA-SB	2025-02-01	Sassuolo	Juve Stabia	2.02	1.97	1.70	5.66	1.93	1.93	1.67	5.50
ITA-SB	2025-02-02	Bari	Frosinone	2.31	1.69	2.16	4.48	2.20	1.65	2.00	4.00
ITA-SB	2025-02-02	Carrarese	Brescia	2.27	1.75	2.25	3.97	2.15	1.67	2.15	3.50
ITA-SB	2025-02-02	Salernitana	Cremonese	2.33	1.70	3.40	2.54	2.25	1.62	3.00	2.35
ITA-SB	2025-02-02	Sudtirol	Reggiana	2.90	1.45	2.84	3.23	2.70	1.44	2.63	3.00
ITA-SB	2025-02-07	Brescia	Salernitana	2.26	1.75	2.92	3.02	2.10	1.70	2.80	2.70
ITA-SB	2025-02-08	Cosenza	Carrarese	2.59	1.62	2.88	3.49	2.50	1.50	2.80	2.90
ITA-SB	2025-02-08	Frosinone	Catanzaro	2.37	1.67	2.38	3.73	2.20	1.65	2.25	3.30
ITA-SB	2025-02-08	Mantova	Sassuolo	1.85	2.25	4.12	2.08	1.73	2.08	3.60	2.00
ITA-SB	2025-02-08	Pisa	Cittadella	2.29	1.72	1.73	6.58	2.10	1.70	1.62	5.50
ITA-SB	2025-02-08	Sampdoria	Modena	2.60	1.55	3.00	3.05	2.40	1.53	2.70	2.88
ITA-SB	2025-02-09	Cremonese	Sudtirol	2.06	1.91	1.70	5.61	2.00	1.85	1.67	4.75
ITA-SB	2025-02-09	Juve Stabia	Bari	2.75	1.51	2.31	4.24	2.60	1.48	2.20	3.80
ITA-SB	2025-02-09	Reggiana	Cesena	2.74	1.50	2.64	3.59	2.60	1.48	2.45	3.40
ITA-SB	2025-02-09	Spezia	Palermo	2.26	1.74	2.01	4.97	2.15	1.67	1.90	4.50
ITA-SB	2025-02-14	Catanzaro	Cittadella	2.26	1.77	1.94	5.21	2.10	1.70	1.80	4.75
ITA-SB	2025-02-15	Bari	Cremonese	2.37	1.70	4.20	2.17	2.20	1.65	4.20	2.00
ITA-SB	2025-02-15	Carrarese	Salernitana	2.55	1.61	2.68	3.40	2.40	1.53	2.63	3.10
ITA-SB	2025-02-15	Modena	Spezia	2.28	1.71	3.96	2.26	2.15	1.67	3.50	2.15
ITA-SB	2025-02-15	Sassuolo	Brescia	1.85	2.20	1.50	7.80	1.73	2.08	1.45	7.00
ITA-SB	2025-02-15	Sudtirol	Sampdoria	2.57	1.56	3.06	2.90	2.40	1.53	2.90	2.70
ITA-SB	2025-02-16	Cesena	Pisa	2.75	1.57	3.43	2.63	2.40	1.53	3.25	2.40
ITA-SB	2025-02-16	Frosinone	Reggiana	2.92	1.47	2.61	3.52	2.70	1.44	2.50	3.25
ITA-SB	2025-02-16	Juve Stabia	Cosenza	2.53	1.57	2.21	4.50	2.40	1.53	2.10	3.90
ITA-SB	2025-02-16	Palermo	Mantova	2.02	1.99	1.68	7.02	1.88	1.98	1.62	6.50
ITA-SB	2025-02-21	Sampdoria	Sassuolo	2.14	1.81	3.73	2.42	2.05	1.75	3.50	2.15
ITA-SB	2025-02-22	Cittadella	Modena	2.60	1.54	3.59	2.51	2.50	1.50	3.40	2.40
ITA-SB	2025-02-22	Cremonese	Cesena	2.32	1.69	1.92	5.19	2.25	1.62	1.83	4.50
ITA-SB	2025-02-22	Mantova	Bari	2.46	1.70	2.61	3.41	2.30	1.60	2.50	3.00
ITA-SB	2025-02-22	Pisa	Juve Stabia	2.47	1.62	1.94	5.68	2.35	1.57	1.79	4.50
ITA-SB	2025-02-22	Reggiana	Carrarese	2.74	1.51	2.19	4.76	2.60	1.48	2.01	4.50
ITA-SB	2025-02-23	Brescia	Sudtirol	2.56	1.57	2.47	3.74	2.40	1.53	2.30	3.50
ITA-SB	2025-02-23	Cosenza	Palermo	2.28	1.72	3.93	2.38	2.20	1.65	3.50	2.20
ITA-SB	2025-02-23	Salernitana	Frosinone	2.40	1.67	2.26	4.00	2.30	1.60	2.15	3.60
ITA-SB	2025-02-23	Spezia	Catanzaro	2.06	1.91	1.58	7.03	2.03	1.83	1.53	6.25
ITA-SB	2025-02-28	Sudtirol	Spezia	2.36	1.64	5.22	1.83	2.25	1.62	5.00	1.80
ITA-SB	2025-03-01	Carrarese	Cremonese	2.26	1.76	4.70	2.12	2.10	1.70	3.75	2.10
ITA-SB	2025-03-01	Cesena	Salernitana	2.47	1.61	2.50	3.80	2.35	1.57	2.50	3.40
ITA-SB	2025-03-01	Frosinone	Mantova	2.57	1.72	2.27	4.20	2.50	1.50	2.10	3.60
ITA-SB	2025-03-01	Juve Stabia	Cittadella	2.55	1.57	1.81	6.85	2.40	1.53	1.70	6.00
ITA-SB	2025-03-01	Sassuolo	Pisa	2.34	1.67	2.32	4.08	2.25	1.62	2.10	3.70
ITA-SB	2025-03-02	Bari	Sampdoria	2.57	1.55	2.60	3.40	2.50	1.50	2.45	3.20
ITA-SB	2025-03-02	Catanzaro	Reggiana	2.43	1.61	2.49	3.43	2.35	1.57	2.30	3.10
ITA-SB	2025-03-02	Modena	Cosenza	2.26	1.75	1.81	5.60	2.10	1.70	1.73	5.00
ITA-SB	2025-03-02	Palermo	Brescia	2.26	1.79	1.85	5.05	2.10	1.70	1.85	4.50
ITA-SB	2025-03-07	Cosenza	Reggiana	2.72	1.51	2.81	3.14	2.50	1.50	2.57	2.85
ITA-SB	2025-03-08	Brescia	Cesena	2.61	1.54	2.75	3.09	2.50	1.50	2.63	2.90
ITA-SB	2025-03-08	Carrarese	Frosinone	2.36	1.68	2.46	3.41	2.25	1.62	2.35	3.30
ITA-SB	2025-03-08	Cremonese	Catanzaro	2.06	1.90	1.70	6.08	2.03	1.83	1.67	5.25
ITA-SB	2025-03-08	Mantova	Juve Stabia	2.60	1.58	2.67	3.29	2.40	1.53	2.50	3.00
ITA-SB	2025-03-08	Salernitana	Modena	2.49	1.59	2.61	3.21	2.40	1.53	2.55	3.00
ITA-SB	2025-03-08	Sampdoria	Palermo	2.26	1.74	2.44	3.41	2.15	1.67	2.30	3.25
ITA-SB	2025-03-09	Cittadella	Sudtirol	2.69	1.53	3.18	2.80	2.60	1.48	3.00	2.70
ITA-SB	2025-03-09	Sassuolo	Bari	2.00	1.98	1.62	6.70	1.93	1.93	1.57	6.00
ITA-SB	2025-03-09	Spezia	Pisa	2.48	1.65	1.92	5.42	2.20	1.65	1.83	4.75
ITA-SB	2025-03-14	Palermo	Cremonese	2.17	1.80	2.76	2.94	2.08	1.73	2.70	2.80
ITA-SB	2025-03-15	Bari	Salernitana	2.49	1.59	2.55	3.50	2.40	1.53	2.45	3.10
ITA-SB	2025-03-15	Cesena	Spezia	2.39	1.63	4.00	2.25	2.30	1.60	3.70	2.20
ITA-SB	2025-03-15	Cittadella	Sassuolo	2.16	1.83	5.60	1.83	2.05	1.75	5.00	1.73
ITA-SB	2025-03-15	Frosinone	Brescia	2.47	1.62	2.37	4.08	2.30	1.60	2.30	3.80
ITA-SB	2025-03-15	Juve Stabia	Modena	2.61	1.58	2.61	3.40	2.40	1.53	2.45	3.25
ITA-SB	2025-03-16	Catanzaro	Cosenza	2.28	1.71	2.10	4.38	2.20	1.65	1.95	4.10
ITA-SB	2025-03-16	Pisa	Mantova	2.06	1.87	1.59	7.00	1.95	1.85	1.55	6.00
ITA-SB	2025-03-16	Reggiana	Sampdoria	2.66	1.57	2.89	2.99	2.50	1.50	2.80	2.90
ITA-SB	2025-03-16	Sudtirol	Carrarese	2.35	1.66	2.25	3.86	2.20	1.65	2.15	3.60
ITA-SB	2025-03-28	Spezia	Brescia	2.16	1.88	1.69	6.50	2.05	1.75	1.67	5.25
ITA-SB	2025-03-29	Cosenza	Pisa	2.40	1.68	4.75	1.97	2.20	1.65	4.50	1.85
ITA-SB	2025-03-29	Cremonese	Cittadella	1.85	2.12	1.36	10.10	1.75	2.05	1.33	9.50
ITA-SB	2025-03-29	Mantova	Sudtirol	2.25	1.81	2.56	3.34	2.08	1.73	2.38	3.10
ITA-SB	2025-03-29	Modena	Catanzaro	2.17	1.76	2.11	4.31	2.08	1.73	2.00	3.75
ITA-SB	2025-03-29	Sampdoria	Frosinone	2.26	1.74	1.95	5.24	2.15	1.67	1.85	4.75
ITA-SB	2025-03-29	Sassuolo	Reggiana	2.16	1.79	1.90	5.00	2.05	1.75	1.83	4.20
ITA-SB	2025-03-30	Carrarese	Bari	2.39	1.63	2.66	3.18	2.30	1.60	2.45	3.10
ITA-SB	2025-03-30	Cesena	Juve Stabia	2.59	1.56	2.40	3.93	2.50	1.50	2.25	3.60
ITA-SB	2025-03-30	Salernitana	Palermo	2.06	1.85	2.78	2.86	2.03	1.83	2.70	2.70
ITA-SB	2025-04-04	Reggiana	Cremonese	2.40	1.63	3.95	2.19	2.25	1.62	3.75	2.15
ITA-SB	2025-04-05	Brescia	Mantova	2.02	1.99	2.23	3.53	1.90	1.95	2.15	3.30
ITA-SB	2025-04-05	Cittadella	Carrarese	2.30	1.69	2.83	2.82	2.20	1.65	2.63	2.70
ITA-SB	2025-04-05	Frosinone	Cosenza	2.44	1.64	1.98	4.80	2.25	1.62	1.85	4.33
ITA-SB	2025-04-05	Juve Stabia	Salernitana	2.51	1.61	2.31	4.00	2.40	1.53	2.25	3.60
ITA-SB	2025-04-05	Pisa	Modena	2.18	1.77	2.00	4.70	2.10	1.70	1.91	3.90
ITA-SB	2025-04-05	Sudtirol	Cesena	2.63	1.53	3.01	2.88	2.60	1.48	2.90	2.70
ITA-SB	2025-04-06	Catanzaro	Bari	2.26	1.72	2.42	3.50	2.15	1.67	2.30	3.20
ITA-SB	2025-04-06	Palermo	Sassuolo	1.95	2.01	3.01	2.75	1.85	2.00	2.88	2.38
ITA-SB	2025-04-06	Spezia	Sampdoria	2.16	1.83	1.85	4.81	2.05	1.75	1.80	4.50
ITA-SB	2025-04-11	Bari	Palermo	2.00	1.92	2.92	2.64	1.98	1.88	2.75	2.55
ITA-SB	2025-04-12	Carrarese	Catanzaro	2.06	1.92	2.39	3.40	1.98	1.88	2.30	3.00
ITA-SB	2025-04-12	Cosenza	Brescia	2.33	1.68	3.02	2.75	2.25	1.62	2.88	2.60
ITA-SB	2025-04-12	Modena	Sassuolo	2.16	1.81	3.57	2.28	2.05	1.75	3.40	2.20
ITA-SB	2025-04-12	Reggiana	Pisa	2.47	1.59	3.92	2.21	2.35	1.57	3.75	2.10
ITA-SB	2025-04-12	Salernitana	Sudtirol	2.28	1.73	2.11	4.28	2.15	1.67	1.95	4.00
ITA-SB	2025-04-12	Sampdoria	Cittadella	2.26	1.80	1.80	5.53	2.10	1.70	1.73	5.25
ITA-SB	2025-04-13	Cesena	Frosinone	2.47	1.63	2.47	3.50	2.35	1.57	2.30	3.25
ITA-SB	2025-04-13	Cremonese	Juve Stabia	2.02	1.93	1.67	5.97	1.87	1.87	1.57	5.50
ITA-SB	2025-04-13	Mantova	Spezia	1.77	2.20	4.34	1.86	1.70	2.10	4.00	1.80
ITA-SB	2025-04-25	Bari	Modena	2.26	1.73	2.44	3.43	2.15	1.67	2.30	3.20
ITA-SB	2025-04-25	Brescia	Pisa	2.26	1.70	3.56	2.31	2.15	1.67	3.25	2.25
ITA-SB	2025-04-25	Carrarese	Sampdoria	2.43	1.62	2.94	2.82	2.30	1.60	2.80	2.75
ITA-SB	2025-04-25	Cesena	Sassuolo	2.02	1.98	3.17	2.42	1.93	1.93	3.00	2.25
ITA-SB	2025-04-25	Cremonese	Mantova	1.63	2.40	1.56	6.00	1.57	2.35	1.50	5.75
ITA-SB	2025-04-25	Frosinone	Spezia	2.02	1.98	3.96	2.05	1.88	1.98	3.60	1.95
ITA-SB	2025-04-25	Reggiana	Cittadella	2.40	1.63	2.15	3.97	2.25	1.62	2.05	3.60
ITA-SB	2025-04-25	Salernitana	Cosenza	2.16	1.82	1.78	5.22	2.05	1.80	1.73	5.00
ITA-SB	2025-04-27	Catanzaro	Palermo	1.93	2.02	2.80	2.91	1.85	2.00	2.45	2.80
ITA-SB	2025-04-27	Sudtirol	Juve Stabia	2.50	1.59	2.50	3.57	2.40	1.53	2.30	3.30
ITA-SB	2025-05-01	Cittadella	Brescia	2.68	1.53	3.25	2.67	2.60	1.48	3.10	2.45
ITA-SB	2025-05-01	Cosenza	Bari	2.16	1.82	3.79	2.14	2.05	1.75	3.60	2.05
ITA-SB	2025-05-01	Juve Stabia	Catanzaro	2.24	1.84	2.37	3.46	2.10	1.70	2.20	3.10
ITA-SB	2025-05-01	Mantova	Cesena	2.02	1.93	2.53	3.04	1.95	1.90	2.40	2.90
ITA-SB	2025-05-01	Modena	Reggiana	2.37	1.64	2.06	4.33	2.25	1.62	2.00	4.10
ITA-SB	2025-05-01	Palermo	Sudtirol	1.93	2.06	1.67	6.01	1.85	2.00	1.62	5.75
ITA-SB	2025-05-01	Pisa	Frosinone	2.16	1.85	1.68	6.52	2.05	1.75	1.67	6.25
ITA-SB	2025-05-01	Sampdoria	Cremonese	2.02	1.92	3.59	2.20	1.98	1.88	3.40	2.10
ITA-SB	2025-05-01	Sassuolo	Carrarese	1.92	2.10	1.86	4.56	1.88	1.98	1.80	4.20
ITA-SB	2025-05-01	Spezia	Salernitana	2.06	1.94	1.85	5.72	1.93	1.93	1.67	5.25
ITA-SB	2025-05-04	Bari	Pisa	2.55	1.60	3.31	2.71	2.40	1.53	3.20	2.63
ITA-SB	2025-05-04	Brescia	Juve Stabia	2.44	1.57	2.35	4.00	2.35	1.57	2.25	3.50
ITA-SB	2025-05-04	Carrarese	Modena	2.31	1.66	2.55	3.40	2.25	1.62	2.40	3.40
ITA-SB	2025-05-04	Catanzaro	Sampdoria	2.28	1.68	2.70	2.99	2.20	1.65	2.70	2.75
ITA-SB	2025-05-04	Cesena	Palermo	2.02	1.94	2.84	2.80	1.95	1.90	2.75	2.63
ITA-SB	2025-05-04	Cremonese	Sassuolo	1.73	2.29	2.31	3.60	1.62	2.25	2.20	3.30
ITA-SB	2025-05-04	Frosinone	Cittadella	2.16	1.80	1.88	5.17	2.05	1.75	1.80	5.00
ITA-SB	2025-05-04	Reggiana	Spezia	2.06	2.04	3.61	2.26	2.00	1.85	3.50	2.20
ITA-SB	2025-05-04	Salernitana	Mantova	1.76	2.28	1.95	4.35	1.73	2.08	1.90	4.10
ITA-SB	2025-05-04	Sudtirol	Cosenza	2.02	1.95	1.74	5.27	1.98	1.88	1.73	4.75
ITA-SB	2025-05-09	Cittadella	Bari	2.32	1.68	2.95	2.64	2.25	1.62	2.88	2.50
ITA-SB	2025-05-09	Cosenza	Cesena	2.26	1.81	4.70	2.03	2.10	1.70	3.90	1.95
ITA-SB	2025-05-09	Juve Stabia	Reggiana	2.74	1.55	2.45	3.80	2.50	1.50	2.38	3.70
ITA-SB	2025-05-09	Mantova	Carrarese	2.02	1.92	2.07	4.10	2.00	1.85	2.05	4.10
ITA-SB	2025-05-09	Modena	Brescia	2.28	1.66	2.38	3.56	2.20	1.65	2.20	3.50
ITA-SB	2025-05-09	Palermo	Frosinone	1.93	2.08	2.02	4.37	1.80	2.00	1.91	4.33
ITA-SB	2025-05-09	Pisa	Sudtirol	2.37	1.68	2.49	3.37	2.20	1.65	2.40	3.30
ITA-SB	2025-05-09	Sampdoria	Salernitana	2.40	1.70	2.47	3.30	2.30	1.60	2.40	3.00
ITA-SB	2025-05-09	Sassuolo	Catanzaro	1.72	2.28	2.00	3.90	1.67	2.15	2.00	3.90
ITA-SB	2025-05-09	Spezia	Cremonese	2.02	2.03	2.60	3.08	1.98	1.88	2.50	2.90
ITA-SB	2025-05-13	Brescia	Reggiana	1.93	2.01	1.48	8.50	1.83	1.98	1.48	6.50
ITA-SB	2025-05-13	Cittadella	Salernitana	2.28	1.68	3.46	2.36	2.20	1.65	3.20	2.30
ITA-SB	2025-05-13	Juve Stabia	Sampdoria	2.37	1.65	3.25	2.60	2.20	1.65	3.20	2.45
ITA-SB	2025-05-13	Mantova	Catanzaro	1.70	2.33	2.02	4.05	1.65	2.20	2.00	4.00
ITA-SB	2025-05-13	Modena	Cesena	2.37	1.67	3.75	2.36	2.20	1.65	3.30	2.30
ITA-SB	2025-05-13	Palermo	Carrarese	1.70	2.55	1.49	6.75	1.50	2.50	1.45	6.25
ITA-SB	2025-05-13	Pisa	Cremonese	1.93	2.05	2.32	3.30	1.83	1.98	2.15	2.90
ITA-SB	2025-05-13	Sassuolo	Frosinone	1.93	2.14	3.80	2.17	1.80	2.00	3.40	2.10
ITA-SB	2025-05-13	Spezia	Cosenza	1.75	2.88	1.32	11.00	1.40	2.88	1.30	8.50
ITA-SB	2025-05-13	Sudtirol	Bari	1.93	2.03	3.27	2.30	1.83	1.98	3.25	2.15
ITA-SB	2025-08-22	Pescara	Cesena	2.40	1.55	3.50	2.35	2.40	1.53	3.40	2.30
ITA-SB	2025-08-23	Empoli	Padova	2.40	1.61	1.95	4.75	2.40	1.53	1.90	4.33
ITA-SB	2025-08-23	Monza	Mantova	1.93	1.90	1.80	4.75	1.90	1.90	1.73	4.33
ITA-SB	2025-08-23	Palermo	Reggiana	1.93	1.95	1.57	6.50	1.85	1.95	1.50	6.50
ITA-SB	2025-08-23	Virtus Entella	Juve Stabia	2.42	1.62	2.38	3.50	2.40	1.53	2.35	3.25
ITA-SB	2025-08-24	Catanzaro	Sudtirol	2.38	1.67	2.50	3.25	2.15	1.67	2.40	3.00
ITA-SB	2025-08-24	Frosinone	Avellino	2.33	1.62	2.35	3.50	2.25	1.62	2.35	3.10
ITA-SB	2025-08-24	Spezia	Carrarese	2.25	1.63	1.80	5.25	2.25	1.62	1.80	4.75
ITA-SB	2025-08-24	Venezia	Bari	2.12	1.75	1.76	5.33	2.05	1.75	1.70	5.25
ITA-SB	2025-08-25	Sampdoria	Modena	2.45	1.55	2.45	3.33	2.40	1.53	2.45	3.20
ITA-SB	2025-08-29	Reggiana	Empoli	2.54	1.53	3.25	2.50	2.50	1.50	3.10	2.45
ITA-SB	2025-08-30	Cesena	Virtus Entella	2.70	1.48	2.20	4.10	2.70	1.41	2.05	4.10
ITA-SB	2025-08-30	Juve Stabia	Venezia	2.32	1.65	3.25	2.30	2.20	1.65	3.10	2.25
ITA-SB	2025-08-30	Mantova	Pescara	2.10	1.83	2.10	3.80	1.98	1.83	2.01	3.60
ITA-SB	2025-08-30	Palermo	Frosinone	1.88	1.93	1.62	6.50	1.88	1.93	1.57	6.00
ITA-SB	2025-08-30	Spezia	Catanzaro	2.25	1.67	1.75	5.33	2.20	1.62	1.68	4.75
ITA-SB	2025-08-31	Bari	Monza	2.38	1.58	3.00	2.60	2.30	1.57	2.85	2.45
ITA-SB	2025-08-31	Carrarese	Padova	2.35	1.57	2.45	3.15	2.35	1.57	2.40	3.10
ITA-SB	2025-08-31	Modena	Avellino	2.28	1.62	2.07	4.20	2.25	1.58	1.91	4.20
ITA-SB	2025-08-31	Sudtirol	Sampdoria	2.40	1.60	2.35	3.50	2.40	1.53	2.25	3.25
ITA-SB	2025-09-12	Avellino	Monza	2.30	1.62	4.10	2.16	2.30	1.60	4.10	1.96
ITA-SB	2025-09-13	Catanzaro	Carrarese	2.45	1.54	2.50	3.40	2.40	1.53	2.50	3.10
ITA-SB	2025-09-13	Juve Stabia	Reggiana	2.35	1.65	2.02	4.25	2.20	1.65	1.91	4.10
ITA-SB	2025-09-13	Modena	Bari	2.17	1.73	1.95	4.20	2.08	1.73	1.86	4.10
ITA-SB	2025-09-13	Padova	Frosinone	2.30	1.62	2.55	3.25	2.30	1.60	2.55	3.00
ITA-SB	2025-09-13	Pescara	Venezia	2.10	1.73	4.33	1.90	2.10	1.70	4.10	1.81
ITA-SB	2025-09-13	Sampdoria	Cesena	2.50	1.53	2.70	2.90	2.40	1.53	2.57	2.75
ITA-SB	2025-09-14	Empoli	Spezia	2.60	1.54	3.35	2.50	2.60	1.48	3.20	2.45
ITA-SB	2025-09-14	Sudtirol	Palermo	2.16	1.70	3.65	2.20	2.15	1.67	3.40	2.10
ITA-SB	2025-09-14	Virtus Entella	Mantova	2.18	1.67	2.10	4.20	2.15	1.67	2.01	4.00
ITA-SB	2025-09-19	Frosinone	Sudtirol	2.38	1.60	2.20	3.80	2.30	1.60	2.05	3.80
ITA-SB	2025-09-19	Palermo	Bari	1.85	2.00	1.65	5.75	1.85	1.95	1.57	5.75
ITA-SB	2025-09-20	Mantova	Modena	2.10	1.73	3.75	2.10	2.08	1.73	3.40	2.05
ITA-SB	2025-09-20	Monza	Sampdoria	2.50	1.55	1.91	5.00	2.40	1.53	1.81	5.00
ITA-SB	2025-09-20	Reggiana	Catanzaro	2.15	1.70	2.30	3.40	2.15	1.67	2.25	3.30
ITA-SB	2025-09-20	Spezia	Juve Stabia	2.70	1.52	2.15	4.00	2.70	1.44	2.10	3.80
ITA-SB	2025-09-20	Venezia	Cesena	2.20	1.67	2.00	4.20	2.15	1.67	1.91	3.90
ITA-SB	2025-09-21	Carrarese	Avellino	2.38	1.60	2.30	3.50	2.35	1.57	2.25	3.50
ITA-SB	2025-09-21	Padova	Virtus Entella	2.88	1.48	2.75	3.00	2.88	1.40	2.75	2.75
ITA-SB	2025-09-21	Pescara	Empoli	2.25	1.69	3.20	2.45	2.20	1.65	2.85	2.45
ITA-SB	2025-09-26	Catanzaro	Juve Stabia	2.60	1.54	3.00	2.63	2.60	1.48	3.00	2.57
ITA-SB	2025-09-27	Avellino	Virtus Entella	2.70	1.48	2.70	3.10	2.70	1.44	2.45	3.10
ITA-SB	2025-09-27	Bari	Sampdoria	2.60	1.50	2.57	3.25	2.60	1.48	2.55	3.10
ITA-SB	2025-09-27	Cesena	Palermo	2.23	1.65	3.00	2.50	2.20	1.65	2.85	2.50
ITA-SB	2025-09-27	Mantova	Frosinone	2.05	1.77	3.14	2.45	2.05	1.75	3.00	2.35
ITA-SB	2025-09-27	Monza	Padova	2.38	1.57	1.80	5.00	2.35	1.57	1.71	4.75
ITA-SB	2025-09-27	Sudtirol	Reggiana	2.25	1.67	2.00	4.25	2.15	1.67	1.86	4.10
ITA-SB	2025-09-27	Venezia	Spezia	2.30	1.60	2.25	3.50	2.30	1.60	2.20	3.40
ITA-SB	2025-09-28	Empoli	Carrarese	2.28	1.67	2.28	3.40	2.25	1.62	2.25	3.30
ITA-SB	2025-09-28	Modena	Pescara	2.00	1.85	1.58	6.00	2.00	1.80	1.53	5.50
ITA-SB	2025-09-30	Frosinone	Cesena	2.20	1.70	2.57	3.20	2.15	1.67	2.40	3.10
ITA-SB	2025-09-30	Juve Stabia	Mantova	1.95	1.85	1.55	6.66	1.95	1.85	1.49	6.00
ITA-SB	2025-09-30	Padova	Avellino	2.45	1.53	2.30	3.50	2.40	1.53	2.20	3.50
ITA-SB	2025-09-30	Palermo	Venezia	2.05	1.80	2.10	3.75	2.05	1.75	2.05	3.50
ITA-SB	2025-09-30	Reggiana	Spezia	2.18	1.73	4.50	1.92	2.10	1.70	4.50	1.76
ITA-SB	2025-09-30	Virtus Entella	Bari	2.50	1.54	2.20	3.60	2.50	1.50	2.15	3.50
ITA-SB	2025-10-01	Carrarese	Modena	2.30	1.62	3.20	2.50	2.25	1.62	2.85	2.45
ITA-SB	2025-10-01	Empoli	Monza	2.60	1.57	3.25	2.45	2.35	1.57	3.10	2.40
ITA-SB	2025-10-01	Pescara	Sudtirol	2.18	1.70	3.25	2.38	2.10	1.70	3.20	2.25
ITA-SB	2025-10-01	Sampdoria	Catanzaro	2.55	1.53	2.25	3.60	2.50	1.50	2.10	3.50
ITA-SB	2025-10-04	Avellino	Mantova	2.00	1.93	1.95	4.20	1.88	1.93	1.81	4.10
ITA-SB	2025-10-04	Bari	Padova	2.35	1.60	2.55	3.00	2.35	1.57	2.50	3.00
ITA-SB	2025-10-04	Cesena	Reggiana	2.10	1.76	1.62	5.75	2.08	1.73	1.56	5.25
ITA-SB	2025-10-04	Monza	Catanzaro	2.35	1.64	1.95	4.50	2.35	1.57	1.91	4.10
ITA-SB	2025-10-04	Spezia	Palermo	2.38	1.62	2.63	3.00	2.25	1.62	2.35	3.00
ITA-SB	2025-10-04	Venezia	Frosinone	1.95	1.85	2.05	4.35	1.95	1.85	2.01	3.50
ITA-SB	2025-10-05	Carrarese	Juve Stabia	2.42	1.56	2.55	3.40	2.40	1.53	2.25	3.25
ITA-SB	2025-10-05	Modena	Virtus Entella	2.60	1.50	1.87	5.00	2.50	1.50	1.76	4.75
ITA-SB	2025-10-05	Sampdoria	Pescara	2.38	1.58	1.90	4.75	2.35	1.57	1.81	4.33
ITA-SB	2025-10-05	Sudtirol	Empoli	2.38	1.60	2.25	3.60	2.35	1.57	2.15	3.50
ITA-SB	2025-10-17	Virtus Entella	Sampdoria	2.85	1.48	2.75	3.00	2.60	1.48	2.65	2.82
ITA-SB	2025-10-18	Frosinone	Monza	2.15	1.70	2.66	2.80	2.15	1.67	2.57	2.70
ITA-SB	2025-10-18	Juve Stabia	Avellino	2.45	1.53	2.15	4.20	2.40	1.53	2.05	3.90
ITA-SB	2025-10-18	Mantova	Sudtirol	1.95	1.85	2.40	3.00	1.95	1.85	2.35	2.82
ITA-SB	2025-10-18	Pescara	Carrarese	2.12	1.70	3.60	2.25	2.10	1.70	3.60	2.15
ITA-SB	2025-10-18	Reggiana	Bari	2.20	1.67	2.75	2.75	2.15	1.67	2.70	2.70
ITA-SB	2025-10-18	Spezia	Cesena	2.50	1.57	2.25	3.50	2.50	1.50	2.20	3.50
ITA-SB	2025-10-19	Catanzaro	Padova	2.33	1.62	2.30	3.40	2.30	1.60	2.20	3.30
ITA-SB	2025-10-19	Empoli	Venezia	2.25	1.62	3.00	2.57	2.25	1.62	2.85	2.45
ITA-SB	2025-10-19	Palermo	Modena	2.15	1.73	2.30	3.60	2.15	1.67	2.25	3.40
ITA-SB	2025-10-24	Modena	Empoli	2.20	1.70	1.83	4.75	2.10	1.70	1.76	4.75
ITA-SB	2025-10-25	Avellino	Spezia	2.50	1.53	2.80	2.75	2.40	1.53	2.65	2.65
ITA-SB	2025-10-25	Carrarese	Venezia	2.20	1.70	3.40	2.35	2.10	1.70	3.20	2.25
ITA-SB	2025-10-25	Catanzaro	Palermo	2.20	1.67	3.50	2.28	2.15	1.67	3.25	2.20
ITA-SB	2025-10-25	Monza	Reggiana	2.05	1.86	1.48	8.00	2.05	1.75	1.45	8.00
ITA-SB	2025-10-25	Sampdoria	Frosinone	2.10	1.75	2.35	3.30	2.05	1.75	2.25	3.20
ITA-SB	2025-10-25	Sudtirol	Cesena	2.20	1.67	3.00	2.55	2.15	1.67	2.85	2.45
ITA-SB	2025-10-25	Virtus Entella	Pescara	2.20	1.67	1.75	5.66	2.15	1.67	1.66	5.00
ITA-SB	2025-10-26	Bari	Mantova	2.00	1.80	2.15	3.60	2.00	1.80	2.10	3.60
ITA-SB	2025-10-26	Padova	Juve Stabia	2.55	1.53	2.66	3.00	2.50	1.50	2.57	2.85
ITA-SB	2025-10-28	Cesena	Carrarese	2.25	1.65	2.00	4.25	2.25	1.62	1.96	4.10
ITA-SB	2025-10-28	Empoli	Sampdoria	2.38	1.62	2.40	3.33	2.25	1.62	2.32	3.05
ITA-SB	2025-10-28	Frosinone	Virtus Entella	2.17	1.73	2.20	3.60	2.08	1.73	2.10	3.40
ITA-SB	2025-10-28	Palermo	Monza	2.30	1.62	2.54	3.25	2.30	1.60	2.40	3.25
ITA-SB	2025-10-28	Pescara	Avellino	2.35	1.62	2.80	2.75	2.25	1.62	2.65	2.70
ITA-SB	2025-10-28	Reggiana	Modena	2.35	1.62	4.25	2.01	2.35	1.57	4.10	2.01
ITA-SB	2025-10-29	Mantova	Catanzaro	2.10	1.73	2.50	3.10	2.10	1.70	2.40	2.85
ITA-SB	2025-10-29	Spezia	Padova	2.28	1.70	1.85	5.25	2.10	1.70	1.71	5.25
ITA-SB	2025-10-29	Venezia	Sudtirol	1.86	1.95	1.65	5.66	1.85	1.95	1.56	5.00
ITA-SB	2025-11-01	Avellino	Reggiana	2.10	1.73	2.23	3.60	2.10	1.70	2.10	3.60
ITA-SB	2025-11-01	Carrarese	Frosinone	1.95	1.90	2.66	2.80	1.90	1.90	2.55	2.65
ITA-SB	2025-11-01	Padova	Sudtirol	2.45	1.57	2.55	3.10	2.40	1.53	2.50	2.95
ITA-SB	2025-11-01	Palermo	Pescara	1.70	2.10	1.38	8.00	1.70	2.10	1.33	7.00
ITA-SB	2025-11-01	Virtus Entella	Empoli	2.50	1.57	2.25	3.80	2.35	1.57	2.15	3.50
ITA-SB	2025-11-02	Bari	Cesena	2.30	1.64	3.25	2.50	2.30	1.60	3.20	2.40
ITA-SB	2025-11-02	Catanzaro	Venezia	2.10	1.70	3.80	2.14	2.10	1.70	3.60	2.05
ITA-SB	2025-11-02	Modena	Juve Stabia	2.30	1.62	1.95	4.50	2.30	1.60	1.86	4.00
ITA-SB	2025-11-02	Monza	Spezia	2.33	1.62	1.85	5.40	2.25	1.62	1.68	5.00
ITA-SB	2025-11-02	Sampdoria	Mantova	1.95	1.90	2.02	3.80	1.90	1.90	1.96	3.60
ITA-SB	2025-11-07	Spezia	Bari	2.50	1.55	2.00	4.75	2.50	1.50	1.96	4.33
ITA-SB	2025-11-08	Empoli	Catanzaro	2.32	1.67	2.55	3.10	2.15	1.67	2.55	2.95
ITA-SB	2025-11-08	Frosinone	Modena	2.16	1.73	2.98	2.60	2.08	1.73	2.75	2.50
ITA-SB	2025-11-08	Juve Stabia	Palermo	2.30	1.62	3.20	2.50	2.25	1.62	2.82	2.45
ITA-SB	2025-11-08	Mantova	Padova	2.10	1.73	2.28	3.40	2.08	1.73	2.20	3.30
ITA-SB	2025-11-08	Reggiana	Virtus Entella	2.30	1.67	3.33	2.45	2.15	1.67	3.30	2.32
ITA-SB	2025-11-08	Sudtirol	Carrarese	2.25	1.65	2.22	3.75	2.25	1.62	2.10	3.40
ITA-SB	2025-11-08	Venezia	Sampdoria	1.98	1.85	1.63	6.00	1.95	1.85	1.53	5.75
ITA-SB	2025-11-09	Cesena	Avellino	2.10	1.78	1.78	5.00	2.03	1.78	1.71	4.75
ITA-SB	2025-11-09	Pescara	Monza	2.10	1.78	6.66	1.58	2.03	1.78	6.25	1.46
ITA-SB	2025-11-21	Catanzaro	Pescara	1.97	1.90	1.58	6.50	1.90	1.90	1.51	6.50
ITA-SB	2025-11-22	Avellino	Empoli	2.20	1.67	2.50	3.10	2.15	1.67	2.40	3.05
ITA-SB	2025-11-22	Bari	Frosinone	2.05	1.90	3.30	2.30	1.90	1.90	3.20	2.20
ITA-SB	2025-11-22	Carrarese	Reggiana	2.00	1.83	1.90	4.75	1.98	1.83	1.76	4.50
ITA-SB	2025-11-22	Padova	Venezia	2.20	1.67	4.25	1.95	2.15	1.67	3.90	1.86
ITA-SB	2025-11-22	Virtus Entella	Palermo	2.20	1.65	2.90	2.75	2.20	1.65	2.70	2.70
ITA-SB	2025-11-23	Mantova	Spezia	2.10	1.75	2.50	3.14	2.05	1.75	2.35	2.95
ITA-SB	2025-11-23	Modena	Sudtirol	2.20	1.72	1.61	6.50	2.15	1.67	1.53	6.25
ITA-SB	2025-11-23	Monza	Cesena	2.25	1.62	1.82	5.33	2.25	1.62	1.76	5.25
ITA-SB	2025-11-24	Sampdoria	Juve Stabia	2.40	1.57	2.80	2.90	2.40	1.53	2.65	2.70
ITA-SB	2025-11-28	Cesena	Modena	2.45	1.53	3.20	2.60	2.40	1.53	3.05	2.50
ITA-SB	2025-11-29	Catanzaro	Virtus Entella	2.25	1.67	2.37	3.50	2.25	1.62	2.20	3.30
ITA-SB	2025-11-29	Empoli	Bari	2.25	1.62	2.15	4.00	2.25	1.62	2.05	3.75
ITA-SB	2025-11-29	Palermo	Carrarese	1.85	1.98	1.69	6.00	1.83	1.98	1.66	5.50
ITA-SB	2025-11-29	Pescara	Padova	2.20	1.70	3.40	2.43	2.15	1.67	3.25	2.30
ITA-SB	2025-11-29	Reggiana	Frosinone	1.95	1.85	3.40	2.25	1.95	1.85	3.25	2.20
ITA-SB	2025-11-29	Sudtirol	Avellino	2.25	1.65	2.05	4.20	2.20	1.65	1.96	3.80
ITA-SB	2025-11-29	Venezia	Mantova	1.70	2.25	1.50	6.80	1.70	2.10	1.45	6.00
ITA-SB	2025-11-30	Juve Stabia	Monza	2.50	1.57	4.00	2.12	2.40	1.53	4.00	2.05
ITA-SB	2025-11-30	Spezia	Sampdoria	2.28	1.70	2.35	3.40	2.10	1.70	2.30	3.20
ITA-SB	2025-12-04	Juve Stabia	Bari	2.25	1.67	1.86	4.75	2.15	1.67	1.76	4.75
ITA-SB	2025-12-07	Empoli	Palermo	2.25	1.66	3.30	2.40	2.25	1.62	3.20	2.30
ITA-SB	2025-12-07	Sampdoria	Carrarese	2.20	1.67	2.20	3.75	2.20	1.65	2.15	3.50
ITA-SB	2025-12-08	Avellino	Venezia	1.95	1.98	4.75	1.77	1.83	1.98	4.20	1.71
ITA-SB	2025-12-08	Bari	Pescara	2.06	1.83	2.05	3.90	2.00	1.80	2.01	3.50
ITA-SB	2025-12-08	Frosinone	Juve Stabia	2.07	1.83	2.30	3.60	2.00	1.80	2.25	3.20
ITA-SB	2025-12-08	Mantova	Reggiana	2.05	1.80	2.40	3.25	2.05	1.75	2.30	3.05
ITA-SB	2025-12-08	Modena	Catanzaro	2.08	1.80	1.62	6.00	2.08	1.73	1.61	6.00
ITA-SB	2025-12-08	Monza	Sudtirol	2.15	1.70	1.60	6.80	2.15	1.67	1.56	6.25
ITA-SB	2025-12-08	Padova	Cesena	2.50	1.55	3.90	2.23	2.50	1.50	3.90	2.10
ITA-SB	2025-12-08	Virtus Entella	Spezia	2.33	1.62	2.70	2.90	2.30	1.60	2.65	2.70
ITA-SB	2025-12-12	Palermo	Sampdoria	2.05	1.75	1.69	5.33	2.05	1.75	1.62	5.25
ITA-SB	2025-12-13	Catanzaro	Avellino	1.95	1.85	1.88	4.75	1.95	1.85	1.71	4.33
ITA-SB	2025-12-13	Cesena	Mantova	2.00	1.83	1.70	5.00	2.00	1.80	1.68	5.00
ITA-SB	2025-12-13	Juve Stabia	Empoli	2.38	1.60	2.40	3.50	2.30	1.60	2.20	3.50
ITA-SB	2025-12-13	Reggiana	Padova	2.40	1.55	2.25	3.75	2.40	1.53	2.15	3.60
ITA-SB	2025-12-13	Spezia	Modena	2.30	1.65	3.50	2.25	2.30	1.60	3.40	2.20
ITA-SB	2025-12-13	Sudtirol	Bari	2.10	1.70	1.88	4.75	2.10	1.70	1.81	4.50
ITA-SB	2025-12-13	Venezia	Monza	2.20	1.73	2.16	4.00	2.10	1.70	1.96	4.00
ITA-SB	2025-12-14	Carrarese	Virtus Entella	2.20	1.70	2.50	3.75	2.10	1.70	2.10	3.60
ITA-SB	2025-12-14	Pescara	Frosinone	1.70	2.15	4.75	1.83	1.67	2.15	4.20	1.66
ITA-SB	2025-12-19	Bari	Catanzaro	2.25	1.62	3.50	2.38	2.25	1.62	3.40	2.25
ITA-SB	2025-12-20	Avellino	Palermo	2.05	1.80	4.50	1.82	2.05	1.75	4.50	1.71
ITA-SB	2025-12-20	Cesena	Juve Stabia	2.45	1.62	2.25	3.75	2.25	1.62	2.15	3.50
ITA-SB	2025-12-20	Frosinone	Spezia	1.86	1.95	1.88	4.20	1.85	1.95	1.81	4.00
ITA-SB	2025-12-20	Modena	Venezia	2.20	1.67	2.88	2.75	2.15	1.67	2.70	2.57
ITA-SB	2025-12-20	Monza	Carrarese	2.07	1.80	1.62	6.33	2.00	1.80	1.53	6.00
ITA-SB	2025-12-20	Padova	Sampdoria	2.40	1.57	3.10	2.55	2.40	1.53	2.95	2.50
ITA-SB	2025-12-20	Pescara	Reggiana	2.16	1.70	2.45	3.25	2.10	1.70	2.30	3.05
ITA-SB	2025-12-21	Mantova	Empoli	2.00	1.81	2.65	2.85	2.00	1.80	2.45	2.85
ITA-SB	2025-12-21	Virtus Entella	Sudtirol	2.35	1.62	2.38	3.50	2.35	1.57	2.25	3.40
ITA-SB	2025-12-26	Modena	Monza	2.45	1.60	2.55	3.25	2.30	1.60	2.50	2.95
ITA-SB	2025-12-27	Bari	Avellino	2.35	1.80	2.50	3.30	2.35	1.57	2.50	2.95
ITA-SB	2025-12-27	Carrarese	Mantova	1.81	2.05	2.05	3.90	1.75	2.05	1.91	3.90
ITA-SB	2025-12-27	Catanzaro	Cesena	2.20	1.67	2.50	3.20	2.15	1.67	2.40	3.05
ITA-SB	2025-12-27	Empoli	Frosinone	1.88	2.05	3.00	2.55	1.75	2.05	2.70	2.25
ITA-SB	2025-12-27	Juve Stabia	Sudtirol	2.63	1.54	2.20	4.00	2.60	1.48	2.10	3.80
ITA-SB	2025-12-27	Palermo	Padova	2.10	1.80	1.57	6.40	2.00	1.80	1.53	5.75
ITA-SB	2025-12-27	Sampdoria	Reggiana	2.25	1.65	1.90	5.33	2.25	1.62	1.79	4.50
ITA-SB	2025-12-27	Spezia	Pescara	1.85	2.00	1.90	4.33	1.80	2.00	1.79	4.10
ITA-SB	2025-12-27	Venezia	Virtus Entella	1.96	1.85	1.50	7.00	1.95	1.85	1.46	7.00
ITA-SB	2026-01-10	Avellino	Sampdoria	2.36	1.60	3.20	2.54	2.35	1.57	3.20	2.35
ITA-SB	2026-01-10	Carrarese	Bari	2.15	1.67	2.10	4.20	2.15	1.67	2.10	4.00
ITA-SB	2026-01-10	Cesena	Empoli	2.18	1.69	1.95	4.75	2.15	1.67	1.86	4.50
ITA-SB	2026-01-10	Frosinone	Catanzaro	1.80	2.08	2.08	3.75	1.73	2.08	2.05	3.60
ITA-SB	2026-01-10	Juve Stabia	Pescara	2.00	1.83	1.67	5.60	2.00	1.80	1.62	5.50
ITA-SB	2026-01-10	Reggiana	Venezia	1.95	1.85	6.33	1.56	1.95	1.85	5.75	1.49
ITA-SB	2026-01-10	Sudtirol	Spezia	2.20	1.67	2.28	3.75	2.15	1.67	2.15	3.60
ITA-SB	2026-01-10	Virtus Entella	Monza	2.43	1.62	4.25	1.98	2.25	1.62	3.90	1.91
ITA-SB	2026-01-11	Mantova	Palermo	1.88	1.93	4.00	1.94	1.88	1.93	3.75	1.91
ITA-SB	2026-01-11	Padova	Modena	2.30	1.62	4.75	1.97	2.30	1.60	4.75	1.81
ITA-SB	2026-01-16	Sampdoria	Virtus Entella	2.50	1.53	2.05	4.35	2.40	1.53	1.91	4.33
ITA-SB	2026-01-17	Avellino	Carrarese	2.00	1.80	2.33	3.60	2.00	1.80	2.20	3.40
ITA-SB	2026-01-17	Bari	Juve Stabia	2.70	1.50	3.30	2.50	2.70	1.44	3.30	2.40
ITA-SB	2026-01-17	Empoli	Sudtirol	2.25	1.62	2.50	3.14	2.25	1.62	2.50	2.85
ITA-SB	2026-01-17	Monza	Frosinone	1.88	2.00	1.90	4.40	1.80	2.00	1.81	4.33
ITA-SB	2026-01-17	Padova	Mantova	2.12	1.77	2.30	3.40	2.08	1.73	2.25	3.40
ITA-SB	2026-01-17	Reggiana	Cesena	2.28	1.62	3.80	2.17	2.25	1.62	3.80	2.05
ITA-SB	2026-01-17	Venezia	Catanzaro	1.83	2.00	1.56	6.25	1.80	2.00	1.46	6.25
ITA-SB	2026-01-18	Palermo	Spezia	2.00	1.80	1.73	5.00	2.00	1.80	1.68	5.00
ITA-SB	2026-01-18	Pescara	Modena	1.80	2.05	4.70	1.81	1.80	2.00	4.10	1.76
ITA-SB	2026-01-23	Carrarese	Empoli	2.00	1.85	2.42	3.20	1.95	1.85	2.30	3.10
ITA-SB	2026-01-24	Cesena	Bari	2.08	1.83	1.71	5.75	1.98	1.83	1.61	5.75
ITA-SB	2026-01-24	Frosinone	Reggiana	1.80	2.08	1.70	5.00	1.73	2.08	1.66	4.75
ITA-SB	2026-01-24	Juve Stabia	Virtus Entella	2.42	1.57	2.12	4.00	2.35	1.57	2.05	3.80
ITA-SB	2026-01-24	Mantova	Venezia	1.75	2.12	5.60	1.60	1.75	2.05	5.25	1.57
ITA-SB	2026-01-24	Modena	Palermo	2.12	1.73	2.30	3.50	2.08	1.73	2.20	3.25
ITA-SB	2026-01-24	Monza	Pescara	1.73	2.12	1.39	8.00	1.73	2.08	1.35	7.50
ITA-SB	2026-01-24	Spezia	Avellino	2.10	1.75	2.05	4.00	2.05	1.75	2.01	3.60
ITA-SB	2026-01-25	Catanzaro	Sampdoria	2.30	1.62	2.50	3.20	2.30	1.60	2.50	3.00
ITA-SB	2026-01-25	Sudtirol	Padova	2.40	1.60	1.96	4.75	2.35	1.57	1.86	4.50
ITA-SB	2026-01-30	Bari	Palermo	2.35	1.63	5.33	1.82	2.35	1.57	5.25	1.71
ITA-SB	2026-01-31	Avellino	Cesena	2.20	1.67	3.14	2.55	2.15	1.67	2.85	2.50
ITA-SB	2026-01-31	Empoli	Modena	2.10	1.70	3.60	2.20	2.10	1.70	3.50	2.05
ITA-SB	2026-01-31	Pescara	Mantova	1.73	2.15	2.14	3.70	1.67	2.15	1.91	3.70
ITA-SB	2026-01-31	Sampdoria	Spezia	2.50	1.53	2.25	4.00	2.40	1.53	2.15	3.60
ITA-SB	2026-01-31	Sudtirol	Catanzaro	2.33	1.65	2.20	3.75	2.25	1.62	2.15	3.70
ITA-SB	2026-01-31	Venezia	Carrarese	1.67	2.38	1.36	8.90	1.67	2.15	1.33	7.50
ITA-SB	2026-01-31	Virtus Entella	Frosinone	2.00	1.83	2.88	2.66	1.98	1.83	2.57	2.57
ITA-SB	2026-02-01	Padova	Monza	2.20	1.67	5.50	1.80	2.15	1.67	4.75	1.66
ITA-SB	2026-02-01	Reggiana	Juve Stabia	2.60	1.52	3.66	2.38	2.60	1.48	3.50	2.25
ITA-SB	2026-02-06	Cesena	Pescara	1.85	1.95	1.83	4.70	1.85	1.95	1.79	4.10
ITA-SB	2026-02-07	Carrarese	Sudtirol	2.12	1.72	2.48	3.30	2.10	1.70	2.40	3.30
ITA-SB	2026-02-07	Catanzaro	Reggiana	2.10	1.80	1.76	5.50	2.00	1.80	1.61	5.25
ITA-SB	2026-02-07	Frosinone	Venezia	1.70	2.20	3.80	2.05	1.70	2.10	3.60	2.01
ITA-SB	2026-02-07	Juve Stabia	Padova	2.25	1.62	1.80	5.33	2.25	1.62	1.76	4.75
ITA-SB	2026-02-07	Mantova	Bari	2.10	1.80	2.15	3.80	2.05	1.75	2.10	3.80
ITA-SB	2026-02-07	Modena	Sampdoria	2.20	1.65	1.85	6.25	2.20	1.65	1.66	6.25
ITA-SB	2026-02-07	Palermo	Empoli	2.10	1.78	1.66	5.60	2.05	1.75	1.57	5.50
ITA-SB	2026-02-07	Spezia	Virtus Entella	2.30	1.62	2.25	4.50	2.30	1.60	2.01	4.50
ITA-SB	2026-02-08	Monza	Avellino	2.02	1.90	1.54	7.00	1.90	1.90	1.42	7.00
ITA-SB	2026-02-10	Padova	Carrarese	2.25	1.71	3.20	2.63	2.10	1.70	3.20	2.40
ITA-SB	2026-02-10	Pescara	Catanzaro	1.83	1.98	2.85	2.60	1.83	1.98	2.65	2.57
ITA-SB	2026-02-10	Reggiana	Mantova	2.35	1.66	2.75	2.95	2.35	1.57	2.70	2.82
ITA-SB	2026-02-10	Sampdoria	Palermo	2.50	1.65	3.30	2.55	2.50	1.50	3.00	2.55
ITA-SB	2026-02-10	Venezia	Modena	2.00	1.81	1.87	4.75	2.00	1.80	1.81	4.10
ITA-SB	2026-02-10	Virtus Entella	Cesena	2.30	1.62	2.75	3.00	2.25	1.62	2.65	3.00
ITA-SB	2026-02-11	Avellino	Frosinone	1.83	2.00	3.50	2.30	1.80	2.00	3.50	2.15
ITA-SB	2026-02-11	Bari	Spezia	2.50	1.54	3.20	2.75	2.50	1.50	2.82	2.70
ITA-SB	2026-02-11	Empoli	Juve Stabia	2.60	1.50	2.38	3.50	2.60	1.48	2.30	3.40
ITA-SB	2026-02-11	Sudtirol	Monza	2.38	1.62	3.75	2.20	2.25	1.62	3.50	2.15
ITA-SB	2026-02-14	Catanzaro	Mantova	1.83	2.00	1.83	4.75	1.80	2.00	1.71	4.75
ITA-SB	2026-02-14	Cesena	Venezia	1.95	1.88	3.80	2.15	1.95	1.85	3.80	2.10
ITA-SB	2026-02-14	Modena	Carrarese	1.90	2.00	1.62	6.66	1.80	2.00	1.56	5.75
ITA-SB	2026-02-14	Palermo	Virtus Entella	2.00	1.83	1.56	6.50	1.98	1.83	1.46	6.50
ITA-SB	2026-02-14	Sampdoria	Padova	2.12	1.73	1.76	5.80	2.10	1.70	1.68	5.50
ITA-SB	2026-02-15	Avellino	Pescara	1.81	2.00	2.10	3.66	1.80	2.00	2.05	3.40
ITA-SB	2026-02-15	Bari	Sudtirol	2.54	1.61	3.25	2.45	2.50	1.50	3.10	2.40
ITA-SB	2026-02-15	Empoli	Reggiana	2.38	1.62	1.97	4.50	2.35	1.57	1.86	4.00
ITA-SB	2026-02-15	Monza	Juve Stabia	2.28	1.62	1.66	6.33	2.25	1.62	1.53	5.00
ITA-SB	2026-02-15	Spezia	Frosinone	1.80	2.00	2.88	2.46	1.80	2.00	2.75	2.25
ITA-SB	2026-02-20	Frosinone	Empoli	1.83	2.02	1.80	4.50	1.80	2.00	1.68	4.50
ITA-SB	2026-02-21	Carrarese	Monza	2.17	1.75	4.00	2.00	2.05	1.75	3.75	1.96
ITA-SB	2026-02-21	Cesena	Spezia	2.16	1.70	2.15	3.80	2.10	1.70	2.05	3.80
ITA-SB	2026-02-21	Mantova	Sampdoria	2.25	1.65	3.40	2.63	2.20	1.65	3.40	2.32
ITA-SB	2026-02-21	Padova	Bari	2.20	1.67	2.10	4.20	2.15	1.67	2.01	3.80
ITA-SB	2026-02-21	Palermo	Sudtirol	2.10	1.88	1.65	6.00	2.05	1.75	1.56	5.50
ITA-SB	2026-02-21	Venezia	Pescara	1.50	2.70	1.27	12.00	1.48	2.60	1.19	12.00
ITA-SB	2026-02-21	Virtus Entella	Catanzaro	2.28	1.67	2.55	3.20	2.15	1.67	2.32	3.10
ITA-SB	2026-02-22	Juve Stabia	Modena	2.40	1.57	3.50	2.30	2.35	1.57	3.50	2.20
ITA-SB	2026-02-22	Reggiana	Avellino	2.38	1.62	2.45	3.40	2.30	1.60	2.32	3.40
ITA-SB	2026-02-27	Monza	Virtus Entella	2.12	1.80	1.56	7.50	2.00	1.80	1.46	6.50
ITA-SB	2026-02-27	Sampdoria	Bari	2.25	1.67	1.77	5.50	2.15	1.67	1.66	5.25
ITA-SB	2026-02-28	Avellino	Juve Stabia	2.50	1.53	2.90	2.85	2.40	1.53	2.85	2.75
ITA-SB	2026-02-28	Empoli	Cesena	2.08	1.80	2.55	3.00	2.05	1.75	2.55	2.82
ITA-SB	2026-02-28	Modena	Padova	1.93	1.95	1.50	7.00	1.85	1.95	1.42	7.00
ITA-SB	2026-02-28	Spezia	Reggiana	2.40	1.63	2.00	4.33	2.40	1.53	1.96	3.90
ITA-SB	2026-02-28	Sudtirol	Venezia	1.92	1.95	4.50	2.00	1.85	1.95	4.33	1.86
ITA-SB	2026-03-01	Catanzaro	Frosinone	1.77	2.10	2.71	2.62	1.75	2.05	2.57	2.57
ITA-SB	2026-03-01	Mantova	Carrarese	2.07	1.83	2.75	2.80	2.05	1.75	2.70	2.65
ITA-SB	2026-03-01	Pescara	Palermo	1.70	2.10	4.33	1.80	1.70	2.10	4.00	1.76
ITA-SB	2026-03-03	Cesena	Monza	2.10	1.80	3.30	2.38	2.05	1.75	3.00	2.32
ITA-SB	2026-03-03	Padova	Spezia	2.40	1.62	2.65	3.20	2.40	1.53	2.50	3.20
ITA-SB	2026-03-03	Reggiana	Sudtirol	2.54	1.53	3.50	2.45	2.50	1.50	3.40	2.30
ITA-SB	2026-03-03	Venezia	Avellino	1.71	2.17	1.36	9.50	1.70	2.10	1.30	9.50
ITA-SB	2026-03-03	Virtus Entella	Modena	2.30	1.67	3.50	2.30	2.25	1.62	3.50	2.20
ITA-SB	2026-03-04	Bari	Empoli	2.10	1.80	3.10	2.40	2.05	1.75	2.82	2.40
ITA-SB	2026-03-04	Carrarese	Catanzaro	2.10	1.80	2.45	3.20	2.08	1.73	2.30	3.20
ITA-SB	2026-03-04	Frosinone	Pescara	1.48	2.88	1.53	6.00	1.40	2.88	1.46	5.50
ITA-SB	2026-03-04	Juve Stabia	Sampdoria	2.54	1.53	2.42	3.33	2.50	1.50	2.35	3.20
ITA-SB	2026-03-04	Palermo	Mantova	1.80	2.05	1.50	6.66	1.75	2.05	1.46	6.25
ITA-SB	2026-03-07	Avellino	Padova	2.30	1.63	2.18	4.50	2.30	1.60	1.96	4.50
ITA-SB	2026-03-07	Modena	Cesena	1.95	1.91	1.91	5.00	1.90	1.90	1.81	5.00
ITA-SB	2026-03-07	Spezia	Monza	2.00	1.91	3.75	2.04	1.95	1.85	3.60	1.96
ITA-SB	2026-03-07	Sudtirol	Virtus Entella	2.20	1.67	1.82	5.75	2.20	1.65	1.71	5.25
ITA-SB	2026-03-07	Venezia	Reggiana	1.57	2.40	1.25	12.00	1.57	2.35	1.17	12.00
ITA-SB	2026-03-08	Carrarese	Palermo	2.20	1.75	3.66	2.20	2.15	1.67	3.60	2.05
ITA-SB	2026-03-08	Catanzaro	Empoli	1.94	2.00	2.18	3.50	1.90	1.90	2.05	3.40
ITA-SB	2026-03-08	Frosinone	Sampdoria	1.81	2.00	1.97	3.80	1.80	2.00	1.91	3.80
ITA-SB	2026-03-08	Mantova	Juve Stabia	2.15	1.70	2.55	3.00	2.15	1.67	2.35	3.00
ITA-SB	2026-03-08	Pescara	Bari	1.95	1.91	2.30	3.60	1.90	1.90	2.15	3.60
ITA-SB	2026-03-13	Modena	Spezia	2.10	1.80	1.71	5.50	2.00	1.80	1.61	5.25
ITA-SB	2026-03-14	Bari	Reggiana	2.20	1.67	2.25	3.75	2.20	1.65	2.15	3.60
ITA-SB	2026-03-14	Cesena	Frosinone	1.64	2.40	2.71	2.50	1.60	2.30	2.65	2.40
ITA-SB	2026-03-14	Empoli	Mantova	2.03	1.84	2.05	3.80	2.03	1.78	2.01	3.70
ITA-SB	2026-03-14	Juve Stabia	Carrarese	2.20	1.67	2.10	4.25	2.15	1.67	1.96	4.20
ITA-SB	2026-03-14	Monza	Palermo	2.00	1.83	2.15	3.75	1.98	1.83	2.05	3.50
ITA-SB	2026-03-14	Padova	Catanzaro	1.89	1.98	3.70	2.25	1.83	1.98	3.70	2.05
ITA-SB	2026-03-14	Sampdoria	Venezia	2.00	1.85	4.75	1.86	1.95	1.85	4.75	1.81
ITA-SB	2026-03-15	Sudtirol	Pescara	1.95	1.93	1.87	4.20	1.88	1.93	1.81	4.10
ITA-SB	2026-03-15	Virtus Entella	Avellino	2.35	1.62	2.75	3.00	2.35	1.57	2.75	3.00
ITA-SB	2026-03-17	Mantova	Cesena	2.00	1.84	2.45	3.00	2.00	1.80	2.32	3.00
ITA-SB	2026-03-17	Palermo	Juve Stabia	2.25	1.70	1.70	6.00	2.25	1.62	1.62	6.00
ITA-SB	2026-03-17	Reggiana	Monza	2.20	1.67	6.00	1.68	2.20	1.65	6.00	1.61
ITA-SB	2026-03-17	Spezia	Empoli	2.14	1.70	2.62	3.00	2.10	1.70	2.57	2.70
ITA-SB	2026-03-17	Venezia	Padova	1.53	2.60	1.27	12.00	1.50	2.50	1.19	9.50
ITA-SB	2026-03-18	Avellino	Sudtirol	2.60	1.50	2.40	3.75	2.60	1.48	2.30	3.60
ITA-SB	2026-03-18	Carrarese	Sampdoria	2.40	1.60	2.52	3.33	2.30	1.60	2.40	3.20
ITA-SB	2026-03-18	Frosinone	Bari	1.60	2.38	1.50	6.50	1.57	2.35	1.46	6.50
ITA-SB	2026-03-18	Pescara	Virtus Entella	1.85	1.95	2.07	4.00	1.85	1.95	1.91	4.00
ITA-SB	2026-03-21	Cesena	Catanzaro	1.81	2.10	2.42	3.00	1.70	2.10	2.32	2.75
ITA-SB	2026-03-21	Juve Stabia	Spezia	2.40	1.63	2.25	3.75	2.40	1.53	2.20	3.60
ITA-SB	2026-03-21	Modena	Mantova	1.91	1.96	1.65	6.00	1.88	1.93	1.53	6.00
ITA-SB	2026-03-21	Monza	Venezia	1.89	1.95	3.10	2.60	1.85	1.95	3.10	2.32
ITA-SB	2026-03-21	Padova	Palermo	1.80	2.15	5.00	1.67	1.67	2.15	5.00	1.57
ITA-SB	2026-03-22	Bari	Carrarese	2.12	1.80	3.25	2.54	2.08	1.73	3.25	2.35
ITA-SB	2026-03-22	Empoli	Pescara	1.88	2.00	2.10	3.50	1.88	1.93	2.01	3.50
ITA-SB	2026-03-22	Sampdoria	Avellino	2.45	1.57	2.55	3.60	2.40	1.53	2.55	3.00
ITA-SB	2026-03-22	Sudtirol	Frosinone	1.90	1.94	3.14	2.38	1.90	1.90	3.00	2.25
ITA-SB	2026-03-22	Virtus Entella	Reggiana	2.50	1.60	2.15	4.10	2.50	1.50	2.10	3.90
ITA-SB	2026-04-05	Frosinone	Padova	1.55	2.70	1.44	7.50	1.50	2.50	1.35	7.00
ITA-SB	2026-04-05	Palermo	Avellino	1.93	1.91	1.58	6.00	1.93	1.88	1.56	6.00
ITA-SB	2026-04-06	Bari	Modena	2.00	1.85	5.33	1.76	1.95	1.85	5.25	1.62
ITA-SB	2026-04-06	Carrarese	Spezia	2.15	1.73	2.38	3.50	2.15	1.67	2.35	3.20
ITA-SB	2026-04-06	Catanzaro	Monza	1.94	1.95	3.40	2.28	1.90	1.90	3.40	2.10
ITA-SB	2026-04-06	Cesena	Sudtirol	2.02	1.91	2.28	3.50	1.90	1.90	2.10	3.40
ITA-SB	2026-04-06	Mantova	Virtus Entella	2.12	1.77	2.55	3.30	2.10	1.70	2.55	2.82
ITA-SB	2026-04-06	Reggiana	Pescara	2.00	1.84	3.10	2.36	2.00	1.80	3.10	2.20
ITA-SB	2026-04-06	Sampdoria	Empoli	2.20	1.67	2.42	3.20	2.20	1.65	2.40	3.20
ITA-SB	2026-04-06	Venezia	Juve Stabia	1.80	2.08	1.46	8.00	1.73	2.08	1.39	8.00
ITA-SB	2026-04-10	Frosinone	Palermo	1.63	2.30	2.38	3.20	1.60	2.30	2.15	3.20
ITA-SB	2026-04-11	Avellino	Catanzaro	2.10	1.80	2.65	2.83	2.10	1.70	2.50	2.50
ITA-SB	2026-04-11	Juve Stabia	Cesena	2.04	1.83	2.35	3.33	1.98	1.83	2.25	3.20
ITA-SB	2026-04-11	Monza	Bari	1.66	2.30	1.33	10.00	1.60	2.30	1.25	10.00
ITA-SB	2026-04-11	Pescara	Sampdoria	2.00	1.80	2.25	3.50	2.00	1.80	2.15	3.25
ITA-SB	2026-04-11	Sudtirol	Modena	2.25	1.62	3.10	2.54	2.25	1.62	3.10	2.32
ITA-SB	2026-04-11	Virtus Entella	Venezia	1.80	2.08	5.25	1.71	1.73	2.08	5.25	1.61
ITA-SB	2026-04-12	Padova	Empoli	2.10	1.73	3.33	2.45	2.08	1.73	2.85	2.45
ITA-SB	2026-04-12	Reggiana	Carrarese	2.12	1.73	3.40	2.30	2.08	1.73	3.40	2.20
ITA-SB	2026-04-12	Spezia	Mantova	2.00	1.84	2.35	3.14	2.00	1.80	2.32	3.00
ITA-SB	2026-04-14	Catanzaro	Modena	1.88	2.00	2.75	2.98	1.80	2.00	2.45	2.75
ITA-SB	2026-04-17	Sampdoria	Monza	2.30	1.62	3.60	2.25	2.30	1.60	3.50	2.20
ITA-SB	2026-04-18	Bari	Venezia	1.60	2.40	7.50	1.43	1.57	2.35	7.50	1.39
ITA-SB	2026-04-18	Juve Stabia	Catanzaro	2.10	1.73	2.00	4.20	2.08	1.73	1.91	3.80
ITA-SB	2026-04-18	Mantova	Avellino	2.20	1.72	2.35	3.50	2.20	1.65	2.25	3.50
ITA-SB	2026-04-18	Modena	Frosinone	1.68	2.30	2.70	3.10	1.65	2.20	2.70	2.40
ITA-SB	2026-04-18	Palermo	Cesena	1.73	2.10	1.62	5.50	1.73	2.08	1.61	5.25
ITA-SB	2026-04-18	Spezia	Sudtirol	2.10	1.75	2.35	3.40	2.05	1.75	2.15	3.25
ITA-SB	2026-04-19	Carrarese	Pescara	1.72	2.25	2.20	3.40	1.67	2.15	2.10	3.20
ITA-SB	2026-04-19	Empoli	Virtus Entella	2.30	1.69	2.12	4.00	2.30	1.60	2.10	3.90
ITA-SB	2026-04-19	Padova	Reggiana	2.12	1.73	2.16	3.66	2.10	1.70	2.10	3.40
ITA-SB	2026-04-24	Avellino	Bari	2.10	1.73	1.93	4.33	2.10	1.70	1.86	4.00
ITA-SB	2026-04-24	Monza	Modena	1.98	1.96	1.57	6.00	1.98	1.83	1.53	5.75
ITA-SB	2026-04-25	Catanzaro	Spezia	1.91	1.95	2.25	3.30	1.85	1.95	2.20	3.00
ITA-SB	2026-04-25	Cesena	Sampdoria	2.08	1.80	2.38	3.50	2.05	1.75	2.15	3.50
ITA-SB	2026-04-25	Frosinone	Carrarese	1.54	2.60	1.55	5.50	1.48	2.60	1.49	5.00
ITA-SB	2026-04-25	Pescara	Juve Stabia	1.90	1.91	2.20	3.25	1.90	1.90	2.15	3.10
ITA-SB	2026-04-25	Reggiana	Palermo	1.91	1.90	5.00	1.70	1.90	1.90	5.00	1.66
ITA-SB	2026-04-25	Sudtirol	Mantova	2.40	1.62	3.00	3.15	2.40	1.53	3.00	3.00
ITA-SB	2026-04-25	Venezia	Empoli	1.57	2.40	1.39	8.50	1.53	2.40	1.35	7.50
ITA-SB	2026-04-25	Virtus Entella	Padova	2.10	1.75	1.83	4.75	2.05	1.75	1.71	4.50
ITA-SB	2026-05-01	Bari	Virtus Entella	2.25	1.67	3.10	2.54	2.20	1.65	2.85	2.50
ITA-SB	2026-05-01	Carrarese	Cesena	1.85	2.20	2.42	3.00	1.65	2.20	2.40	2.70
ITA-SB	2026-05-01	Empoli	Avellino	2.15	1.73	2.15	4.00	2.15	1.67	1.96	4.00
ITA-SB	2026-05-01	Juve Stabia	Frosinone	1.79	2.10	3.33	2.20	1.73	2.08	3.20	2.10
ITA-SB	2026-05-01	Mantova	Monza	1.91	1.91	4.75	1.80	1.90	1.90	4.75	1.71
ITA-SB	2026-05-01	Modena	Reggiana	1.95	2.00	1.60	5.70	1.80	2.00	1.53	5.25
ITA-SB	2026-05-01	Padova	Pescara	1.75	2.10	3.00	2.46	1.75	2.05	2.65	2.30
ITA-SB	2026-05-01	Palermo	Catanzaro	1.76	2.20	1.83	4.20	1.70	2.10	1.76	4.10
ITA-SB	2026-05-01	Sampdoria	Sudtirol	2.63	1.65	2.35	3.80	2.60	1.48	2.25	3.60
ITA-SB	2026-05-01	Spezia	Venezia	1.66	2.40	5.00	1.65	1.57	2.35	4.75	1.57
ITA-SB	2026-05-08	Avellino	Modena	1.95	1.93	1.58	6.25	1.88	1.93	1.49	6.25
ITA-SB	2026-05-08	Catanzaro	Bari	2.05	1.87	3.50	2.25	2.05	1.75	3.50	2.20
ITA-SB	2026-05-08	Cesena	Padova	1.58	2.50	1.41	8.50	1.53	2.40	1.37	6.25
ITA-SB	2026-05-08	Frosinone	Mantova	1.53	2.55	1.56	5.33	1.50	2.50	1.51	5.25
ITA-SB	2026-05-08	Monza	Empoli	1.80	2.10	1.75	4.80	1.80	2.00	1.66	4.10
ITA-SB	2026-05-08	Pescara	Spezia	1.48	2.88	2.10	3.14	1.40	2.88	2.01	3.10
ITA-SB	2026-05-08	Reggiana	Sampdoria	2.12	1.73	3.45	2.22	2.10	1.70	3.30	2.15
ITA-SB	2026-05-08	Sudtirol	Juve Stabia	2.15	1.77	1.67	5.50	2.15	1.67	1.62	5.50
ITA-SB	2026-05-08	Venezia	Palermo	1.67	2.20	1.53	6.50	1.65	2.20	1.45	5.50
ITA-SB	2026-05-08	Virtus Entella	Carrarese	2.08	1.85	1.86	4.50	2.08	1.73	1.86	4.33
NED-ED	2024-08-09	Groningen	NAC Breda	1.90	2.27	1.70	5.54	1.75	2.05	1.67	5.25
NED-ED	2024-08-10	Almere City	AZ Alkmaar	1.99	2.07	5.54	1.93	1.85	2.00	5.25	1.70
NED-ED	2024-08-10	Feyenoord	Willem II	1.36	3.41	1.14	23.00	1.33	3.40	1.13	21.00
NED-ED	2024-08-10	Nijmegen	Twente	1.73	2.26	3.40	2.34	1.70	2.10	3.10	2.30
NED-ED	2024-08-10	PSV Eindhoven	Waalwijk	1.18	6.51	1.12	31.00	1.14	5.50	1.07	21.00
NED-ED	2024-08-11	Ajax	Heerenveen	1.38	3.41	1.44	7.62	1.36	3.10	1.40	7.00
NED-ED	2024-08-11	Go Ahead Eagles	For Sittard	1.99	2.07	2.14	3.95	1.93	1.93	2.10	3.60
NED-ED	2024-08-11	Sparta Rotterdam	Heracles	1.53	2.83	1.43	8.00	1.44	2.70	1.38	7.50
NED-ED	2024-08-11	Utrecht	Zwolle	1.62	2.47	1.56	6.70	1.57	2.35	1.53	6.00
NED-ED	2024-08-16	For Sittard	Almere City	2.13	1.90	1.84	5.00	2.03	1.83	1.80	4.50
NED-ED	2024-08-17	AZ Alkmaar	Nijmegen	1.68	2.45	1.54	6.59	1.57	2.35	1.50	6.25
NED-ED	2024-08-17	Heerenveen	Utrecht	1.77	2.33	3.07	2.40	1.67	2.15	3.00	2.30
NED-ED	2024-08-17	Twente	Sparta Rotterdam	1.70	2.36	1.66	5.53	1.62	2.25	1.62	5.00
NED-ED	2024-08-17	Waalwijk	Groningen	1.99	2.11	3.06	2.55	1.85	2.00	3.00	2.40
NED-ED	2024-08-18	Heracles	PSV Eindhoven	1.27	4.27	18.50	1.16	1.25	4.00	15.00	1.14
NED-ED	2024-08-18	NAC Breda	Ajax	1.51	2.80	6.40	1.50	1.48	2.60	6.00	1.45
NED-ED	2024-08-18	Willem II	Go Ahead Eagles	1.99	2.11	2.70	2.87	1.88	1.98	2.63	2.75
NED-ED	2024-08-18	Zwolle	Feyenoord	1.36	3.41	12.50	1.24	1.36	3.10	11.00	1.22
NED-ED	2024-08-24	Almere City	PSV Eindhoven	1.33	3.88	17.00	1.19	1.29	3.60	13.00	1.17
NED-ED	2024-08-24	NAC Breda	Utrecht	1.85	2.11	3.95	2.06	1.75	2.05	3.90	1.95
NED-ED	2024-08-24	Nijmegen	Zwolle	1.61	2.55	1.70	5.85	1.53	2.40	1.62	5.50
NED-ED	2024-08-25	Go Ahead Eagles	Waalwijk	1.68	2.45	1.71	5.01	1.57	2.35	1.67	4.75
NED-ED	2024-08-25	Groningen	AZ Alkmaar	1.99	2.02	3.71	2.16	1.90	1.95	3.40	2.10
NED-ED	2024-08-25	Heracles	Willem II	2.13	1.97	2.61	3.08	2.03	1.83	2.40	3.00
NED-ED	2024-08-25	Sparta Rotterdam	Feyenoord	1.54	2.70	8.45	1.45	1.48	2.60	8.00	1.42
NED-ED	2024-08-30	Waalwijk	AZ Alkmaar	1.68	2.36	7.99	1.45	1.60	2.30	7.50	1.42
NED-ED	2024-08-31	Almere City	Groningen	2.08	2.00	3.67	2.16	1.88	1.98	3.60	2.05
NED-ED	2024-08-31	For Sittard	Nijmegen	1.91	2.06	2.24	3.34	1.83	2.03	2.20	3.20
NED-ED	2024-08-31	Heerenveen	NAC Breda	1.68	2.45	1.74	5.33	1.60	2.30	1.65	5.25
NED-ED	2024-08-31	Willem II	Sparta Rotterdam	2.08	2.00	3.28	2.38	1.95	1.90	3.00	2.35
NED-ED	2024-09-01	PSV Eindhoven	Go Ahead Eagles	1.33	4.80	1.17	23.00	1.22	4.20	1.13	19.00
NED-ED	2024-09-01	Utrecht	Twente	1.91	2.07	2.85	2.61	1.83	2.03	2.80	2.50
NED-ED	2024-09-01	Zwolle	Heracles	1.90	2.11	2.11	3.66	1.75	2.05	2.05	3.40
NED-ED	2024-09-14	AZ Alkmaar	Heerenveen	1.61	2.57	1.43	8.30	1.53	2.40	1.38	7.50
NED-ED	2024-09-14	Groningen	Feyenoord	1.83	2.17	5.50	1.77	1.80	2.00	4.50	1.73
NED-ED	2024-09-14	NAC Breda	For Sittard	2.03	1.91	3.10	2.46	1.98	1.88	2.90	2.30
NED-ED	2024-09-14	PSV Eindhoven	Nijmegen	1.30	4.10	1.19	18.00	1.29	3.60	1.14	17.00
NED-ED	2024-09-14	Twente	Zwolle	1.54	2.70	1.32	10.50	1.44	2.70	1.29	8.50
NED-ED	2024-09-15	Heracles	Almere City	1.99	2.06	2.36	3.38	1.85	2.00	2.30	2.90
NED-ED	2024-09-15	Sparta Rotterdam	Go Ahead Eagles	1.91	2.07	2.09	3.84	1.85	2.00	2.00	3.50
NED-ED	2024-09-15	Willem II	Waalwijk	1.91	2.07	1.92	4.43	1.83	2.03	1.90	4.00
NED-ED	2024-09-17	Twente	Heerenveen	1.42	3.15	1.33	9.30	1.36	3.10	1.30	8.50
NED-ED	2024-09-18	Ajax	For Sittard	1.83	2.20	1.33	11.00	1.75	2.05	1.30	9.00
NED-ED	2024-09-20	Zwolle	AZ Alkmaar	1.58	2.56	7.00	1.48	1.57	2.35	6.00	1.45
NED-ED	2024-09-21	Go Ahead Eagles	Ajax	1.67	2.41	4.47	1.82	1.60	2.30	4.20	1.75
NED-ED	2024-09-21	Nijmegen	Heracles	1.71	2.29	1.67	5.19	1.65	2.20	1.62	5.00
NED-ED	2024-09-21	Utrecht	Willem II	1.99	2.06	1.70	5.75	1.83	2.03	1.65	5.25
NED-ED	2024-09-21	Waalwijk	Sparta Rotterdam	1.74	2.38	4.28	1.95	1.57	2.35	4.00	1.80
NED-ED	2024-09-22	Almere City	Twente	1.64	2.42	6.60	1.54	1.57	2.35	5.75	1.53
NED-ED	2024-09-22	Feyenoord	NAC Breda	1.35	3.55	1.13	23.00	1.33	3.40	1.11	17.00
NED-ED	2024-09-22	For Sittard	PSV Eindhoven	1.48	3.10	15.00	1.20	1.40	2.88	12.00	1.18
NED-ED	2024-09-22	Heerenveen	Groningen	1.84	2.26	2.38	3.02	1.65	2.20	2.30	2.90
NED-ED	2024-09-27	Heracles	Heerenveen	1.69	2.36	3.05	2.45	1.67	2.15	2.80	2.45
NED-ED	2024-09-28	Nijmegen	Feyenoord	1.77	2.28	6.09	1.63	1.67	2.15	5.50	1.62
NED-ED	2024-09-28	Sparta Rotterdam	For Sittard	1.99	2.02	1.69	5.69	1.85	2.00	1.62	5.50
NED-ED	2024-09-28	Willem II	PSV Eindhoven	1.55	2.70	10.00	1.33	1.53	2.40	8.50	1.30
NED-ED	2024-09-29	AZ Alkmaar	Utrecht	1.73	2.30	1.61	5.75	1.67	2.15	1.57	5.50
NED-ED	2024-09-29	Groningen	Go Ahead Eagles	1.99	2.00	2.76	2.70	1.93	1.93	2.70	2.55
NED-ED	2024-09-29	Twente	NAC Breda	1.57	2.70	1.28	12.00	1.53	2.40	1.25	9.50
NED-ED	2024-09-29	Waalwijk	Ajax	1.47	3.14	7.50	1.42	1.36	3.10	6.50	1.40
NED-ED	2024-09-29	Zwolle	Almere City	1.79	2.23	2.01	4.01	1.70	2.10	1.91	3.80
NED-ED	2024-10-04	Almere City	Willem II	2.35	1.72	2.61	3.10	2.20	1.65	2.50	3.00
NED-ED	2024-10-05	NAC Breda	Nijmegen	2.24	1.86	3.43	2.42	2.03	1.83	3.25	2.30
NED-ED	2024-10-05	PSV Eindhoven	Sparta Rotterdam	1.35	3.41	1.22	15.00	1.33	3.40	1.20	12.00
NED-ED	2024-10-05	Utrecht	Waalwijk	1.56	2.70	1.41	8.75	1.48	2.60	1.36	8.00
NED-ED	2024-10-06	Ajax	Groningen	1.52	2.95	1.30	12.00	1.48	2.60	1.27	9.00
NED-ED	2024-10-06	Feyenoord	Twente	1.70	2.36	1.80	4.56	1.65	2.20	1.75	4.33
NED-ED	2024-10-06	For Sittard	AZ Alkmaar	2.00	2.05	5.05	1.83	1.83	2.03	4.75	1.80
NED-ED	2024-10-06	Go Ahead Eagles	Heracles	1.70	2.34	1.61	5.64	1.65	2.20	1.57	5.25
NED-ED	2024-10-06	Heerenveen	Zwolle	1.59	2.57	1.86	4.16	1.50	2.50	1.83	4.10
NED-ED	2024-10-19	AZ Alkmaar	PSV Eindhoven	1.61	2.49	3.61	2.11	1.57	2.35	3.30	2.05
NED-ED	2024-10-19	Go Ahead Eagles	Feyenoord	1.82	2.21	3.98	1.96	1.70	2.10	3.60	1.91
NED-ED	2024-10-19	Nijmegen	Heerenveen	1.71	2.36	2.03	4.02	1.62	2.25	1.87	3.80
NED-ED	2024-10-19	Sparta Rotterdam	Almere City	1.99	2.12	1.76	5.40	1.90	1.95	1.70	4.75
NED-ED	2024-10-19	Waalwijk	Twente	1.56	2.70	9.70	1.38	1.50	2.50	8.00	1.27
NED-ED	2024-10-20	Groningen	Utrecht	1.99	2.00	2.96	2.64	1.88	1.98	2.70	2.55
NED-ED	2024-10-20	Heracles	Ajax	1.52	2.75	8.00	1.39	1.41	2.70	7.00	1.36
NED-ED	2024-10-20	Willem II	For Sittard	2.52	1.66	2.46	3.38	2.40	1.53	2.35	3.20
NED-ED	2024-10-20	Zwolle	NAC Breda	2.08	1.96	1.98	4.30	1.95	1.90	1.87	4.20
NED-ED	2024-10-25	Almere City	Nijmegen	2.07	1.90	3.28	2.51	2.00	1.85	3.10	2.40
NED-ED	2024-10-26	For Sittard	Groningen	2.35	1.77	2.11	4.00	2.15	1.67	2.05	3.60
NED-ED	2024-10-26	Heerenveen	Sparta Rotterdam	1.62	2.45	2.36	3.05	1.57	2.35	2.30	2.90
NED-ED	2024-10-26	NAC Breda	Waalwijk	1.90	2.08	1.70	5.46	1.75	2.05	1.62	5.00
NED-ED	2024-10-26	PSV Eindhoven	Zwolle	1.26	4.66	1.14	21.00	1.22	4.20	1.13	15.00
NED-ED	2024-10-27	AZ Alkmaar	Go Ahead Eagles	1.83	2.17	1.73	5.28	1.75	2.05	1.70	5.00
NED-ED	2024-10-27	Ajax	Willem II	1.77	2.25	1.41	9.00	1.70	2.10	1.38	7.50
NED-ED	2024-10-27	Twente	Heracles	1.46	3.05	1.25	13.00	1.44	2.70	1.22	11.00
NED-ED	2024-10-27	Utrecht	Feyenoord	1.77	2.31	4.15	1.92	1.67	2.15	4.00	1.85
NED-ED	2024-10-30	Feyenoord	Ajax	1.70	2.32	2.08	4.06	1.65	2.20	2.00	3.80
NED-ED	2024-11-02	Ajax	PSV Eindhoven	1.58	2.55	2.82	2.57	1.53	2.40	2.55	2.50
NED-ED	2024-11-02	Feyenoord	AZ Alkmaar	1.97	2.11	1.70	6.00	1.83	2.03	1.67	5.50
NED-ED	2024-11-02	For Sittard	Heerenveen	1.99	1.97	2.21	3.80	1.93	1.93	2.15	3.40
NED-ED	2024-11-02	Heracles	NAC Breda	1.99	1.94	2.26	3.45	1.95	1.90	2.20	3.25
NED-ED	2024-11-02	Willem II	Twente	2.13	1.89	5.86	1.74	2.03	1.83	5.50	1.70
NED-ED	2024-11-03	Go Ahead Eagles	Zwolle	1.70	2.36	1.60	6.80	1.62	2.25	1.55	6.00
NED-ED	2024-11-03	Nijmegen	Groningen	2.14	1.85	2.11	4.14	2.05	1.80	2.05	4.10
NED-ED	2024-11-03	Sparta Rotterdam	Utrecht	1.99	2.00	2.86	2.63	1.88	1.98	2.70	2.50
NED-ED	2024-11-03	Waalwijk	Almere City	1.91	2.05	2.80	2.69	1.85	2.00	2.70	2.62
NED-ED	2024-11-08	Utrecht	Heracles	1.77	2.28	1.52	7.50	1.67	2.15	1.50	6.25
NED-ED	2024-11-09	Groningen	Sparta Rotterdam	2.24	1.81	2.58	3.05	2.05	1.75	2.45	3.00
NED-ED	2024-11-09	NAC Breda	PSV Eindhoven	1.68	2.47	8.92	1.39	1.57	2.35	7.00	1.36
NED-ED	2024-11-09	Waalwijk	Nijmegen	1.91	2.12	4.10	1.98	1.83	2.03	3.90	1.95
NED-ED	2024-11-09	Zwolle	For Sittard	2.14	1.88	2.60	2.94	2.05	1.80	2.50	2.75
NED-ED	2024-11-10	AZ Alkmaar	Willem II	1.99	1.93	1.62	6.61	1.95	1.90	1.57	6.25
NED-ED	2024-11-10	Almere City	Feyenoord	1.81	2.21	8.50	1.45	1.67	2.15	8.00	1.42
NED-ED	2024-11-10	Heerenveen	Go Ahead Eagles	1.91	2.10	2.78	2.86	1.85	2.00	2.55	2.75
NED-ED	2024-11-10	Twente	Ajax	1.79	2.21	3.00	2.47	1.70	2.10	2.80	2.45
NED-ED	2024-11-23	Feyenoord	Heerenveen	1.60	2.52	1.31	11.90	1.53	2.40	1.29	11.00
NED-ED	2024-11-23	For Sittard	Twente	1.99	1.97	4.74	1.85	1.93	1.93	4.50	1.80
NED-ED	2024-11-23	Go Ahead Eagles	Almere City	1.90	2.17	1.54	7.00	1.75	2.05	1.50	6.50
NED-ED	2024-11-23	Heracles	Waalwijk	1.82	2.31	1.80	4.80	1.67	2.15	1.73	4.50
NED-ED	2024-11-23	PSV Eindhoven	Groningen	1.41	3.45	1.17	20.00	1.36	3.10	1.14	15.00
NED-ED	2024-11-24	Ajax	Zwolle	1.37	3.70	1.14	25.00	1.30	3.50	1.10	21.00
NED-ED	2024-11-24	Nijmegen	Utrecht	1.99	2.01	2.43	3.27	1.88	1.98	2.25	3.25
NED-ED	2024-11-24	Sparta Rotterdam	AZ Alkmaar	1.99	2.06	2.89	2.72	1.88	1.98	2.70	2.63
NED-ED	2024-11-24	Willem II	NAC Breda	2.42	1.65	2.53	3.58	2.35	1.57	2.40	3.10
NED-ED	2024-11-29	Heerenveen	Waalwijk	1.62	2.49	1.67	5.49	1.57	2.35	1.62	5.25
NED-ED	2024-11-30	Feyenoord	For Sittard	1.70	2.41	1.28	13.00	1.65	2.20	1.25	10.00
NED-ED	2024-11-30	Groningen	Willem II	2.57	1.65	2.12	4.23	2.35	1.57	2.00	4.00
NED-ED	2024-11-30	NAC Breda	Almere City	2.10	2.03	1.80	6.20	1.88	1.98	1.62	5.75
NED-ED	2024-11-30	Zwolle	Sparta Rotterdam	2.02	1.92	2.82	2.62	2.00	1.85	2.63	2.50
NED-ED	2024-12-01	AZ Alkmaar	Heracles	1.61	2.55	1.43	8.50	1.53	2.40	1.40	7.50
NED-ED	2024-12-01	Nijmegen	Ajax	1.75	2.28	5.06	1.84	1.67	2.15	4.20	1.75
NED-ED	2024-12-01	Twente	Go Ahead Eagles	1.77	2.28	1.72	5.20	1.65	2.20	1.67	4.50
NED-ED	2024-12-01	Utrecht	PSV Eindhoven	1.51	3.00	6.91	1.51	1.40	2.88	6.25	1.45
NED-ED	2024-12-04	Ajax	Utrecht	1.53	2.69	1.43	9.10	1.50	2.50	1.36	8.50
NED-ED	2024-12-06	PSV Eindhoven	Twente	1.39	3.50	1.36	9.10	1.36	3.10	1.36	7.50
NED-ED	2024-12-07	Go Ahead Eagles	Nijmegen	1.86	2.14	2.06	3.77	1.75	2.05	2.00	3.60
NED-ED	2024-12-07	Heracles	For Sittard	2.08	1.97	2.50	3.64	1.95	1.90	2.20	3.40
NED-ED	2024-12-07	Sparta Rotterdam	NAC Breda	2.08	1.93	2.05	5.00	1.95	1.90	1.73	4.75
NED-ED	2024-12-07	Waalwijk	Feyenoord	1.46	3.00	13.21	1.25	1.40	2.88	11.00	1.22
NED-ED	2024-12-08	AZ Alkmaar	Ajax	1.72	2.34	3.00	2.70	1.60	2.30	2.60	2.55
NED-ED	2024-12-08	Almere City	Utrecht	1.90	2.07	5.07	1.77	1.80	2.00	4.75	1.70
NED-ED	2024-12-08	Groningen	Zwolle	2.25	1.83	2.11	4.08	2.10	1.70	2.05	3.90
NED-ED	2024-12-08	Willem II	Heerenveen	2.35	1.70	2.40	3.56	2.15	1.67	2.25	3.40
NED-ED	2024-12-13	Zwolle	Willem II	2.25	1.81	2.50	4.64	2.10	1.70	1.85	4.33
NED-ED	2024-12-14	Feyenoord	Heracles	1.55	3.55	1.25	22.00	1.33	3.40	1.13	19.00
NED-ED	2024-12-14	For Sittard	Waalwijk	1.90	2.14	1.70	5.36	1.73	2.08	1.65	5.25
NED-ED	2024-12-14	Heerenveen	PSV Eindhoven	1.57	3.50	12.70	1.30	1.33	3.40	12.00	1.22
NED-ED	2024-12-15	Ajax	Almere City	1.44	3.10	1.20	18.00	1.36	3.10	1.18	13.00
NED-ED	2024-12-15	NAC Breda	AZ Alkmaar	2.02	1.95	3.73	2.12	1.95	1.90	3.50	2.10
NED-ED	2024-12-15	Nijmegen	Sparta Rotterdam	1.99	1.99	2.21	3.69	1.93	1.93	2.15	3.30
NED-ED	2024-12-15	Twente	Groningen	1.68	2.42	1.37	10.50	1.57	2.35	1.36	9.00
NED-ED	2024-12-15	Utrecht	Go Ahead Eagles	1.83	2.12	2.13	3.90	1.75	2.05	2.05	3.70
NED-ED	2024-12-20	Waalwijk	Zwolle	1.67	2.35	2.77	2.54	1.60	2.30	2.70	2.50
NED-ED	2024-12-21	AZ Alkmaar	Twente	1.90	2.07	2.13	3.89	1.83	2.03	2.05	3.80
NED-ED	2024-12-21	Almere City	Heerenveen	2.24	1.84	3.18	2.56	2.05	1.75	2.88	2.45
NED-ED	2024-12-21	Go Ahead Eagles	NAC Breda	1.70	2.36	1.58	6.37	1.62	2.25	1.50	5.75
NED-ED	2024-12-22	PSV Eindhoven	Feyenoord	1.48	3.00	1.68	5.11	1.44	2.70	1.62	4.75
NED-ED	2024-12-22	Sparta Rotterdam	Ajax	1.69	2.38	5.27	1.80	1.65	2.20	4.33	1.75
NED-ED	2024-12-22	Utrecht	For Sittard	1.91	2.24	1.55	7.15	1.83	2.03	1.50	6.50
NED-ED	2024-12-22	Willem II	Nijmegen	2.24	1.78	3.60	2.20	2.08	1.73	3.50	2.15
NED-ED	2025-01-10	For Sittard	Go Ahead Eagles	1.91	2.05	3.09	2.47	1.85	2.00	3.00	2.35
NED-ED	2025-01-11	Ajax	Waalwijk	1.29	4.10	1.14	21.12	1.25	4.00	1.13	15.00
NED-ED	2025-01-11	Heracles	Sparta Rotterdam	2.13	1.86	3.61	2.24	2.03	1.83	3.40	2.15
NED-ED	2025-01-11	PSV Eindhoven	AZ Alkmaar	1.48	2.85	1.43	7.50	1.44	2.70	1.38	6.50
NED-ED	2025-01-11	Zwolle	Nijmegen	1.99	2.06	3.12	2.47	1.83	2.03	2.90	2.38
NED-ED	2025-01-12	Feyenoord	Utrecht	1.48	2.90	1.41	8.30	1.44	2.70	1.36	7.00
NED-ED	2025-01-12	Groningen	Almere City	2.35	1.71	2.00	4.42	2.20	1.65	1.91	4.00
NED-ED	2025-01-12	NAC Breda	Heerenveen	2.14	1.85	2.25	3.57	2.05	1.75	2.15	3.40
NED-ED	2025-01-12	Twente	Willem II	1.70	2.35	1.38	11.50	1.67	2.15	1.29	11.00
NED-ED	2025-01-18	Go Ahead Eagles	Groningen	1.77	2.31	1.56	6.48	1.67	2.15	1.50	6.00
NED-ED	2025-01-18	Utrecht	AZ Alkmaar	1.90	2.06	2.85	2.76	1.85	2.00	2.70	2.60
NED-ED	2025-01-18	Willem II	Feyenoord	1.72	2.28	8.50	1.43	1.67	2.15	7.00	1.40
NED-ED	2025-01-18	Zwolle	PSV Eindhoven	1.36	3.45	13.00	1.25	1.33	3.40	11.00	1.20
NED-ED	2025-01-19	Almere City	Heracles	2.35	1.75	2.30	3.60	2.10	1.70	2.25	3.30
NED-ED	2025-01-19	Heerenveen	Ajax	1.70	2.36	5.80	1.64	1.62	2.25	5.50	1.62
NED-ED	2025-01-19	NAC Breda	Twente	1.83	2.28	5.10	1.78	1.80	2.00	4.75	1.73
NED-ED	2025-01-19	Nijmegen	For Sittard	1.95	2.12	1.72	5.31	1.73	2.08	1.67	5.00
NED-ED	2025-01-19	Sparta Rotterdam	Waalwijk	1.65	2.39	1.50	7.28	1.62	2.25	1.45	7.00
NED-ED	2025-01-24	Heracles	Utrecht	1.82	2.17	4.48	1.88	1.73	2.08	4.20	1.80
NED-ED	2025-01-25	Groningen	Heerenveen	2.35	1.73	2.38	3.58	2.15	1.67	2.25	3.40
NED-ED	2025-01-25	PSV Eindhoven	NAC Breda	1.29	4.10	1.14	20.00	1.25	4.00	1.13	17.00
NED-ED	2025-01-26	AZ Alkmaar	Sparta Rotterdam	1.99	2.05	1.58	7.00	1.85	2.00	1.53	6.50
NED-ED	2025-01-26	For Sittard	Zwolle	1.96	2.05	2.24	3.42	1.83	2.03	2.15	3.20
NED-ED	2025-01-26	Waalwijk	Willem II	2.08	1.93	2.43	3.15	1.98	1.88	2.30	3.00
NED-ED	2025-01-28	Heracles	Groningen	2.00	1.94	2.40	3.47	1.98	1.88	2.30	3.00
NED-ED	2025-01-31	NAC Breda	Heracles	1.90	2.06	1.82	5.09	1.83	2.03	1.75	4.75
NED-ED	2025-02-01	Heerenveen	For Sittard	1.90	2.08	1.80	4.71	1.83	2.03	1.75	4.50
NED-ED	2025-02-01	Nijmegen	PSV Eindhoven	1.49	2.80	6.87	1.52	1.48	2.60	6.25	1.45
NED-ED	2025-02-01	Zwolle	Utrecht	1.90	2.29	3.16	2.40	1.67	2.15	3.10	2.25
NED-ED	2025-02-02	Ajax	Feyenoord	1.82	2.20	2.16	3.60	1.70	2.10	2.10	3.30
NED-ED	2025-02-02	Almere City	Waalwijk	2.01	2.06	2.33	3.36	1.83	2.03	2.25	3.25
NED-ED	2025-02-02	Go Ahead Eagles	Twente	1.62	2.45	2.70	2.56	1.57	2.35	2.55	2.50
NED-ED	2025-02-02	Sparta Rotterdam	Groningen	2.11	1.91	1.85	5.07	2.00	1.85	1.75	4.75
NED-ED	2025-02-02	Willem II	AZ Alkmaar	2.28	1.74	6.50	1.68	2.10	1.70	6.00	1.62
NED-ED	2025-02-08	Feyenoord	Sparta Rotterdam	1.68	2.44	1.50	7.55	1.60	2.30	1.44	6.50
NED-ED	2025-02-08	Groningen	Nijmegen	2.49	1.63	3.07	2.75	2.25	1.62	2.90	2.63
NED-ED	2025-02-08	Heracles	Go Ahead Eagles	1.82	2.23	3.23	2.53	1.73	2.08	2.75	2.50
NED-ED	2025-02-08	PSV Eindhoven	Willem II	1.41	3.50	1.16	19.00	1.36	3.10	1.14	15.00
NED-ED	2025-02-09	AZ Alkmaar	Zwolle	1.65	2.44	1.37	9.19	1.57	2.35	1.33	8.50
NED-ED	2025-02-09	For Sittard	Ajax	1.59	2.61	7.20	1.52	1.53	2.40	5.75	1.50
NED-ED	2025-02-09	Heerenveen	Twente	1.76	2.21	3.64	2.09	1.67	2.15	3.40	2.00
NED-ED	2025-02-09	Utrecht	Almere City	1.70	2.34	1.43	8.40	1.62	2.25	1.39	7.00
NED-ED	2025-02-09	Waalwijk	NAC Breda	1.70	2.38	2.43	3.12	1.60	2.30	2.20	3.00
NED-ED	2025-02-14	Go Ahead Eagles	Sparta Rotterdam	1.78	2.24	2.20	3.45	1.70	2.10	2.15	3.20
NED-ED	2025-02-15	NAC Breda	Feyenoord	1.72	2.32	5.83	1.63	1.67	2.15	5.50	1.55
NED-ED	2025-02-15	PSV Eindhoven	Utrecht	1.48	3.10	1.37	8.75	1.40	2.88	1.33	8.00
NED-ED	2025-02-15	Willem II	Groningen	2.90	1.48	2.84	3.03	2.70	1.44	2.75	2.90
NED-ED	2025-02-16	Ajax	Heracles	1.56	2.77	1.35	10.50	1.48	2.60	1.33	8.50
NED-ED	2025-02-16	Nijmegen	Almere City	1.90	2.26	1.61	6.31	1.70	2.10	1.57	5.75
NED-ED	2025-02-16	Twente	Waalwijk	1.39	3.27	1.37	8.32	1.36	3.10	1.33	7.00
NED-ED	2025-02-16	Zwolle	Heerenveen	1.98	2.02	2.84	2.65	1.93	1.93	2.70	2.50
NED-ED	2025-02-22	Feyenoord	Almere City	1.56	2.69	1.25	13.40	1.48	2.60	1.22	13.00
NED-ED	2025-02-23	AZ Alkmaar	For Sittard	1.70	2.43	1.31	12.00	1.60	2.30	1.27	12.00
NED-ED	2025-02-23	Ajax	Go Ahead Eagles	1.53	2.69	1.50	7.00	1.50	2.50	1.45	6.00
NED-ED	2025-02-23	Twente	Nijmegen	1.61	2.47	1.57	6.75	1.57	2.35	1.53	5.50
NED-ED	2025-02-28	Waalwijk	For Sittard	1.74	2.30	2.23	3.44	1.70	2.10	2.10	3.30
NED-ED	2025-03-01	Feyenoord	Nijmegen	1.66	2.40	1.52	7.05	1.62	2.25	1.44	6.25
NED-ED	2025-03-01	Go Ahead Eagles	PSV Eindhoven	1.37	3.42	6.50	1.49	1.30	3.40	6.25	1.45
NED-ED	2025-03-01	Groningen	Twente	2.19	1.80	4.22	2.05	2.08	1.73	3.90	1.95
NED-ED	2025-03-01	Utrecht	NAC Breda	1.70	2.38	1.59	6.30	1.65	2.20	1.57	5.50
NED-ED	2025-03-02	Almere City	Ajax	1.64	2.45	7.50	1.51	1.54	2.35	6.00	1.45
NED-ED	2025-03-02	Heerenveen	AZ Alkmaar	1.98	1.99	3.80	2.17	1.90	1.95	3.50	2.10
NED-ED	2025-03-02	Heracles	Zwolle	1.98	2.00	2.30	3.47	1.88	1.98	2.20	3.30
NED-ED	2025-03-02	Sparta Rotterdam	Willem II	2.13	1.92	1.71	5.75	1.98	1.88	1.67	5.25
NED-ED	2025-03-07	NAC Breda	Sparta Rotterdam	1.98	1.98	3.45	2.40	1.93	1.93	3.30	2.25
NED-ED	2025-03-08	For Sittard	Heracles	1.99	2.04	2.43	3.14	1.83	2.03	2.30	3.00
NED-ED	2025-03-08	PSV Eindhoven	Heerenveen	1.34	3.65	1.25	13.00	1.30	3.50	1.22	11.00
NED-ED	2025-03-09	Nijmegen	Go Ahead Eagles	1.82	2.14	2.59	3.00	1.70	2.10	2.40	2.80
NED-ED	2025-03-09	Twente	Almere City	1.70	2.48	1.30	12.00	1.62	2.25	1.27	9.50
NED-ED	2025-03-09	Willem II	Utrecht	2.14	1.92	3.90	2.12	2.05	1.80	3.50	2.05
NED-ED	2025-03-09	Zwolle	Ajax	1.79	2.17	6.75	1.60	1.70	2.10	6.25	1.55
NED-ED	2025-03-14	Almere City	NAC Breda	1.99	1.98	2.28	3.41	1.90	1.95	2.15	3.30
NED-ED	2025-03-15	Heerenveen	Heracles	2.08	1.98	1.91	4.63	1.90	1.95	1.80	4.20
NED-ED	2025-03-15	Sparta Rotterdam	Zwolle	1.98	2.03	1.74	5.50	1.88	1.98	1.67	5.00
NED-ED	2025-03-15	Utrecht	Nijmegen	1.99	2.10	1.81	5.02	1.85	2.00	1.73	4.75
NED-ED	2025-03-15	Waalwijk	PSV Eindhoven	1.32	3.82	10.00	1.33	1.29	3.60	8.00	1.30
NED-ED	2025-03-16	Ajax	AZ Alkmaar	1.90	2.04	2.06	4.10	1.85	2.00	1.91	3.70
NED-ED	2025-03-16	Go Ahead Eagles	Willem II	1.73	2.28	1.51	7.63	1.67	2.15	1.44	7.50
NED-ED	2025-03-16	Groningen	For Sittard	2.32	1.69	2.03	4.53	2.25	1.62	1.90	4.10
NED-ED	2025-03-16	Twente	Feyenoord	2.03	1.97	2.61	3.11	2.00	1.80	2.45	2.75
NED-ED	2025-03-29	For Sittard	Sparta Rotterdam	2.24	1.75	3.15	2.53	2.10	1.70	2.90	2.45
NED-ED	2025-03-29	NAC Breda	Groningen	2.37	1.73	3.10	2.70	2.25	1.62	3.00	2.50
NED-ED	2025-03-29	Nijmegen	AZ Alkmaar	2.08	1.94	4.21	2.05	1.98	1.88	3.90	1.90
NED-ED	2025-03-29	Willem II	Almere City	2.37	1.71	2.74	2.90	2.15	1.67	2.63	2.70
NED-ED	2025-03-29	Zwolle	Waalwijk	1.77	2.28	2.10	3.81	1.67	2.15	1.95	3.50
NED-ED	2025-03-30	Feyenoord	Go Ahead Eagles	1.51	2.78	1.49	7.50	1.44	2.70	1.42	6.50
NED-ED	2025-03-30	Heracles	Twente	1.98	2.05	4.40	1.98	1.88	1.98	3.80	1.90
NED-ED	2025-03-30	PSV Eindhoven	Ajax	1.44	3.04	1.63	5.79	1.40	2.88	1.53	5.50
NED-ED	2025-03-30	Utrecht	Heerenveen	1.82	2.16	1.95	4.35	1.70	2.10	1.85	3.90
NED-ED	2025-04-01	AZ Alkmaar	Waalwijk	1.51	2.90	1.25	14.00	1.48	2.60	1.22	11.00
NED-ED	2025-04-02	Feyenoord	Groningen	1.98	2.04	1.43	8.50	1.88	1.98	1.40	7.50
NED-ED	2025-04-04	Heerenveen	Willem II	1.99	2.09	1.56	7.25	1.83	2.03	1.53	5.75
NED-ED	2025-04-05	AZ Alkmaar	Feyenoord	1.92	2.07	2.74	2.75	1.85	2.00	2.55	2.60
NED-ED	2025-04-05	Almere City	Zwolle	2.13	1.86	2.53	3.15	2.03	1.83	2.40	3.00
NED-ED	2025-04-05	Groningen	PSV Eindhoven	1.65	2.37	7.60	1.47	1.60	2.30	6.50	1.44
NED-ED	2025-04-05	Twente	For Sittard	1.77	2.35	1.45	8.40	1.62	2.25	1.38	7.50
NED-ED	2025-04-06	Ajax	NAC Breda	1.50	2.88	1.29	13.00	1.48	2.60	1.29	9.00
NED-ED	2025-04-06	Go Ahead Eagles	Utrecht	1.73	2.36	2.35	3.10	1.60	2.30	2.20	2.88
NED-ED	2025-04-06	Sparta Rotterdam	Nijmegen	1.90	2.13	1.81	4.60	1.73	2.08	1.73	4.50
NED-ED	2025-04-06	Waalwijk	Heracles	1.75	2.21	2.52	2.97	1.70	2.10	2.35	2.80
NED-ED	2025-04-11	Nijmegen	Waalwijk	1.67	2.44	1.82	4.63	1.57	2.35	1.75	4.20
NED-ED	2025-04-12	For Sittard	Feyenoord	1.90	2.17	6.65	1.54	1.73	2.08	5.75	1.50
NED-ED	2025-04-12	NAC Breda	Go Ahead Eagles	1.77	2.25	3.44	2.20	1.67	2.15	3.20	2.15
NED-ED	2025-04-12	PSV Eindhoven	Almere City	1.26	4.53	1.12	24.00	1.22	4.20	1.08	17.00
NED-ED	2025-04-12	Sparta Rotterdam	Heerenveen	1.77	2.25	1.90	4.35	1.67	2.15	1.85	3.90
NED-ED	2025-04-13	Heracles	AZ Alkmaar	1.83	2.12	4.00	2.14	1.75	2.05	3.50	2.05
NED-ED	2025-04-13	Utrecht	Groningen	2.04	1.92	1.96	5.00	2.03	1.83	1.91	4.00
NED-ED	2025-04-13	Willem II	Ajax	1.68	2.38	10.00	1.36	1.57	2.35	9.00	1.33
NED-ED	2025-04-13	Zwolle	Twente	1.82	2.10	3.86	2.10	1.73	2.08	3.70	1.90
NED-ED	2025-04-19	Heerenveen	Almere City	1.70	2.40	1.90	4.28	1.62	2.25	1.83	4.10
NED-ED	2025-04-20	Utrecht	Ajax	1.63	2.42	3.89	2.06	1.57	2.35	3.60	1.95
NED-ED	2025-04-23	Groningen	Heracles	2.37	1.69	2.04	4.37	2.20	1.62	1.95	4.33
NED-ED	2025-04-24	AZ Alkmaar	NAC Breda	1.60	2.53	1.58	6.50	1.53	2.40	1.48	6.00
NED-ED	2025-04-24	Twente	PSV Eindhoven	1.36	3.65	4.84	1.65	1.30	3.50	4.50	1.60
NED-ED	2025-04-25	Feyenoord	Zwolle	1.43	2.94	1.24	14.10	1.40	2.88	1.19	13.00
NED-ED	2025-04-25	Waalwijk	Utrecht	1.61	2.80	4.02	1.95	1.53	2.40	3.80	1.90
NED-ED	2025-04-27	Ajax	Sparta Rotterdam	1.61	2.47	1.50	6.90	1.57	2.35	1.45	6.00
NED-ED	2025-04-27	Almere City	Go Ahead Eagles	1.62	2.52	2.69	2.56	1.57	2.35	2.50	2.50
NED-ED	2025-04-27	For Sittard	Willem II	2.08	2.02	1.75	5.29	1.85	2.00	1.67	5.25
NED-ED	2025-04-27	Heerenveen	Nijmegen	1.77	2.27	2.32	3.50	1.67	2.15	2.20	3.10
NED-ED	2025-05-03	Groningen	Waalwijk	1.82	2.30	1.46	8.50	1.70	2.10	1.40	8.50
NED-ED	2025-05-03	Heracles	Feyenoord	1.68	2.35	5.60	1.61	1.60	2.30	4.75	1.57
NED-ED	2025-05-03	Nijmegen	Willem II	1.90	2.23	1.61	6.00	1.73	2.08	1.55	5.25
NED-ED	2025-05-03	PSV Eindhoven	For Sittard	1.26	4.90	1.12	25.00	1.22	4.20	1.10	21.00
NED-ED	2025-05-04	Go Ahead Eagles	AZ Alkmaar	1.61	2.55	4.00	1.94	1.57	2.35	3.80	1.85
NED-ED	2025-05-04	NAC Breda	Zwolle	1.99	2.09	2.23	3.59	1.75	2.05	2.10	3.40
NED-ED	2025-05-04	Sparta Rotterdam	Twente	1.90	2.23	2.48	3.14	1.70	2.10	2.35	2.88
NED-ED	2025-05-09	Willem II	Heracles	1.90	2.06	2.72	2.73	1.75	2.05	2.63	2.55
NED-ED	2025-05-10	Almere City	Sparta Rotterdam	1.76	2.29	2.79	2.55	1.65	2.20	2.70	2.45
NED-ED	2025-05-10	For Sittard	NAC Breda	2.08	1.93	1.82	4.84	1.93	1.93	1.73	4.75
NED-ED	2025-05-10	Waalwijk	Heerenveen	1.51	2.66	3.39	2.14	1.48	2.60	3.10	2.10
NED-ED	2025-05-11	AZ Alkmaar	Groningen	2.08	2.06	1.83	5.10	1.90	1.95	1.80	4.33
NED-ED	2025-05-11	Ajax	Nijmegen	1.48	3.10	1.23	13.00	1.40	2.88	1.22	12.00
NED-ED	2025-05-11	Feyenoord	PSV Eindhoven	1.40	3.25	3.23	2.23	1.36	3.10	3.00	2.10
NED-ED	2025-05-11	Twente	Utrecht	1.70	2.43	1.88	4.29	1.62	2.25	1.80	4.10
NED-ED	2025-05-11	Zwolle	Go Ahead Eagles	1.51	2.63	2.41	2.81	1.48	2.60	2.35	2.63
NED-ED	2025-05-14	Almere City	For Sittard	1.90	2.16	1.87	4.35	1.73	2.08	1.80	4.33
NED-ED	2025-05-14	Feyenoord	Waalwijk	1.26	4.54	1.20	15.50	1.22	4.20	1.18	12.00
NED-ED	2025-05-14	Go Ahead Eagles	Heerenveen	1.56	2.80	2.45	2.88	1.53	2.40	2.40	2.75
NED-ED	2025-05-14	Groningen	Ajax	1.90	2.05	5.90	1.63	1.75	2.05	5.50	1.57
NED-ED	2025-05-14	Nijmegen	NAC Breda	1.68	2.35	1.47	7.70	1.60	2.30	1.42	7.00
NED-ED	2025-05-14	PSV Eindhoven	Heracles	1.16	6.25	1.09	29.00	1.14	5.50	1.06	29.00
NED-ED	2025-05-14	Twente	AZ Alkmaar	2.13	2.07	2.78	2.79	2.00	1.85	2.63	2.75
NED-ED	2025-05-14	Utrecht	Sparta Rotterdam	1.61	2.44	1.90	4.61	1.57	2.35	1.80	4.33
NED-ED	2025-05-14	Willem II	Zwolle	1.90	2.11	3.00	2.51	1.80	2.00	2.88	2.50
NED-ED	2025-05-18	AZ Alkmaar	Almere City	1.36	3.40	1.25	12.50	1.33	3.40	1.22	11.00
NED-ED	2025-05-18	Ajax	Twente	1.41	3.10	1.48	6.45	1.36	3.10	1.42	6.00
NED-ED	2025-05-18	For Sittard	Utrecht	1.68	2.46	3.34	2.29	1.57	2.35	3.10	2.20
NED-ED	2025-05-18	Heerenveen	Feyenoord	1.48	3.10	3.55	2.13	1.40	2.88	3.30	2.00
NED-ED	2025-05-18	Heracles	Nijmegen	1.77	2.25	2.38	3.10	1.67	2.15	2.25	3.10
NED-ED	2025-05-18	NAC Breda	Willem II	1.71	2.38	1.77	5.18	1.65	2.20	1.70	4.75
NED-ED	2025-05-18	Sparta Rotterdam	PSV Eindhoven	1.29	4.20	9.74	1.31	1.25	4.00	9.00	1.29
NED-ED	2025-05-18	Waalwijk	Go Ahead Eagles	1.41	3.20	2.61	2.58	1.36	3.10	2.45	2.45
NED-ED	2025-05-18	Zwolle	Groningen	1.82	2.24	2.14	3.76	1.70	2.10	2.00	3.70
NED-ED	2025-08-08	For Sittard	Go Ahead Eagles	1.75	2.15	3.15	2.63	1.75	2.05	2.60	2.55
NED-ED	2025-08-09	Feyenoord	NAC Breda	1.62	2.45	1.38	9.00	1.62	2.25	1.38	7.00
NED-ED	2025-08-09	Heerenveen	Volendam	1.63	2.38	1.65	5.50	1.57	2.35	1.65	5.00
NED-ED	2025-08-09	Nijmegen	Excelsior	1.54	2.55	1.68	4.80	1.50	2.50	1.62	4.75
NED-ED	2025-08-09	PSV Eindhoven	Sparta Rotterdam	1.33	3.60	1.22	13.00	1.29	3.60	1.18	13.00
NED-ED	2025-08-10	AZ Alkmaar	Groningen	1.57	2.40	1.34	10.00	1.57	2.35	1.33	9.00
NED-ED	2025-08-10	Ajax	Telstar	1.34	3.40	1.21	15.00	1.33	3.40	1.20	13.00
NED-ED	2025-08-10	Utrecht	Heracles	1.80	2.06	1.58	6.50	1.75	2.05	1.53	6.00
NED-ED	2025-08-10	Zwolle	Twente	1.73	2.15	3.70	2.10	1.67	2.15	3.25	2.10
NED-ED	2025-08-15	Telstar	Zwolle	1.76	2.15	2.60	2.70	1.67	2.15	2.50	2.70
NED-ED	2025-08-16	Excelsior	Feyenoord	1.53	2.60	7.00	1.50	1.48	2.60	5.50	1.50
NED-ED	2025-08-16	Groningen	Heerenveen	1.98	1.86	2.25	3.55	1.98	1.83	2.25	3.25
NED-ED	2025-08-16	Heracles	Nijmegen	1.74	2.15	3.00	2.50	1.67	2.15	3.00	2.30
NED-ED	2025-08-17	Go Ahead Eagles	Ajax	1.49	2.75	3.85	1.91	1.44	2.70	3.70	1.85
NED-ED	2025-08-17	NAC Breda	For Sittard	2.00	1.83	2.38	3.10	1.98	1.83	2.38	3.10
NED-ED	2025-08-17	Sparta Rotterdam	Utrecht	1.80	2.00	2.60	2.95	1.80	2.00	2.50	2.70
NED-ED	2025-08-17	Twente	PSV Eindhoven	1.40	2.90	5.25	1.60	1.40	2.88	4.75	1.57
NED-ED	2025-08-17	Volendam	AZ Alkmaar	1.36	3.10	7.00	1.44	1.36	3.10	6.00	1.44
NED-ED	2025-08-23	Go Ahead Eagles	Sparta Rotterdam	1.53	2.50	2.05	3.65	1.53	2.40	2.05	3.20
NED-ED	2025-08-23	PSV Eindhoven	Groningen	1.40	3.35	1.20	15.00	1.40	2.88	1.20	12.00
NED-ED	2025-08-23	Telstar	Volendam	1.57	2.38	2.33	3.20	1.57	2.35	2.10	3.10
NED-ED	2025-08-24	Ajax	Heracles	1.36	3.40	1.22	15.00	1.33	3.40	1.19	12.00
NED-ED	2025-08-24	Heerenveen	Twente	1.85	2.06	2.85	2.63	1.85	1.95	2.63	2.50
NED-ED	2025-08-24	Nijmegen	NAC Breda	1.59	2.50	1.66	5.50	1.50	2.50	1.57	5.25
NED-ED	2025-08-24	Utrecht	Excelsior	1.53	2.60	1.44	7.50	1.50	2.50	1.44	6.25
NED-ED	2025-08-29	Groningen	Heracles	1.80	2.05	1.66	5.75	1.75	2.05	1.62	5.00
NED-ED	2025-08-30	Excelsior	Twente	1.70	2.25	4.00	2.00	1.67	2.10	3.50	1.95
NED-ED	2025-08-30	Heerenveen	Go Ahead Eagles	1.53	2.63	2.10	3.25	1.48	2.60	2.05	3.10
NED-ED	2025-08-30	PSV Eindhoven	Telstar	1.20	5.00	1.11	23.00	1.20	4.33	1.10	17.00
NED-ED	2025-08-30	Volendam	Ajax	1.40	3.10	10.00	1.33	1.36	3.10	8.50	1.30
NED-ED	2025-08-31	For Sittard	Nijmegen	1.62	2.35	3.00	2.25	1.57	2.35	2.90	2.20
NED-ED	2025-08-31	NAC Breda	AZ Alkmaar	1.75	2.20	4.90	1.73	1.75	2.05	4.20	1.73
NED-ED	2025-08-31	Sparta Rotterdam	Feyenoord	1.62	2.38	3.80	1.95	1.60	2.30	3.60	1.91
NED-ED	2025-08-31	Zwolle	Utrecht	1.80	2.04	3.45	2.15	1.80	2.00	3.40	2.10
NED-ED	2025-09-13	Ajax	Zwolle	1.48	2.75	1.31	10.00	1.44	2.70	1.30	9.00
NED-ED	2025-09-13	Feyenoord	Heerenveen	1.44	3.10	1.35	9.00	1.36	3.10	1.33	8.00
NED-ED	2025-09-13	Go Ahead Eagles	Volendam	1.41	3.40	1.60	5.75	1.33	3.40	1.50	5.50
NED-ED	2025-09-13	Nijmegen	PSV Eindhoven	1.41	3.60	5.00	1.62	1.29	3.60	5.00	1.60
NED-ED	2025-09-13	Twente	NAC Breda	1.68	2.30	1.52	7.00	1.60	2.30	1.50	6.00
NED-ED	2025-09-14	Excelsior	Sparta Rotterdam	1.58	2.50	2.60	2.70	1.50	2.50	2.55	2.60
NED-ED	2025-09-14	Heracles	AZ Alkmaar	1.54	2.63	5.40	1.62	1.53	2.40	5.00	1.60
NED-ED	2025-09-14	Telstar	For Sittard	1.80	2.08	2.30	3.50	1.80	2.00	2.05	3.50
NED-ED	2025-09-14	Utrecht	Groningen	2.00	2.25	1.73	5.25	2.00	1.80	1.70	5.25
NED-ED	2025-09-17	Feyenoord	For Sittard	1.48	2.85	1.29	11.00	1.44	2.70	1.27	10.00
NED-ED	2025-09-19	Sparta Rotterdam	Twente	1.67	2.25	2.80	2.44	1.67	2.15	2.75	2.40
NED-ED	2025-09-20	For Sittard	Utrecht	1.83	2.00	3.35	2.25	1.80	2.00	3.20	2.25
NED-ED	2025-09-20	Groningen	Telstar	1.80	2.05	1.57	6.25	1.75	2.05	1.53	6.25
NED-ED	2025-09-20	NAC Breda	Heracles	1.78	2.08	1.91	4.20	1.73	2.08	1.80	4.20
NED-ED	2025-09-20	Volendam	Excelsior	1.57	2.60	2.25	3.10	1.57	2.35	2.20	3.10
NED-ED	2025-09-21	AZ Alkmaar	Feyenoord	1.60	2.50	2.50	2.70	1.53	2.40	2.45	2.63
NED-ED	2025-09-21	Heerenveen	Nijmegen	1.54	2.63	2.45	2.80	1.50	2.50	2.45	2.80
NED-ED	2025-09-21	PSV Eindhoven	Ajax	1.40	3.40	1.62	5.00	1.33	3.40	1.57	4.75
NED-ED	2025-09-21	Zwolle	Go Ahead Eagles	1.70	2.20	2.63	2.75	1.70	2.10	2.63	2.63
NED-ED	2025-09-24	AZ Alkmaar	Zwolle	1.45	2.75	1.33	9.50	1.44	2.70	1.30	8.50
NED-ED	2025-09-26	Twente	For Sittard	1.62	2.30	1.44	7.50	1.60	2.30	1.42	7.00
NED-ED	2025-09-27	Ajax	NAC Breda	1.50	2.80	1.30	11.00	1.50	2.50	1.30	8.50
NED-ED	2025-09-27	Excelsior	PSV Eindhoven	1.34	3.40	7.50	1.42	1.33	3.40	7.00	1.36
NED-ED	2025-09-27	Heracles	Sparta Rotterdam	1.67	2.25	2.55	2.80	1.67	2.15	2.38	2.70
NED-ED	2025-09-27	Volendam	Zwolle	1.67	2.25	2.50	2.80	1.67	2.15	2.45	2.80
NED-ED	2025-09-28	Groningen	Feyenoord	1.84	2.08	4.60	1.95	1.83	1.98	4.33	1.90
NED-ED	2025-09-28	Nijmegen	AZ Alkmaar	1.42	3.00	3.30	2.05	1.40	2.88	3.30	1.95
NED-ED	2025-09-28	Telstar	Go Ahead Eagles	1.62	2.32	2.95	2.32	1.60	2.30	2.80	2.30
NED-ED	2025-09-28	Utrecht	Heerenveen	1.70	2.20	1.80	4.33	1.67	2.15	1.80	4.00
NED-ED	2025-10-03	NAC Breda	Groningen	2.03	1.83	2.75	2.71	2.03	1.78	2.60	2.63
NED-ED	2025-10-04	For Sittard	Volendam	1.67	2.28	1.85	4.40	1.65	2.20	1.75	4.33
NED-ED	2025-10-04	Heerenveen	Excelsior	1.60	2.40	1.70	5.00	1.57	2.35	1.67	4.50
NED-ED	2025-10-04	Sparta Rotterdam	Ajax	1.58	2.38	4.55	1.73	1.57	2.35	4.33	1.73
NED-ED	2025-10-04	Zwolle	PSV Eindhoven	1.34	3.50	7.00	1.46	1.30	3.50	6.50	1.40
NED-ED	2025-10-05	AZ Alkmaar	Telstar	1.53	2.60	1.36	9.00	1.50	2.50	1.36	7.50
NED-ED	2025-10-05	Feyenoord	Utrecht	1.60	2.38	1.49	7.00	1.57	2.35	1.42	6.50
NED-ED	2025-10-05	Go Ahead Eagles	Nijmegen	1.40	3.10	2.55	2.60	1.36	3.10	2.55	2.45
NED-ED	2025-10-05	Twente	Heracles	1.50	2.80	1.31	11.00	1.48	2.60	1.30	9.00
NED-ED	2025-10-18	Ajax	AZ Alkmaar	1.56	2.40	2.10	3.45	1.53	2.40	2.05	3.25
NED-ED	2025-10-18	NAC Breda	Zwolle	1.73	2.15	1.80	4.50	1.67	2.15	1.70	4.50
NED-ED	2025-10-18	Nijmegen	Twente	1.55	2.50	2.63	2.60	1.50	2.50	2.63	2.38
NED-ED	2025-10-18	PSV Eindhoven	Go Ahead Eagles	1.25	4.50	1.25	11.00	1.25	4.00	1.22	9.50
NED-ED	2025-10-18	Utrecht	Volendam	1.50	2.63	1.40	8.50	1.48	2.60	1.40	7.00
NED-ED	2025-10-19	Excelsior	For Sittard	1.80	2.12	2.10	3.70	1.80	2.00	2.05	3.70
NED-ED	2025-10-19	Groningen	Sparta Rotterdam	1.70	2.12	1.80	4.75	1.70	2.10	1.73	4.75
NED-ED	2025-10-19	Heracles	Feyenoord	1.45	2.80	8.50	1.38	1.44	2.70	6.50	1.38
NED-ED	2025-10-19	Telstar	Heerenveen	1.57	2.38	3.05	2.25	1.57	2.35	2.88	2.10
NED-ED	2025-10-24	Heerenveen	NAC Breda	1.55	2.45	1.61	6.00	1.53	2.40	1.53	6.00
NED-ED	2025-10-25	For Sittard	Groningen	2.08	1.80	3.05	2.55	2.08	1.73	2.90	2.55
NED-ED	2025-10-25	Sparta Rotterdam	Telstar	1.55	2.45	1.83	4.40	1.53	2.40	1.73	4.33
NED-ED	2025-10-25	Volendam	Heracles	1.67	2.20	2.12	3.60	1.67	2.15	1.95	3.50
NED-ED	2025-10-25	Zwolle	Nijmegen	1.62	2.48	4.00	1.91	1.60	2.30	4.00	1.85
NED-ED	2025-10-26	AZ Alkmaar	Utrecht	1.52	2.50	1.55	6.00	1.50	2.50	1.53	5.50
NED-ED	2025-10-26	Feyenoord	PSV Eindhoven	1.42	2.88	2.38	2.80	1.40	2.88	2.30	2.80
NED-ED	2025-10-26	Go Ahead Eagles	Excelsior	1.57	2.43	2.15	3.40	1.57	2.35	2.15	3.10
NED-ED	2025-10-26	Twente	Ajax	1.65	2.25	2.45	2.90	1.62	2.25	2.35	2.90
NED-ED	2025-10-31	PSV Eindhoven	For Sittard	1.23	4.50	1.15	20.00	1.22	4.20	1.13	15.00
NED-ED	2025-11-01	Ajax	Heerenveen	1.48	2.75	1.55	5.50	1.48	2.60	1.53	5.50
NED-ED	2025-11-01	Feyenoord	Volendam	1.25	4.20	1.13	22.00	1.22	4.20	1.11	21.00
NED-ED	2025-11-01	NAC Breda	Go Ahead Eagles	1.65	2.30	2.26	3.10	1.65	2.20	2.20	3.10
NED-ED	2025-11-01	Telstar	Excelsior	1.70	2.20	2.15	3.45	1.67	2.15	2.10	3.20
NED-ED	2025-11-02	Groningen	Twente	1.80	2.05	3.00	2.38	1.75	2.05	3.00	2.38
NED-ED	2025-11-02	Heracles	Zwolle	1.65	2.30	2.60	2.75	1.65	2.20	2.55	2.55
NED-ED	2025-11-02	Sparta Rotterdam	AZ Alkmaar	1.50	2.63	4.65	1.75	1.48	2.60	4.10	1.73
NED-ED	2025-11-02	Utrecht	Nijmegen	1.62	2.40	2.20	3.25	1.62	2.25	2.20	3.20
NED-ED	2025-11-07	Twente	Telstar	1.50	2.60	1.35	9.50	1.50	2.50	1.33	8.00
NED-ED	2025-11-08	Excelsior	Heracles	1.57	2.40	1.91	3.90	1.53	2.40	1.85	3.75
NED-ED	2025-11-08	For Sittard	Heerenveen	1.67	2.20	3.10	2.30	1.67	2.15	3.10	2.25
NED-ED	2025-11-08	Volendam	NAC Breda	1.66	2.25	2.80	2.45	1.62	2.25	2.80	2.30
NED-ED	2025-11-08	Zwolle	Sparta Rotterdam	1.63	2.25	2.74	2.60	1.62	2.25	2.55	2.60
NED-ED	2025-11-09	AZ Alkmaar	PSV Eindhoven	1.35	3.40	3.60	1.95	1.33	3.40	3.40	1.85
NED-ED	2025-11-09	Go Ahead Eagles	Feyenoord	1.41	2.90	6.50	1.44	1.40	2.88	6.25	1.42
NED-ED	2025-11-09	Nijmegen	Groningen	1.68	2.25	2.05	3.65	1.62	2.25	2.00	3.40
NED-ED	2025-11-09	Utrecht	Ajax	1.67	2.20	2.80	2.48	1.67	2.15	2.80	2.38
NED-ED	2025-11-22	Ajax	Excelsior	1.35	3.40	1.33	9.50	1.33	3.40	1.30	8.00
NED-ED	2025-11-22	Heracles	Go Ahead Eagles	1.65	2.32	2.60	2.70	1.65	2.20	2.55	2.55
NED-ED	2025-11-22	NAC Breda	PSV Eindhoven	1.33	3.50	10.00	1.31	1.30	3.50	8.50	1.29
NED-ED	2025-11-22	Sparta Rotterdam	For Sittard	1.85	1.98	1.91	4.20	1.85	1.95	1.91	3.90
NED-ED	2025-11-22	Volendam	Twente	1.62	2.32	4.80	1.73	1.62	2.25	4.50	1.73
NED-ED	2025-11-23	Feyenoord	Nijmegen	1.37	3.10	1.45	6.75	1.36	3.10	1.45	6.25
NED-ED	2025-11-23	Groningen	Zwolle	1.67	2.25	1.50	7.10	1.67	2.15	1.44	7.00
NED-ED	2025-11-23	Heerenveen	AZ Alkmaar	1.50	2.63	2.70	2.50	1.50	2.50	2.55	2.45
NED-ED	2025-11-23	Telstar	Utrecht	1.80	2.12	3.70	2.00	1.75	2.05	3.70	1.95
NED-ED	2025-11-28	Zwolle	Heerenveen	1.52	2.55	3.95	1.95	1.50	2.50	3.70	1.85
NED-ED	2025-11-29	Excelsior	NAC Breda	1.64	2.25	2.45	2.75	1.62	2.25	2.45	2.70
NED-ED	2025-11-29	For Sittard	Heracles	1.66	2.25	2.05	3.80	1.62	2.25	1.91	3.60
NED-ED	2025-11-29	Nijmegen	Sparta Rotterdam	1.49	2.75	1.65	5.00	1.44	2.70	1.62	4.75
NED-ED	2025-11-30	Go Ahead Eagles	Utrecht	1.83	2.04	3.00	2.38	1.83	1.98	3.00	2.30
NED-ED	2025-11-30	PSV Eindhoven	Volendam	1.18	5.60	1.12	22.00	1.18	4.50	1.11	17.00
NED-ED	2025-11-30	Telstar	Feyenoord	1.45	2.75	5.75	1.60	1.44	2.70	5.25	1.57
NED-ED	2025-11-30	Twente	AZ Alkmaar	1.57	2.40	2.20	3.15	1.57	2.35	2.15	3.00
NED-ED	2025-12-02	Ajax	Groningen	1.70	2.25	2.00	3.95	1.70	2.10	1.95	3.50
NED-ED	2025-12-05	Excelsior	Groningen	1.88	1.95	3.70	2.08	1.85	1.95	3.60	2.00
NED-ED	2025-12-06	Feyenoord	Zwolle	1.29	4.00	1.17	17.00	1.25	4.00	1.17	13.00
NED-ED	2025-12-06	For Sittard	Ajax	1.73	2.14	3.80	2.00	1.70	2.10	3.60	2.00
NED-ED	2025-12-06	Heerenveen	PSV Eindhoven	1.33	3.40	3.95	1.96	1.33	3.40	3.40	1.85
NED-ED	2025-12-06	Heracles	Telstar	1.62	2.25	2.38	2.95	1.62	2.25	2.30	2.75
NED-ED	2025-12-07	AZ Alkmaar	Go Ahead Eagles	1.37	3.10	1.34	9.00	1.36	3.10	1.30	8.50
NED-ED	2025-12-07	Sparta Rotterdam	NAC Breda	1.80	2.04	2.45	3.05	1.80	2.00	2.45	2.80
NED-ED	2025-12-07	Utrecht	Twente	1.86	1.98	2.54	2.80	1.83	1.98	2.45	2.75
NED-ED	2025-12-07	Volendam	Nijmegen	1.40	3.10	4.70	1.68	1.36	3.10	4.50	1.67
NED-ED	2025-12-13	Groningen	Volendam	1.53	2.55	1.43	8.90	1.53	2.40	1.33	7.00
NED-ED	2025-12-13	PSV Eindhoven	Heracles	1.18	5.10	1.13	20.00	1.18	4.50	1.10	15.00
NED-ED	2025-12-13	Telstar	Nijmegen	1.50	2.63	3.13	2.15	1.48	2.60	3.00	2.10
NED-ED	2025-12-13	Zwolle	For Sittard	1.70	2.20	2.55	2.70	1.70	2.10	2.55	2.60
NED-ED	2025-12-14	Ajax	Feyenoord	1.55	2.45	3.30	2.15	1.53	2.40	3.20	2.05
NED-ED	2025-12-14	NAC Breda	Utrecht	1.95	1.95	2.70	2.71	1.95	1.85	2.63	2.70
NED-ED	2025-12-14	Sparta Rotterdam	Heerenveen	1.55	2.43	2.90	2.30	1.53	2.40	2.80	2.25
NED-ED	2025-12-14	Twente	Go Ahead Eagles	1.57	2.55	1.43	8.20	1.57	2.35	1.40	7.50
NED-ED	2025-12-20	Excelsior	Zwolle	1.62	2.43	2.15	3.30	1.62	2.25	2.05	3.30
NED-ED	2025-12-20	Heracles	Heerenveen	1.65	2.33	3.60	2.00	1.65	2.20	3.60	2.00
NED-ED	2025-12-20	NAC Breda	Telstar	1.75	2.07	1.85	4.40	1.75	2.05	1.75	4.33
NED-ED	2025-12-20	Nijmegen	Ajax	1.44	2.85	2.20	3.00	1.44	2.70	2.10	2.88
NED-ED	2025-12-21	Feyenoord	Twente	1.60	2.50	2.00	3.80	1.57	2.35	1.95	3.50
NED-ED	2025-12-21	For Sittard	AZ Alkmaar	1.57	2.48	5.00	1.70	1.57	2.35	4.50	1.70
NED-ED	2025-12-21	Go Ahead Eagles	Groningen	1.75	2.12	3.50	2.14	1.75	2.05	3.50	2.05
NED-ED	2025-12-21	Utrecht	PSV Eindhoven	1.50	2.63	4.00	1.91	1.48	2.60	3.80	1.85
NED-ED	2025-12-21	Volendam	Sparta Rotterdam	1.62	2.30	2.92	2.30	1.60	2.30	2.88	2.30
NED-ED	2026-01-10	AZ Alkmaar	Volendam	1.33	3.60	1.19	18.00	1.33	3.40	1.17	15.00
NED-ED	2026-01-10	Groningen	NAC Breda	1.93	1.96	1.70	5.33	1.93	1.88	1.67	5.25
NED-ED	2026-01-10	PSV Eindhoven	Excelsior	1.25	4.10	1.18	15.50	1.25	4.00	1.17	15.00
NED-ED	2026-01-10	Twente	Zwolle	1.44	2.80	1.32	10.00	1.44	2.70	1.30	9.50
NED-ED	2026-01-11	Go Ahead Eagles	For Sittard	1.73	2.14	1.96	4.10	1.73	2.08	1.85	3.90
NED-ED	2026-01-11	Heerenveen	Feyenoord	1.58	2.45	2.88	2.35	1.57	2.35	2.80	2.35
NED-ED	2026-01-11	Sparta Rotterdam	Heracles	1.67	2.25	1.85	4.35	1.65	2.20	1.85	4.20
NED-ED	2026-01-11	Telstar	Ajax	1.65	2.30	4.10	1.91	1.62	2.25	3.70	1.91
NED-ED	2026-01-17	Ajax	Go Ahead Eagles	1.53	2.65	1.67	5.00	1.53	2.40	1.67	5.00
NED-ED	2026-01-17	Excelsior	Telstar	1.80	2.14	2.30	3.20	1.80	2.00	2.25	3.20
NED-ED	2026-01-17	For Sittard	PSV Eindhoven	1.45	2.70	6.25	1.57	1.44	2.70	5.00	1.57
NED-ED	2026-01-17	NAC Breda	Nijmegen	1.80	2.20	2.60	2.80	1.80	2.00	2.50	2.80
NED-ED	2026-01-17	Zwolle	AZ Alkmaar	1.50	2.65	6.50	1.51	1.48	2.60	5.75	1.50
NED-ED	2026-01-18	Feyenoord	Sparta Rotterdam	1.45	2.85	1.53	6.50	1.44	2.70	1.53	6.00
NED-ED	2026-01-18	Heerenveen	Groningen	1.88	2.04	2.00	4.10	1.88	1.93	1.95	4.10
NED-ED	2026-01-18	Heracles	Twente	1.62	2.35	6.80	1.50	1.57	2.35	6.00	1.50
NED-ED	2026-01-18	Volendam	Utrecht	1.80	2.07	4.35	1.85	1.75	2.05	4.33	1.83
NED-ED	2026-01-21	AZ Alkmaar	Excelsior	1.48	2.70	1.36	8.70	1.48	2.60	1.36	7.50
NED-ED	2026-01-24	Ajax	Volendam	1.44	2.88	1.34	10.00	1.44	2.70	1.33	6.50
NED-ED	2026-01-24	Nijmegen	Zwolle	1.44	2.90	1.49	6.25	1.40	2.88	1.48	6.25
NED-ED	2026-01-24	PSV Eindhoven	NAC Breda	1.48	2.63	1.41	8.00	1.48	2.60	1.40	7.00
NED-ED	2026-01-24	Twente	Excelsior	1.50	2.55	1.29	11.50	1.50	2.50	1.27	11.00
NED-ED	2026-01-25	Feyenoord	Heracles	1.35	3.40	1.25	13.00	1.33	3.40	1.22	10.00
NED-ED	2026-01-25	Groningen	For Sittard	1.85	1.95	1.52	7.00	1.85	1.95	1.50	6.50
NED-ED	2026-01-25	Telstar	AZ Alkmaar	1.67	2.25	3.30	2.15	1.67	2.15	3.30	2.15
NED-ED	2026-01-25	Utrecht	Sparta Rotterdam	1.90	1.95	2.00	3.80	1.85	1.95	1.95	3.80
NED-ED	2026-01-30	NAC Breda	Twente	2.08	1.84	3.45	2.20	2.08	1.73	3.30	2.15
NED-ED	2026-01-31	AZ Alkmaar	Nijmegen	1.57	2.65	1.95	3.80	1.57	2.35	1.95	3.60
NED-ED	2026-01-31	Sparta Rotterdam	Groningen	1.72	2.10	2.45	2.88	1.70	2.10	2.45	2.70
NED-ED	2026-01-31	Zwolle	Telstar	1.70	2.20	2.35	3.00	1.70	2.10	2.30	2.90
NED-ED	2026-02-01	Excelsior	Ajax	1.62	2.30	4.20	1.85	1.60	2.30	3.80	1.85
NED-ED	2026-02-01	Heerenveen	Utrecht	1.83	2.00	1.80	4.75	1.80	2.00	1.67	4.75
NED-ED	2026-02-01	Heracles	For Sittard	1.90	1.91	2.26	3.30	1.90	1.90	2.20	3.25
NED-ED	2026-02-01	PSV Eindhoven	Feyenoord	1.41	2.90	1.65	4.75	1.40	2.88	1.62	4.75
NED-ED	2026-02-01	Volendam	Go Ahead Eagles	1.80	2.16	3.60	2.08	1.75	2.05	3.60	1.95
NED-ED	2026-02-06	NAC Breda	Excelsior	1.90	1.93	1.90	4.35	1.90	1.90	1.85	4.10
NED-ED	2026-02-07	For Sittard	Sparta Rotterdam	1.80	2.10	3.00	2.35	1.70	2.10	3.00	2.25
NED-ED	2026-02-07	Nijmegen	Heracles	1.55	2.80	1.41	8.00	1.53	2.40	1.38	8.00
NED-ED	2026-02-07	Twente	Heerenveen	1.57	2.38	1.60	5.50	1.57	2.35	1.55	5.25
NED-ED	2026-02-07	Zwolle	Volendam	1.63	2.32	1.62	6.25	1.60	2.30	1.57	6.25
NED-ED	2026-02-08	AZ Alkmaar	Ajax	1.62	2.30	2.42	2.80	1.60	2.30	2.40	2.75
NED-ED	2026-02-08	Go Ahead Eagles	Telstar	1.65	2.45	1.92	4.10	1.65	2.20	1.85	3.90
NED-ED	2026-02-08	Groningen	PSV Eindhoven	1.48	2.70	4.90	1.68	1.44	2.70	4.33	1.65
NED-ED	2026-02-08	Utrecht	Feyenoord	1.88	2.02	3.55	2.10	1.88	1.93	3.40	2.10
NED-ED	2026-02-11	Go Ahead Eagles	Heerenveen	1.61	2.35	2.60	2.60	1.57	2.35	2.60	2.50
NED-ED	2026-02-11	Nijmegen	Utrecht	1.67	2.28	1.71	5.00	1.62	2.25	1.67	5.00
NED-ED	2026-02-13	Volendam	PSV Eindhoven	1.34	3.40	10.50	1.29	1.33	3.40	9.00	1.27
NED-ED	2026-02-14	Ajax	For Sittard	1.44	2.90	1.32	10.50	1.40	2.88	1.29	9.50
NED-ED	2026-02-14	Excelsior	AZ Alkmaar	1.80	2.00	3.10	2.30	1.80	2.00	3.00	2.30
NED-ED	2026-02-14	Groningen	Utrecht	2.05	1.76	1.96	4.20	2.05	1.75	1.90	4.20
NED-ED	2026-02-14	Heracles	NAC Breda	1.95	1.90	2.90	2.55	1.90	1.90	2.88	2.45
NED-ED	2026-02-15	Feyenoord	Go Ahead Eagles	1.48	2.70	1.40	8.00	1.44	2.70	1.38	7.00
NED-ED	2026-02-15	Heerenveen	Zwolle	1.52	2.63	1.68	5.00	1.48	2.60	1.65	5.00
NED-ED	2026-02-15	Telstar	Twente	1.53	2.45	6.25	1.52	1.53	2.40	6.00	1.50
NED-ED	2026-02-17	Sparta Rotterdam	Nijmegen	1.60	2.38	2.45	2.80	1.57	2.35	2.45	2.70
NED-ED	2026-02-20	For Sittard	Excelsior	1.85	2.00	2.25	3.25	1.80	2.00	2.15	3.25
NED-ED	2026-02-21	Ajax	Nijmegen	1.48	2.70	1.84	4.00	1.44	2.70	1.80	3.80
NED-ED	2026-02-21	NAC Breda	Volendam	1.70	2.15	1.65	5.50	1.70	2.10	1.62	5.50
NED-ED	2026-02-21	PSV Eindhoven	Heerenveen	1.29	3.75	1.29	9.50	1.29	3.60	1.25	9.50
NED-ED	2026-02-22	AZ Alkmaar	Sparta Rotterdam	1.62	2.30	2.05	3.75	1.62	2.25	2.05	3.50
NED-ED	2026-02-22	Feyenoord	Telstar	1.36	3.40	1.23	13.00	1.33	3.40	1.20	12.00
NED-ED	2026-02-22	Go Ahead Eagles	Heracles	1.70	2.20	1.98	4.00	1.65	2.20	1.95	3.80
NED-ED	2026-02-22	Twente	Groningen	1.57	2.50	1.52	6.40	1.50	2.50	1.50	6.00
NED-ED	2026-02-22	Utrecht	Zwolle	1.70	2.15	1.62	5.50	1.67	2.15	1.62	5.25
NED-ED	2026-02-27	Telstar	NAC Breda	1.70	2.20	2.60	2.60	1.65	2.20	2.55	2.50
NED-ED	2026-02-28	Heerenveen	Sparta Rotterdam	1.55	2.50	2.05	3.50	1.53	2.40	2.00	3.40
NED-ED	2026-02-28	Heracles	PSV Eindhoven	1.31	3.60	10.00	1.31	1.30	3.50	8.00	1.29
NED-ED	2026-02-28	Nijmegen	For Sittard	1.40	3.10	1.43	7.00	1.36	3.10	1.42	6.50
NED-ED	2026-03-01	Excelsior	Go Ahead Eagles	1.71	2.20	2.40	2.90	1.70	2.10	2.35	2.90
NED-ED	2026-03-01	Twente	Feyenoord	1.57	2.40	2.10	3.20	1.57	2.35	2.05	3.20
NED-ED	2026-03-01	Utrecht	AZ Alkmaar	1.90	1.94	2.30	3.13	1.90	1.90	2.25	3.10
NED-ED	2026-03-01	Volendam	Groningen	1.70	2.15	3.75	2.00	1.67	2.15	3.70	2.00
NED-ED	2026-03-01	Zwolle	Ajax	1.53	2.63	3.95	1.96	1.50	2.50	3.60	1.90
NED-ED	2026-03-06	Heracles	Utrecht	1.94	2.00	3.30	2.18	1.85	1.95	3.10	2.15
NED-ED	2026-03-07	Excelsior	Heerenveen	1.65	2.25	3.00	2.30	1.62	2.25	2.88	2.25
NED-ED	2026-03-07	Groningen	Ajax	1.64	2.40	2.90	2.35	1.62	2.25	2.80	2.35
NED-ED	2026-03-07	PSV Eindhoven	AZ Alkmaar	1.36	3.50	1.43	7.00	1.36	3.10	1.42	7.00
NED-ED	2026-03-08	For Sittard	Telstar	1.65	2.30	2.35	2.90	1.62	2.25	2.30	2.90
NED-ED	2026-03-08	Go Ahead Eagles	Twente	1.48	2.80	4.80	1.70	1.48	2.60	4.75	1.70
NED-ED	2026-03-08	NAC Breda	Feyenoord	1.70	2.30	4.10	1.90	1.70	2.10	4.00	1.85
NED-ED	2026-03-08	Nijmegen	Volendam	1.40	3.10	1.31	9.50	1.40	2.88	1.29	8.00
NED-ED	2026-03-08	Sparta Rotterdam	Zwolle	1.48	2.80	1.78	4.20	1.48	2.60	1.75	4.00
NED-ED	2026-03-13	Zwolle	Groningen	1.67	2.20	2.75	2.55	1.67	2.15	2.63	2.55
NED-ED	2026-03-14	Ajax	Sparta Rotterdam	1.55	2.50	1.73	4.60	1.53	2.40	1.70	4.20
NED-ED	2026-03-14	Heerenveen	Telstar	1.45	2.80	1.68	4.80	1.44	2.70	1.62	4.50
NED-ED	2026-03-14	PSV Eindhoven	Nijmegen	1.29	4.00	1.53	5.60	1.29	3.60	1.53	5.00
NED-ED	2026-03-14	Volendam	For Sittard	1.69	2.20	2.45	2.88	1.67	2.15	2.35	2.88
NED-ED	2026-03-15	AZ Alkmaar	Heracles	1.42	3.00	1.39	8.50	1.40	2.88	1.36	7.00
NED-ED	2026-03-15	Feyenoord	Excelsior	1.40	3.40	1.34	9.00	1.33	3.40	1.33	6.50
NED-ED	2026-03-15	Go Ahead Eagles	NAC Breda	1.83	2.02	2.18	3.40	1.80	2.00	2.10	3.40
NED-ED	2026-03-15	Twente	Utrecht	1.65	2.30	1.68	5.10	1.62	2.25	1.67	4.75
NED-ED	2026-03-20	Heracles	Excelsior	1.72	2.20	2.70	2.70	1.65	2.20	2.70	2.60
NED-ED	2026-03-21	For Sittard	Twente	1.50	2.88	6.20	1.51	1.48	2.60	6.00	1.50
NED-ED	2026-03-21	Sparta Rotterdam	Volendam	1.53	2.60	1.46	7.00	1.53	2.40	1.42	6.50
NED-ED	2026-03-21	Zwolle	NAC Breda	1.80	2.10	2.30	3.20	1.75	2.05	2.25	3.20
NED-ED	2026-03-22	Feyenoord	Ajax	1.52	2.70	1.93	3.60	1.50	2.50	1.91	3.50
NED-ED	2026-03-22	Groningen	AZ Alkmaar	1.53	2.60	2.90	2.25	1.53	2.40	2.90	2.20
NED-ED	2026-03-22	Nijmegen	Heerenveen	1.38	3.40	1.68	4.75	1.36	3.10	1.62	4.50
NED-ED	2026-03-22	Telstar	PSV Eindhoven	1.33	3.75	6.00	1.52	1.30	3.50	5.25	1.50
NED-ED	2026-03-22	Utrecht	Go Ahead Eagles	1.63	2.30	1.68	5.50	1.60	2.30	1.65	5.50
NED-ED	2026-04-04	AZ Alkmaar	For Sittard	1.40	3.10	1.32	10.00	1.40	2.88	1.30	9.50
NED-ED	2026-04-04	Ajax	Twente	1.50	2.88	2.32	2.80	1.44	2.70	2.30	2.80
NED-ED	2026-04-04	Excelsior	Nijmegen	1.53	2.60	3.80	1.95	1.53	2.40	3.60	1.91
NED-ED	2026-04-04	PSV Eindhoven	Utrecht	1.35	3.40	1.47	6.40	1.33	3.40	1.45	5.75
NED-ED	2026-04-04	Telstar	Groningen	1.57	2.50	2.65	2.55	1.57	2.35	2.63	2.55
NED-ED	2026-04-05	Go Ahead Eagles	Zwolle	1.53	2.63	1.85	4.00	1.50	2.50	1.80	3.90
NED-ED	2026-04-05	Heerenveen	Heracles	1.40	3.20	1.49	6.50	1.40	2.88	1.48	5.25
NED-ED	2026-04-05	NAC Breda	Sparta Rotterdam	1.73	2.20	2.25	3.20	1.70	2.10	2.20	3.20
NED-ED	2026-04-05	Volendam	Feyenoord	1.50	2.75	6.50	1.47	1.48	2.60	6.00	1.45
NED-ED	2026-04-10	Twente	Volendam	1.33	3.75	1.23	14.00	1.30	3.50	1.22	10.00
NED-ED	2026-04-11	Groningen	Go Ahead Eagles	1.50	2.63	1.80	4.40	1.50	2.50	1.70	4.33
NED-ED	2026-04-11	Heracles	Ajax	1.48	2.75	5.75	1.55	1.44	2.70	5.25	1.53
NED-ED	2026-04-11	Sparta Rotterdam	PSV Eindhoven	1.33	3.50	3.60	1.91	1.33	3.40	3.40	1.90
NED-ED	2026-04-11	Utrecht	Telstar	1.53	2.63	1.62	5.80	1.53	2.40	1.62	5.75
NED-ED	2026-04-12	AZ Alkmaar	Heerenveen	1.44	2.85	1.73	4.75	1.44	2.70	1.65	4.75
NED-ED	2026-04-12	For Sittard	NAC Breda	1.91	2.04	2.80	2.55	1.90	1.90	2.80	2.45
NED-ED	2026-04-12	Nijmegen	Feyenoord	1.50	2.65	2.25	3.50	1.50	2.50	1.95	3.50
NED-ED	2026-04-12	Zwolle	Excelsior	1.73	2.20	2.30	3.10	1.73	2.08	2.25	3.00
NED-ED	2026-04-22	Telstar	Sparta Rotterdam	1.57	2.50	2.50	3.40	1.57	2.35	2.00	3.40
NED-ED	2026-04-23	Go Ahead Eagles	AZ Alkmaar	1.44	3.00	2.20	3.00	1.40	2.88	2.15	3.00
NED-ED	2026-04-23	PSV Eindhoven	Zwolle	1.25	4.33	1.33	10.50	1.22	4.20	1.33	8.00
NED-ED	2026-04-25	Feyenoord	Groningen	1.53	2.60	1.70	4.60	1.53	2.40	1.70	4.10
NED-ED	2026-04-25	Heerenveen	For Sittard	1.36	3.30	1.48	6.50	1.36	3.10	1.45	5.75
NED-ED	2026-04-25	NAC Breda	Ajax	1.65	2.40	3.55	2.10	1.57	2.35	3.20	2.05
NED-ED	2026-04-25	Twente	Nijmegen	1.48	2.75	1.65	4.80	1.44	2.70	1.62	4.75
NED-ED	2026-04-26	Excelsior	Utrecht	1.73	2.20	3.25	2.20	1.70	2.10	3.20	2.20
NED-ED	2026-04-26	Heracles	Volendam	1.65	2.38	2.25	3.10	1.60	2.30	2.20	2.90
NED-ED	2026-05-02	Ajax	PSV Eindhoven	1.36	3.40	2.45	2.62	1.33	3.40	2.38	2.55
NED-ED	2026-05-02	Groningen	Excelsior	1.62	2.43	1.73	4.75	1.60	2.30	1.70	4.50
NED-ED	2026-05-02	Nijmegen	Telstar	1.40	3.20	1.55	5.50	1.40	2.88	1.50	5.25
NED-ED	2026-05-02	Utrecht	NAC Breda	1.67	2.30	1.73	4.60	1.60	2.30	1.70	4.50
NED-ED	2026-05-03	AZ Alkmaar	Twente	1.45	2.88	2.60	2.84	1.44	2.70	2.25	2.75
NED-ED	2026-05-03	For Sittard	Feyenoord	1.53	2.63	5.00	1.63	1.53	2.40	4.50	1.62
NED-ED	2026-05-03	Sparta Rotterdam	Go Ahead Eagles	1.50	2.80	2.10	3.30	1.48	2.60	2.10	3.10
NED-ED	2026-05-03	Volendam	Heerenveen	1.50	2.70	3.15	2.15	1.50	2.50	3.00	2.15
NED-ED	2026-05-03	Zwolle	Heracles	1.48	2.70	1.55	5.80	1.48	2.60	1.55	5.00
NED-ED	2026-05-10	Ajax	Utrecht	1.50	2.80	1.65	5.10	1.44	2.70	1.65	4.75
NED-ED	2026-05-10	Excelsior	Volendam	1.67	2.35	1.71	5.00	1.67	2.15	1.70	4.50
NED-ED	2026-05-10	Feyenoord	AZ Alkmaar	1.53	2.63	2.00	3.60	1.50	2.50	1.95	3.60
NED-ED	2026-05-10	For Sittard	Zwolle	1.60	2.50	2.24	3.10	1.57	2.35	2.20	3.00
NED-ED	2026-05-10	Go Ahead Eagles	PSV Eindhoven	1.29	4.00	3.35	2.00	1.29	3.60	3.25	1.91
NED-ED	2026-05-10	Groningen	Nijmegen	1.62	2.43	2.75	2.40	1.62	2.25	2.75	2.40
NED-ED	2026-05-10	NAC Breda	Heerenveen	1.52	2.75	2.60	2.63	1.50	2.50	2.60	2.60
NED-ED	2026-05-10	Telstar	Heracles	1.44	2.88	1.48	6.75	1.44	2.70	1.44	6.50
NED-ED	2026-05-10	Twente	Sparta Rotterdam	1.38	3.30	1.40	8.00	1.36	3.10	1.40	7.00
NED-ED	2026-05-17	AZ Alkmaar	NAC Breda	1.31	3.75	1.33	9.75	1.30	3.50	1.30	9.00
NED-ED	2026-05-17	Heerenveen	Ajax	1.36	3.40	3.25	2.05	1.36	3.10	3.25	2.00
NED-ED	2026-05-17	Heracles	Groningen	1.57	2.50	5.50	1.61	1.57	2.35	5.50	1.57
NED-ED	2026-05-17	Nijmegen	Go Ahead Eagles	1.25	4.20	1.31	8.50	1.22	4.20	1.30	8.00
NED-ED	2026-05-17	PSV Eindhoven	Twente	1.25	4.20	2.20	2.80	1.25	4.00	2.15	2.75
NED-ED	2026-05-17	Sparta Rotterdam	Excelsior	1.57	2.50	2.05	3.50	1.57	2.35	2.05	3.50
NED-ED	2026-05-17	Utrecht	For Sittard	1.44	2.90	1.55	5.50	1.40	2.88	1.55	5.25
NED-ED	2026-05-17	Volendam	Telstar	1.73	2.14	2.63	2.60	1.73	2.08	2.63	2.60
NED-ED	2026-05-17	Zwolle	Feyenoord	1.38	3.20	6.50	1.53	1.36	3.10	5.50	1.50
POR-PL	2024-08-09	Sp Lisbon	Rio Ave	1.39	3.33	1.14	23.00	1.36	3.10	1.13	17.00
POR-PL	2024-08-10	AVS	Nacional	2.24	1.78	2.11	3.88	2.08	1.73	2.05	3.70
POR-PL	2024-08-10	Casa Pia	Boavista	2.31	1.72	2.02	4.58	2.20	1.65	1.90	4.33
POR-PL	2024-08-10	Porto	Gil Vicente	1.59	2.52	1.27	15.00	1.57	2.35	1.18	13.00
POR-PL	2024-08-11	Estoril	Santa Clara	2.63	1.61	2.82	2.96	2.50	1.50	2.70	2.80
POR-PL	2024-08-11	Famalicao	Benfica	1.75	2.25	6.60	1.60	1.73	2.08	5.75	1.57
POR-PL	2024-08-11	Farense	Moreirense	2.37	1.70	2.90	2.74	2.25	1.62	2.70	2.63
POR-PL	2024-08-11	Sp Braga	Estrela	1.70	2.34	1.50	7.27	1.67	2.15	1.45	6.50
POR-PL	2024-08-12	Arouca	Guimaraes	2.16	1.80	3.62	2.30	2.05	1.75	3.40	2.10
POR-PL	2024-08-16	Gil Vicente	AVS	2.35	1.78	2.38	3.62	2.10	1.70	2.15	3.50
POR-PL	2024-08-16	Santa Clara	Porto	2.02	1.93	5.50	1.77	1.98	1.88	4.50	1.73
POR-PL	2024-08-17	Benfica	Casa Pia	1.66	2.38	1.27	14.00	1.60	2.30	1.25	10.00
POR-PL	2024-08-17	Nacional	Sp Lisbon	1.51	2.75	12.54	1.26	1.44	2.70	10.00	1.22
POR-PL	2024-08-17	Rio Ave	Farense	2.18	1.86	2.10	4.06	2.03	1.83	2.10	3.70
POR-PL	2024-08-18	Boavista	Sp Braga	1.90	2.17	5.80	1.67	1.80	2.00	5.50	1.62
POR-PL	2024-08-18	Guimaraes	Estoril	2.07	1.87	1.57	7.00	2.03	1.83	1.53	6.25
POR-PL	2024-08-18	Moreirense	Arouca	2.47	1.66	2.19	4.39	2.30	1.60	1.95	4.10
POR-PL	2024-08-19	Estrela	Famalicao	2.25	1.77	3.27	2.50	2.10	1.70	3.00	2.40
POR-PL	2024-08-23	Farense	Sp Lisbon	1.41	3.41	15.00	1.20	1.36	3.10	12.00	1.18
POR-PL	2024-08-24	Benfica	Estrela	1.50	2.82	1.18	19.13	1.44	2.70	1.14	17.00
POR-PL	2024-08-24	Casa Pia	Santa Clara	2.93	1.52	3.24	2.74	2.88	1.40	3.00	2.70
POR-PL	2024-08-24	Famalicao	Boavista	2.24	1.80	1.65	6.93	2.08	1.73	1.57	6.50
POR-PL	2024-08-24	Porto	Rio Ave	1.65	2.38	1.27	14.00	1.60	2.30	1.25	10.00
POR-PL	2024-08-25	AVS	Guimaraes	2.24	1.83	5.66	1.75	2.05	1.75	5.25	1.70
POR-PL	2024-08-25	Arouca	Nacional	1.90	2.21	2.00	4.40	1.73	2.08	1.80	4.10
POR-PL	2024-08-25	Estoril	Gil Vicente	2.47	1.70	3.26	2.75	2.35	1.57	3.00	2.38
POR-PL	2024-08-25	Sp Braga	Moreirense	1.99	2.00	1.75	5.10	1.90	1.95	1.70	4.50
POR-PL	2024-08-30	Moreirense	Benfica	1.84	2.13	7.80	1.46	1.75	2.05	7.00	1.42
POR-PL	2024-08-31	Boavista	Estoril	2.66	1.55	2.76	3.07	2.60	1.48	2.63	2.88
POR-PL	2024-08-31	Estrela	Casa Pia	2.37	1.68	2.55	3.15	2.25	1.62	2.50	2.80
POR-PL	2024-08-31	Santa Clara	AVS	2.57	1.65	1.76	6.40	2.50	1.50	1.70	5.75
POR-PL	2024-08-31	Sp Lisbon	Porto	1.90	2.06	2.04	4.20	1.85	2.00	2.00	3.80
POR-PL	2024-09-01	Gil Vicente	Sp Braga	1.99	2.09	4.50	1.95	1.90	1.95	3.90	1.90
POR-PL	2024-09-01	Guimaraes	Famalicao	2.55	1.62	2.07	4.33	2.50	1.50	2.00	4.00
POR-PL	2024-09-01	Nacional	Farense	1.99	2.05	2.10	3.93	1.83	2.03	1.91	3.80
POR-PL	2024-09-01	Rio Ave	Arouca	2.35	1.77	2.49	3.23	2.08	1.73	2.35	3.10
POR-PL	2024-09-13	Arouca	Sp Lisbon	1.49	2.90	14.90	1.24	1.48	2.60	13.00	1.22
POR-PL	2024-09-14	AVS	Rio Ave	2.47	1.65	2.84	2.96	2.35	1.57	2.75	2.75
POR-PL	2024-09-14	Benfica	Santa Clara	1.70	2.33	1.29	13.00	1.65	2.20	1.25	11.00
POR-PL	2024-09-14	Casa Pia	Moreirense	2.70	1.58	3.11	2.78	2.40	1.53	2.90	2.63
POR-PL	2024-09-14	Famalicao	Gil Vicente	2.46	1.73	1.99	4.52	2.15	1.67	1.91	4.20
POR-PL	2024-09-15	Estoril	Nacional	2.38	1.68	2.66	3.04	2.25	1.62	2.55	2.88
POR-PL	2024-09-15	Porto	Farense	1.44	3.10	1.14	29.00	1.40	2.88	1.13	21.00
POR-PL	2024-09-15	Sp Braga	Guimaraes	2.06	1.92	2.18	3.68	1.98	1.88	2.05	3.40
POR-PL	2024-09-16	Estrela	Boavista	2.44	1.64	2.14	4.33	2.30	1.60	2.00	3.75
POR-PL	2024-09-20	Nacional	Sp Braga	1.70	2.37	4.90	1.79	1.62	2.25	4.50	1.75
POR-PL	2024-09-21	Guimaraes	Porto	2.25	1.74	4.50	2.00	2.15	1.67	4.33	1.91
POR-PL	2024-09-21	Moreirense	Famalicao	2.75	1.51	3.08	2.86	2.60	1.48	2.88	2.70
POR-PL	2024-09-21	Rio Ave	Estoril	2.45	1.65	2.05	4.51	2.20	1.65	1.85	4.10
POR-PL	2024-09-21	Santa Clara	Estrela	2.37	1.70	1.82	5.86	2.20	1.65	1.67	5.50
POR-PL	2024-09-22	Farense	Arouca	2.08	2.10	2.90	2.66	1.93	1.93	2.80	2.50
POR-PL	2024-09-22	Gil Vicente	Casa Pia	2.47	1.62	2.16	4.06	2.35	1.57	2.05	3.90
POR-PL	2024-09-22	Sp Lisbon	AVS	1.32	3.82	1.14	30.00	1.29	3.60	1.11	19.00
POR-PL	2024-09-23	Boavista	Benfica	1.51	2.88	15.28	1.20	1.44	2.70	11.00	1.20
POR-PL	2024-09-27	Estoril	Sp Lisbon	1.46	3.15	19.00	1.17	1.40	2.88	13.00	1.17
POR-PL	2024-09-28	Benfica	Gil Vicente	1.48	2.95	1.19	19.40	1.44	2.70	1.14	17.00
POR-PL	2024-09-28	Casa Pia	Guimaraes	2.66	1.58	4.41	2.03	2.50	1.50	4.10	1.95
POR-PL	2024-09-28	Estrela	Moreirense	2.56	1.64	3.32	2.60	2.40	1.53	3.10	2.38
POR-PL	2024-09-29	Famalicao	Nacional	2.24	1.81	1.76	5.40	2.05	1.75	1.70	5.00
POR-PL	2024-09-29	Porto	Arouca	1.52	2.72	1.24	15.00	1.48	2.60	1.22	11.00
POR-PL	2024-09-29	Santa Clara	Boavista	2.24	1.77	1.57	7.20	2.08	1.73	1.50	6.00
POR-PL	2024-09-29	Sp Braga	Rio Ave	1.99	2.06	1.61	6.50	1.85	2.00	1.55	5.50
POR-PL	2024-09-30	AVS	Farense	2.14	1.87	2.25	4.10	2.05	1.75	2.10	3.50
POR-PL	2024-10-04	Rio Ave	Famalicao	2.83	1.53	3.04	2.80	2.70	1.44	2.80	2.70
POR-PL	2024-10-05	Arouca	AVS	2.40	1.66	2.25	3.82	2.30	1.60	2.15	3.60
POR-PL	2024-10-05	Gil Vicente	Estrela	2.24	1.78	1.98	4.50	2.08	1.73	1.85	4.10
POR-PL	2024-10-05	Moreirense	Santa Clara	3.27	1.40	2.82	3.20	3.10	1.36	2.63	2.90
POR-PL	2024-10-05	Sp Lisbon	Casa Pia	1.45	3.02	1.14	23.00	1.40	2.88	1.13	16.00
POR-PL	2024-10-06	Farense	Estoril	2.35	1.76	2.16	3.89	2.15	1.67	2.05	3.50
POR-PL	2024-10-06	Guimaraes	Boavista	2.18	1.92	1.43	10.00	2.05	1.75	1.38	10.00
POR-PL	2024-10-06	Porto	Sp Braga	1.56	2.72	1.48	7.50	1.50	2.50	1.44	7.00
POR-PL	2024-10-25	Casa Pia	Nacional	2.45	1.76	2.28	3.64	2.10	1.70	2.15	3.20
POR-PL	2024-10-25	Santa Clara	Gil Vicente	2.95	1.46	2.15	4.40	2.88	1.40	2.10	4.00
POR-PL	2024-10-26	Boavista	Moreirense	2.66	1.54	3.60	2.40	2.50	1.50	3.30	2.30
POR-PL	2024-10-26	Estoril	Arouca	2.36	1.69	3.25	2.51	2.25	1.62	3.00	2.35
POR-PL	2024-10-26	Famalicao	Sp Lisbon	1.90	2.14	12.28	1.31	1.73	2.08	9.00	1.29
POR-PL	2024-10-27	Benfica	Rio Ave	1.42	3.16	1.15	21.37	1.36	3.10	1.13	15.00
POR-PL	2024-10-27	Estrela	Guimaraes	2.38	1.66	5.50	1.79	2.25	1.62	5.00	1.73
POR-PL	2024-10-27	Sp Braga	Farense	1.70	2.45	1.37	10.09	1.62	2.25	1.33	8.50
POR-PL	2024-10-28	AVS	Porto	2.00	1.97	10.95	1.37	1.93	1.93	10.00	1.30
POR-PL	2024-11-01	Sp Lisbon	Estrela	1.32	3.80	1.09	34.00	1.30	3.50	1.09	21.00
POR-PL	2024-11-02	Farense	Benfica	1.55	2.85	26.60	1.16	1.44	2.70	21.00	1.13
POR-PL	2024-11-02	Gil Vicente	Boavista	2.46	1.75	1.84	5.31	2.15	1.67	1.73	5.00
POR-PL	2024-11-02	Rio Ave	Casa Pia	2.42	1.71	2.49	3.30	2.20	1.65	2.35	3.10
POR-PL	2024-11-03	AVS	Famalicao	2.69	1.54	3.60	2.44	2.60	1.48	3.40	2.35
POR-PL	2024-11-03	Arouca	Sp Braga	1.91	2.09	5.03	1.80	1.83	2.03	4.75	1.73
POR-PL	2024-11-03	Guimaraes	Moreirense	2.48	1.62	1.88	5.20	2.35	1.57	1.80	4.75
POR-PL	2024-11-03	Porto	Estoril	1.46	3.05	1.16	23.00	1.40	2.88	1.14	19.00
POR-PL	2024-11-04	Nacional	Santa Clara	2.42	1.64	3.00	2.78	2.30	1.60	2.75	2.70
POR-PL	2024-11-08	Moreirense	Gil Vicente	2.57	1.55	2.25	4.10	2.50	1.50	2.10	3.90
POR-PL	2024-11-09	Boavista	Rio Ave	2.30	1.79	3.05	2.60	2.08	1.73	2.90	2.50
POR-PL	2024-11-09	Casa Pia	Farense	2.35	1.67	2.03	4.60	2.25	1.62	2.00	3.90
POR-PL	2024-11-09	Estoril	AVS	2.25	1.77	2.30	3.94	2.10	1.70	2.10	3.70
POR-PL	2024-11-09	Famalicao	Arouca	2.46	1.71	2.36	3.60	2.15	1.67	2.30	3.20
POR-PL	2024-11-10	Benfica	Porto	1.91	2.04	1.97	4.16	1.85	2.00	1.85	4.10
POR-PL	2024-11-10	Estrela	Nacional	2.35	1.70	2.39	3.47	2.15	1.67	2.20	3.25
POR-PL	2024-11-10	Santa Clara	Guimaraes	2.74	1.52	2.81	3.01	2.60	1.48	2.63	2.88
POR-PL	2024-11-10	Sp Braga	Sp Lisbon	1.64	2.49	5.70	1.62	1.57	2.35	5.00	1.60
POR-PL	2024-11-29	Farense	Estrela	2.49	1.61	2.42	3.48	2.35	1.57	2.30	3.30
POR-PL	2024-11-30	Nacional	Boavista	2.24	1.83	2.06	4.50	2.07	1.69	1.95	3.80
POR-PL	2024-11-30	Rio Ave	Moreirense	2.38	1.74	2.92	2.87	2.10	1.70	2.63	2.63
POR-PL	2024-11-30	Sp Lisbon	Santa Clara	1.58	2.63	1.26	15.00	1.50	2.50	1.25	11.00
POR-PL	2024-12-01	AVS	Sp Braga	1.99	2.00	9.12	1.48	1.90	1.95	8.50	1.40
POR-PL	2024-12-01	Arouca	Benfica	1.54	2.66	14.00	1.26	1.48	2.60	12.00	1.20
POR-PL	2024-12-01	Estoril	Famalicao	2.61	1.59	3.48	2.47	2.50	1.50	3.20	2.38
POR-PL	2024-12-02	Guimaraes	Gil Vicente	2.36	1.72	1.78	5.66	2.25	1.62	1.70	5.25
POR-PL	2024-12-02	Porto	Casa Pia	1.58	2.60	1.22	18.87	1.53	2.40	1.18	17.00
POR-PL	2024-12-05	Moreirense	Sp Lisbon	1.79	2.31	11.00	1.36	1.67	2.15	8.50	1.33
POR-PL	2024-12-06	Sp Braga	Estoril	1.64	2.53	1.28	15.00	1.57	2.35	1.25	9.00
POR-PL	2024-12-07	Benfica	Guimaraes	1.83	2.22	1.32	12.00	1.73	2.08	1.29	10.00
POR-PL	2024-12-07	Famalicao	Porto	2.00	1.97	9.15	1.48	1.95	1.90	7.50	1.38
POR-PL	2024-12-07	Gil Vicente	Nacional	2.24	1.80	2.07	4.15	2.08	1.73	2.00	3.90
POR-PL	2024-12-07	Santa Clara	Rio Ave	2.25	1.78	1.78	5.84	2.08	1.73	1.67	5.50
POR-PL	2024-12-08	Boavista	Farense	2.60	1.57	2.67	3.25	2.40	1.53	2.55	2.90
POR-PL	2024-12-08	Casa Pia	AVS	2.42	1.66	1.86	5.29	2.25	1.62	1.75	4.75
POR-PL	2024-12-09	Estrela	Arouca	2.32	1.68	2.89	2.80	2.25	1.62	2.70	2.70
POR-PL	2024-12-14	Farense	Gil Vicente	2.67	1.65	2.79	3.04	2.25	1.62	2.63	2.75
POR-PL	2024-12-14	Nacional	Moreirense	2.57	1.60	3.25	2.65	2.40	1.53	3.00	2.50
POR-PL	2024-12-14	Sp Lisbon	Boavista	1.31	3.80	1.14	23.00	1.30	3.50	1.13	19.00
POR-PL	2024-12-15	AVS	Benfica	1.58	2.58	15.50	1.23	1.53	2.40	11.00	1.20
POR-PL	2024-12-15	Arouca	Santa Clara	2.74	1.53	3.56	2.42	2.70	1.44	3.25	2.30
POR-PL	2024-12-15	Estoril	Casa Pia	2.80	1.52	3.06	2.99	2.60	1.48	2.88	2.70
POR-PL	2024-12-16	Porto	Estrela	1.55	2.80	1.18	21.00	1.48	2.60	1.15	17.00
POR-PL	2024-12-16	Rio Ave	Guimaraes	2.25	1.85	4.98	2.02	2.05	1.75	4.50	1.80
POR-PL	2024-12-16	Sp Braga	Famalicao	1.99	2.04	1.63	7.00	1.85	2.00	1.57	5.75
POR-PL	2024-12-19	Nacional	Benfica	1.57	2.57	12.05	1.30	1.53	2.40	9.50	1.25
POR-PL	2024-12-20	Casa Pia	Arouca	2.86	1.53	2.46	3.60	2.60	1.48	2.35	3.40
POR-PL	2024-12-21	Boavista	AVS	2.57	1.58	2.60	3.41	2.40	1.53	2.40	3.10
POR-PL	2024-12-21	Famalicao	Farense	2.47	1.66	2.07	4.80	2.25	1.62	1.90	4.50
POR-PL	2024-12-21	Moreirense	Porto	2.10	1.96	8.00	1.51	1.95	1.90	7.00	1.44
POR-PL	2024-12-22	Gil Vicente	Sp Lisbon	1.63	2.44	9.00	1.41	1.57	2.35	7.50	1.33
POR-PL	2024-12-22	Santa Clara	Sp Braga	2.35	1.68	3.39	2.47	2.25	1.62	3.10	2.35
POR-PL	2024-12-23	Benfica	Estoril	1.35	3.45	1.14	26.00	1.33	3.40	1.13	19.00
POR-PL	2024-12-23	Estrela	Rio Ave	2.31	1.79	2.54	3.20	2.25	1.62	2.38	3.00
POR-PL	2024-12-23	Guimaraes	Nacional	1.99	2.04	1.41	10.00	1.88	1.98	1.38	8.50
POR-PL	2024-12-27	Arouca	Gil Vicente	2.49	1.66	2.33	3.70	2.40	1.53	2.20	3.60
POR-PL	2024-12-28	AVS	Estrela	2.86	1.52	2.50	3.50	2.60	1.48	2.40	3.25
POR-PL	2024-12-28	Estoril	Moreirense	2.74	1.55	2.98	2.85	2.50	1.50	2.80	2.80
POR-PL	2024-12-28	Porto	Boavista	1.52	2.78	1.19	19.01	1.48	2.60	1.17	15.00
POR-PL	2024-12-29	Farense	Guimaraes	2.51	1.66	5.57	1.76	2.35	1.57	5.25	1.73
POR-PL	2024-12-29	Rio Ave	Nacional	2.13	1.87	2.14	3.96	2.05	1.80	2.10	3.70
POR-PL	2024-12-29	Sp Braga	Casa Pia	1.85	2.11	1.52	7.00	1.83	2.03	1.50	6.25
POR-PL	2024-12-29	Sp Lisbon	Benfica	1.98	2.19	2.68	2.80	1.88	1.98	2.50	2.70
POR-PL	2024-12-30	Famalicao	Santa Clara	3.07	1.43	3.23	2.85	2.88	1.40	3.00	2.70
POR-PL	2025-01-03	Guimaraes	Sp Lisbon	1.97	2.03	4.10	2.02	1.83	2.03	3.70	1.95
POR-PL	2025-01-04	Benfica	Sp Braga	1.50	3.00	1.41	8.84	1.40	2.88	1.33	7.50
POR-PL	2025-01-04	Boavista	Arouca	2.51	1.63	4.09	2.26	2.30	1.60	3.70	2.05
POR-PL	2025-01-04	Moreirense	AVS	2.63	1.54	1.96	4.95	2.50	1.50	1.90	4.33
POR-PL	2025-01-05	Casa Pia	Famalicao	2.56	1.58	2.19	4.10	2.40	1.53	2.05	3.75
POR-PL	2025-01-05	Estrela	Estoril	2.43	1.65	2.46	3.43	2.35	1.57	2.30	3.40
POR-PL	2025-01-05	Santa Clara	Farense	2.86	1.58	1.70	7.07	2.60	1.48	1.67	6.25
POR-PL	2025-01-06	Gil Vicente	Rio Ave	2.22	1.80	2.20	3.84	2.10	1.70	2.10	3.70
POR-PL	2025-01-12	Nacional	Porto	1.91	2.32	9.79	1.41	1.88	1.98	8.00	1.40
POR-PL	2025-01-17	Benfica	Famalicao	1.61	2.50	1.27	13.47	1.57	2.35	1.22	10.00
POR-PL	2025-01-18	Guimaraes	Arouca	2.25	1.74	1.74	6.00	2.10	1.70	1.70	5.25
POR-PL	2025-01-18	Rio Ave	Sp Lisbon	1.70	2.50	9.12	1.37	1.67	2.15	9.00	1.33
POR-PL	2025-01-18	Santa Clara	Estoril	2.48	1.63	1.77	5.96	2.35	1.57	1.65	5.75
POR-PL	2025-01-19	Estrela	Sp Braga	1.83	2.13	5.07	1.77	1.75	2.05	4.75	1.70
POR-PL	2025-01-19	Gil Vicente	Porto	2.04	1.90	8.00	1.50	2.00	1.85	6.50	1.45
POR-PL	2025-01-19	Moreirense	Farense	2.67	1.54	2.02	4.84	2.50	1.50	1.90	4.50
POR-PL	2025-01-19	Nacional	AVS	2.38	1.72	2.03	4.38	2.25	1.62	1.95	4.10
POR-PL	2025-01-20	Boavista	Casa Pia	2.52	1.58	4.42	2.12	2.40	1.53	4.10	2.00
POR-PL	2025-01-24	Arouca	Moreirense	2.56	1.57	2.45	3.30	2.40	1.53	2.40	3.10
POR-PL	2025-01-25	Casa Pia	Benfica	1.83	2.13	9.25	1.40	1.75	2.05	8.50	1.38
POR-PL	2025-01-25	Famalicao	Estrela	2.35	1.73	1.88	5.43	2.15	1.67	1.73	4.75
POR-PL	2025-01-25	Farense	Rio Ave	2.48	1.78	2.47	3.30	2.10	1.70	2.38	3.10
POR-PL	2025-01-25	Sp Lisbon	Nacional	1.37	3.42	1.20	17.00	1.33	3.40	1.18	10.00
POR-PL	2025-01-26	Estoril	Guimaraes	2.24	1.78	4.71	1.92	2.10	1.70	4.33	1.83
POR-PL	2025-01-26	Porto	Santa Clara	2.36	1.68	1.69	6.36	2.25	1.62	1.67	5.50
POR-PL	2025-01-26	Sp Braga	Boavista	1.58	2.50	1.32	11.39	1.53	2.40	1.30	8.50
POR-PL	2025-01-27	AVS	Gil Vicente	2.56	1.56	3.48	2.48	2.50	1.50	3.20	2.40
POR-PL	2025-01-31	Boavista	Famalicao	2.27	1.77	4.09	2.23	2.10	1.70	3.75	2.00
POR-PL	2025-02-01	Gil Vicente	Estoril	2.66	1.58	2.21	3.96	2.40	1.53	2.10	3.75
POR-PL	2025-02-01	Guimaraes	AVS	2.13	1.85	1.59	7.00	2.03	1.83	1.55	6.25
POR-PL	2025-02-01	Nacional	Arouca	2.46	1.70	2.46	3.35	2.20	1.65	2.30	3.10
POR-PL	2025-02-01	Santa Clara	Casa Pia	2.91	1.47	2.20	4.13	2.70	1.44	2.05	4.10
POR-PL	2025-02-02	Estrela	Benfica	1.56	2.63	15.00	1.23	1.50	2.50	11.00	1.20
POR-PL	2025-02-02	Sp Lisbon	Farense	1.62	2.50	1.20	19.00	1.60	2.30	1.18	17.00
POR-PL	2025-02-03	Moreirense	Sp Braga	2.23	1.75	3.55	2.42	2.10	1.70	3.00	2.40
POR-PL	2025-02-03	Rio Ave	Porto	1.85	2.32	8.53	1.48	1.85	2.00	6.50	1.45
POR-PL	2025-02-07	Porto	Sp Lisbon	2.32	1.73	3.04	2.85	2.15	1.67	2.80	2.60
POR-PL	2025-02-08	AVS	Santa Clara	3.45	1.39	4.00	2.33	3.10	1.36	3.70	2.25
POR-PL	2025-02-08	Benfica	Moreirense	1.62	2.55	1.22	17.00	1.54	2.35	1.20	12.00
POR-PL	2025-02-08	Famalicao	Guimaraes	2.46	1.67	3.45	2.55	2.25	1.62	3.40	2.20
POR-PL	2025-02-09	Casa Pia	Estrela	2.45	1.62	2.00	4.75	2.35	1.57	1.90	4.33
POR-PL	2025-02-09	Estoril	Boavista	2.24	1.91	1.66	6.41	2.03	1.83	1.55	6.25
POR-PL	2025-02-09	Farense	Nacional	2.47	1.64	2.49	3.47	2.30	1.60	2.35	3.10
POR-PL	2025-02-09	Sp Braga	Gil Vicente	1.99	2.04	1.70	5.50	1.88	1.98	1.65	4.75
POR-PL	2025-02-10	Arouca	Rio Ave	2.14	1.86	2.09	3.91	2.05	1.80	2.00	3.70
POR-PL	2025-02-14	Boavista	Estrela	2.75	1.55	2.63	3.34	2.60	1.48	2.45	3.10
POR-PL	2025-02-15	Moreirense	Casa Pia	2.75	1.53	2.62	3.23	2.50	1.50	2.55	3.10
POR-PL	2025-02-15	Nacional	Estoril	2.17	1.86	2.33	3.63	2.03	1.83	2.15	3.40
POR-PL	2025-02-15	Santa Clara	Benfica	2.66	1.57	4.40	2.11	2.40	1.53	4.00	1.95
POR-PL	2025-02-15	Sp Lisbon	Arouca	1.56	2.60	1.30	14.00	1.47	2.50	1.25	12.00
POR-PL	2025-02-16	Farense	Porto	2.17	1.82	6.20	1.68	2.10	1.70	5.25	1.60
POR-PL	2025-02-16	Guimaraes	Sp Braga	2.31	1.80	2.34	3.57	2.15	1.67	2.20	3.30
POR-PL	2025-02-16	Rio Ave	AVS	2.24	1.78	2.34	3.48	2.08	1.73	2.15	3.30
POR-PL	2025-02-17	Gil Vicente	Famalicao	2.57	1.59	2.36	3.58	2.40	1.50	2.25	3.40
POR-PL	2025-02-21	Sp Braga	Nacional	1.90	2.17	1.58	7.02	1.85	2.00	1.53	6.50
POR-PL	2025-02-22	Benfica	Boavista	1.49	3.00	1.16	23.00	1.44	2.70	1.14	17.00
POR-PL	2025-02-22	Casa Pia	Gil Vicente	2.57	1.65	2.33	3.64	2.35	1.57	2.20	3.40
POR-PL	2025-02-22	Estoril	Rio Ave	2.08	1.95	2.19	3.66	1.98	1.88	2.10	3.40
POR-PL	2025-02-23	AVS	Sp Lisbon	1.82	2.20	9.37	1.39	1.73	2.08	7.50	1.36
POR-PL	2025-02-23	Arouca	Farense	2.25	1.81	1.95	4.50	2.15	1.67	1.91	4.10
POR-PL	2025-02-23	Estrela	Santa Clara	2.71	1.57	4.00	2.25	2.60	1.48	3.75	2.10
POR-PL	2025-02-23	Famalicao	Moreirense	2.63	1.63	2.48	3.53	2.40	1.53	2.38	3.10
POR-PL	2025-02-24	Porto	Guimaraes	2.22	1.87	1.85	5.50	2.05	1.75	1.80	4.50
POR-PL	2025-03-01	Arouca	Porto	1.98	2.05	6.30	1.63	1.88	1.98	5.50	1.57
POR-PL	2025-03-01	Guimaraes	Casa Pia	2.33	1.72	1.89	5.30	2.20	1.65	1.80	4.50
POR-PL	2025-03-01	Nacional	Famalicao	2.46	1.75	2.91	2.87	2.20	1.65	2.70	2.75
POR-PL	2025-03-02	Boavista	Santa Clara	2.66	1.60	5.50	1.82	2.50	1.50	5.00	1.75
POR-PL	2025-03-02	Farense	AVS	2.66	1.60	2.35	3.69	2.50	1.50	2.25	3.40
POR-PL	2025-03-02	Moreirense	Estrela	2.57	1.66	1.98	4.75	2.35	1.54	1.87	4.50
POR-PL	2025-03-02	Rio Ave	Sp Braga	1.90	2.09	4.10	1.97	1.83	2.03	3.75	1.91
POR-PL	2025-03-03	Sp Lisbon	Estoril	1.64	2.50	1.34	10.60	1.60	2.30	1.30	10.00
POR-PL	2025-03-07	Estrela	Gil Vicente	2.77	1.51	3.07	3.09	2.70	1.41	2.70	2.88
POR-PL	2025-03-08	AVS	Arouca	2.35	1.80	3.52	2.41	2.15	1.67	3.30	2.30
POR-PL	2025-03-08	Benfica	Nacional	1.49	3.00	1.26	15.00	1.41	2.70	1.22	11.00
POR-PL	2025-03-08	Estoril	Farense	2.63	1.58	2.62	3.32	2.50	1.47	2.55	3.10
POR-PL	2025-03-08	Sp Braga	Porto	2.24	1.83	3.80	2.26	2.10	1.70	3.50	2.20
POR-PL	2025-03-09	Boavista	Guimaraes	2.40	1.70	6.20	1.70	2.30	1.60	5.50	1.65
POR-PL	2025-03-09	Casa Pia	Sp Lisbon	2.14	1.97	7.40	1.55	2.05	1.80	6.50	1.48
POR-PL	2025-03-09	Santa Clara	Moreirense	3.43	1.41	2.16	4.66	3.40	1.33	2.05	4.50
POR-PL	2025-03-10	Famalicao	Rio Ave	2.15	1.85	1.99	4.80	2.03	1.83	1.91	4.00
POR-PL	2025-03-15	Farense	Sp Braga	2.24	1.87	4.40	2.02	2.05	1.75	3.70	1.95
POR-PL	2025-03-15	Gil Vicente	Santa Clara	3.24	1.47	2.80	3.05	2.88	1.40	2.63	2.90
POR-PL	2025-03-15	Porto	AVS	1.82	2.30	1.27	16.00	1.70	2.10	1.25	12.00
POR-PL	2025-03-15	Sp Lisbon	Famalicao	1.68	2.50	1.37	12.05	1.60	2.30	1.33	8.50
POR-PL	2025-03-16	Arouca	Estoril	2.04	1.95	2.02	4.16	1.93	1.93	1.90	4.00
POR-PL	2025-03-16	Guimaraes	Estrela	2.41	1.72	1.63	7.40	2.30	1.60	1.57	6.25
POR-PL	2025-03-16	Moreirense	Boavista	2.66	1.63	1.78	6.00	2.40	1.53	1.67	6.00
POR-PL	2025-03-16	Nacional	Casa Pia	2.28	1.83	2.42	3.33	2.08	1.73	2.25	3.10
POR-PL	2025-03-16	Rio Ave	Benfica	1.56	2.75	11.00	1.31	1.48	2.60	8.00	1.29
POR-PL	2025-03-28	Gil Vicente	Benfica	1.82	2.13	11.00	1.36	1.73	2.08	7.50	1.33
POR-PL	2025-03-29	Casa Pia	Rio Ave	2.35	1.79	2.05	4.68	2.15	1.67	1.85	4.33
POR-PL	2025-03-29	Estrela	Sp Lisbon	1.98	2.05	10.99	1.36	1.88	1.98	10.00	1.33
POR-PL	2025-03-29	Sp Braga	Arouca	1.99	1.92	1.73	5.70	1.98	1.88	1.70	5.00
POR-PL	2025-03-30	Estoril	Porto	2.04	1.90	6.57	1.57	1.98	1.88	6.00	1.53
POR-PL	2025-03-30	Famalicao	AVS	2.24	1.85	1.74	5.80	2.05	1.75	1.70	5.00
POR-PL	2025-03-30	Moreirense	Guimaraes	2.73	1.53	4.02	2.21	2.60	1.48	3.80	2.10
POR-PL	2025-03-30	Santa Clara	Nacional	2.55	1.62	1.90	5.46	2.25	1.62	1.75	4.75
POR-PL	2025-04-01	Boavista	Gil Vicente	2.66	1.55	3.38	2.58	2.50	1.50	3.20	2.38
POR-PL	2025-04-02	Benfica	Farense	1.48	3.15	1.18	23.00	1.40	2.88	1.17	13.00
POR-PL	2025-04-04	AVS	Estoril	2.35	1.71	3.32	2.41	2.15	1.67	3.10	2.35
POR-PL	2025-04-05	Arouca	Famalicao	2.35	1.71	2.88	2.79	2.10	1.70	2.80	2.60
POR-PL	2025-04-05	Guimaraes	Santa Clara	2.91	1.47	2.04	4.85	2.70	1.44	1.95	4.33
POR-PL	2025-04-06	Gil Vicente	Moreirense	3.06	1.53	2.53	3.42	2.70	1.44	2.45	3.20
POR-PL	2025-04-06	Nacional	Estrela	2.25	1.82	2.16	3.86	2.05	1.75	2.10	3.70
POR-PL	2025-04-06	Porto	Benfica	2.04	1.92	3.66	2.40	2.03	1.83	3.50	2.10
POR-PL	2025-04-07	Farense	Casa Pia	2.45	1.63	2.45	3.32	2.30	1.57	2.30	3.25
POR-PL	2025-04-07	Rio Ave	Boavista	2.08	1.97	2.10	4.18	1.90	1.90	2.00	3.90
POR-PL	2025-04-07	Sp Lisbon	Sp Braga	1.71	2.38	1.45	8.50	1.67	2.15	1.38	8.00
POR-PL	2025-04-11	Gil Vicente	Guimaraes	2.48	1.63	4.20	2.28	2.35	1.57	3.30	2.20
POR-PL	2025-04-12	Boavista	Nacional	2.35	1.76	3.27	2.47	2.10	1.70	3.20	2.30
POR-PL	2025-04-12	Casa Pia	Porto	2.14	1.80	6.00	1.68	2.05	1.75	5.50	1.62
POR-PL	2025-04-12	Famalicao	Estoril	2.08	2.00	2.05	4.15	1.98	1.88	1.91	3.80
POR-PL	2025-04-12	Santa Clara	Sp Lisbon	2.35	1.72	7.48	1.58	2.20	1.65	7.00	1.55
POR-PL	2025-04-13	Benfica	Arouca	1.36	3.42	1.12	25.00	1.36	3.10	1.11	19.00
POR-PL	2025-04-13	Estrela	Farense	2.47	1.62	2.75	3.13	2.35	1.57	2.55	2.88
POR-PL	2025-04-13	Moreirense	Rio Ave	2.47	1.64	2.31	3.76	2.30	1.60	2.20	3.50
POR-PL	2025-04-13	Sp Braga	AVS	2.08	1.96	1.50	8.25	1.93	1.93	1.45	7.50
POR-PL	2025-04-18	Farense	Boavista	2.14	1.80	1.83	5.12	2.05	1.75	1.70	5.00
POR-PL	2025-04-18	Porto	Famalicao	1.90	2.10	1.56	6.75	1.83	2.03	1.53	5.50
POR-PL	2025-04-18	Rio Ave	Santa Clara	2.37	1.65	4.23	2.20	2.25	1.62	4.20	1.95
POR-PL	2025-04-18	Sp Lisbon	Moreirense	1.62	2.47	1.17	24.19	1.57	2.35	1.14	19.00
POR-PL	2025-04-19	AVS	Casa Pia	2.47	1.61	3.06	2.58	2.35	1.57	2.90	2.45
POR-PL	2025-04-19	Arouca	Estrela	2.37	1.68	2.11	4.60	2.25	1.62	2.00	3.90
POR-PL	2025-04-19	Estoril	Sp Braga	2.00	1.92	5.35	1.82	2.00	1.85	4.50	1.75
POR-PL	2025-04-19	Guimaraes	Benfica	1.75	2.36	6.31	1.57	1.62	2.25	5.50	1.53
POR-PL	2025-04-19	Nacional	Gil Vicente	2.37	1.66	2.58	3.21	2.25	1.62	2.40	3.00
POR-PL	2025-04-25	Famalicao	Sp Braga	2.35	1.76	3.94	2.18	2.10	1.70	3.60	2.05
POR-PL	2025-04-26	Estrela	Porto	2.24	1.79	6.81	1.61	2.08	1.73	6.25	1.55
POR-PL	2025-04-26	Gil Vicente	Farense	2.66	1.57	2.62	3.30	2.50	1.50	2.45	3.20
POR-PL	2025-04-26	Santa Clara	Arouca	2.66	1.54	1.95	4.99	2.50	1.50	1.90	4.75
POR-PL	2025-04-27	Benfica	AVS	1.29	4.00	1.09	31.00	1.29	3.60	1.08	21.00
POR-PL	2025-04-27	Boavista	Sp Lisbon	1.48	2.96	20.34	1.16	1.40	2.88	15.00	1.14
POR-PL	2025-04-27	Guimaraes	Rio Ave	1.90	2.10	1.50	7.69	1.73	2.08	1.45	7.00
POR-PL	2025-04-27	Moreirense	Nacional	2.24	1.80	2.78	2.95	2.05	1.80	2.63	2.80
POR-PL	2025-04-29	Casa Pia	Estoril	2.47	1.63	2.65	3.30	2.25	1.62	2.55	3.00
POR-PL	2025-05-02	Porto	Moreirense	1.82	2.25	1.37	10.70	1.67	2.15	1.33	8.00
POR-PL	2025-05-03	Estoril	Benfica	1.41	3.25	15.87	1.22	1.40	2.88	10.00	1.18
POR-PL	2025-05-03	Farense	Famalicao	2.35	1.77	2.98	2.70	2.10	1.70	2.90	2.50
POR-PL	2025-05-03	Nacional	Guimaraes	2.08	1.99	4.21	1.97	1.93	1.93	3.90	1.90
POR-PL	2025-05-03	Sp Braga	Santa Clara	2.35	1.70	1.81	5.01	2.15	1.67	1.75	4.75
POR-PL	2025-05-04	Arouca	Casa Pia	2.24	1.82	2.11	3.77	2.05	1.75	2.05	3.50
POR-PL	2025-05-04	Sp Lisbon	Gil Vicente	1.48	2.95	1.16	27.78	1.40	2.88	1.14	17.00
POR-PL	2025-05-05	AVS	Boavista	2.37	1.73	2.51	3.27	2.15	1.67	2.38	3.10
POR-PL	2025-05-05	Rio Ave	Estrela	2.24	1.78	2.46	3.14	2.08	1.73	2.35	3.00
POR-PL	2025-05-10	Benfica	Sp Lisbon	1.83	2.11	2.27	3.54	1.75	2.05	2.15	3.25
POR-PL	2025-05-10	Casa Pia	Sp Braga	2.08	2.02	7.10	1.55	1.88	1.98	6.50	1.48
POR-PL	2025-05-10	Gil Vicente	Arouca	2.35	1.76	2.29	3.45	2.10	1.70	2.15	3.30
POR-PL	2025-05-10	Nacional	Rio Ave	1.65	2.45	2.06	3.52	1.57	2.35	1.95	3.50
POR-PL	2025-05-10	Santa Clara	Famalicao	2.57	1.60	1.97	4.67	2.35	1.57	1.85	4.33
POR-PL	2025-05-11	Boavista	Porto	2.06	1.89	8.80	1.44	2.00	1.85	8.00	1.37
POR-PL	2025-05-11	Estrela	AVS	2.57	1.60	2.38	3.60	2.40	1.53	2.30	3.10
POR-PL	2025-05-11	Guimaraes	Farense	2.13	1.91	1.55	7.26	2.03	1.83	1.48	6.50
POR-PL	2025-05-11	Moreirense	Estoril	2.35	1.72	2.71	2.90	2.15	1.67	2.60	2.70
POR-PL	2025-05-16	Famalicao	Casa Pia	2.08	1.95	2.01	4.44	1.95	1.90	1.83	4.20
POR-PL	2025-05-16	Rio Ave	Gil Vicente	1.99	2.05	2.84	2.69	1.80	2.00	2.80	2.45
POR-PL	2025-05-17	AVS	Moreirense	2.35	1.71	1.95	4.52	2.15	1.67	1.85	4.20
POR-PL	2025-05-17	Arouca	Boavista	1.90	2.19	2.05	3.82	1.75	2.05	1.91	3.70
POR-PL	2025-05-17	Estoril	Estrela	2.13	1.90	2.70	2.75	2.00	1.85	2.60	2.63
POR-PL	2025-05-17	Farense	Santa Clara	2.37	1.65	2.80	2.82	2.25	1.62	2.63	2.70
POR-PL	2025-05-17	Porto	Nacional	1.51	2.83	1.33	10.00	1.44	2.70	1.29	9.50
POR-PL	2025-05-17	Sp Braga	Benfica	1.54	2.70	5.91	1.57	1.48	2.60	5.50	1.50
POR-PL	2025-05-17	Sp Lisbon	Guimaraes	1.56	2.63	1.33	11.13	1.50	2.50	1.30	9.00
POR-PL	2025-08-08	Casa Pia	Sp Lisbon	1.68	2.20	9.50	1.34	1.65	2.20	8.50	1.30
POR-PL	2025-08-09	Arouca	AVS	2.06	1.75	1.76	5.33	2.05	1.75	1.70	5.00
POR-PL	2025-08-09	Nacional	Gil Vicente	2.63	1.50	2.75	3.00	2.60	1.48	2.63	3.00
POR-PL	2025-08-10	Famalicao	Santa Clara	2.60	1.50	2.26	3.65	2.60	1.48	2.25	3.60
POR-PL	2025-08-10	Moreirense	Alverca	2.25	1.68	1.95	4.40	2.25	1.62	1.91	4.10
POR-PL	2025-08-10	Sp Braga	Tondela	1.93	2.04	1.51	7.00	1.93	1.93	1.50	6.50
POR-PL	2025-08-11	Estoril	Estrela	2.15	1.71	1.78	5.25	2.10	1.70	1.70	5.25
POR-PL	2025-08-11	Porto	Guimaraes	1.75	2.12	1.48	7.50	1.73	2.08	1.40	6.50
POR-PL	2025-08-15	AVS	Casa Pia	2.50	1.57	2.80	2.88	2.50	1.50	2.75	2.88
POR-PL	2025-08-16	Estrela	Benfica	1.55	2.50	13.00	1.22	1.53	2.40	13.00	1.20
POR-PL	2025-08-16	Guimaraes	Estoril	2.02	1.88	1.85	4.40	1.98	1.88	1.80	3.90
POR-PL	2025-08-16	Tondela	Famalicao	2.25	1.72	4.20	2.00	2.25	1.62	4.10	1.95
POR-PL	2025-08-17	Alverca	Sp Braga	2.05	1.80	5.50	1.65	2.05	1.75	5.50	1.60
POR-PL	2025-08-17	Rio Ave	Nacional	2.10	1.75	2.20	3.50	2.10	1.70	2.15	3.50
POR-PL	2025-08-17	Santa Clara	Moreirense	3.00	1.43	1.95	4.75	2.88	1.40	1.90	4.75
POR-PL	2025-08-17	Sp Lisbon	Arouca	1.45	2.88	1.19	14.00	1.40	2.88	1.18	13.00
POR-PL	2025-08-18	Gil Vicente	Porto	1.93	1.94	8.50	1.41	1.93	1.93	7.50	1.40
POR-PL	2025-08-23	Arouca	Rio Ave	2.12	1.80	2.30	3.25	2.05	1.80	2.30	3.20
POR-PL	2025-08-23	Benfica	Tondela	1.50	2.63	1.17	19.00	1.48	2.60	1.17	15.00
POR-PL	2025-08-23	Moreirense	Guimaraes	2.38	1.62	3.10	2.50	2.35	1.57	3.00	2.40
POR-PL	2025-08-23	Nacional	Sp Lisbon	1.53	2.70	13.00	1.26	1.53	2.40	11.00	1.22
POR-PL	2025-08-24	Famalicao	Gil Vicente	2.43	1.62	1.90	5.00	2.25	1.62	1.85	4.50
POR-PL	2025-08-24	Porto	Casa Pia	1.73	2.20	1.22	15.00	1.70	2.10	1.20	15.00
POR-PL	2025-08-24	Sp Braga	AVS	1.85	2.08	1.29	13.00	1.85	2.00	1.25	12.00
POR-PL	2025-08-25	Estrela	Alverca	2.40	1.57	2.50	3.14	2.40	1.53	2.50	3.10
POR-PL	2025-08-29	Gil Vicente	Moreirense	3.40	1.37	2.55	3.40	3.40	1.33	2.45	3.25
POR-PL	2025-08-30	AVS	Famalicao	2.38	1.62	4.50	2.05	2.35	1.57	3.80	1.96
POR-PL	2025-08-30	Casa Pia	Nacional	2.35	1.65	2.30	3.60	2.35	1.57	2.10	3.60
POR-PL	2025-08-30	Guimaraes	Arouca	2.08	1.80	2.20	4.50	2.05	1.80	2.05	3.40
POR-PL	2025-08-30	Sp Lisbon	Porto	1.92	1.95	1.93	4.20	1.90	1.95	1.86	3.90
POR-PL	2025-08-31	Alverca	Benfica	1.60	2.38	14.00	1.25	1.57	2.35	13.00	1.19
POR-PL	2025-08-31	Rio Ave	Sp Braga	1.93	1.94	5.50	1.73	1.93	1.93	5.50	1.61
POR-PL	2025-08-31	Santa Clara	Estrela	3.10	1.48	1.87	5.50	3.10	1.36	1.76	5.00
POR-PL	2025-08-31	Tondela	Estoril	2.25	1.67	2.85	3.00	2.15	1.67	2.45	2.85
POR-PL	2025-09-06	Estoril	Santa Clara	2.75	1.52	3.40	2.75	2.70	1.44	3.30	2.30
POR-PL	2025-09-12	Alverca	Tondela	2.20	1.67	2.15	3.80	2.15	1.67	2.01	3.80
POR-PL	2025-09-12	Benfica	Santa Clara	2.05	1.76	1.31	12.00	2.05	1.75	1.25	9.50
POR-PL	2025-09-13	Estoril	AVS	1.98	1.88	1.73	4.90	1.98	1.88	1.66	4.50
POR-PL	2025-09-13	Famalicao	Sp Lisbon	1.63	2.30	7.00	1.50	1.60	2.30	5.75	1.46
POR-PL	2025-09-13	Moreirense	Rio Ave	2.35	1.61	2.15	3.90	2.35	1.57	2.05	3.90
POR-PL	2025-09-13	Porto	Nacional	1.58	2.38	1.22	15.00	1.57	2.35	1.15	15.00
POR-PL	2025-09-14	Arouca	Casa Pia	2.30	1.62	2.10	3.95	2.30	1.60	2.05	3.80
POR-PL	2025-09-14	Estrela	Guimaraes	2.50	1.57	3.20	2.50	2.50	1.50	3.10	2.35
POR-PL	2025-09-14	Sp Braga	Gil Vicente	2.16	1.75	1.75	5.50	2.15	1.67	1.68	4.75
POR-PL	2025-09-19	Rio Ave	Porto	1.62	2.30	9.00	1.36	1.60	2.30	7.50	1.33
POR-PL	2025-09-20	AVS	Benfica	1.54	2.50	15.00	1.20	1.50	2.50	13.00	1.17
POR-PL	2025-09-20	Guimaraes	Sp Braga	2.03	1.83	4.25	1.95	2.03	1.83	4.10	1.91
POR-PL	2025-09-20	Nacional	Arouca	2.28	1.67	2.30	3.25	2.15	1.67	2.20	3.20
POR-PL	2025-09-20	Santa Clara	Alverca	2.50	1.54	1.80	6.00	2.50	1.50	1.68	6.00
POR-PL	2025-09-21	Casa Pia	Famalicao	2.40	1.58	3.75	2.25	2.40	1.53	3.75	2.10
POR-PL	2025-09-21	Gil Vicente	Estoril	2.20	1.67	2.05	4.00	2.15	1.67	1.96	4.00
POR-PL	2025-09-21	Tondela	Estrela	2.12	1.73	2.14	3.90	2.08	1.73	1.96	3.90
POR-PL	2025-09-22	Sp Lisbon	Moreirense	1.54	2.50	1.23	13.00	1.50	2.50	1.17	12.00
POR-PL	2025-09-23	Benfica	Rio Ave	1.40	3.10	1.15	19.50	1.40	2.88	1.11	17.00
POR-PL	2025-09-26	Benfica	Gil Vicente	1.70	2.15	1.33	10.00	1.67	2.15	1.30	10.00
POR-PL	2025-09-27	Estoril	Sp Lisbon	1.46	2.70	11.00	1.25	1.44	2.70	11.00	1.19
POR-PL	2025-09-27	Estrela	AVS	2.38	1.65	2.22	3.60	2.20	1.65	2.15	3.40
POR-PL	2025-09-27	Moreirense	Casa Pia	2.48	1.57	2.12	3.80	2.35	1.57	2.01	3.70
POR-PL	2025-09-27	Santa Clara	Tondela	2.40	1.57	1.88	5.00	2.40	1.53	1.86	4.50
POR-PL	2025-09-28	Alverca	Guimaraes	2.60	1.60	2.80	2.90	2.60	1.48	2.57	2.85
POR-PL	2025-09-28	Famalicao	Rio Ave	1.85	2.03	1.70	4.85	1.83	2.03	1.61	4.75
POR-PL	2025-09-28	Sp Braga	Nacional	1.80	2.08	1.44	8.00	1.80	2.00	1.39	7.50
POR-PL	2025-09-29	Arouca	Porto	1.62	2.40	12.00	1.25	1.53	2.40	9.00	1.17
POR-PL	2025-10-03	Casa Pia	Estoril	2.20	1.70	2.75	2.70	2.15	1.67	2.75	2.50
POR-PL	2025-10-04	AVS	Alverca	2.38	1.62	3.30	2.40	2.25	1.62	3.25	2.20
POR-PL	2025-10-04	Gil Vicente	Estrela	2.25	1.65	1.71	5.80	2.20	1.65	1.62	5.00
POR-PL	2025-10-04	Guimaraes	Santa Clara	3.05	1.40	3.00	2.68	2.88	1.40	3.00	2.50
POR-PL	2025-10-04	Nacional	Moreirense	2.30	1.62	2.25	3.50	2.25	1.62	2.20	3.40
POR-PL	2025-10-05	Arouca	Famalicao	2.05	1.90	4.33	1.91	1.95	1.90	3.90	1.86
POR-PL	2025-10-05	Porto	Benfica	2.03	1.83	2.05	3.90	2.03	1.83	1.91	3.75
POR-PL	2025-10-05	Rio Ave	Tondela	1.95	1.90	2.57	2.80	1.95	1.90	2.57	2.57
POR-PL	2025-10-05	Sp Lisbon	Sp Braga	1.65	2.25	1.48	7.00	1.65	2.20	1.41	7.00
POR-PL	2025-10-24	Alverca	Gil Vicente	2.40	1.57	3.25	2.40	2.40	1.53	3.20	2.25
POR-PL	2025-10-25	Benfica	Arouca	1.44	2.85	1.20	13.50	1.44	2.70	1.11	13.00
POR-PL	2025-10-25	Estrela	Rio Ave	2.10	1.74	3.10	2.50	2.10	1.70	2.85	2.40
POR-PL	2025-10-25	Santa Clara	AVS	2.25	1.70	1.52	7.50	2.25	1.62	1.45	7.50
POR-PL	2025-10-26	Estoril	Nacional	2.05	1.80	2.42	3.35	2.05	1.75	2.32	2.95
POR-PL	2025-10-26	Famalicao	Guimaraes	1.93	1.93	1.83	4.75	1.93	1.93	1.71	4.50
POR-PL	2025-10-26	Sp Braga	Casa Pia	1.83	2.05	1.44	8.90	1.75	2.05	1.39	6.50
POR-PL	2025-10-26	Tondela	Sp Lisbon	1.50	2.55	12.50	1.25	1.50	2.50	10.00	1.19
POR-PL	2025-10-27	Moreirense	Porto	1.75	2.10	11.00	1.28	1.75	2.05	9.50	1.25
POR-PL	2025-10-31	Sp Lisbon	Alverca	1.40	2.95	1.13	23.00	1.40	2.88	1.05	21.00
POR-PL	2025-11-01	Casa Pia	Estrela	2.50	1.57	2.25	3.60	2.50	1.50	2.20	3.50
POR-PL	2025-11-01	Guimaraes	Benfica	1.98	1.93	7.70	1.45	1.98	1.88	6.25	1.42
POR-PL	2025-11-01	Nacional	Famalicao	2.03	1.83	3.20	2.30	2.03	1.83	3.20	2.20
POR-PL	2025-11-01	Rio Ave	Estoril	1.98	1.88	2.30	3.40	1.98	1.88	2.15	3.30
POR-PL	2025-11-02	AVS	Tondela	2.25	1.65	3.25	2.45	2.20	1.65	3.05	2.35
POR-PL	2025-11-02	Arouca	Moreirense	2.20	1.67	2.57	2.96	2.15	1.67	2.50	2.82
POR-PL	2025-11-02	Porto	Sp Braga	2.00	1.95	1.55	6.50	1.90	1.95	1.49	6.25
POR-PL	2025-11-03	Gil Vicente	Santa Clara	2.88	1.45	2.08	5.33	2.88	1.40	1.91	4.33
POR-PL	2025-11-07	Estoril	Arouca	1.95	1.90	2.02	4.00	1.95	1.90	1.86	3.70
POR-PL	2025-11-08	Alverca	Rio Ave	2.10	1.85	2.20	3.50	2.00	1.85	2.10	3.25
POR-PL	2025-11-08	Santa Clara	Sp Lisbon	2.10	1.75	9.00	1.41	2.10	1.70	7.50	1.39
POR-PL	2025-11-08	Tondela	Guimaraes	2.30	1.65	3.00	2.50	2.25	1.62	2.85	2.45
POR-PL	2025-11-09	AVS	Gil Vicente	2.35	1.62	6.00	1.70	2.35	1.57	5.25	1.62
POR-PL	2025-11-09	Benfica	Casa Pia	1.68	2.25	1.20	17.00	1.65	2.20	1.13	15.00
POR-PL	2025-11-09	Estrela	Nacional	2.25	1.65	2.36	3.30	2.25	1.62	2.15	3.30
POR-PL	2025-11-09	Famalicao	Porto	2.10	1.78	6.40	1.60	2.05	1.75	5.75	1.56
POR-PL	2025-11-09	Sp Braga	Moreirense	1.93	1.93	1.41	8.75	1.93	1.93	1.33	8.00
POR-PL	2025-11-28	Guimaraes	AVS	2.25	1.65	1.83	5.10	2.25	1.62	1.71	5.00
POR-PL	2025-11-29	Casa Pia	Alverca	2.50	1.53	2.55	3.10	2.50	1.50	2.50	2.95
POR-PL	2025-11-29	Gil Vicente	Tondela	2.10	1.73	1.70	6.00	2.08	1.73	1.61	5.50
POR-PL	2025-11-29	Moreirense	Famalicao	2.10	1.70	3.25	2.36	2.10	1.70	2.95	2.30
POR-PL	2025-11-29	Nacional	Benfica	1.85	2.00	8.25	1.40	1.85	2.00	8.00	1.33
POR-PL	2025-11-30	Porto	Estoril	1.55	2.55	1.22	15.00	1.53	2.40	1.17	15.00
POR-PL	2025-11-30	Rio Ave	Santa Clara	2.54	1.55	2.90	2.70	2.50	1.50	2.70	2.70
POR-PL	2025-11-30	Sp Lisbon	Estrela	1.47	2.75	1.17	18.00	1.44	2.70	1.11	15.00
POR-PL	2025-12-01	Arouca	Sp Braga	1.83	2.08	7.00	1.50	1.83	2.03	7.00	1.45
POR-PL	2025-12-05	Benfica	Sp Lisbon	2.25	1.67	2.85	2.65	2.25	1.62	2.75	2.57
POR-PL	2025-12-06	AVS	Rio Ave	2.07	1.78	3.14	2.40	2.05	1.75	3.05	2.20
POR-PL	2025-12-06	Famalicao	Sp Braga	2.10	1.77	3.50	2.20	2.10	1.70	3.25	2.15
POR-PL	2025-12-06	Santa Clara	Casa Pia	3.10	1.40	2.01	4.60	3.10	1.36	2.01	4.50
POR-PL	2025-12-07	Alverca	Nacional	2.20	1.67	2.20	4.00	2.15	1.67	2.05	3.60
POR-PL	2025-12-07	Estoril	Moreirense	2.10	1.75	2.20	3.50	2.08	1.73	2.10	3.40
POR-PL	2025-12-07	Estrela	Arouca	2.10	1.73	1.95	4.10	2.08	1.73	1.86	4.10
POR-PL	2025-12-07	Tondela	Porto	1.71	2.15	11.50	1.30	1.70	2.10	11.00	1.22
POR-PL	2025-12-08	Guimaraes	Gil Vicente	2.63	1.50	2.90	2.70	2.60	1.48	2.82	2.65
POR-PL	2025-12-13	Casa Pia	Gil Vicente	2.70	1.50	4.00	2.12	2.50	1.50	3.90	2.01
POR-PL	2025-12-13	Rio Ave	Guimaraes	2.10	1.70	3.14	2.40	2.10	1.70	2.82	2.20
POR-PL	2025-12-13	Sp Lisbon	AVS	1.43	3.00	1.08	34.00	1.40	2.88	1.04	19.00
POR-PL	2025-12-14	Arouca	Alverca	2.25	1.63	3.25	2.50	2.25	1.62	3.05	2.30
POR-PL	2025-12-14	Famalicao	Estoril	1.80	2.05	1.78	4.80	1.75	2.05	1.66	4.75
POR-PL	2025-12-14	Moreirense	Benfica	1.90	1.95	9.50	1.40	1.90	1.95	9.00	1.37
POR-PL	2025-12-15	Nacional	Tondela	2.20	1.69	2.37	3.20	2.20	1.65	2.32	3.05
POR-PL	2025-12-15	Porto	Estrela	1.55	2.45	1.17	18.00	1.53	2.40	1.13	15.00
POR-PL	2025-12-15	Sp Braga	Santa Clara	2.20	1.67	1.48	8.50	2.15	1.67	1.41	8.50
POR-PL	2025-12-19	Estoril	Sp Braga	1.83	2.03	5.75	1.67	1.83	2.03	4.75	1.62
POR-PL	2025-12-20	Estrela	Moreirense	2.50	1.55	2.84	2.80	2.40	1.53	2.70	2.70
POR-PL	2025-12-20	Gil Vicente	Rio Ave	2.08	1.77	1.85	4.80	2.08	1.73	1.76	4.50
POR-PL	2025-12-21	AVS	Nacional	2.10	1.75	2.95	2.60	2.05	1.75	2.57	2.57
POR-PL	2025-12-21	Santa Clara	Arouca	2.40	1.58	1.85	5.00	2.40	1.53	1.76	5.00
POR-PL	2025-12-21	Tondela	Casa Pia	2.40	1.57	2.25	3.60	2.35	1.57	2.20	3.40
POR-PL	2025-12-22	Alverca	Porto	1.93	1.93	9.50	1.35	1.93	1.93	9.00	1.30
POR-PL	2025-12-22	Benfica	Famalicao	1.73	2.10	1.40	9.30	1.70	2.10	1.30	9.00
POR-PL	2025-12-23	Guimaraes	Sp Lisbon	1.90	1.95	7.50	1.48	1.90	1.95	6.00	1.45
POR-PL	2025-12-27	Estoril	Alverca	1.98	1.90	2.20	3.50	1.95	1.90	2.01	3.50
POR-PL	2025-12-27	Famalicao	Estrela	2.00	1.88	1.50	7.50	1.95	1.85	1.42	7.50
POR-PL	2025-12-28	Arouca	Gil Vicente	2.35	1.65	4.33	1.91	2.35	1.57	4.33	1.86
POR-PL	2025-12-28	Casa Pia	Guimaraes	2.70	1.49	3.30	2.50	2.70	1.44	3.30	2.35
POR-PL	2025-12-28	Sp Braga	Benfica	2.25	1.67	4.00	2.14	2.25	1.62	4.00	1.96
POR-PL	2025-12-28	Sp Lisbon	Rio Ave	1.43	2.90	1.10	31.00	1.40	2.88	1.05	21.00
POR-PL	2025-12-29	Porto	AVS	1.42	2.95	1.13	23.00	1.40	2.88	1.08	19.00
POR-PL	2026-01-02	Gil Vicente	Sp Lisbon	1.95	1.90	7.50	1.50	1.90	1.90	7.00	1.45
POR-PL	2026-01-02	Guimaraes	Nacional	2.25	1.68	1.93	4.50	2.25	1.62	1.91	4.33
POR-PL	2026-01-03	AVS	Moreirense	2.33	1.62	3.66	2.15	2.25	1.62	3.60	2.05
POR-PL	2026-01-03	Benfica	Estoril	1.48	2.70	1.25	12.50	1.44	2.70	1.17	12.00
POR-PL	2026-01-03	Estrela	Sp Braga	2.10	1.73	5.30	1.75	2.10	1.70	4.75	1.68
POR-PL	2026-01-03	Tondela	Arouca	2.20	1.67	2.40	3.20	2.20	1.65	2.30	3.20
POR-PL	2026-01-04	Alverca	Famalicao	2.15	1.71	3.80	2.10	2.15	1.67	3.60	2.01
POR-PL	2026-01-04	Rio Ave	Casa Pia	2.40	1.60	2.50	3.35	2.35	1.57	2.40	2.85
POR-PL	2026-01-04	Santa Clara	Porto	2.50	1.58	8.40	1.55	2.50	1.50	7.00	1.51
POR-PL	2026-01-11	Moreirense	Tondela	2.35	1.62	2.38	3.40	2.35	1.57	2.25	3.30
POR-PL	2026-01-11	Nacional	Santa Clara	2.70	1.48	2.85	2.90	2.70	1.44	2.65	2.75
POR-PL	2026-01-16	Sp Lisbon	Casa Pia	1.53	2.45	1.20	15.00	1.53	2.40	1.15	13.00
POR-PL	2026-01-17	AVS	Arouca	2.20	1.67	2.80	2.80	2.15	1.67	2.57	2.75
POR-PL	2026-01-17	Alverca	Moreirense	2.60	1.50	2.50	3.40	2.60	1.48	2.32	3.40
POR-PL	2026-01-17	Gil Vicente	Nacional	2.15	1.70	1.78	5.10	2.10	1.70	1.71	5.00
POR-PL	2026-01-17	Rio Ave	Benfica	1.68	2.35	10.00	1.33	1.57	2.35	9.50	1.27
POR-PL	2026-01-18	Guimaraes	Porto	2.10	1.75	7.50	1.50	2.05	1.75	7.00	1.42
POR-PL	2026-01-18	Santa Clara	Famalicao	2.50	1.54	3.05	2.57	2.50	1.50	3.00	2.50
POR-PL	2026-01-18	Tondela	Sp Braga	2.03	1.83	6.60	1.57	2.03	1.83	6.50	1.46
POR-PL	2026-01-19	Estrela	Estoril	1.84	2.05	3.00	2.50	1.75	2.05	2.70	2.40
POR-PL	2026-01-23	Casa Pia	AVS	2.50	1.62	2.05	4.20	2.35	1.57	2.01	3.90
POR-PL	2026-01-24	Arouca	Sp Lisbon	1.53	2.45	10.00	1.32	1.53	2.40	8.00	1.30
POR-PL	2026-01-24	Estoril	Guimaraes	1.87	1.95	2.48	2.90	1.85	1.95	2.32	2.82
POR-PL	2026-01-24	Moreirense	Santa Clara	3.10	1.42	3.00	2.88	3.10	1.36	3.00	2.50
POR-PL	2026-01-25	Benfica	Estrela	1.57	2.38	1.19	17.00	1.57	2.35	1.15	13.00
POR-PL	2026-01-25	Famalicao	Tondela	1.95	1.85	1.60	6.00	1.95	1.85	1.56	5.50
POR-PL	2026-01-25	Nacional	Rio Ave	1.85	2.05	1.98	3.90	1.75	2.05	1.86	3.90
POR-PL	2026-01-25	Sp Braga	Alverca	1.90	1.95	1.45	8.00	1.90	1.95	1.39	8.00
POR-PL	2026-01-26	Porto	Gil Vicente	2.00	1.88	1.37	9.50	1.98	1.88	1.33	9.50
POR-PL	2026-01-30	Guimaraes	Moreirense	2.20	1.65	1.91	4.50	2.20	1.65	1.81	4.50
POR-PL	2026-01-31	Alverca	Estrela	2.45	1.55	1.96	4.75	2.40	1.53	1.86	4.33
POR-PL	2026-01-31	Rio Ave	Arouca	2.00	1.90	3.25	2.45	1.95	1.90	2.85	2.30
POR-PL	2026-01-31	Santa Clara	Estoril	2.20	1.67	2.25	3.60	2.15	1.67	2.10	3.60
POR-PL	2026-02-01	Gil Vicente	Famalicao	2.30	1.62	2.75	2.80	2.30	1.60	2.57	2.65
POR-PL	2026-02-01	Sp Lisbon	Nacional	1.38	3.10	1.18	19.00	1.36	3.10	1.13	15.00
POR-PL	2026-02-01	Tondela	Benfica	1.83	2.03	10.50	1.33	1.83	2.03	9.00	1.27
POR-PL	2026-02-02	AVS	Sp Braga	1.71	2.10	10.00	1.34	1.70	2.10	9.50	1.27
POR-PL	2026-02-02	Casa Pia	Porto	1.95	1.98	13.00	1.28	1.95	1.85	13.00	1.25
POR-PL	2026-02-07	Arouca	Guimaraes	2.12	1.70	2.88	2.60	2.10	1.70	2.70	2.50
POR-PL	2026-02-07	Estoril	Tondela	1.81	2.08	1.73	4.75	1.73	2.08	1.68	4.50
POR-PL	2026-02-07	Estrela	Santa Clara	2.88	1.47	4.75	2.04	2.88	1.40	4.75	1.86
POR-PL	2026-02-07	Moreirense	Gil Vicente	2.50	1.52	3.80	2.15	2.50	1.50	3.75	2.10
POR-PL	2026-02-08	Benfica	Alverca	1.50	2.75	1.19	20.00	1.48	2.60	1.15	15.00
POR-PL	2026-02-08	Nacional	Casa Pia	1.95	1.95	1.84	4.75	1.85	1.95	1.71	4.75
POR-PL	2026-02-08	Sp Braga	Rio Ave	1.49	2.88	1.20	19.00	1.40	2.88	1.11	15.00
POR-PL	2026-02-09	Famalicao	AVS	1.85	2.00	1.50	7.00	1.85	2.00	1.45	6.50
POR-PL	2026-02-09	Porto	Sp Lisbon	2.08	1.80	2.54	3.05	2.08	1.73	2.50	2.82
POR-PL	2026-02-13	Santa Clara	Benfica	2.15	1.67	7.00	1.60	2.15	1.67	6.00	1.57
POR-PL	2026-02-13	Tondela	Alverca	2.55	1.58	2.60	3.00	2.50	1.50	2.57	2.82
POR-PL	2026-02-14	Casa Pia	Arouca	2.20	1.67	3.00	2.63	2.15	1.67	2.85	2.35
POR-PL	2026-02-14	Gil Vicente	Sp Braga	2.38	1.61	4.25	2.04	2.35	1.57	4.10	1.91
POR-PL	2026-02-14	Guimaraes	Estrela	2.10	1.73	1.63	6.50	2.08	1.73	1.53	6.50
POR-PL	2026-02-15	AVS	Estoril	1.74	2.25	4.45	1.80	1.62	2.25	4.10	1.71
POR-PL	2026-02-15	Nacional	Porto	1.86	2.03	8.50	1.42	1.83	2.03	7.00	1.39
POR-PL	2026-02-15	Sp Lisbon	Famalicao	1.67	2.25	1.33	10.75	1.67	2.15	1.30	9.50
POR-PL	2026-02-16	Rio Ave	Moreirense	2.20	1.67	3.50	2.25	2.15	1.67	3.50	2.15
POR-PL	2026-02-20	Estrela	Tondela	2.40	1.58	2.88	2.80	2.40	1.53	2.85	2.65
POR-PL	2026-02-21	Alverca	Santa Clara	2.60	1.50	3.30	2.50	2.50	1.50	3.30	2.25
POR-PL	2026-02-21	Arouca	Nacional	1.95	1.90	2.20	3.33	1.95	1.90	2.10	3.30
POR-PL	2026-02-21	Benfica	AVS	1.37	3.10	1.12	23.00	1.36	3.10	1.09	19.00
POR-PL	2026-02-21	Moreirense	Sp Lisbon	1.65	2.20	13.00	1.26	1.65	2.20	13.00	1.22
POR-PL	2026-02-21	Sp Braga	Guimaraes	1.95	1.90	1.53	7.00	1.95	1.85	1.45	7.00
POR-PL	2026-02-22	Estoril	Gil Vicente	1.88	2.03	3.20	2.33	1.83	2.03	3.10	2.15
POR-PL	2026-02-22	Porto	Rio Ave	1.50	2.70	1.14	21.00	1.50	2.50	1.10	17.00
POR-PL	2026-02-23	Famalicao	Casa Pia	2.00	1.85	1.58	6.33	1.95	1.85	1.49	6.25
POR-PL	2026-02-27	Porto	Arouca	1.75	2.10	1.23	15.00	1.73	2.08	1.17	13.00
POR-PL	2026-02-27	Sp Lisbon	Estoril	1.30	3.75	1.20	13.00	1.30	3.50	1.17	11.00
POR-PL	2026-02-28	AVS	Estrela	1.98	1.88	2.88	2.80	1.98	1.88	2.82	2.45
POR-PL	2026-02-28	Guimaraes	Alverca	2.00	1.80	1.80	5.00	2.00	1.80	1.68	5.00
POR-PL	2026-02-28	Nacional	Sp Braga	1.80	2.10	6.40	1.53	1.70	2.10	6.00	1.46
POR-PL	2026-03-01	Casa Pia	Moreirense	2.50	1.53	2.76	2.90	2.50	1.50	2.65	2.75
POR-PL	2026-03-01	Rio Ave	Famalicao	1.85	2.00	4.10	1.88	1.80	2.00	3.90	1.76
POR-PL	2026-03-01	Tondela	Santa Clara	2.88	1.45	3.10	2.60	2.88	1.40	3.10	2.50
POR-PL	2026-03-02	Gil Vicente	Benfica	1.95	1.91	6.40	1.58	1.95	1.85	5.75	1.53
POR-PL	2026-03-06	Famalicao	Arouca	1.86	2.00	1.70	5.50	1.85	1.95	1.57	5.50
POR-PL	2026-03-07	Alverca	AVS	1.91	1.98	1.70	5.25	1.88	1.98	1.61	5.25
POR-PL	2026-03-07	Estoril	Casa Pia	1.85	2.00	1.75	4.70	1.85	1.95	1.66	4.50
POR-PL	2026-03-07	Moreirense	Nacional	2.15	1.70	2.60	3.15	2.15	1.67	2.45	2.75
POR-PL	2026-03-07	Sp Braga	Sp Lisbon	1.90	1.91	3.90	2.05	1.90	1.90	3.70	1.96
POR-PL	2026-03-08	Benfica	Porto	2.50	1.60	1.96	4.25	2.50	1.50	1.91	4.20
POR-PL	2026-03-08	Estrela	Gil Vicente	2.20	1.67	4.35	1.95	2.15	1.67	4.10	1.91
POR-PL	2026-03-08	Santa Clara	Guimaraes	2.60	1.53	2.50	3.14	2.50	1.50	2.45	3.10
POR-PL	2026-03-09	Tondela	Rio Ave	2.08	1.80	2.20	3.65	2.08	1.73	2.05	3.60
POR-PL	2026-03-14	Arouca	Benfica	1.57	2.60	9.50	1.33	1.53	2.40	9.00	1.27
POR-PL	2026-03-14	Gil Vicente	Alverca	2.10	1.73	1.72	5.40	2.10	1.70	1.68	5.00
POR-PL	2026-03-14	Guimaraes	Famalicao	2.04	1.83	2.50	2.90	2.03	1.83	2.35	2.82
POR-PL	2026-03-15	AVS	Santa Clara	2.35	1.62	4.50	1.89	2.35	1.57	4.50	1.79
POR-PL	2026-03-15	Nacional	Estoril	1.64	2.30	2.33	2.90	1.62	2.25	2.25	2.85
POR-PL	2026-03-15	Porto	Moreirense	1.85	2.08	1.22	15.00	1.85	1.95	1.17	15.00
POR-PL	2026-03-15	Rio Ave	Estrela	2.20	1.67	2.35	3.30	2.15	1.67	2.20	3.30
POR-PL	2026-03-20	Estrela	Casa Pia	2.30	1.62	2.62	3.00	2.25	1.62	2.55	2.85
POR-PL	2026-03-21	Benfica	Guimaraes	1.42	3.25	1.22	13.00	1.40	2.88	1.17	12.00
POR-PL	2026-03-21	Famalicao	Nacional	1.77	2.10	1.60	6.00	1.70	2.10	1.49	6.00
POR-PL	2026-03-21	Moreirense	Arouca	2.10	1.73	2.75	2.71	2.10	1.70	2.65	2.57
POR-PL	2026-03-21	Santa Clara	Gil Vicente	2.75	1.45	2.38	3.45	2.70	1.44	2.32	3.25
POR-PL	2026-03-21	Tondela	AVS	2.25	1.67	1.85	4.75	2.25	1.62	1.79	4.50
POR-PL	2026-03-22	Alverca	Sp Lisbon	1.55	2.50	10.50	1.29	1.53	2.40	9.50	1.19
POR-PL	2026-03-22	Estoril	Rio Ave	1.67	2.20	1.74	4.50	1.67	2.15	1.66	4.50
POR-PL	2026-03-22	Sp Braga	Porto	2.35	1.62	3.25	2.36	2.35	1.57	3.10	2.32
POR-PL	2026-04-03	Gil Vicente	AVS	1.85	2.00	1.40	9.50	1.85	1.95	1.35	9.00
POR-PL	2026-04-03	Guimaraes	Tondela	2.05	1.85	1.90	4.60	2.00	1.85	1.86	3.90
POR-PL	2026-04-03	Sp Lisbon	Santa Clara	1.83	2.05	1.37	10.00	1.83	2.03	1.33	8.00
POR-PL	2026-04-04	Moreirense	Sp Braga	2.00	1.83	7.50	1.57	2.00	1.80	7.50	1.45
POR-PL	2026-04-04	Nacional	Estrela	1.86	2.00	1.90	4.50	1.80	2.00	1.76	4.50
POR-PL	2026-04-04	Porto	Famalicao	1.93	1.93	1.41	8.25	1.93	1.93	1.39	7.50
POR-PL	2026-04-04	Rio Ave	Alverca	2.10	1.75	2.80	2.65	2.10	1.70	2.75	2.50
POR-PL	2026-04-06	Arouca	Estoril	1.67	2.30	2.43	2.84	1.62	2.25	2.25	2.75
POR-PL	2026-04-06	Casa Pia	Benfica	1.50	2.80	15.50	1.22	1.48	2.60	13.00	1.17
POR-PL	2026-04-10	Famalicao	Moreirense	2.00	1.85	1.57	7.00	1.95	1.85	1.42	7.00
POR-PL	2026-04-11	AVS	Guimaraes	1.95	1.92	5.75	1.67	1.95	1.85	5.75	1.53
POR-PL	2026-04-11	Estrela	Sp Lisbon	1.45	3.00	12.50	1.25	1.44	2.70	11.00	1.22
POR-PL	2026-04-11	Santa Clara	Rio Ave	2.23	1.73	1.80	5.33	2.10	1.70	1.68	4.75
POR-PL	2026-04-12	Alverca	Casa Pia	2.12	1.73	2.05	4.33	2.10	1.70	1.86	4.20
POR-PL	2026-04-12	Benfica	Nacional	1.40	3.00	1.17	16.00	1.40	2.88	1.13	15.00
POR-PL	2026-04-12	Estoril	Porto	1.67	2.25	8.00	1.44	1.62	2.25	6.00	1.42
POR-PL	2026-04-12	Sp Braga	Arouca	1.75	2.10	1.46	7.50	1.73	2.08	1.42	7.00
POR-PL	2026-04-13	Tondela	Gil Vicente	2.18	1.73	4.33	1.95	2.08	1.73	4.33	1.81
POR-PL	2026-04-17	Rio Ave	AVS	1.95	1.95	1.70	5.00	1.95	1.85	1.66	4.75
POR-PL	2026-04-18	Casa Pia	Santa Clara	2.60	1.53	3.60	2.25	2.50	1.50	3.60	2.20
POR-PL	2026-04-18	Gil Vicente	Guimaraes	2.10	1.73	2.15	3.90	2.10	1.70	1.96	3.90
POR-PL	2026-04-18	Nacional	Alverca	1.86	2.00	2.20	3.20	1.80	2.00	2.15	3.20
POR-PL	2026-04-19	Arouca	Estrela	2.10	1.79	2.25	3.70	2.10	1.70	2.20	3.60
POR-PL	2026-04-19	Porto	Tondela	1.62	2.38	1.20	21.00	1.57	2.35	1.11	21.00
POR-PL	2026-04-19	Sp Braga	Famalicao	1.95	2.00	1.91	4.33	1.85	2.00	1.86	4.10
POR-PL	2026-04-19	Sp Lisbon	Benfica	1.91	2.05	2.20	4.00	1.85	1.95	1.96	3.60
POR-PL	2026-04-20	Moreirense	Estoril	1.85	2.05	2.90	2.57	1.85	2.00	2.57	2.50
POR-PL	2026-04-23	Casa Pia	Sp Braga	2.10	1.75	5.75	1.63	2.05	1.75	5.00	1.51
POR-PL	2026-04-24	Alverca	Arouca	1.93	1.95	2.23	3.50	1.90	1.95	2.05	3.50
POR-PL	2026-04-25	Benfica	Moreirense	1.44	3.00	1.13	26.00	1.44	2.70	1.08	17.00
POR-PL	2026-04-25	Guimaraes	Rio Ave	1.83	2.00	1.76	5.33	1.80	2.00	1.62	5.25
POR-PL	2026-04-25	Tondela	Nacional	2.00	1.91	2.80	2.63	2.00	1.85	2.65	2.45
POR-PL	2026-04-26	AVS	Sp Lisbon	1.33	3.50	19.00	1.18	1.33	3.40	13.00	1.11
POR-PL	2026-04-26	Estoril	Famalicao	1.66	2.38	4.20	1.89	1.57	2.35	4.20	1.71
POR-PL	2026-04-26	Estrela	Porto	1.83	2.02	11.00	1.33	1.80	2.00	8.50	1.30
POR-PL	2026-04-26	Santa Clara	Sp Braga	2.50	1.53	2.70	3.00	2.40	1.53	2.45	2.85
POR-PL	2026-04-27	Gil Vicente	Casa Pia	2.10	1.73	1.83	5.30	2.10	1.70	1.68	4.75
POR-PL	2026-04-29	Sp Lisbon	Tondela	1.33	3.60	1.11	23.00	1.29	3.60	1.07	23.00
POR-PL	2026-05-02	Arouca	Santa Clara	2.33	1.62	2.85	2.75	2.25	1.62	2.57	2.65
POR-PL	2026-05-02	Famalicao	Benfica	1.80	2.10	5.60	1.63	1.75	2.05	5.50	1.57
POR-PL	2026-05-02	Moreirense	Estrela	2.40	1.65	3.15	2.45	2.25	1.62	3.10	2.40
POR-PL	2026-05-02	Nacional	AVS	1.66	2.40	1.50	6.25	1.57	2.35	1.46	6.25
POR-PL	2026-05-02	Porto	Alverca	1.55	2.50	1.20	17.00	1.53	2.40	1.15	17.00
POR-PL	2026-05-03	Casa Pia	Tondela	2.25	1.73	2.35	3.30	2.25	1.62	2.25	3.30
POR-PL	2026-05-03	Rio Ave	Gil Vicente	1.94	1.98	4.10	1.87	1.88	1.98	4.00	1.81
POR-PL	2026-05-03	Sp Braga	Estoril	1.67	2.30	1.57	5.70	1.67	2.15	1.53	5.25
POR-PL	2026-05-04	Sp Lisbon	Guimaraes	1.48	2.88	1.30	10.25	1.44	2.70	1.24	9.00
POR-PL	2026-05-10	AVS	Porto	1.68	2.40	10.00	1.33	1.57	2.35	9.00	1.30
POR-PL	2026-05-10	Alverca	Estoril	1.67	2.20	2.60	2.60	1.67	2.15	2.50	2.55
POR-PL	2026-05-11	Benfica	Sp Braga	1.57	2.43	1.44	7.50	1.57	2.35	1.37	7.00
POR-PL	2026-05-11	Estrela	Famalicao	2.00	1.83	3.70	2.16	2.00	1.80	3.40	2.05
POR-PL	2026-05-11	Gil Vicente	Arouca	1.83	2.05	1.71	5.00	1.75	2.05	1.61	5.00
POR-PL	2026-05-11	Guimaraes	Casa Pia	1.91	1.95	1.75	4.75	1.85	1.95	1.66	4.75
POR-PL	2026-05-11	Rio Ave	Sp Lisbon	1.35	3.60	13.00	1.22	1.30	3.50	13.00	1.17
POR-PL	2026-05-11	Santa Clara	Nacional	2.10	1.93	2.40	3.25	1.93	1.93	2.35	3.00
POR-PL	2026-05-11	Tondela	Moreirense	2.10	1.73	1.95	4.00	2.10	1.70	1.86	4.00
POR-PL	2026-05-16	Arouca	Tondela	1.88	2.00	3.10	2.28	1.88	1.98	3.10	2.20
POR-PL	2026-05-16	Casa Pia	Rio Ave	2.00	1.91	1.91	4.50	2.00	1.85	1.81	4.33
POR-PL	2026-05-16	Estoril	Benfica	1.35	3.50	12.50	1.25	1.30	3.50	11.00	1.22
POR-PL	2026-05-16	Famalicao	Alverca	1.75	2.10	1.55	6.33	1.73	2.08	1.49	5.75
POR-PL	2026-05-16	Moreirense	AVS	1.91	1.95	2.15	3.40	1.90	1.95	2.05	3.25
POR-PL	2026-05-16	Nacional	Guimaraes	2.00	2.02	2.15	3.80	2.00	1.85	2.10	3.30
POR-PL	2026-05-16	Porto	Santa Clara	1.63	2.30	1.28	11.00	1.60	2.30	1.22	9.50
POR-PL	2026-05-16	Sp Braga	Estrela	1.81	2.10	1.70	4.80	1.75	2.05	1.66	4.50
POR-PL	2026-05-16	Sp Lisbon	Gil Vicente	1.38	3.40	1.25	12.00	1.33	3.40	1.19	9.50
SCO-PL	2024-08-03	Hearts	Rangers	1.60	2.51	4.70	1.77	1.57	2.38	4.33	1.67
SCO-PL	2024-08-03	Motherwell	Ross County	2.26	1.79	2.32	3.61	2.10	1.73	2.25	3.40
SCO-PL	2024-08-04	Celtic	Kilmarnock	1.37	3.56	1.14	23.00	1.33	3.40	1.13	19.00
SCO-PL	2024-08-04	Dundee United	Dundee	2.21	1.85	2.49	3.18	2.10	1.73	2.38	3.10
SCO-PL	2024-08-04	St Mirren	Hibernian	2.04	2.00	2.84	2.69	2.00	1.85	2.63	2.60
SCO-PL	2024-08-05	St Johnstone	Aberdeen	1.93	2.13	4.33	1.99	1.88	1.98	3.90	1.90
SCO-PL	2024-08-10	Dundee	Hearts	1.76	2.20	3.18	2.32	1.73	2.10	3.10	2.25
SCO-PL	2024-08-10	Rangers	Motherwell	1.43	3.20	1.22	15.00	1.36	3.20	1.20	11.00
SCO-PL	2024-08-10	Ross County	Dundee United	1.98	1.93	3.39	2.35	1.93	1.93	3.25	2.20
SCO-PL	2024-08-11	Aberdeen	St Mirren	1.96	2.00	1.79	5.13	1.93	1.93	1.70	5.00
SCO-PL	2024-08-11	Hibernian	Celtic	1.41	3.35	10.00	1.33	1.40	3.00	8.50	1.30
SCO-PL	2024-08-11	Kilmarnock	St Johnstone	1.89	2.09	1.70	5.76	1.80	2.00	1.57	5.00
SCO-PL	2024-08-24	Dundee United	St Johnstone	1.97	2.02	1.84	5.00	1.88	1.98	1.75	4.20
SCO-PL	2024-08-24	Hibernian	Dundee	1.80	2.21	2.12	3.71	1.73	2.10	2.05	3.40
SCO-PL	2024-08-24	Rangers	Ross County	1.37	3.32	1.18	17.00	1.36	3.20	1.14	15.00
SCO-PL	2024-08-25	Aberdeen	Kilmarnock	2.14	1.83	1.80	5.48	2.10	1.73	1.75	5.25
SCO-PL	2024-08-25	Motherwell	Hearts	2.13	1.95	3.23	2.38	2.00	1.80	3.20	2.30
SCO-PL	2024-08-25	St Mirren	Celtic	1.56	2.70	15.00	1.24	1.53	2.50	11.00	1.22
SCO-PL	2024-08-31	Dundee	St Mirren	2.02	1.91	2.38	3.30	2.00	1.85	2.30	3.00
SCO-PL	2024-08-31	Ross County	Aberdeen	2.03	2.00	4.61	1.89	1.98	1.88	4.20	1.83
SCO-PL	2024-08-31	St Johnstone	Motherwell	2.21	1.81	3.22	2.47	2.10	1.73	3.00	2.25
SCO-PL	2024-09-01	Celtic	Rangers	1.60	2.52	1.70	5.12	1.57	2.38	1.67	4.75
SCO-PL	2024-09-01	Hearts	Dundee United	1.97	1.94	1.95	4.12	1.95	1.90	1.85	4.00
SCO-PL	2024-09-01	Kilmarnock	Hibernian	2.12	1.81	2.66	2.90	2.10	1.73	2.55	2.80
SCO-PL	2024-09-14	Aberdeen	Motherwell	1.98	1.94	1.72	5.56	1.93	1.93	1.67	5.00
SCO-PL	2024-09-14	Celtic	Hearts	1.33	3.52	1.15	19.10	1.33	3.40	1.13	19.00
SCO-PL	2024-09-14	Hibernian	St Johnstone	1.81	2.14	1.63	5.80	1.80	2.00	1.57	5.25
SCO-PL	2024-09-14	Ross County	Dundee	1.89	2.16	2.90	2.50	1.83	2.03	2.80	2.30
SCO-PL	2024-09-14	St Mirren	Kilmarnock	2.40	1.67	2.50	3.20	2.20	1.67	2.35	3.00
SCO-PL	2024-09-15	Dundee United	Rangers	1.71	2.29	6.50	1.53	1.67	2.20	6.00	1.50
SCO-PL	2024-09-21	Ross County	St Johnstone	2.32	1.80	2.00	4.59	2.20	1.67	1.83	4.50
SCO-PL	2024-09-21	St Mirren	Hearts	2.21	1.85	2.88	2.66	2.03	1.83	2.70	2.60
SCO-PL	2024-09-28	Dundee	Aberdeen	1.89	2.05	3.19	2.30	1.85	2.00	2.90	2.20
SCO-PL	2024-09-28	Hearts	Ross County	2.00	1.98	1.65	5.83	1.93	1.93	1.57	5.50
SCO-PL	2024-09-28	Kilmarnock	Dundee United	2.21	1.80	2.13	3.84	2.00	1.80	2.05	3.50
SCO-PL	2024-09-28	Motherwell	St Mirren	2.21	1.78	2.20	3.67	2.10	1.73	2.10	3.40
SCO-PL	2024-09-28	St Johnstone	Celtic	1.34	3.41	21.00	1.16	1.33	3.40	17.00	1.14
SCO-PL	2024-09-29	Rangers	Hibernian	1.56	2.63	1.33	12.44	1.53	2.50	1.29	10.00
SCO-PL	2024-10-05	Dundee	Kilmarnock	1.97	1.97	2.30	3.25	1.90	1.95	2.20	3.00
SCO-PL	2024-10-05	Hibernian	Motherwell	1.98	1.98	1.87	4.50	1.93	1.93	1.80	4.33
SCO-PL	2024-10-05	St Mirren	Dundee United	2.21	1.80	2.45	3.35	2.10	1.73	2.30	3.10
SCO-PL	2024-10-06	Aberdeen	Hearts	1.85	2.12	1.91	4.27	1.80	2.00	1.80	4.10
SCO-PL	2024-10-06	Rangers	St Johnstone	1.29	4.10	1.11	30.00	1.25	4.00	1.08	21.00
SCO-PL	2024-10-06	Ross County	Celtic	1.43	3.15	17.00	1.22	1.40	3.00	13.00	1.18
SCO-PL	2024-10-19	Celtic	Aberdeen	1.39	3.20	1.23	15.00	1.36	3.20	1.18	12.00
SCO-PL	2024-10-19	Dundee United	Hibernian	2.02	1.93	2.90	2.57	1.98	1.88	2.88	2.45
SCO-PL	2024-10-19	Hearts	St Mirren	1.97	1.99	1.81	4.75	1.90	1.95	1.75	4.33
SCO-PL	2024-10-19	Motherwell	Dundee	1.80	2.23	2.05	3.71	1.73	2.10	1.95	3.40
SCO-PL	2024-10-19	St Johnstone	Ross County	2.31	1.72	2.67	2.93	2.30	1.62	2.55	2.80
SCO-PL	2024-10-20	Kilmarnock	Rangers	1.65	2.41	6.12	1.57	1.62	2.30	5.75	1.53
SCO-PL	2024-10-26	Aberdeen	Dundee United	1.97	2.00	1.85	4.62	1.95	1.90	1.75	4.50
SCO-PL	2024-10-26	Dundee	St Johnstone	1.93	2.04	1.83	5.00	1.85	2.00	1.75	4.50
SCO-PL	2024-10-26	Ross County	Kilmarnock	2.21	1.76	4.04	2.06	2.10	1.70	3.80	1.95
SCO-PL	2024-10-27	Hibernian	Hearts	2.06	1.93	2.38	3.24	2.00	1.85	2.30	3.10
SCO-PL	2024-10-27	Motherwell	Celtic	1.41	3.25	15.00	1.25	1.40	3.00	9.00	1.22
SCO-PL	2024-10-27	Rangers	St Mirren	1.67	2.41	1.31	13.00	1.60	2.30	1.29	10.00
SCO-PL	2024-10-30	Aberdeen	Rangers	1.89	2.06	4.16	2.00	1.85	2.00	3.90	1.91
SCO-PL	2024-10-30	Celtic	Dundee	1.33	3.60	1.20	19.00	1.33	3.40	1.18	15.00
SCO-PL	2024-10-30	Dundee United	Motherwell	1.99	1.95	1.97	4.17	1.95	1.90	1.90	4.00
SCO-PL	2024-10-30	Hearts	Kilmarnock	2.02	1.93	1.84	4.60	1.98	1.88	1.75	4.50
SCO-PL	2024-10-30	Ross County	Hibernian	2.21	1.81	4.34	1.96	2.10	1.73	4.20	1.90
SCO-PL	2024-10-30	St Mirren	St Johnstone	2.21	1.79	2.01	4.25	2.10	1.73	1.95	3.90
SCO-PL	2024-11-02	St Johnstone	Hearts	1.97	2.01	3.90	2.07	1.85	2.00	3.90	1.91
SCO-PL	2024-11-02	St Mirren	Ross County	2.32	1.76	1.89	5.60	2.20	1.67	1.70	5.50
SCO-PL	2024-11-03	Dundee	Kilmarnock	2.10	1.93	2.89	2.65	2.00	1.85	2.75	2.50
SCO-PL	2024-11-03	Hibernian	Dundee United	2.02	1.95	1.84	4.70	2.00	1.85	1.80	4.50
SCO-PL	2024-11-09	Aberdeen	Dundee	2.00	1.97	1.96	4.61	1.93	1.93	1.85	4.20
SCO-PL	2024-11-09	Dundee United	Ross County	2.21	1.81	1.84	4.90	2.10	1.73	1.80	4.75
SCO-PL	2024-11-09	Hibernian	St Mirren	2.10	1.92	1.83	5.00	1.98	1.88	1.75	5.00
SCO-PL	2024-11-09	Motherwell	St Johnstone	2.11	1.85	2.20	3.75	2.03	1.83	2.10	3.30
SCO-PL	2024-11-10	Kilmarnock	Celtic	1.56	2.75	11.30	1.29	1.53	2.50	10.00	1.25
SCO-PL	2024-11-10	Rangers	Hearts	1.56	2.63	1.41	9.00	1.53	2.50	1.38	7.50
SCO-PL	2024-11-23	Dundee	Hibernian	1.97	1.98	3.00	2.63	1.93	1.93	2.88	2.45
SCO-PL	2024-11-23	Hearts	Celtic	1.60	2.63	7.01	1.48	1.53	2.50	6.50	1.41
SCO-PL	2024-11-23	Rangers	Dundee United	1.52	2.70	1.25	14.00	1.48	2.60	1.22	12.00
SCO-PL	2024-11-23	Ross County	Motherwell	2.48	1.62	2.88	2.95	2.30	1.62	2.70	2.90
SCO-PL	2024-11-23	St Johnstone	Kilmarnock	2.06	1.97	3.66	2.34	2.03	1.83	3.60	2.05
SCO-PL	2024-11-23	St Mirren	Aberdeen	2.09	1.88	2.76	2.70	2.03	1.83	2.70	2.55
SCO-PL	2024-11-26	Hibernian	Aberdeen	2.00	2.00	2.78	2.90	1.95	1.90	2.50	2.88
SCO-PL	2024-11-30	Celtic	Ross County	1.28	4.60	1.09	36.00	1.25	4.00	1.06	29.00
SCO-PL	2024-11-30	Dundee United	St Mirren	2.21	1.81	2.38	3.30	2.10	1.73	2.30	3.00
SCO-PL	2024-11-30	Kilmarnock	Dundee	1.90	2.05	2.10	4.07	1.85	2.00	1.95	3.80
SCO-PL	2024-11-30	Motherwell	Hibernian	1.97	1.97	2.97	2.61	1.93	1.93	2.80	2.50
SCO-PL	2024-12-01	Hearts	Aberdeen	1.89	2.10	2.11	4.35	1.85	2.00	1.85	4.10
SCO-PL	2024-12-01	St Johnstone	Rangers	1.55	2.63	10.00	1.39	1.50	2.63	7.00	1.30
SCO-PL	2024-12-04	Aberdeen	Celtic	1.48	3.15	11.55	1.33	1.40	3.00	11.00	1.25
SCO-PL	2024-12-04	Dundee	Motherwell	1.89	2.05	2.12	3.80	1.83	2.03	2.00	3.70
SCO-PL	2024-12-04	Rangers	Kilmarnock	1.60	2.50	1.25	15.00	1.57	2.38	1.22	13.00
SCO-PL	2024-12-07	Aberdeen	St Johnstone	1.89	2.16	1.64	5.75	1.80	2.00	1.62	5.25
SCO-PL	2024-12-07	Celtic	Hibernian	1.41	3.40	1.21	17.37	1.40	3.00	1.18	13.00
SCO-PL	2024-12-07	Dundee United	Kilmarnock	2.21	1.83	2.20	4.15	2.10	1.73	1.95	4.00
SCO-PL	2024-12-07	Hearts	Dundee	1.80	2.27	1.83	5.60	1.67	2.20	1.62	5.00
SCO-PL	2024-12-07	St Mirren	Motherwell	2.21	1.80	2.15	4.57	2.10	1.73	1.83	4.50
SCO-PL	2024-12-08	Ross County	Rangers	1.58	2.75	17.00	1.25	1.50	2.63	15.00	1.18
SCO-PL	2024-12-14	Hibernian	Ross County	1.89	2.05	1.49	8.00	1.85	2.00	1.44	7.00
SCO-PL	2024-12-14	Motherwell	Dundee United	2.10	1.85	2.60	2.92	2.03	1.83	2.45	2.75
SCO-PL	2024-12-14	St Johnstone	St Mirren	2.32	1.72	2.95	2.68	2.20	1.67	2.75	2.50
SCO-PL	2024-12-15	Kilmarnock	Hearts	2.21	1.81	2.88	2.76	2.10	1.73	2.70	2.60
SCO-PL	2024-12-20	Motherwell	Kilmarnock	2.02	1.93	2.26	3.74	1.98	1.88	2.05	3.60
SCO-PL	2024-12-21	Aberdeen	Hibernian	1.89	2.09	2.24	3.82	1.80	2.00	1.95	3.70
SCO-PL	2024-12-21	Rangers	Dundee	1.34	4.00	1.16	32.00	1.25	4.00	1.07	21.00
SCO-PL	2024-12-21	Ross County	St Mirren	2.32	1.71	3.10	2.68	2.20	1.67	2.88	2.55
SCO-PL	2024-12-22	Dundee United	Celtic	1.50	2.75	9.19	1.36	1.50	2.63	8.50	1.33
SCO-PL	2024-12-22	Hearts	St Johnstone	2.03	1.96	1.66	5.50	1.98	1.88	1.62	5.25
SCO-PL	2024-12-26	Celtic	Motherwell	1.33	3.72	1.16	21.14	1.33	3.40	1.14	15.00
SCO-PL	2024-12-26	Dundee	Ross County	1.97	1.99	1.85	4.65	1.90	1.95	1.75	4.50
SCO-PL	2024-12-26	Hearts	Hibernian	1.97	2.01	2.21	3.49	1.88	1.98	2.10	3.40
SCO-PL	2024-12-26	Kilmarnock	Aberdeen	2.10	1.89	2.61	3.00	2.00	1.85	2.45	2.80
SCO-PL	2024-12-26	St Johnstone	Dundee United	2.32	1.76	3.20	2.51	2.20	1.67	3.00	2.40
SCO-PL	2024-12-26	St Mirren	Rangers	1.69	2.35	10.50	1.40	1.67	2.20	8.50	1.30
SCO-PL	2024-12-29	Celtic	St Johnstone	1.31	3.72	1.10	36.00	1.30	3.50	1.07	29.00
SCO-PL	2024-12-29	Dundee United	Aberdeen	1.97	1.98	2.34	3.20	1.90	1.95	2.20	3.00
SCO-PL	2024-12-29	Hibernian	Kilmarnock	1.97	1.97	2.04	4.00	1.93	1.93	1.95	3.80
SCO-PL	2024-12-29	Motherwell	Rangers	1.66	2.46	9.49	1.38	1.62	2.30	7.50	1.33
SCO-PL	2024-12-29	Ross County	Hearts	2.21	1.83	3.59	2.38	2.10	1.73	3.00	2.30
SCO-PL	2024-12-29	St Mirren	Dundee	1.97	2.00	1.95	4.13	1.93	1.93	1.85	4.00
SCO-PL	2025-01-02	Aberdeen	Ross County	1.85	2.10	1.73	5.42	1.80	2.00	1.67	5.00
SCO-PL	2025-01-02	Dundee	Dundee United	1.86	2.10	3.30	2.37	1.76	1.96	3.10	2.25
SCO-PL	2025-01-02	Hearts	Motherwell	1.98	2.07	1.79	5.28	1.95	1.90	1.67	5.00
SCO-PL	2025-01-02	Kilmarnock	St Mirren	2.21	1.80	2.28	3.48	2.00	1.80	2.20	3.40
SCO-PL	2025-01-02	Rangers	Celtic	1.62	2.51	3.46	2.20	1.57	2.38	3.20	2.10
SCO-PL	2025-01-02	St Johnstone	Hibernian	1.94	2.00	4.07	2.06	1.88	1.98	3.60	2.05
SCO-PL	2025-01-05	Celtic	St Mirren	1.44	2.99	1.15	24.00	1.44	2.75	1.14	13.00
SCO-PL	2025-01-05	Dundee United	Hearts	2.09	1.82	2.48	3.15	2.00	1.80	2.45	2.88
SCO-PL	2025-01-05	Hibernian	Rangers	1.60	2.49	6.16	1.56	1.57	2.38	5.75	1.50
SCO-PL	2025-01-05	Kilmarnock	Ross County	2.09	1.88	1.69	6.26	2.00	1.80	1.57	6.00
SCO-PL	2025-01-05	Motherwell	Aberdeen	2.08	2.00	2.86	2.70	2.03	1.83	2.75	2.60
SCO-PL	2025-01-05	St Johnstone	Dundee	1.95	2.00	2.61	2.86	1.88	1.98	2.55	2.75
SCO-PL	2025-01-08	Celtic	Dundee United	1.40	3.20	1.16	22.00	1.40	3.00	1.13	19.00
SCO-PL	2025-01-08	Kilmarnock	Motherwell	2.19	1.80	1.93	4.86	2.10	1.73	1.80	4.50
SCO-PL	2025-01-09	Dundee	Rangers	1.47	2.90	10.00	1.30	1.41	2.70	9.50	1.27
SCO-PL	2025-01-11	Hibernian	Motherwell	1.79	2.24	1.55	6.60	1.73	2.10	1.48	6.25
SCO-PL	2025-01-11	Ross County	Celtic	1.52	2.70	16.00	1.22	1.50	2.63	15.00	1.20
SCO-PL	2025-01-11	St Mirren	Dundee United	2.44	1.63	2.70	3.06	2.38	1.57	2.60	2.88
SCO-PL	2025-01-12	Aberdeen	Hearts	1.95	2.00	2.68	2.75	1.88	1.98	2.60	2.63
SCO-PL	2025-01-12	Rangers	St Johnstone	1.32	3.65	1.14	23.00	1.30	3.50	1.11	21.00
SCO-PL	2025-01-14	Dundee	Celtic	1.45	2.87	15.00	1.21	1.44	2.75	12.00	1.20
SCO-PL	2025-01-15	Rangers	Aberdeen	1.40	3.13	1.23	15.00	1.40	3.00	1.18	13.00
SCO-PL	2025-01-25	Aberdeen	St Mirren	2.00	1.92	2.13	3.93	1.95	1.90	1.95	3.90
SCO-PL	2025-01-25	Hearts	Kilmarnock	2.08	1.85	1.89	4.50	2.05	1.80	1.83	4.20
SCO-PL	2025-01-25	Ross County	Hibernian	2.13	1.88	4.25	2.02	2.10	1.73	4.20	1.91
SCO-PL	2025-01-25	St Johnstone	Motherwell	2.26	1.73	2.14	4.00	2.10	1.73	2.10	3.75
SCO-PL	2025-01-26	Dundee United	Rangers	1.65	2.42	5.56	1.60	1.62	2.30	5.50	1.55
SCO-PL	2025-02-01	Dundee	Hearts	1.95	2.03	3.28	2.31	1.88	1.98	3.25	2.20
SCO-PL	2025-02-01	Hibernian	Aberdeen	1.86	2.11	1.89	4.61	1.85	2.00	1.75	4.50
SCO-PL	2025-02-01	Kilmarnock	Dundee United	2.08	1.91	2.38	3.23	2.03	1.83	2.30	3.00
SCO-PL	2025-02-01	St Mirren	St Johnstone	2.29	1.74	1.92	4.87	2.20	1.67	1.80	4.50
SCO-PL	2025-02-02	Motherwell	Celtic	1.51	2.78	17.00	1.19	1.50	2.63	13.00	1.18
SCO-PL	2025-02-02	Rangers	Ross County	1.37	3.40	1.14	29.00	1.33	3.40	1.09	21.00
SCO-PL	2025-02-05	Celtic	Dundee	1.25	4.60	1.08	37.00	1.25	4.00	1.07	29.00
SCO-PL	2025-02-15	Celtic	Dundee United	1.44	3.00	1.20	15.00	1.40	3.00	1.18	13.00
SCO-PL	2025-02-15	Dundee	Aberdeen	1.90	2.05	2.84	2.65	1.85	2.00	2.70	2.45
SCO-PL	2025-02-15	Kilmarnock	St Johnstone	2.29	1.81	1.90	4.67	2.20	1.67	1.83	4.33
SCO-PL	2025-02-15	Motherwell	Ross County	2.29	1.73	2.21	4.20	2.20	1.67	2.00	4.10
SCO-PL	2025-02-16	Hearts	Rangers	1.67	2.42	5.83	1.64	1.62	2.30	5.50	1.57
SCO-PL	2025-02-16	St Mirren	Hibernian	2.29	1.73	3.05	2.67	2.20	1.67	2.88	2.55
SCO-PL	2025-02-22	Aberdeen	Kilmarnock	2.04	1.91	2.19	3.74	1.98	1.88	2.10	3.60
SCO-PL	2025-02-22	Dundee United	Motherwell	2.00	1.93	1.75	5.24	1.98	1.88	1.70	5.00
SCO-PL	2025-02-22	Hibernian	Celtic	1.68	2.32	7.42	1.48	1.67	2.20	7.00	1.45
SCO-PL	2025-02-22	Rangers	St Mirren	1.46	2.90	1.18	17.40	1.44	2.75	1.17	17.00
SCO-PL	2025-02-22	Ross County	Dundee	2.20	1.80	2.47	3.31	2.10	1.73	2.30	3.20
SCO-PL	2025-02-23	St Johnstone	Hearts	1.96	2.01	4.25	1.98	1.93	1.93	4.20	1.85
SCO-PL	2025-02-25	Celtic	Aberdeen	1.33	3.50	1.14	21.00	1.30	3.50	1.14	13.00
SCO-PL	2025-02-26	Dundee United	Hibernian	2.32	1.68	2.88	2.71	2.30	1.62	2.70	2.60
SCO-PL	2025-02-26	Hearts	St Mirren	2.04	1.92	1.85	4.75	2.00	1.85	1.80	4.20
SCO-PL	2025-02-26	Kilmarnock	Rangers	1.66	2.38	6.77	1.50	1.62	2.30	6.50	1.48
SCO-PL	2025-02-26	Motherwell	Dundee	2.08	1.89	2.37	3.18	2.03	1.83	2.30	3.00
SCO-PL	2025-02-26	St Johnstone	Ross County	2.36	1.65	2.48	3.30	2.30	1.62	2.45	3.10
SCO-PL	2025-03-01	Dundee	St Johnstone	2.00	1.93	2.38	3.27	1.98	1.88	2.30	3.10
SCO-PL	2025-03-01	Rangers	Motherwell	1.40	3.30	1.14	23.00	1.40	3.00	1.13	21.00
SCO-PL	2025-03-01	Ross County	Kilmarnock	2.35	1.66	3.22	2.48	2.30	1.62	3.10	2.45
SCO-PL	2025-03-01	St Mirren	Celtic	1.66	2.40	10.19	1.35	1.62	2.30	8.00	1.33
SCO-PL	2025-03-02	Aberdeen	Dundee United	2.00	1.94	2.12	3.77	1.98	1.88	1.96	3.60
SCO-PL	2025-03-02	Hibernian	Hearts	1.98	2.00	2.63	2.95	1.93	1.93	2.55	2.75
SCO-PL	2025-03-15	Hearts	Ross County	1.95	1.97	1.48	7.76	1.93	1.93	1.42	7.50
SCO-PL	2025-03-15	Kilmarnock	Hibernian	2.19	1.78	2.63	3.14	2.10	1.73	2.35	3.00
SCO-PL	2025-03-15	Motherwell	St Mirren	2.38	1.65	3.00	2.75	2.30	1.62	2.80	2.60
SCO-PL	2025-03-15	St Johnstone	Aberdeen	2.09	1.82	3.15	2.52	2.00	1.80	2.90	2.45
SCO-PL	2025-03-16	Celtic	Rangers	1.67	2.32	1.70	5.30	1.62	2.30	1.61	4.50
SCO-PL	2025-03-16	Dundee United	Dundee	1.95	2.04	1.89	4.25	1.88	1.98	1.80	4.20
SCO-PL	2025-03-29	Aberdeen	Motherwell	1.95	1.96	1.73	5.27	1.90	1.95	1.67	5.25
SCO-PL	2025-03-29	Celtic	Hearts	1.40	3.09	1.23	13.09	1.40	3.00	1.20	11.00
SCO-PL	2025-03-29	Dundee	Rangers	1.50	2.80	8.00	1.40	1.50	2.63	6.00	1.38
SCO-PL	2025-03-29	Hibernian	St Johnstone	2.19	1.85	1.65	6.25	2.10	1.73	1.62	5.50
SCO-PL	2025-03-29	St Mirren	Kilmarnock	2.25	1.73	2.40	3.30	2.10	1.73	2.30	3.10
SCO-PL	2025-03-30	Ross County	Dundee United	2.19	1.77	3.17	2.55	2.10	1.73	3.10	2.38
SCO-PL	2025-04-05	Dundee	St Mirren	1.95	2.00	2.81	2.64	1.88	1.98	2.70	2.50
SCO-PL	2025-04-05	Kilmarnock	Motherwell	2.08	1.88	1.80	4.90	1.98	1.88	1.75	4.50
SCO-PL	2025-04-05	Rangers	Hibernian	1.56	2.52	1.51	6.80	1.53	2.50	1.48	5.50
SCO-PL	2025-04-05	Ross County	Aberdeen	2.15	1.88	3.90	2.06	1.98	1.88	3.75	1.95
SCO-PL	2025-04-06	Hearts	Dundee United	2.08	1.95	1.79	5.30	1.93	1.93	1.67	4.75
SCO-PL	2025-04-06	St Johnstone	Celtic	1.54	2.77	20.50	1.17	1.50	2.63	17.00	1.17
SCO-PL	2025-04-12	Celtic	Kilmarnock	1.45	3.15	1.21	17.28	1.44	2.75	1.18	15.00
SCO-PL	2025-04-12	Dundee United	St Johnstone	2.19	1.77	1.88	4.60	2.10	1.73	1.83	4.20
SCO-PL	2025-04-12	Motherwell	Hearts	1.95	1.98	4.45	1.83	1.93	1.93	4.33	1.80
SCO-PL	2025-04-12	St Mirren	Ross County	2.19	1.87	1.62	6.63	2.10	1.73	1.53	6.25
SCO-PL	2025-04-13	Aberdeen	Rangers	1.62	2.50	2.65	2.79	1.57	2.38	2.38	2.70
SCO-PL	2025-04-13	Hibernian	Dundee	1.64	2.35	1.51	6.25	1.62	2.30	1.48	6.00
SCO-PL	2025-04-26	Aberdeen	Hibernian	1.95	1.99	2.50	2.96	1.90	1.95	2.35	2.90
SCO-PL	2025-04-26	Dundee United	Celtic	1.47	2.80	10.21	1.35	1.44	2.75	8.00	1.33
SCO-PL	2025-04-26	Hearts	Dundee	1.86	2.25	1.56	7.00	1.83	2.03	1.53	5.75
SCO-PL	2025-04-26	Kilmarnock	Ross County	2.35	1.68	1.83	5.22	2.20	1.67	1.75	4.75
SCO-PL	2025-04-26	Motherwell	St Johnstone	2.10	1.83	2.30	3.87	2.05	1.80	2.00	3.80
SCO-PL	2025-04-26	St Mirren	Rangers	1.74	2.38	4.40	1.88	1.67	2.20	3.60	1.85
SCO-PL	2025-05-03	Dundee	Motherwell	1.95	2.01	2.06	3.78	1.90	1.95	2.00	3.75
SCO-PL	2025-05-03	Hibernian	Dundee United	1.86	2.06	1.72	5.06	1.83	2.03	1.67	4.50
SCO-PL	2025-05-03	Ross County	Hearts	2.19	1.78	4.34	1.98	2.10	1.73	4.10	1.85
SCO-PL	2025-05-03	St Johnstone	Kilmarnock	2.19	1.78	3.10	2.45	2.10	1.73	2.90	2.40
SCO-PL	2025-05-03	St Mirren	Aberdeen	1.95	2.00	2.45	3.02	1.88	1.98	2.35	2.90
SCO-PL	2025-05-04	Rangers	Celtic	1.50	2.72	2.97	2.29	1.50	2.63	2.80	2.25
SCO-PL	2025-05-10	Celtic	Hibernian	1.45	2.90	1.34	10.25	1.44	2.75	1.30	8.50
SCO-PL	2025-05-10	Dundee United	St Mirren	2.10	1.89	2.45	3.01	2.10	1.73	2.35	2.88
SCO-PL	2025-05-10	Hearts	Motherwell	1.78	2.21	1.63	5.60	1.67	2.20	1.60	5.25
SCO-PL	2025-05-10	Kilmarnock	Dundee	1.86	2.05	1.95	4.15	1.80	2.00	1.91	4.00
SCO-PL	2025-05-10	St Johnstone	Ross County	2.08	1.85	2.07	3.94	2.03	1.83	2.00	3.75
SCO-PL	2025-05-11	Rangers	Aberdeen	1.51	2.65	1.49	6.43	1.50	2.63	1.45	6.00
SCO-PL	2025-05-14	Aberdeen	Celtic	1.65	2.37	3.70	2.07	1.62	2.30	3.70	1.95
SCO-PL	2025-05-14	Dundee	Ross County	1.80	2.10	1.97	3.90	1.73	2.10	1.95	3.70
SCO-PL	2025-05-14	Hearts	St Johnstone	1.95	1.98	1.68	7.50	1.88	1.98	1.65	5.25
SCO-PL	2025-05-14	Motherwell	Kilmarnock	2.19	1.83	2.75	2.81	2.10	1.73	2.75	2.80
SCO-PL	2025-05-14	Rangers	Dundee United	1.35	3.40	1.30	11.00	1.33	3.40	1.25	10.00
SCO-PL	2025-05-14	St Mirren	Hibernian	1.97	1.93	2.70	2.85	1.93	1.93	2.55	2.70
SCO-PL	2025-05-17	Celtic	St Mirren	1.37	3.40	1.25	12.00	1.36	3.20	1.25	9.50
SCO-PL	2025-05-17	Dundee United	Aberdeen	1.81	2.10	2.65	2.64	1.73	2.10	2.55	2.60
SCO-PL	2025-05-17	Hibernian	Rangers	1.40	3.00	3.64	1.97	1.40	3.00	3.40	1.90
SCO-PL	2025-05-18	Kilmarnock	Hearts	1.86	2.03	2.45	2.93	1.80	2.00	2.35	2.90
SCO-PL	2025-05-18	Ross County	Motherwell	1.86	2.03	1.86	4.20	1.83	2.03	1.80	4.00
SCO-PL	2025-05-18	St Johnstone	Dundee	1.79	2.10	3.50	2.08	1.73	2.10	3.40	2.05
SCO-PL	2025-08-02	Kilmarnock	Livingston	2.03	1.83	2.38	3.30	2.03	1.83	2.30	3.00
SCO-PL	2025-08-02	Motherwell	Rangers	1.62	2.38	6.33	1.55	1.57	2.38	5.75	1.50
SCO-PL	2025-08-03	Celtic	St Mirren	1.33	3.50	1.13	23.00	1.30	3.50	1.13	21.00
SCO-PL	2025-08-03	Dundee	Hibernian	1.88	2.03	4.20	1.91	1.83	2.03	4.10	1.85
SCO-PL	2025-08-03	Falkirk	Dundee United	1.93	1.93	1.87	4.60	1.93	1.93	1.75	4.33
SCO-PL	2025-08-04	Hearts	Aberdeen	2.00	1.85	1.85	5.10	1.92	1.82	1.71	4.75
SCO-PL	2025-08-09	Livingston	Falkirk	2.00	2.00	2.60	2.75	1.85	2.00	2.50	2.60
SCO-PL	2025-08-09	Rangers	Dundee	1.35	3.50	1.13	21.00	1.33	3.40	1.13	21.00
SCO-PL	2025-08-09	St Mirren	Motherwell	2.00	1.95	2.01	3.80	1.90	1.95	1.91	3.80
SCO-PL	2025-08-10	Aberdeen	Celtic	1.44	3.00	9.00	1.33	1.40	3.00	8.00	1.30
SCO-PL	2025-08-10	Dundee United	Hearts	2.03	1.92	4.50	1.85	2.03	1.83	4.33	1.85
SCO-PL	2025-08-10	Hibernian	Kilmarnock	1.91	2.06	1.52	7.00	1.88	1.98	1.48	6.25
SCO-PL	2025-08-23	Celtic	Livingston	1.50	2.80	1.25	14.00	1.44	2.75	1.22	13.00
SCO-PL	2025-08-23	Hearts	Motherwell	1.93	1.94	1.70	5.25	1.93	1.93	1.67	5.00
SCO-PL	2025-08-23	Kilmarnock	Dundee	2.03	1.83	1.95	4.20	2.03	1.83	1.90	4.20
SCO-PL	2025-08-24	St Mirren	Rangers	1.73	2.30	3.75	2.00	1.73	2.10	3.50	1.95
SCO-PL	2025-08-30	Livingston	Hearts	2.03	1.85	3.90	2.05	2.03	1.83	3.60	2.01
SCO-PL	2025-08-30	Motherwell	Kilmarnock	2.00	1.88	1.96	4.20	1.98	1.88	1.82	3.90
SCO-PL	2025-08-31	Aberdeen	Falkirk	1.84	2.03	2.30	3.30	1.83	2.03	2.15	3.10
SCO-PL	2025-08-31	Dundee	Dundee United	2.10	1.80	3.00	2.60	1.96	1.76	3.00	2.25
SCO-PL	2025-08-31	Hibernian	St Mirren	1.98	1.91	2.00	4.00	1.98	1.88	1.91	3.90
SCO-PL	2025-08-31	Rangers	Celtic	1.57	2.48	4.50	1.83	1.57	2.38	4.50	1.62
SCO-PL	2025-09-13	Aberdeen	Livingston	1.91	1.98	1.87	4.50	1.88	1.98	1.71	4.20
SCO-PL	2025-09-13	Dundee	Motherwell	1.93	1.93	3.60	2.25	1.93	1.93	3.10	2.15
SCO-PL	2025-09-13	Falkirk	St Mirren	1.91	2.00	2.30	3.20	1.85	2.00	2.20	3.00
SCO-PL	2025-09-13	Hibernian	Dundee United	1.80	2.08	1.73	5.00	1.80	2.00	1.68	4.50
SCO-PL	2025-09-13	Rangers	Hearts	1.62	2.35	1.83	4.40	1.62	2.30	1.79	3.80
SCO-PL	2025-09-14	Kilmarnock	Celtic	1.57	2.50	12.00	1.29	1.57	2.38	10.00	1.24
SCO-PL	2025-09-20	Dundee	Livingston	2.10	1.80	3.10	2.50	2.10	1.73	3.00	2.30
SCO-PL	2025-09-23	Dundee United	Aberdeen	2.05	1.80	2.60	3.00	2.05	1.80	2.30	2.85
SCO-PL	2025-09-23	Falkirk	Hibernian	1.80	2.10	3.00	2.38	1.73	2.10	2.85	2.25
SCO-PL	2025-09-27	Celtic	Hibernian	1.44	2.80	1.35	8.50	1.44	2.75	1.33	8.00
SCO-PL	2025-09-27	Dundee United	Kilmarnock	1.90	2.05	1.86	4.20	1.83	2.03	1.81	3.80
SCO-PL	2025-09-27	Hearts	Falkirk	1.67	2.25	1.53	6.50	1.67	2.20	1.46	5.50
SCO-PL	2025-09-27	Motherwell	Aberdeen	1.73	2.10	2.10	3.45	1.73	2.10	2.01	3.30
SCO-PL	2025-09-27	St Mirren	Dundee	1.83	2.08	1.61	6.00	1.83	2.03	1.51	5.50
SCO-PL	2025-09-28	Livingston	Rangers	1.67	2.20	6.00	1.55	1.67	2.20	6.00	1.46
SCO-PL	2025-10-04	Dundee United	Livingston	1.85	2.00	1.80	4.50	1.85	2.00	1.71	4.33
SCO-PL	2025-10-04	Hearts	Hibernian	1.83	2.03	1.85	4.20	1.83	2.03	1.76	4.10
SCO-PL	2025-10-04	Kilmarnock	St Mirren	2.03	1.83	2.80	2.63	2.03	1.83	2.70	2.57
SCO-PL	2025-10-05	Aberdeen	Dundee	1.90	2.00	1.61	6.00	1.90	1.95	1.46	6.00
SCO-PL	2025-10-05	Celtic	Motherwell	1.40	3.20	1.21	13.00	1.36	3.20	1.17	9.50
SCO-PL	2025-10-05	Falkirk	Rangers	1.62	2.33	5.25	1.70	1.62	2.30	5.00	1.57
SCO-PL	2025-10-18	Hibernian	Livingston	1.75	2.10	1.55	6.00	1.73	2.10	1.49	5.75
SCO-PL	2025-10-18	Kilmarnock	Hearts	2.03	1.91	4.75	1.85	2.03	1.83	4.50	1.71
SCO-PL	2025-10-18	Motherwell	Falkirk	1.71	2.20	1.91	4.10	1.67	2.20	1.76	4.10
SCO-PL	2025-10-18	Rangers	Dundee United	1.55	2.50	1.43	7.50	1.53	2.50	1.39	5.25
SCO-PL	2025-10-18	St Mirren	Aberdeen	2.10	1.81	2.45	3.10	2.10	1.73	2.30	2.95
SCO-PL	2025-10-19	Dundee	Celtic	1.42	3.00	15.00	1.20	1.40	3.00	12.00	1.15
SCO-PL	2025-10-25	Dundee United	St Mirren	1.93	1.93	2.38	3.10	1.93	1.93	2.20	2.95
SCO-PL	2025-10-25	Falkirk	Dundee	1.80	2.00	1.91	4.10	1.80	2.00	1.81	3.80
SCO-PL	2025-10-25	Livingston	Motherwell	1.83	2.03	3.35	2.30	1.83	2.03	2.95	2.15
SCO-PL	2025-10-26	Aberdeen	Hibernian	1.91	2.00	2.80	2.60	1.85	2.00	2.55	2.50
SCO-PL	2025-10-26	Hearts	Celtic	1.73	2.15	3.14	2.24	1.73	2.10	3.05	2.10
SCO-PL	2025-10-26	Rangers	Kilmarnock	1.58	2.50	1.33	10.00	1.53	2.50	1.30	8.00
SCO-PL	2025-10-29	Celtic	Falkirk	1.33	3.50	1.21	16.50	1.30	3.50	1.13	12.00
SCO-PL	2025-10-29	Hibernian	Rangers	1.73	2.16	2.88	2.60	1.73	2.10	2.65	2.45
SCO-PL	2025-10-29	Kilmarnock	Aberdeen	2.00	1.85	2.80	2.63	2.00	1.85	2.57	2.50
SCO-PL	2025-10-29	Motherwell	Dundee United	1.67	2.30	2.08	3.50	1.62	2.30	1.96	3.25
SCO-PL	2025-10-29	St Mirren	Hearts	1.93	1.98	3.90	2.00	1.88	1.98	3.70	1.91
SCO-PL	2025-11-01	Falkirk	Kilmarnock	1.85	2.00	2.16	3.70	1.85	2.00	2.01	3.30
SCO-PL	2025-11-01	Hearts	Dundee	1.62	2.30	1.26	13.00	1.62	2.30	1.22	12.00
SCO-PL	2025-11-01	Livingston	Hibernian	1.84	2.03	3.80	2.12	1.83	2.03	3.80	1.86
SCO-PL	2025-11-08	Falkirk	Livingston	1.80	2.00	2.05	3.80	1.80	2.00	1.96	3.70
SCO-PL	2025-11-08	St Mirren	Hibernian	1.95	1.91	2.75	2.63	1.95	1.90	2.65	2.57
SCO-PL	2025-11-09	Aberdeen	Motherwell	1.80	2.00	2.45	3.00	1.80	2.00	2.35	2.57
SCO-PL	2025-11-09	Celtic	Kilmarnock	1.41	3.15	1.15	19.50	1.40	3.00	1.11	17.00
SCO-PL	2025-11-09	Dundee	Rangers	1.67	2.25	7.50	1.44	1.67	2.20	7.00	1.41
SCO-PL	2025-11-09	Hearts	Dundee United	1.53	2.63	1.36	8.50	1.50	2.63	1.30	8.00
SCO-PL	2025-11-22	Dundee United	Falkirk	1.76	2.10	2.05	3.70	1.73	2.10	1.91	3.70
SCO-PL	2025-11-22	Hibernian	Dundee	1.73	2.20	1.38	9.00	1.73	2.10	1.37	8.00
SCO-PL	2025-11-22	Kilmarnock	Motherwell	1.95	1.91	3.50	2.20	1.95	1.90	3.50	2.01
SCO-PL	2025-11-22	Rangers	Livingston	1.55	2.63	1.30	11.00	1.50	2.63	1.30	8.00
SCO-PL	2025-11-22	St Mirren	Celtic	1.57	2.45	7.10	1.44	1.57	2.38	6.25	1.42
SCO-PL	2025-11-23	Aberdeen	Hearts	1.95	1.91	3.90	2.05	1.95	1.90	3.60	2.01
SCO-PL	2025-11-25	Motherwell	Hibernian	1.88	2.00	3.20	2.37	1.88	1.98	3.05	2.15
SCO-PL	2025-11-29	Dundee	St Mirren	2.02	1.85	3.55	2.20	2.00	1.85	3.50	2.05
SCO-PL	2025-11-29	Kilmarnock	Dundee United	2.10	1.80	2.55	3.05	2.00	1.80	2.32	2.82
SCO-PL	2025-11-29	Motherwell	Hearts	2.10	1.88	3.40	2.25	2.10	1.73	3.40	2.20
SCO-PL	2025-11-30	Hibernian	Celtic	1.67	2.20	4.40	1.83	1.67	2.20	3.75	1.76
SCO-PL	2025-11-30	Livingston	Aberdeen	2.00	1.88	2.65	2.78	1.98	1.88	2.55	2.70
SCO-PL	2025-11-30	Rangers	Falkirk	1.67	2.25	1.53	6.10	1.67	2.20	1.46	5.50
SCO-PL	2025-12-03	Aberdeen	St Mirren	2.10	1.73	2.30	3.30	2.10	1.73	2.20	3.25
SCO-PL	2025-12-03	Celtic	Dundee	1.33	3.40	1.13	20.00	1.33	3.40	1.10	15.00
SCO-PL	2025-12-03	Dundee United	Rangers	1.91	1.98	3.70	2.05	1.88	1.98	3.60	1.91
SCO-PL	2025-12-03	Falkirk	Motherwell	1.93	1.93	3.40	2.26	1.93	1.93	3.30	2.15
SCO-PL	2025-12-03	Hearts	Kilmarnock	1.73	2.10	1.34	12.50	1.73	2.10	1.24	11.00
SCO-PL	2025-12-06	Dundee	Aberdeen	2.10	1.80	3.60	2.20	2.00	1.80	3.40	2.10
SCO-PL	2025-12-06	Hibernian	Falkirk	1.80	2.10	1.73	5.00	1.80	2.00	1.66	5.00
SCO-PL	2025-12-06	Kilmarnock	Rangers	1.78	2.10	4.90	1.75	1.73	2.10	4.33	1.68
SCO-PL	2025-12-06	Motherwell	Livingston	1.80	2.00	1.73	4.90	1.80	2.00	1.68	4.50
SCO-PL	2025-12-06	St Mirren	Dundee United	1.91	2.00	1.89	4.33	1.80	2.00	1.76	4.20
SCO-PL	2025-12-07	Celtic	Hearts	1.67	2.25	1.60	5.80	1.67	2.20	1.53	5.75
SCO-PL	2025-12-13	Dundee United	Motherwell	1.91	2.00	3.10	2.38	1.85	2.00	2.95	2.15
SCO-PL	2025-12-13	Falkirk	Hearts	1.91	2.00	4.50	1.85	1.80	2.00	4.50	1.71
SCO-PL	2025-12-13	Livingston	Dundee	1.98	1.91	1.85	4.40	1.98	1.88	1.76	4.33
SCO-PL	2025-12-14	Aberdeen	Kilmarnock	1.98	1.91	1.80	5.40	1.98	1.88	1.61	5.25
SCO-PL	2025-12-15	Rangers	Hibernian	1.95	1.98	2.10	3.60	1.95	1.90	2.01	3.40
SCO-PL	2025-12-17	Dundee United	Celtic	1.56	2.50	6.33	1.53	1.53	2.50	6.25	1.45
SCO-PL	2025-12-20	Dundee United	Hibernian	1.80	2.10	3.25	2.22	1.73	2.10	3.05	2.15
SCO-PL	2025-12-20	Kilmarnock	Falkirk	2.10	1.80	2.55	2.92	2.10	1.73	2.35	2.85
SCO-PL	2025-12-20	Motherwell	Dundee	1.80	2.10	1.38	11.00	1.73	2.10	1.30	8.00
SCO-PL	2025-12-20	St Mirren	Livingston	2.00	1.83	1.94	4.50	2.00	1.80	1.81	4.50
SCO-PL	2025-12-21	Celtic	Aberdeen	1.50	2.75	1.38	8.00	1.44	2.75	1.33	6.50
SCO-PL	2025-12-21	Hearts	Rangers	2.03	1.83	2.15	3.55	2.03	1.83	2.05	3.50
SCO-PL	2025-12-27	Aberdeen	Dundee United	1.85	2.10	1.85	4.75	1.73	2.10	1.76	4.10
SCO-PL	2025-12-27	Dundee	Falkirk	2.30	1.66	3.60	2.25	2.30	1.62	3.60	2.15
SCO-PL	2025-12-27	Hibernian	Hearts	2.10	1.86	3.00	2.50	2.10	1.73	2.85	2.45
SCO-PL	2025-12-27	Livingston	Celtic	1.55	2.50	7.70	1.42	1.53	2.50	7.00	1.35
SCO-PL	2025-12-27	Rangers	Motherwell	1.93	1.93	1.84	4.60	1.93	1.93	1.71	4.33
SCO-PL	2025-12-27	St Mirren	Kilmarnock	2.10	1.80	1.66	5.80	2.00	1.80	1.61	5.50
SCO-PL	2025-12-30	Dundee	Kilmarnock	2.38	1.80	2.92	2.65	2.38	1.57	2.85	2.55
SCO-PL	2025-12-30	Hibernian	Aberdeen	1.86	2.00	1.90	4.20	1.80	2.00	1.79	4.10
SCO-PL	2025-12-30	Livingston	Dundee United	2.00	1.81	2.38	3.25	2.00	1.80	2.20	3.20
SCO-PL	2025-12-30	Motherwell	Celtic	1.70	2.45	5.25	1.67	1.67	2.20	5.00	1.56
SCO-PL	2025-12-30	Rangers	St Mirren	1.82	2.10	1.60	5.80	1.73	2.10	1.53	5.25
SCO-PL	2026-01-03	Celtic	Rangers	1.65	2.30	1.73	4.60	1.62	2.30	1.66	4.33
SCO-PL	2026-01-03	Dundee United	Dundee	1.91	1.95	1.70	5.10	1.90	1.95	1.62	4.50
SCO-PL	2026-01-03	Falkirk	Aberdeen	1.93	1.93	2.25	3.20	1.93	1.93	2.15	3.20
SCO-PL	2026-01-03	Hearts	Livingston	1.67	2.25	1.26	14.50	1.67	2.20	1.22	11.00
SCO-PL	2026-01-03	Kilmarnock	Hibernian	2.00	1.91	4.20	1.95	2.00	1.85	4.10	1.81
SCO-PL	2026-01-03	Motherwell	St Mirren	2.30	1.80	1.96	4.33	2.05	1.80	1.86	4.20
SCO-PL	2026-01-06	Rangers	Aberdeen	1.60	2.38	1.37	9.50	1.57	2.38	1.30	9.50
SCO-PL	2026-01-10	Celtic	Dundee United	1.40	3.10	1.25	13.50	1.40	3.00	1.19	12.00
SCO-PL	2026-01-10	Hibernian	Motherwell	2.00	1.80	2.10	3.80	2.00	1.80	1.96	3.75
SCO-PL	2026-01-10	Livingston	Kilmarnock	2.20	1.73	2.30	3.40	2.20	1.67	2.15	3.30
SCO-PL	2026-01-10	St Mirren	Falkirk	2.20	1.73	2.20	3.60	2.20	1.67	2.05	3.60
SCO-PL	2026-01-11	Aberdeen	Rangers	1.79	2.10	4.35	1.85	1.73	2.10	4.33	1.76
SCO-PL	2026-01-11	Dundee	Hearts	1.85	2.00	6.75	1.55	1.80	2.00	6.25	1.51
SCO-PL	2026-01-14	Falkirk	Celtic	1.67	2.25	6.75	1.50	1.67	2.20	6.00	1.45
SCO-PL	2026-01-14	Hearts	St Mirren	1.84	2.00	1.48	7.25	1.80	2.00	1.41	7.00
SCO-PL	2026-01-20	Livingston	St Mirren	2.00	1.80	3.00	2.57	2.00	1.80	3.00	2.35
SCO-PL	2026-01-24	Aberdeen	Livingston	1.83	2.03	1.80	4.80	1.83	2.03	1.76	4.10
SCO-PL	2026-01-24	Falkirk	Hibernian	2.10	1.78	2.75	2.66	2.10	1.73	2.70	2.57
SCO-PL	2026-01-24	Motherwell	Kilmarnock	2.00	1.91	1.53	7.00	2.00	1.85	1.45	7.00
SCO-PL	2026-01-25	Hearts	Celtic	1.91	2.06	3.25	2.25	1.91	1.91	3.25	2.10
SCO-PL	2026-01-25	Rangers	Dundee	1.57	2.38	1.30	11.50	1.57	2.38	1.27	9.50
SCO-PL	2026-01-31	Dundee United	Hearts	1.91	1.95	5.00	1.80	1.90	1.95	4.75	1.68
SCO-PL	2026-01-31	Kilmarnock	Aberdeen	1.92	2.00	3.10	2.38	1.80	2.00	3.00	2.32
SCO-PL	2026-01-31	Livingston	Motherwell	1.85	2.00	4.20	1.94	1.80	2.00	4.10	1.81
SCO-PL	2026-01-31	St Mirren	Dundee	2.10	1.75	1.85	4.75	2.10	1.73	1.81	4.50
SCO-PL	2026-02-01	Celtic	Falkirk	1.57	2.40	1.41	8.50	1.57	2.38	1.37	7.00
SCO-PL	2026-02-01	Hibernian	Rangers	1.93	2.05	3.90	2.05	1.93	1.93	3.90	1.86
SCO-PL	2026-02-03	St Mirren	Hearts	2.38	1.62	4.33	2.00	2.38	1.57	4.10	1.91
SCO-PL	2026-02-04	Hibernian	Dundee United	1.85	2.00	1.60	6.00	1.80	2.00	1.51	5.75
SCO-PL	2026-02-04	Livingston	Falkirk	1.98	1.91	4.10	1.96	1.98	1.88	3.90	1.86
SCO-PL	2026-02-04	Rangers	Kilmarnock	1.57	2.38	1.26	12.00	1.57	2.38	1.22	12.00
SCO-PL	2026-02-10	Hearts	Hibernian	1.95	1.93	1.80	4.75	1.93	1.93	1.68	4.75
SCO-PL	2026-02-11	Celtic	Livingston	1.32	3.50	1.12	22.00	1.30	3.50	1.08	15.00
SCO-PL	2026-02-11	Falkirk	Dundee	2.05	1.81	1.90	4.60	2.05	1.80	1.79	4.33
SCO-PL	2026-02-11	Kilmarnock	St Mirren	2.10	1.80	3.13	2.43	2.00	1.80	3.10	2.20
SCO-PL	2026-02-11	Motherwell	Rangers	1.91	2.00	3.05	2.45	1.80	2.00	2.70	2.35
SCO-PL	2026-02-14	Dundee	Livingston	1.91	1.91	1.85	4.50	1.91	1.91	1.71	4.33
SCO-PL	2026-02-14	Falkirk	Dundee United	1.91	1.98	1.83	4.60	1.91	1.91	1.68	4.50
SCO-PL	2026-02-14	Hibernian	St Mirren	1.93	1.94	1.95	4.00	1.91	1.91	1.86	3.90
SCO-PL	2026-02-15	Kilmarnock	Celtic	1.50	2.63	8.10	1.40	1.50	2.63	7.00	1.33
SCO-PL	2026-02-15	Motherwell	Aberdeen	1.73	2.20	1.60	5.70	1.67	2.20	1.53	5.50
SCO-PL	2026-02-15	Rangers	Hearts	1.93	1.93	1.90	4.00	1.93	1.93	1.81	3.90
SCO-PL	2026-02-21	Aberdeen	Dundee	1.93	1.95	2.00	4.00	1.90	1.95	1.91	3.80
SCO-PL	2026-02-21	Dundee United	Kilmarnock	1.80	2.10	2.00	3.90	1.73	2.10	1.86	3.90
SCO-PL	2026-02-21	Hearts	Falkirk	2.03	1.91	1.80	5.25	2.03	1.83	1.76	4.75
SCO-PL	2026-02-21	St Mirren	Motherwell	2.10	1.79	3.40	2.38	2.10	1.73	3.40	2.20
SCO-PL	2026-02-22	Celtic	Hibernian	1.62	2.48	1.48	7.10	1.62	2.30	1.42	6.50
SCO-PL	2026-02-22	Livingston	Rangers	1.57	2.50	10.00	1.34	1.53	2.50	9.00	1.27
SCO-PL	2026-02-24	Dundee United	Aberdeen	1.91	1.97	2.20	3.60	1.90	1.95	2.01	3.60
SCO-PL	2026-02-28	Dundee	Hibernian	1.93	1.93	3.30	2.25	1.93	1.93	3.20	2.10
SCO-PL	2026-02-28	Falkirk	Kilmarnock	1.81	2.10	1.70	5.25	1.80	2.00	1.57	4.75
SCO-PL	2026-02-28	Hearts	Aberdeen	1.80	2.10	1.46	8.00	1.73	2.10	1.45	7.50
SCO-PL	2026-02-28	Livingston	St Mirren	1.91	1.98	3.60	2.18	1.88	1.98	3.60	1.96
SCO-PL	2026-02-28	Motherwell	Dundee United	1.73	2.30	1.40	10.25	1.62	2.30	1.30	9.00
SCO-PL	2026-03-01	Rangers	Celtic	1.67	2.38	2.15	3.20	1.62	2.30	2.05	3.10
SCO-PL	2026-03-03	Dundee United	St Mirren	2.20	1.73	2.60	3.00	2.20	1.67	2.45	2.75
SCO-PL	2026-03-04	Aberdeen	Celtic	1.57	2.50	5.40	1.65	1.57	2.38	5.00	1.57
SCO-PL	2026-03-07	Dundee	Motherwell	1.92	2.00	4.33	1.88	1.91	1.91	4.20	1.76
SCO-PL	2026-03-14	Aberdeen	Falkirk	2.00	1.83	2.96	2.50	2.00	1.80	2.85	2.30
SCO-PL	2026-03-14	Celtic	Motherwell	1.62	2.45	1.68	4.70	1.57	2.38	1.66	4.50
SCO-PL	2026-03-14	Hibernian	Livingston	1.73	2.28	1.40	7.70	1.73	2.10	1.37	7.50
SCO-PL	2026-03-14	Kilmarnock	Hearts	1.75	2.15	4.80	1.75	1.73	2.10	4.50	1.68
SCO-PL	2026-03-15	Dundee	Dundee United	2.10	1.80	2.50	3.10	2.10	1.73	2.45	2.75
SCO-PL	2026-03-15	St Mirren	Rangers	1.69	2.20	6.50	1.50	1.67	2.20	6.50	1.42
SCO-PL	2026-03-21	Falkirk	St Mirren	1.93	1.91	1.80	4.75	1.91	1.91	1.71	4.75
SCO-PL	2026-03-21	Hearts	Dundee	1.73	2.10	1.40	8.00	1.73	2.10	1.35	7.00
SCO-PL	2026-03-21	Kilmarnock	Livingston	1.80	2.10	1.87	4.33	1.73	2.10	1.76	4.20
SCO-PL	2026-03-21	Motherwell	Hibernian	1.91	2.04	2.00	3.85	1.91	1.91	1.86	3.80
SCO-PL	2026-03-21	Rangers	Aberdeen	1.50	2.63	1.22	17.50	1.50	2.63	1.15	13.00
SCO-PL	2026-03-22	Dundee United	Celtic	1.53	2.63	5.60	1.56	1.53	2.50	5.00	1.51
SCO-PL	2026-04-04	Hibernian	Kilmarnock	1.75	2.20	1.60	7.00	1.73	2.10	1.53	6.00
SCO-PL	2026-04-04	Motherwell	Falkirk	1.91	1.98	2.00	4.20	1.88	1.98	1.96	3.70
SCO-PL	2026-04-04	Rangers	Dundee United	1.53	2.60	1.35	10.50	1.53	2.50	1.30	8.00
SCO-PL	2026-04-04	St Mirren	Aberdeen	1.98	1.91	2.02	3.90	1.98	1.88	1.86	3.90
SCO-PL	2026-04-05	Dundee	Celtic	1.58	2.50	6.10	1.55	1.57	2.38	5.75	1.49
SCO-PL	2026-04-05	Livingston	Hearts	1.73	2.20	7.50	1.50	1.73	2.10	6.50	1.45
SCO-PL	2026-04-11	Aberdeen	Hibernian	1.91	1.92	3.40	2.25	1.91	1.91	3.20	2.15
SCO-PL	2026-04-11	Celtic	St Mirren	1.50	2.88	1.29	10.25	1.50	2.63	1.25	9.00
SCO-PL	2026-04-11	Dundee United	Livingston	1.73	2.20	1.67	5.00	1.67	2.20	1.62	5.00
SCO-PL	2026-04-11	Hearts	Motherwell	1.91	1.97	2.00	4.10	1.91	1.91	1.91	4.10
SCO-PL	2026-04-11	Kilmarnock	Dundee	2.00	2.00	2.22	3.30	1.80	2.00	2.15	3.25
SCO-PL	2026-04-12	Falkirk	Rangers	1.80	2.07	4.20	1.95	1.80	2.00	4.10	1.86
SCO-PL	2026-04-25	Aberdeen	Kilmarnock	1.88	2.05	2.02	4.00	1.88	1.98	1.86	3.90
SCO-PL	2026-04-25	Celtic	Falkirk	1.40	3.00	1.28	10.00	1.40	3.00	1.25	9.00
SCO-PL	2026-04-25	St Mirren	Livingston	1.85	2.10	1.67	5.00	1.85	2.00	1.62	5.00
SCO-PL	2026-04-26	Dundee United	Dundee	1.91	2.02	2.15	3.50	1.88	1.98	2.05	3.30
SCO-PL	2026-04-26	Hibernian	Hearts	2.00	1.85	2.80	2.60	2.00	1.85	2.65	2.57
SCO-PL	2026-04-26	Rangers	Motherwell	1.64	2.40	1.67	5.60	1.62	2.30	1.62	4.75
SCO-PL	2026-05-01	Livingston	Aberdeen	1.91	2.00	3.00	2.50	1.91	1.91	2.65	2.40
SCO-PL	2026-05-02	Dundee	St Mirren	2.00	1.91	2.40	3.25	1.91	1.91	2.20	3.25
SCO-PL	2026-05-02	Falkirk	Motherwell	1.73	2.10	2.90	2.45	1.73	2.10	2.82	2.30
SCO-PL	2026-05-02	Kilmarnock	Dundee United	1.73	2.20	2.30	3.20	1.73	2.10	2.10	3.10
SCO-PL	2026-05-03	Hibernian	Celtic	1.53	2.60	5.75	1.58	1.53	2.50	5.25	1.46
SCO-PL	2026-05-04	Hearts	Rangers	1.73	2.20	3.05	2.45	1.73	2.10	2.82	2.25
SCO-PL	2026-05-09	Aberdeen	Dundee United	1.91	2.05	2.16	3.40	1.88	1.98	2.05	3.40
SCO-PL	2026-05-09	Dundee	Livingston	1.80	2.10	1.81	4.45	1.73	2.10	1.76	4.00
SCO-PL	2026-05-09	Falkirk	Hibernian	1.83	2.03	2.20	3.60	1.83	2.03	2.01	3.40
SCO-PL	2026-05-09	Motherwell	Hearts	1.98	1.93	3.00	2.50	1.98	1.88	2.85	2.30
SCO-PL	2026-05-09	St Mirren	Kilmarnock	2.00	1.85	2.08	3.80	2.00	1.85	1.91	3.80
SCO-PL	2026-05-10	Celtic	Rangers	1.53	2.63	1.89	4.00	1.53	2.50	1.76	4.00
SCO-PL	2026-05-12	Aberdeen	St Mirren	1.95	1.91	2.26	3.20	1.91	1.91	2.15	3.20
SCO-PL	2026-05-12	Dundee United	Livingston	1.61	2.38	1.73	4.70	1.57	2.38	1.66	4.50
SCO-PL	2026-05-12	Kilmarnock	Dundee	1.66	2.30	1.60	5.50	1.62	2.30	1.51	5.25
SCO-PL	2026-05-13	Hearts	Falkirk	1.67	2.30	1.44	8.00	1.67	2.20	1.39	7.00
SCO-PL	2026-05-13	Motherwell	Celtic	1.53	2.70	5.00	1.67	1.50	2.63	4.75	1.57
SCO-PL	2026-05-13	Rangers	Hibernian	1.67	2.40	1.57	6.00	1.67	2.20	1.49	5.50
SCO-PL	2026-05-16	Celtic	Hearts	2.30	2.60	1.62	251.00	1.57	2.38	1.57	5.00
SCO-PL	2026-05-16	Falkirk	Rangers	1.55	2.75	5.00	1.73	1.50	2.63	4.50	1.57
SCO-PL	2026-05-16	Hibernian	Motherwell	1.73	2.25	2.15	3.40	1.73	2.10	2.05	3.25
SCO-PL	2026-05-17	Dundee	Aberdeen	1.73	2.30	2.75	2.90	1.73	2.10	2.75	2.75
SCO-PL	2026-05-17	Livingston	Kilmarnock	1.64	2.30	2.85	2.60	1.62	2.30	2.50	2.50
SCO-PL	2026-05-17	St Mirren	Dundee United	1.73	2.14	2.38	3.00	1.73	2.10	2.20	3.00
TUR-SL	2024-08-09	Galatasaray	Hatayspor	1.43	2.96	1.24	13.50	1.40	2.88	1.22	10.00
TUR-SL	2024-08-10	Antalyaspor	Goztep	2.21	2.06	2.47	3.26	2.05	1.80	2.30	3.10
TUR-SL	2024-08-10	Fenerbahce	Ad. Demirspor	1.26	4.30	1.16	18.00	1.25	4.00	1.14	15.00
TUR-SL	2024-08-10	Kasimpasa	Konyaspor	1.97	1.98	2.12	3.92	1.93	1.93	2.00	3.60
TUR-SL	2024-08-11	Alanyaspor	Eyupspor	2.06	2.07	2.38	3.70	1.93	1.93	2.30	3.10
TUR-SL	2024-08-11	Samsunspor	Besiktas	2.22	1.76	4.43	2.07	2.10	1.70	4.00	1.95
TUR-SL	2024-08-11	Sivasspor	Trabzonspor	2.04	1.92	2.81	2.78	2.03	1.83	2.63	2.60
TUR-SL	2024-08-12	Bodrumspor	Gaziantep	2.55	1.66	2.16	4.12	2.50	1.50	2.05	3.75
TUR-SL	2024-08-12	Rizespor	Buyuksehyr	2.17	1.87	2.82	2.90	2.10	1.70	2.55	2.80
TUR-SL	2024-08-16	Konyaspor	Galatasaray	1.68	2.33	4.70	1.73	1.65	2.20	4.20	1.70
TUR-SL	2024-08-17	Ad. Demirspor	Rizespor	1.97	2.23	3.30	2.40	1.83	2.03	3.10	2.30
TUR-SL	2024-08-17	Goztep	Fenerbahce	2.08	1.89	5.16	1.78	2.00	1.85	4.75	1.73
TUR-SL	2024-08-17	Kayserispor	Sivasspor	1.97	2.01	2.42	3.40	1.88	1.98	2.30	3.10
TUR-SL	2024-08-18	Besiktas	Antalyaspor	1.71	2.25	1.41	8.70	1.67	2.15	1.36	7.50
TUR-SL	2024-08-18	Buyuksehyr	Alanyaspor	2.13	1.83	2.13	3.74	2.08	1.73	2.10	3.50
TUR-SL	2024-08-18	Gaziantep	Samsunspor	2.34	1.72	3.22	2.54	2.15	1.67	3.10	2.35
TUR-SL	2024-08-19	Eyupspor	Bodrumspor	2.38	1.68	2.29	3.90	2.25	1.62	2.25	3.40
TUR-SL	2024-08-19	Hatayspor	Kasimpasa	2.19	1.87	2.61	2.94	2.08	1.73	2.55	2.80
TUR-SL	2024-08-23	Alanyaspor	Goztep	2.29	1.74	2.33	3.60	2.15	1.67	2.25	3.30
TUR-SL	2024-08-24	Bodrumspor	Konyaspor	2.65	1.57	2.59	3.32	2.60	1.48	2.45	3.20
TUR-SL	2024-08-24	Sivasspor	Eyupspor	2.06	1.92	2.69	2.96	1.98	1.88	2.50	2.80
TUR-SL	2024-08-25	Antalyaspor	Hatayspor	2.22	1.79	2.59	3.08	2.10	1.70	2.50	2.90
TUR-SL	2024-08-25	Kasimpasa	Ad. Demirspor	1.60	2.53	1.60	5.81	1.53	2.40	1.55	5.25
TUR-SL	2024-08-25	Rizespor	Fenerbahce	1.74	2.25	5.09	1.76	1.67	2.15	4.75	1.70
TUR-SL	2024-08-30	Fenerbahce	Alanyaspor	1.53	2.67	1.34	11.00	1.50	2.50	1.30	9.50
TUR-SL	2024-08-31	Ad. Demirspor	Galatasaray	1.37	3.40	8.60	1.39	1.36	3.10	6.50	1.36
TUR-SL	2024-08-31	Goztep	Bodrumspor	2.81	1.57	2.40	4.00	2.70	1.44	2.30	3.30
TUR-SL	2024-08-31	Konyaspor	Kayserispor	2.06	1.90	2.10	4.10	1.98	1.88	2.00	3.80
TUR-SL	2024-08-31	Rizespor	Kasimpasa	1.75	2.33	2.05	3.82	1.67	2.15	1.95	3.60
TUR-SL	2024-09-01	Besiktas	Sivasspor	1.60	2.55	1.38	10.60	1.53	2.40	1.30	9.50
TUR-SL	2024-09-01	Buyuksehyr	Antalyaspor	1.97	2.04	1.87	4.68	1.85	2.00	1.80	4.33
TUR-SL	2024-09-01	Eyupspor	Trabzonspor	1.97	1.99	2.64	2.95	1.95	1.90	2.50	2.80
TUR-SL	2024-09-01	Hatayspor	Samsunspor	2.32	1.80	4.00	2.20	2.10	1.70	3.90	2.00
TUR-SL	2024-09-14	Bodrumspor	Buyuksehyr	2.48	1.70	3.02	2.83	2.15	1.67	2.63	2.70
TUR-SL	2024-09-14	Galatasaray	Rizespor	1.45	3.15	1.36	9.12	1.44	2.70	1.33	7.00
TUR-SL	2024-09-14	Samsunspor	Konyaspor	2.32	1.75	1.92	4.80	2.15	1.67	1.80	4.50
TUR-SL	2024-09-14	Sivasspor	Gaziantep	2.21	1.86	2.16	3.81	2.03	1.83	2.05	3.70
TUR-SL	2024-09-15	Alanyaspor	Hatayspor	2.21	1.97	1.85	5.05	2.10	1.70	1.73	4.75
TUR-SL	2024-09-15	Kasimpasa	Fenerbahce	1.60	2.75	6.50	1.50	1.53	2.40	5.50	1.50
TUR-SL	2024-09-15	Kayserispor	Eyupspor	2.06	2.02	2.63	2.83	1.93	1.93	2.50	2.70
TUR-SL	2024-09-15	Trabzonspor	Besiktas	1.97	2.04	2.88	2.54	1.90	1.95	2.80	2.45
TUR-SL	2024-09-16	Antalyaspor	Ad. Demirspor	1.66	2.36	1.83	4.40	1.62	2.25	1.80	3.90
TUR-SL	2024-09-17	Galatasaray	Gaziantep	1.43	3.10	1.24	14.00	1.40	2.88	1.22	9.50
TUR-SL	2024-09-18	Samsunspor	Buyuksehyr	2.55	1.68	2.21	4.33	2.40	1.53	2.10	3.75
TUR-SL	2024-09-19	Trabzonspor	Kayserispor	1.80	2.29	1.64	6.41	1.65	2.20	1.60	5.50
TUR-SL	2024-09-20	Hatayspor	Bodrumspor	2.64	1.58	2.42	3.89	2.50	1.50	2.15	3.50
TUR-SL	2024-09-21	Fenerbahce	Galatasaray	1.77	2.26	2.29	3.53	1.73	2.08	2.20	3.25
TUR-SL	2024-09-21	Konyaspor	Sivasspor	2.32	1.77	1.97	4.75	2.10	1.70	1.85	4.33
TUR-SL	2024-09-22	Ad. Demirspor	Alanyaspor	1.75	2.26	3.23	2.27	1.67	2.15	3.10	2.20
TUR-SL	2024-09-22	Besiktas	Eyupspor	1.59	2.75	1.49	7.13	1.48	2.60	1.40	6.25
TUR-SL	2024-09-22	Kasimpasa	Antalyaspor	1.66	2.42	1.92	4.39	1.57	2.35	1.80	4.10
TUR-SL	2024-09-22	Rizespor	Samsunspor	2.26	1.85	2.94	2.79	2.05	1.75	2.70	2.63
TUR-SL	2024-09-23	Gaziantep	Trabzonspor	1.85	2.17	3.39	2.34	1.73	2.08	3.00	2.25
TUR-SL	2024-09-23	Goztep	Kayserispor	1.83	2.17	1.84	4.75	1.73	2.08	1.75	4.50
TUR-SL	2024-09-27	Sivasspor	Buyuksehyr	2.32	1.76	2.98	2.64	2.10	1.70	2.80	2.50
TUR-SL	2024-09-28	Alanyaspor	Rizespor	2.06	1.92	2.21	3.82	1.98	1.88	2.20	3.30
TUR-SL	2024-09-28	Galatasaray	Kasimpasa	1.33	3.71	1.32	9.20	1.29	3.60	1.30	7.00
TUR-SL	2024-09-28	Samsunspor	Goztep	2.31	1.67	2.06	4.33	2.25	1.62	1.95	4.00
TUR-SL	2024-09-29	Antalyaspor	Fenerbahce	1.73	2.33	7.02	1.49	1.67	2.15	6.25	1.45
TUR-SL	2024-09-29	Bodrumspor	Ad. Demirspor	2.06	1.99	1.83	4.75	1.90	1.95	1.75	4.50
TUR-SL	2024-09-29	Eyupspor	Gaziantep	1.91	2.04	1.78	5.20	1.85	2.00	1.70	4.75
TUR-SL	2024-09-29	Trabzonspor	Konyaspor	2.12	1.85	1.90	4.73	2.03	1.83	1.83	4.33
TUR-SL	2024-09-30	Kayserispor	Besiktas	1.55	2.66	5.36	1.67	1.48	2.60	4.75	1.62
TUR-SL	2024-10-04	Rizespor	Antalyaspor	1.81	2.16	1.94	4.40	1.73	2.08	1.85	3.90
TUR-SL	2024-10-05	Buyuksehyr	Kayserispor	1.77	2.31	1.74	4.90	1.67	2.15	1.70	4.50
TUR-SL	2024-10-05	Goztep	Sivasspor	2.12	1.87	1.75	5.40	2.03	1.83	1.70	5.00
TUR-SL	2024-10-05	Hatayspor	Trabzonspor	2.06	1.91	3.41	2.40	1.98	1.88	3.20	2.25
TUR-SL	2024-10-05	Kasimpasa	Bodrumspor	2.01	1.93	1.85	4.90	1.98	1.88	1.80	4.50
TUR-SL	2024-10-06	Ad. Demirspor	Samsunspor	1.80	2.21	5.09	1.74	1.67	2.15	5.00	1.65
TUR-SL	2024-10-06	Galatasaray	Alanyaspor	1.43	3.07	1.31	9.87	1.40	2.88	1.29	8.00
TUR-SL	2024-10-06	Gaziantep	Besiktas	1.81	2.20	4.43	1.84	1.73	2.08	4.20	1.75
TUR-SL	2024-10-06	Konyaspor	Eyupspor	2.13	1.83	2.49	3.18	2.05	1.80	2.40	3.00
TUR-SL	2024-10-19	Antalyaspor	Galatasaray	1.58	2.55	6.63	1.55	1.53	2.40	5.50	1.50
TUR-SL	2024-10-19	Eyupspor	Goztep	1.96	1.98	2.07	3.90	1.93	1.93	2.00	3.50
TUR-SL	2024-10-19	Kayserispor	Gaziantep	1.84	2.09	2.45	3.15	1.75	2.05	2.25	3.00
TUR-SL	2024-10-19	Trabzonspor	Buyuksehyr	1.89	2.07	2.22	3.76	1.80	2.00	2.10	3.50
TUR-SL	2024-10-20	Alanyaspor	Kasimpasa	2.11	1.95	2.60	2.94	2.03	1.83	2.50	2.88
TUR-SL	2024-10-20	Besiktas	Konyaspor	1.89	2.07	1.50	7.60	1.83	2.03	1.45	6.00
TUR-SL	2024-10-20	Samsunspor	Fenerbahce	2.10	1.89	4.41	1.95	2.00	1.85	4.10	1.85
TUR-SL	2024-10-20	Sivasspor	Hatayspor	2.21	1.79	2.41	3.45	2.05	1.75	2.20	3.20
TUR-SL	2024-10-21	Bodrumspor	Rizespor	2.35	1.67	2.48	3.25	2.25	1.62	2.40	3.20
TUR-SL	2024-10-25	Ad. Demirspor	Sivasspor	1.81	2.17	2.80	2.57	1.70	2.10	2.75	2.45
TUR-SL	2024-10-26	Goztep	Trabzonspor	1.82	2.14	2.58	2.95	1.75	2.05	2.45	2.75
TUR-SL	2024-10-26	Hatayspor	Kayserispor	1.92	2.03	2.29	3.49	1.85	2.00	2.10	3.25
TUR-SL	2024-10-26	Kasimpasa	Samsunspor	1.97	1.99	2.16	3.87	1.90	1.95	2.05	3.50
TUR-SL	2024-10-27	Alanyaspor	Antalyaspor	2.06	1.94	2.04	4.33	1.98	1.88	1.95	3.75
TUR-SL	2024-10-27	Fenerbahce	Bodrumspor	1.85	2.17	1.31	12.52	1.75	2.05	1.29	9.00
TUR-SL	2024-10-27	Gaziantep	Konyaspor	2.21	1.81	2.67	2.94	2.05	1.75	2.45	2.70
TUR-SL	2024-10-28	Buyuksehyr	Eyupspor	1.97	2.00	2.22	3.65	1.93	1.93	2.10	3.40
TUR-SL	2024-10-28	Galatasaray	Besiktas	1.38	3.32	1.74	4.58	1.36	3.10	1.67	4.33
TUR-SL	2024-11-01	Gaziantep	Goztep	1.96	2.00	2.50	3.11	1.88	1.98	2.35	2.88
TUR-SL	2024-11-02	Besiktas	Kasimpasa	1.52	2.65	1.63	5.60	1.50	2.50	1.60	5.00
TUR-SL	2024-11-02	Kayserispor	Ad. Demirspor	1.64	2.64	1.62	6.31	1.53	2.40	1.45	6.00
TUR-SL	2024-11-02	Sivasspor	Rizespor	2.06	1.91	2.77	2.99	2.03	1.83	2.63	2.70
TUR-SL	2024-11-03	Bodrumspor	Alanyaspor	2.41	1.64	2.53	3.27	2.30	1.60	2.45	3.10
TUR-SL	2024-11-03	Eyupspor	Hatayspor	1.85	2.16	1.73	5.49	1.75	2.05	1.67	4.75
TUR-SL	2024-11-03	Konyaspor	Buyuksehyr	2.40	1.66	2.61	3.12	2.30	1.60	2.40	3.00
TUR-SL	2024-11-03	Trabzonspor	Fenerbahce	1.79	2.16	4.59	1.93	1.75	2.05	4.20	1.85
TUR-SL	2024-11-04	Samsunspor	Antalyaspor	1.97	1.97	1.62	6.95	1.93	1.93	1.53	6.50
TUR-SL	2024-11-08	Kasimpasa	Kayserispor	1.83	2.14	1.85	4.82	1.75	2.05	1.75	4.50
TUR-SL	2024-11-09	Ad. Demirspor	Eyupspor	2.04	2.19	3.99	2.09	1.98	1.88	3.75	2.00
TUR-SL	2024-11-09	Antalyaspor	Bodrumspor	2.43	1.66	2.45	3.54	2.35	1.57	2.30	3.30
TUR-SL	2024-11-09	Hatayspor	Gaziantep	2.02	1.95	2.40	3.25	1.93	1.93	2.25	3.00
TUR-SL	2024-11-09	Rizespor	Trabzonspor	1.89	2.10	2.55	2.92	1.75	2.05	2.35	2.90
TUR-SL	2024-11-10	Buyuksehyr	Besiktas	1.97	2.03	3.50	2.21	1.88	1.98	3.40	2.15
TUR-SL	2024-11-10	Fenerbahce	Sivasspor	1.41	3.22	1.18	17.00	1.36	3.10	1.17	12.00
TUR-SL	2024-11-10	Galatasaray	Samsunspor	1.50	2.85	1.43	7.50	1.44	2.70	1.40	6.50
TUR-SL	2024-11-10	Goztep	Konyaspor	2.07	1.91	2.02	4.20	2.00	1.85	1.95	3.80
TUR-SL	2024-11-23	Bodrumspor	Galatasaray	1.62	2.51	8.46	1.39	1.53	2.40	7.50	1.38
TUR-SL	2024-11-23	Eyupspor	Rizespor	2.05	2.09	2.39	3.73	2.00	1.85	2.35	3.10
TUR-SL	2024-11-23	Gaziantep	Buyuksehyr	2.06	1.95	2.58	2.98	1.93	1.93	2.45	2.80
TUR-SL	2024-11-23	Kayserispor	Fenerbahce	1.68	2.47	7.05	1.51	1.67	2.15	6.25	1.50
TUR-SL	2024-11-24	Besiktas	Goztep	1.92	2.14	1.69	5.58	1.88	1.98	1.62	5.25
TUR-SL	2024-11-24	Konyaspor	Hatayspor	2.21	1.82	1.90	4.70	2.05	1.75	1.85	4.10
TUR-SL	2024-11-24	Samsunspor	Alanyaspor	2.17	1.84	1.97	4.48	2.05	1.75	1.90	4.20
TUR-SL	2024-11-24	Sivasspor	Kasimpasa	2.10	2.02	3.16	2.44	2.05	1.80	3.10	2.30
TUR-SL	2024-11-25	Trabzonspor	Ad. Demirspor	1.55	2.62	1.56	6.86	1.53	2.40	1.50	5.50
TUR-SL	2024-11-29	Antalyaspor	Sivasspor	1.90	2.02	2.12	3.76	1.85	2.00	2.05	3.40
TUR-SL	2024-11-30	Ad. Demirspor	Konyaspor	1.97	2.03	3.79	2.17	1.93	1.93	3.60	2.05
TUR-SL	2024-11-30	Alanyaspor	Trabzonspor	1.94	2.12	2.31	3.35	1.80	2.00	2.20	3.10
TUR-SL	2024-11-30	Buyuksehyr	Goztep	2.22	1.76	2.40	3.47	2.10	1.70	2.25	3.30
TUR-SL	2024-11-30	Samsunspor	Bodrumspor	2.16	1.96	1.63	6.37	1.93	1.93	1.55	6.00
TUR-SL	2024-12-01	Galatasaray	Eyupspor	1.34	4.00	1.23	15.00	1.25	3.60	1.20	9.50
TUR-SL	2024-12-01	Rizespor	Kayserispor	1.80	2.21	1.74	5.11	1.70	2.10	1.70	4.75
TUR-SL	2024-12-02	Fenerbahce	Gaziantep	1.35	3.72	1.21	16.70	1.29	3.60	1.17	11.00
TUR-SL	2024-12-02	Hatayspor	Besiktas	1.68	2.38	3.78	2.10	1.62	2.25	3.40	2.00
TUR-SL	2024-12-06	Trabzonspor	Kasimpasa	1.70	2.31	2.04	4.18	1.67	2.15	1.85	4.10
TUR-SL	2024-12-07	Besiktas	Fenerbahce	1.62	2.58	4.20	1.95	1.57	2.35	3.50	1.85
TUR-SL	2024-12-07	Goztep	Ad. Demirspor	1.57	2.64	1.28	11.50	1.50	2.50	1.25	10.00
TUR-SL	2024-12-07	Konyaspor	Antalyaspor	2.07	1.91	2.07	4.60	2.03	1.83	2.00	3.70
TUR-SL	2024-12-08	Buyuksehyr	Hatayspor	1.99	1.97	1.76	5.65	1.98	1.88	1.60	4.75
TUR-SL	2024-12-08	Eyupspor	Samsunspor	1.93	2.04	2.97	2.69	1.85	2.00	2.63	2.55
TUR-SL	2024-12-08	Kayserispor	Alanyaspor	1.88	2.10	2.61	2.89	1.80	2.00	2.50	2.75
TUR-SL	2024-12-08	Sivasspor	Galatasaray	1.38	3.41	10.00	1.34	1.33	3.40	8.00	1.25
TUR-SL	2024-12-09	Gaziantep	Rizespor	1.87	2.12	3.08	2.64	1.75	2.05	2.80	2.30
TUR-SL	2024-12-13	Bodrumspor	Sivasspor	2.06	1.89	2.37	3.70	2.00	1.85	2.25	3.20
TUR-SL	2024-12-13	Kasimpasa	Eyupspor	1.92	2.17	2.66	3.05	1.73	2.08	2.50	2.63
TUR-SL	2024-12-14	Alanyaspor	Gaziantep	1.75	2.39	1.90	5.16	1.57	2.35	1.70	4.50
TUR-SL	2024-12-14	Rizespor	Konyaspor	2.07	1.89	1.98	4.45	2.00	1.85	1.95	4.20
TUR-SL	2024-12-15	Antalyaspor	Kayserispor	1.89	2.10	2.18	3.90	1.85	2.00	2.05	3.40
TUR-SL	2024-12-15	Fenerbahce	Buyuksehyr	1.68	2.35	1.49	7.50	1.62	2.25	1.48	5.50
TUR-SL	2024-12-15	Hatayspor	Goztep	2.07	1.94	3.07	2.48	2.03	1.83	2.88	2.38
TUR-SL	2024-12-16	Ad. Demirspor	Besiktas	1.56	2.78	6.20	1.54	1.48	2.60	5.25	1.53
TUR-SL	2024-12-16	Galatasaray	Trabzonspor	1.33	3.70	1.43	7.50	1.30	3.50	1.36	7.00
TUR-SL	2024-12-20	Eyupspor	Fenerbahce	1.61	2.70	5.98	1.59	1.57	2.35	5.25	1.55
TUR-SL	2024-12-21	Besiktas	Alanyaspor	1.76	2.30	1.80	4.73	1.70	2.10	1.73	4.50
TUR-SL	2024-12-21	Sivasspor	Samsunspor	1.97	2.00	3.51	2.23	1.88	1.98	3.40	2.10
TUR-SL	2024-12-22	Gaziantep	Antalyaspor	1.85	2.12	2.20	3.91	1.73	2.08	1.95	3.75
TUR-SL	2024-12-22	Goztep	Rizespor	2.12	1.89	2.35	3.58	2.05	1.80	2.20	3.30
TUR-SL	2024-12-22	Kayserispor	Galatasaray	1.36	3.41	7.93	1.38	1.33	3.40	7.50	1.36
TUR-SL	2024-12-22	Trabzonspor	Bodrumspor	1.83	2.29	1.75	5.10	1.75	2.05	1.73	4.75
TUR-SL	2024-12-23	Buyuksehyr	Kasimpasa	1.87	2.13	2.40	3.42	1.80	2.00	2.20	2.90
TUR-SL	2024-12-23	Hatayspor	Ad. Demirspor	1.64	2.69	1.57	7.00	1.53	2.40	1.40	5.50
TUR-SL	2025-01-03	Alanyaspor	Konyaspor	2.09	1.97	2.22	3.72	1.93	1.93	2.05	3.30
TUR-SL	2025-01-03	Rizespor	Besiktas	1.82	2.31	2.70	2.75	1.67	2.15	2.38	2.55
TUR-SL	2025-01-04	Ad. Demirspor	Buyuksehyr	1.72	2.31	5.33	1.68	1.62	2.25	4.50	1.60
TUR-SL	2025-01-04	Antalyaspor	Eyupspor	1.97	1.97	2.98	2.55	1.95	1.90	2.75	2.35
TUR-SL	2025-01-04	Galatasaray	Goztep	1.40	3.42	1.31	10.12	1.40	2.88	1.29	7.50
TUR-SL	2025-01-04	Samsunspor	Trabzonspor	1.80	2.23	2.42	3.21	1.73	2.08	2.25	2.88
TUR-SL	2025-01-05	Bodrumspor	Kayserispor	2.09	1.88	2.12	3.94	2.03	1.83	2.00	3.70
TUR-SL	2025-01-05	Fenerbahce	Hatayspor	1.36	3.44	1.15	23.00	1.33	3.40	1.13	17.00
TUR-SL	2025-01-05	Kasimpasa	Gaziantep	1.61	2.51	1.75	5.46	1.57	2.35	1.62	4.75
TUR-SL	2025-01-11	Besiktas	Bodrumspor	1.75	2.20	1.57	6.32	1.70	2.10	1.50	5.00
TUR-SL	2025-01-11	Hatayspor	Rizespor	1.95	1.98	3.94	2.01	1.93	1.93	3.50	1.90
TUR-SL	2025-01-11	Kayserispor	Samsunspor	1.88	2.03	3.58	2.20	1.88	1.98	3.30	2.00
TUR-SL	2025-01-12	Buyuksehyr	Galatasaray	1.46	3.00	5.20	1.62	1.44	2.70	4.50	1.60
TUR-SL	2025-01-12	Gaziantep	Ad. Demirspor	1.64	2.78	1.53	6.17	1.44	2.70	1.48	5.00
TUR-SL	2025-01-12	Sivasspor	Alanyaspor	2.19	1.83	3.00	2.60	2.10	1.70	2.75	2.45
TUR-SL	2025-01-12	Trabzonspor	Antalyaspor	1.53	2.71	1.51	6.41	1.48	2.60	1.44	5.75
TUR-SL	2025-01-13	Goztep	Kasimpasa	1.86	2.10	2.05	3.95	1.83	2.03	1.95	3.40
TUR-SL	2025-01-13	Konyaspor	Fenerbahce	1.68	2.51	8.50	1.48	1.57	2.35	7.00	1.36
TUR-SL	2025-01-17	Hatayspor	Galatasaray	1.42	3.07	10.09	1.32	1.40	2.88	7.50	1.30
TUR-SL	2025-01-18	Besiktas	Samsunspor	1.68	2.33	1.86	4.43	1.62	2.25	1.73	4.10
TUR-SL	2025-01-18	Buyuksehyr	Rizespor	2.10	1.87	2.33	3.48	2.05	1.75	2.15	3.20
TUR-SL	2025-01-18	Gaziantep	Bodrumspor	2.01	1.95	2.44	3.40	1.90	1.95	2.25	3.10
TUR-SL	2025-01-19	Ad. Demirspor	Fenerbahce	1.33	3.66	19.36	1.22	1.30	3.50	12.00	1.20
TUR-SL	2025-01-19	Eyupspor	Alanyaspor	2.15	1.88	2.17	4.04	2.00	1.85	2.05	3.60
TUR-SL	2025-01-19	Goztep	Antalyaspor	1.77	2.23	1.67	5.80	1.70	2.10	1.60	5.25
TUR-SL	2025-01-19	Konyaspor	Kasimpasa	1.88	2.03	2.12	3.89	1.85	2.00	1.95	3.80
TUR-SL	2025-01-20	Trabzonspor	Sivasspor	1.54	2.61	1.60	6.50	1.50	2.50	1.53	5.00
TUR-SL	2025-01-24	Samsunspor	Gaziantep	1.84	2.17	1.71	5.50	1.73	2.08	1.70	4.50
TUR-SL	2025-01-25	Alanyaspor	Buyuksehyr	2.32	1.71	3.11	2.70	2.25	1.62	3.00	2.55
TUR-SL	2025-01-25	Galatasaray	Konyaspor	1.36	3.42	1.24	13.00	1.33	3.40	1.22	9.00
TUR-SL	2025-01-25	Sivasspor	Kayserispor	2.03	1.98	2.23	3.56	1.95	1.90	2.15	3.30
TUR-SL	2025-01-26	Antalyaspor	Besiktas	1.69	2.32	4.27	1.90	1.65	2.20	4.10	1.83
TUR-SL	2025-01-26	Bodrumspor	Eyupspor	2.21	1.79	2.59	3.10	2.05	1.75	2.50	2.90
TUR-SL	2025-01-26	Fenerbahce	Goztep	1.76	2.29	1.65	5.80	1.67	2.15	1.62	5.25
TUR-SL	2025-01-26	Rizespor	Ad. Demirspor	1.52	2.66	1.34	9.61	1.48	2.60	1.30	9.50
TUR-SL	2025-01-27	Kasimpasa	Hatayspor	1.64	2.44	1.81	4.85	1.57	2.35	1.75	4.00
TUR-SL	2025-01-31	Eyupspor	Sivasspor	1.79	2.21	1.85	4.55	1.70	2.10	1.80	3.90
TUR-SL	2025-01-31	Konyaspor	Bodrumspor	2.29	1.73	2.04	4.50	2.15	1.67	1.90	3.80
TUR-SL	2025-02-01	Buyuksehyr	Samsunspor	2.29	1.75	2.20	3.80	2.15	1.67	2.10	3.30
TUR-SL	2025-02-01	Hatayspor	Antalyaspor	1.85	2.10	3.09	3.01	1.75	2.05	2.80	2.35
TUR-SL	2025-02-01	Kayserispor	Trabzonspor	1.68	2.35	3.56	2.17	1.62	2.25	3.25	2.05
TUR-SL	2025-02-02	Ad. Demirspor	Kasimpasa	1.53	2.77	4.70	1.95	1.50	2.50	3.60	1.85
TUR-SL	2025-02-02	Fenerbahce	Rizespor	1.57	2.63	1.36	9.85	1.50	2.50	1.33	9.00
TUR-SL	2025-02-02	Goztep	Alanyaspor	1.87	2.05	1.58	6.49	1.83	2.03	1.50	5.50
TUR-SL	2025-02-03	Gaziantep	Galatasaray	1.42	3.00	7.23	1.50	1.40	2.88	6.50	1.42
TUR-SL	2025-02-07	Samsunspor	Hatayspor	1.70	2.33	1.51	6.80	1.67	2.15	1.48	6.00
TUR-SL	2025-02-08	Kayserispor	Konyaspor	2.08	1.90	2.50	3.14	1.98	1.88	2.40	2.88
TUR-SL	2025-02-08	Sivasspor	Besiktas	1.95	2.11	4.10	2.09	1.83	2.03	3.70	1.95
TUR-SL	2025-02-09	Alanyaspor	Fenerbahce	1.55	2.72	5.80	1.67	1.50	2.50	4.75	1.53
TUR-SL	2025-02-09	Antalyaspor	Buyuksehyr	2.13	1.83	3.43	2.24	2.05	1.75	3.10	2.10
TUR-SL	2025-02-09	Galatasaray	Ad. Demirspor	1.18	5.97	1.08	31.00	1.18	4.50	1.08	21.00
TUR-SL	2025-02-09	Kasimpasa	Rizespor	1.66	2.50	2.36	3.25	1.57	2.35	2.10	2.90
TUR-SL	2025-02-10	Bodrumspor	Goztep	2.61	1.62	3.50	2.45	2.50	1.50	3.25	2.35
TUR-SL	2025-02-10	Trabzonspor	Eyupspor	1.71	2.35	2.04	4.15	1.65	2.20	1.85	3.90
TUR-SL	2025-02-14	Ad. Demirspor	Antalyaspor	1.70	2.38	6.02	1.75	1.67	2.15	5.00	1.65
TUR-SL	2025-02-15	Besiktas	Trabzonspor	1.58	2.51	1.94	4.11	1.53	2.40	1.85	3.80
TUR-SL	2025-02-15	Buyuksehyr	Bodrumspor	2.36	1.66	1.92	5.05	2.30	1.60	1.83	4.75
TUR-SL	2025-02-15	Gaziantep	Sivasspor	1.82	2.20	2.10	4.00	1.73	2.08	1.90	3.75
TUR-SL	2025-02-16	Eyupspor	Kayserispor	1.94	2.04	1.84	5.58	1.88	1.98	1.65	5.25
TUR-SL	2025-02-16	Fenerbahce	Kasimpasa	1.37	3.30	1.40	8.00	1.36	3.10	1.40	6.50
TUR-SL	2025-02-16	Hatayspor	Alanyaspor	1.80	2.23	3.37	2.29	1.70	2.10	3.10	2.20
TUR-SL	2025-02-16	Konyaspor	Samsunspor	2.35	1.71	2.65	3.08	2.25	1.62	2.50	2.88
TUR-SL	2025-02-17	Rizespor	Galatasaray	1.52	2.95	4.80	1.81	1.50	2.50	3.80	1.80
TUR-SL	2025-02-21	Bodrumspor	Hatayspor	2.09	1.86	1.64	6.25	2.03	1.83	1.60	5.75
TUR-SL	2025-02-21	Eyupspor	Besiktas	2.00	1.98	3.25	2.38	1.95	1.90	3.00	2.30
TUR-SL	2025-02-22	Antalyaspor	Kasimpasa	1.85	2.16	2.60	3.00	1.83	2.03	2.50	2.75
TUR-SL	2025-02-22	Samsunspor	Rizespor	2.21	1.75	2.37	3.53	2.15	1.67	2.25	3.25
TUR-SL	2025-02-22	Sivasspor	Konyaspor	2.19	1.81	2.86	2.82	2.08	1.73	2.75	2.70
TUR-SL	2025-02-23	Alanyaspor	Ad. Demirspor	1.50	2.78	1.38	8.50	1.48	2.60	1.36	7.00
TUR-SL	2025-02-23	Kayserispor	Goztep	2.12	1.83	3.15	2.44	2.05	1.75	3.00	2.30
TUR-SL	2025-02-23	Trabzonspor	Gaziantep	1.72	2.35	1.63	5.74	1.70	2.10	1.60	5.00
TUR-SL	2025-02-24	Galatasaray	Fenerbahce	1.74	2.40	2.39	3.16	1.62	2.25	2.25	3.10
TUR-SL	2025-03-01	Ad. Demirspor	Bodrumspor	1.94	2.08	5.80	1.65	1.88	1.98	5.00	1.62
TUR-SL	2025-03-01	Besiktas	Kayserispor	1.58	2.51	1.58	5.98	1.57	2.35	1.50	5.50
TUR-SL	2025-03-02	Fenerbahce	Antalyaspor	1.48	2.85	1.24	14.00	1.41	2.70	1.19	9.00
TUR-SL	2025-03-02	Kasimpasa	Galatasaray	1.50	2.95	5.27	1.69	1.48	2.60	4.75	1.62
TUR-SL	2025-03-02	Rizespor	Alanyaspor	1.74	2.22	1.88	4.60	1.67	2.15	1.80	4.33
TUR-SL	2025-03-03	Buyuksehyr	Sivasspor	1.94	2.05	1.60	7.40	1.88	1.98	1.42	7.00
TUR-SL	2025-03-03	Gaziantep	Eyupspor	2.08	1.88	2.58	3.17	2.05	1.80	2.45	2.88
TUR-SL	2025-03-03	Goztep	Samsunspor	2.28	1.73	1.88	5.20	2.20	1.65	1.77	5.00
TUR-SL	2025-03-03	Konyaspor	Trabzonspor	1.78	2.25	3.08	2.47	1.70	2.10	2.80	2.35
TUR-SL	2025-03-07	Bodrumspor	Kasimpasa	2.03	1.90	2.55	3.16	1.94	1.79	2.45	2.80
TUR-SL	2025-03-08	Antalyaspor	Rizespor	1.99	1.92	2.88	2.69	1.98	1.88	2.80	2.60
TUR-SL	2025-03-08	Kayserispor	Buyuksehyr	2.14	1.88	3.24	2.58	2.03	1.83	3.00	2.35
TUR-SL	2025-03-08	Trabzonspor	Hatayspor	1.50	2.74	1.40	8.50	1.44	2.70	1.38	7.00
TUR-SL	2025-03-09	Alanyaspor	Galatasaray	1.60	2.56	5.67	1.62	1.53	2.40	5.25	1.57
TUR-SL	2025-03-09	Eyupspor	Konyaspor	2.04	1.92	2.22	3.56	1.98	1.88	2.10	3.50
TUR-SL	2025-03-09	Samsunspor	Ad. Demirspor	1.42	3.05	1.20	17.90	1.37	2.87	1.13	13.00
TUR-SL	2025-03-09	Sivasspor	Goztep	2.22	1.73	3.64	2.25	2.15	1.67	3.40	2.15
TUR-SL	2025-03-10	Besiktas	Gaziantep	1.67	2.39	1.42	8.00	1.54	2.35	1.40	7.00
TUR-SL	2025-03-14	Galatasaray	Antalyaspor	1.43	3.10	1.24	13.00	1.40	2.88	1.22	9.50
TUR-SL	2025-03-15	Buyuksehyr	Trabzonspor	2.04	1.94	2.46	3.64	1.98	1.88	2.35	3.20
TUR-SL	2025-03-15	Gaziantep	Kayserispor	1.81	2.10	2.41	3.54	1.75	2.05	2.25	3.25
TUR-SL	2025-03-15	Kasimpasa	Alanyaspor	1.94	2.05	1.92	4.50	1.90	1.95	1.85	4.10
TUR-SL	2025-03-15	Konyaspor	Besiktas	2.02	1.92	3.71	2.16	1.98	1.88	3.25	2.05
TUR-SL	2025-03-16	Fenerbahce	Samsunspor	1.80	2.19	1.46	8.38	1.70	2.10	1.40	7.00
TUR-SL	2025-03-16	Goztep	Eyupspor	2.04	1.97	1.76	5.10	1.93	1.93	1.73	4.50
TUR-SL	2025-03-16	Hatayspor	Sivasspor	1.95	2.02	3.44	2.42	1.85	2.00	3.10	2.20
TUR-SL	2025-03-16	Rizespor	Bodrumspor	2.19	1.82	2.06	4.58	2.10	1.70	1.91	4.33
TUR-SL	2025-03-28	Antalyaspor	Alanyaspor	2.11	1.89	2.51	3.13	2.05	1.75	2.38	2.80
TUR-SL	2025-03-28	Bodrumspor	Fenerbahce	1.73	2.25	8.66	1.48	1.67	2.15	6.00	1.40
TUR-SL	2025-03-28	Kayserispor	Hatayspor	1.60	2.60	1.50	6.53	1.57	2.35	1.44	6.00
TUR-SL	2025-03-28	Konyaspor	Gaziantep	1.99	1.95	2.30	3.56	1.93	1.93	2.10	3.25
TUR-SL	2025-03-29	Besiktas	Galatasaray	1.63	2.47	3.40	2.26	1.60	2.30	3.10	2.15
TUR-SL	2025-03-29	Samsunspor	Kasimpasa	1.94	2.01	2.08	3.90	1.85	1.95	2.00	3.50
TUR-SL	2025-03-29	Sivasspor	Ad. Demirspor	1.42	2.92	1.28	12.68	1.40	2.88	1.25	8.50
TUR-SL	2025-03-29	Trabzonspor	Goztep	2.00	1.95	2.22	3.70	1.95	1.85	2.15	3.25
TUR-SL	2025-03-31	Eyupspor	Buyuksehyr	2.25	1.73	2.88	2.73	2.15	1.67	2.75	2.60
TUR-SL	2025-04-04	Ad. Demirspor	Kayserispor	1.50	2.95	8.00	1.42	1.50	2.50	7.00	1.40
TUR-SL	2025-04-05	Antalyaspor	Samsunspor	2.29	1.74	2.84	2.85	2.15	1.67	2.70	2.70
TUR-SL	2025-04-05	Buyuksehyr	Konyaspor	2.05	1.88	1.83	4.80	2.03	1.83	1.80	4.50
TUR-SL	2025-04-05	Rizespor	Sivasspor	1.74	2.21	2.00	3.90	1.70	2.10	1.90	3.60
TUR-SL	2025-04-06	Alanyaspor	Bodrumspor	2.58	1.63	2.52	3.33	2.35	1.57	2.45	3.10
TUR-SL	2025-04-06	Fenerbahce	Trabzonspor	1.64	2.55	1.48	7.25	1.60	2.30	1.48	5.50
TUR-SL	2025-04-06	Hatayspor	Eyupspor	1.53	2.63	4.23	1.83	1.50	2.50	4.00	1.80
TUR-SL	2025-04-07	Goztep	Gaziantep	1.78	2.25	1.58	6.23	1.70	2.10	1.50	6.00
TUR-SL	2025-04-07	Kasimpasa	Besiktas	1.67	2.50	3.80	2.04	1.57	2.35	3.50	1.95
TUR-SL	2025-04-11	Samsunspor	Galatasaray	1.67	2.48	5.62	1.65	1.62	2.25	5.25	1.57
TUR-SL	2025-04-12	Besiktas	Buyuksehyr	1.78	2.13	1.88	4.45	1.73	2.08	1.80	4.20
TUR-SL	2025-04-12	Bodrumspor	Antalyaspor	2.29	1.70	1.92	4.76	2.15	1.67	1.85	4.20
TUR-SL	2025-04-12	Konyaspor	Goztep	2.19	1.78	2.75	2.88	2.10	1.70	2.60	2.70
TUR-SL	2025-04-13	Gaziantep	Hatayspor	1.45	2.96	1.66	5.10	1.40	2.88	1.58	4.33
TUR-SL	2025-04-13	Kayserispor	Kasimpasa	1.65	2.42	2.28	3.25	1.60	2.30	2.20	3.00
TUR-SL	2025-04-13	Sivasspor	Fenerbahce	1.60	2.55	6.50	1.51	1.57	2.35	6.00	1.50
TUR-SL	2025-04-13	Trabzonspor	Rizespor	1.83	2.12	1.97	4.33	1.80	2.00	1.90	4.00
TUR-SL	2025-04-14	Eyupspor	Ad. Demirspor	1.32	3.50	1.23	15.40	1.30	3.50	1.18	11.00
TUR-SL	2025-04-18	Galatasaray	Bodrumspor	1.69	2.45	1.26	13.16	1.65	2.20	1.25	12.00
TUR-SL	2025-04-18	Hatayspor	Konyaspor	1.55	2.60	4.60	1.80	1.53	2.40	4.00	1.70
TUR-SL	2025-04-19	Ad. Demirspor	Trabzonspor	1.33	3.58	12.62	1.22	1.30	3.50	8.50	1.20
TUR-SL	2025-04-19	Goztep	Besiktas	1.94	2.02	2.98	2.63	1.90	1.95	2.88	2.38
TUR-SL	2025-04-19	Kasimpasa	Sivasspor	1.63	2.60	1.96	4.01	1.60	2.30	1.83	3.60
TUR-SL	2025-04-20	Buyuksehyr	Gaziantep	1.67	2.36	1.70	5.88	1.62	2.25	1.60	4.50
TUR-SL	2025-04-20	Fenerbahce	Kayserispor	1.35	3.50	1.16	22.33	1.30	3.50	1.13	17.00
TUR-SL	2025-04-20	Rizespor	Eyupspor	2.00	1.96	2.25	3.68	2.00	1.85	2.05	3.40
TUR-SL	2025-04-21	Alanyaspor	Samsunspor	2.19	1.79	2.52	3.13	2.08	1.73	2.30	2.80
TUR-SL	2025-04-25	Besiktas	Hatayspor	1.28	4.12	1.23	12.50	1.25	4.00	1.22	11.00
TUR-SL	2025-04-26	Bodrumspor	Samsunspor	2.63	1.54	2.58	3.43	2.50	1.50	2.45	3.10
TUR-SL	2025-04-26	Gaziantep	Fenerbahce	1.49	2.98	6.85	1.48	1.48	2.60	6.50	1.45
TUR-SL	2025-04-26	Sivasspor	Antalyaspor	1.95	2.05	2.02	4.01	1.85	2.00	1.95	3.70
TUR-SL	2025-04-27	Eyupspor	Galatasaray	1.57	2.55	7.50	1.49	1.57	2.35	6.50	1.48
TUR-SL	2025-04-27	Kayserispor	Rizespor	1.86	2.06	2.28	3.46	1.80	2.00	2.15	3.25
TUR-SL	2025-04-27	Konyaspor	Ad. Demirspor	1.39	3.15	1.22	15.00	1.36	3.10	1.20	9.50
TUR-SL	2025-04-27	Trabzonspor	Alanyaspor	1.74	2.33	1.76	5.74	1.65	2.20	1.62	5.00
TUR-SL	2025-04-28	Goztep	Buyuksehyr	2.19	1.82	2.38	3.30	2.05	1.75	2.25	3.10
TUR-SL	2025-05-02	Antalyaspor	Konyaspor	2.19	1.80	2.74	2.96	2.05	1.75	2.60	2.70
TUR-SL	2025-05-03	Alanyaspor	Kayserispor	2.04	1.90	2.31	3.37	1.98	1.88	2.20	3.10
TUR-SL	2025-05-03	Galatasaray	Sivasspor	1.28	4.35	1.14	19.42	1.22	4.20	1.14	13.00
TUR-SL	2025-05-03	Hatayspor	Buyuksehyr	1.45	3.06	6.10	1.52	1.40	2.88	5.25	1.50
TUR-SL	2025-05-03	Rizespor	Gaziantep	1.65	2.45	1.74	4.78	1.53	2.40	1.62	4.75
TUR-SL	2025-05-04	Ad. Demirspor	Goztep	1.39	3.40	12.50	1.25	1.33	3.40	9.50	1.22
TUR-SL	2025-05-04	Fenerbahce	Besiktas	1.50	2.85	1.52	6.14	1.44	2.70	1.48	5.75
TUR-SL	2025-05-04	Samsunspor	Eyupspor	2.04	1.95	2.21	3.55	1.93	1.93	2.15	3.20
TUR-SL	2025-05-05	Kasimpasa	Trabzonspor	1.42	3.06	2.32	2.96	1.40	2.88	2.20	2.80
TUR-SL	2025-05-09	Buyuksehyr	Fenerbahce	1.58	2.56	4.59	1.80	1.53	2.40	4.20	1.70
TUR-SL	2025-05-09	Gaziantep	Alanyaspor	1.78	2.19	2.81	2.75	1.70	2.10	2.63	2.50
TUR-SL	2025-05-10	Eyupspor	Kasimpasa	1.65	2.48	3.11	2.30	1.54	2.35	2.90	2.15
TUR-SL	2025-05-10	Konyaspor	Rizespor	1.95	2.02	2.69	2.90	1.83	1.98	2.50	2.70
TUR-SL	2025-05-10	Trabzonspor	Galatasaray	1.51	2.90	5.62	1.58	1.48	2.60	4.50	1.50
TUR-SL	2025-05-11	Besiktas	Ad. Demirspor	1.15	5.70	1.08	34.35	1.14	5.50	1.06	23.00
TUR-SL	2025-05-11	Goztep	Hatayspor	1.32	3.80	1.25	12.51	1.29	3.60	1.22	7.50
TUR-SL	2025-05-11	Sivasspor	Bodrumspor	2.29	1.78	2.26	3.61	2.15	1.67	2.20	3.50
TUR-SL	2025-05-12	Kayserispor	Antalyaspor	1.88	2.03	1.98	4.15	1.80	2.00	1.90	3.70
TUR-SL	2025-05-17	Ad. Demirspor	Hatayspor	1.31	3.61	2.83	2.23	1.29	3.60	2.63	2.20
TUR-SL	2025-05-18	Alanyaspor	Besiktas	1.78	2.10	3.43	2.26	1.73	2.08	3.10	2.15
TUR-SL	2025-05-18	Antalyaspor	Gaziantep	2.04	2.10	2.55	3.34	1.88	1.93	2.55	2.90
TUR-SL	2025-05-18	Bodrumspor	Trabzonspor	2.08	1.93	1.89	4.65	1.90	1.90	1.73	4.50
TUR-SL	2025-05-18	Fenerbahce	Eyupspor	1.34	3.40	1.33	9.20	1.33	3.40	1.33	8.00
TUR-SL	2025-05-18	Galatasaray	Kayserispor	1.27	4.04	1.18	16.00	1.25	4.00	1.14	13.00
TUR-SL	2025-05-18	Kasimpasa	Buyuksehyr	1.49	2.77	2.62	3.20	1.48	2.60	2.45	2.60
TUR-SL	2025-05-18	Rizespor	Goztep	1.86	2.06	2.19	3.67	1.80	2.00	2.00	3.40
TUR-SL	2025-05-18	Samsunspor	Sivasspor	1.86	2.15	1.77	4.96	1.80	2.00	1.70	4.75
TUR-SL	2025-05-24	Eyupspor	Antalyaspor	1.72	2.25	1.97	4.09	1.67	2.15	1.90	3.70
TUR-SL	2025-05-24	Gaziantep	Kasimpasa	1.46	2.78	2.85	2.45	1.44	2.70	2.70	2.30
TUR-SL	2025-05-24	Goztep	Galatasaray	1.45	2.90	2.75	2.34	1.40	2.88	2.55	2.25
TUR-SL	2025-05-25	Besiktas	Rizespor	1.41	3.10	1.43	7.21	1.36	3.10	1.38	6.25
TUR-SL	2025-05-25	Buyuksehyr	Ad. Demirspor	1.21	5.90	1.12	41.00	1.18	4.50	1.07	21.00
TUR-SL	2025-05-25	Kayserispor	Bodrumspor	1.86	2.06	3.46	2.24	1.75	2.05	3.20	2.10
TUR-SL	2025-05-25	Konyaspor	Alanyaspor	2.08	1.91	2.81	2.73	1.98	1.83	2.55	2.50
TUR-SL	2025-05-25	Trabzonspor	Samsunspor	1.86	2.07	2.76	2.91	1.75	2.05	2.63	2.40
TUR-SL	2025-05-26	Hatayspor	Fenerbahce	1.18	5.17	13.50	1.20	1.17	5.00	10.00	1.18
TUR-SL	2025-05-30	Antalyaspor	Trabzonspor	1.84	2.40	3.09	2.41	1.75	2.05	2.88	2.40
TUR-SL	2025-05-30	Galatasaray	Buyuksehyr	1.32	3.70	1.52	6.20	1.30	3.50	1.44	5.25
TUR-SL	2025-05-30	Kasimpasa	Goztep	1.50	2.88	2.72	2.60	1.48	2.60	2.70	2.38
TUR-SL	2025-05-31	Ad. Demirspor	Gaziantep	1.25	4.12	6.52	1.45	1.25	4.00	6.00	1.40
TUR-SL	2025-05-31	Alanyaspor	Sivasspor	1.45	2.88	1.88	3.87	1.44	2.70	1.80	3.70
TUR-SL	2025-05-31	Fenerbahce	Konyaspor	1.34	3.55	1.30	11.00	1.33	3.40	1.25	10.00
TUR-SL	2025-05-31	Rizespor	Hatayspor	1.17	5.39	1.27	10.84	1.17	5.00	1.22	9.00
TUR-SL	2025-06-01	Bodrumspor	Besiktas	1.77	2.55	5.00	1.72	1.53	2.40	4.50	1.67
TUR-SL	2025-06-01	Samsunspor	Kayserispor	1.49	2.95	1.30	11.00	1.44	2.70	1.27	11.00
TUR-SL	2025-08-08	Gaziantep	Galatasaray	1.55	2.45	7.40	1.44	1.53	2.40	6.25	1.40
TUR-SL	2025-08-09	Antalyaspor	Kasimpasa	1.98	1.98	2.63	2.76	1.98	1.83	2.50	2.60
TUR-SL	2025-08-09	Samsunspor	Genclerbirligi	1.95	2.00	1.75	5.00	1.95	1.85	1.67	3.90
TUR-SL	2025-08-10	Eyupspor	Konyaspor	2.15	1.76	2.42	3.00	2.15	1.67	2.38	2.80
TUR-SL	2025-08-10	Rizespor	Goztep	1.80	2.00	2.05	3.66	1.80	2.00	2.00	3.20
TUR-SL	2025-08-11	Trabzonspor	Kocaelispor	1.71	2.15	1.55	6.00	1.70	2.10	1.48	5.00
TUR-SL	2025-08-15	Galatasaray	Karagumruk	1.33	3.40	1.14	19.00	1.33	3.40	1.13	19.00
TUR-SL	2025-08-16	Alanyaspor	Rizespor	1.83	2.00	2.48	2.90	1.83	1.98	2.38	2.80
TUR-SL	2025-08-16	Goztep	Fenerbahce	2.05	1.82	4.10	1.95	2.05	1.75	4.10	1.90
TUR-SL	2025-08-16	Kocaelispor	Samsunspor	2.10	1.75	2.55	2.80	2.08	1.73	2.55	2.70
TUR-SL	2025-08-17	Besiktas	Eyupspor	1.55	2.45	1.52	6.00	1.53	2.40	1.48	5.25
TUR-SL	2025-08-17	Buyuksehyr	Kayserispor	1.83	2.00	1.83	4.70	1.80	2.00	1.80	4.10
TUR-SL	2025-08-17	Genclerbirligi	Antalyaspor	2.20	1.73	2.57	2.88	2.15	1.67	2.55	2.80
TUR-SL	2025-08-17	Konyaspor	Gaziantep	1.85	1.95	1.91	4.10	1.85	1.95	1.90	4.00
TUR-SL	2025-08-18	Kasimpasa	Trabzonspor	1.77	2.16	3.00	2.30	1.75	2.05	3.00	2.25
TUR-SL	2025-08-22	Karagumruk	Goztep	2.08	1.80	5.00	1.93	2.08	1.73	4.10	1.75
TUR-SL	2025-08-23	Fenerbahce	Kocaelispor	1.53	2.50	1.30	10.00	1.50	2.50	1.27	8.00
TUR-SL	2025-08-23	Gaziantep	Genclerbirligi	2.05	1.80	2.26	3.60	2.05	1.75	2.20	3.00
TUR-SL	2025-08-24	Kayserispor	Galatasaray	1.44	2.88	7.00	1.44	1.40	2.88	5.50	1.38
TUR-SL	2025-08-24	Trabzonspor	Antalyaspor	1.90	1.97	1.57	6.50	1.90	1.90	1.42	6.50
TUR-SL	2025-08-25	Eyupspor	Alanyaspor	1.93	1.90	2.05	4.00	1.90	1.90	1.91	4.00
TUR-SL	2025-08-29	Goztep	Konyaspor	1.96	1.85	1.85	4.75	1.95	1.85	1.68	4.75
TUR-SL	2025-08-30	Antalyaspor	Karagumruk	2.15	1.84	1.85	5.33	2.15	1.63	1.68	5.00
TUR-SL	2025-08-30	Galatasaray	Rizespor	1.30	3.75	1.18	14.50	1.27	3.50	1.17	12.00
TUR-SL	2025-08-30	Kasimpasa	Gaziantep	1.90	2.10	2.20	3.20	1.90	1.90	2.15	3.00
TUR-SL	2025-08-30	Kocaelispor	Kayserispor	1.91	1.93	2.05	3.80	1.88	1.93	1.91	3.80
TUR-SL	2025-08-31	Alanyaspor	Besiktas	1.83	2.04	3.75	2.05	1.83	1.98	3.70	1.88
TUR-SL	2025-08-31	Buyuksehyr	Eyupspor	1.84	2.00	2.10	3.50	1.80	2.00	1.91	3.50
TUR-SL	2025-08-31	Genclerbirligi	Fenerbahce	1.75	2.10	6.66	1.50	1.75	2.05	6.25	1.46
TUR-SL	2025-08-31	Trabzonspor	Samsunspor	2.00	1.85	1.80	4.75	2.00	1.80	1.65	4.75
TUR-SL	2025-09-13	Besiktas	Buyuksehyr	1.62	2.30	1.71	5.00	1.62	2.25	1.68	4.50
TUR-SL	2025-09-13	Eyupspor	Galatasaray	1.45	2.80	9.50	1.35	1.44	2.70	9.50	1.27
TUR-SL	2025-09-13	Karagumruk	Kasimpasa	2.20	1.90	3.25	2.40	2.15	1.67	3.10	2.25
TUR-SL	2025-09-13	Konyaspor	Alanyaspor	2.02	1.83	2.05	4.00	1.98	1.83	1.96	3.60
TUR-SL	2025-09-13	Samsunspor	Antalyaspor	2.14	1.70	1.70	5.75	2.10	1.70	1.61	5.75
TUR-SL	2025-09-14	Fenerbahce	Trabzonspor	1.70	2.23	1.48	8.00	1.70	2.10	1.37	7.00
TUR-SL	2025-09-14	Gaziantep	Kocaelispor	1.90	1.90	2.38	3.20	1.90	1.90	2.30	3.20
TUR-SL	2025-09-14	Kayserispor	Goztep	1.80	2.00	3.75	2.10	1.80	2.00	3.50	2.01
TUR-SL	2025-09-15	Rizespor	Genclerbirligi	1.80	2.05	1.63	6.00	1.80	2.00	1.53	6.00
TUR-SL	2025-09-17	Fenerbahce	Alanyaspor	1.62	2.43	1.26	12.00	1.60	2.30	1.22	11.00
TUR-SL	2025-09-17	Karagumruk	Buyuksehyr	2.00	1.83	3.80	2.00	1.98	1.83	3.50	1.96
TUR-SL	2025-09-17	Samsunspor	Kasimpasa	1.94	1.90	1.92	4.50	1.90	1.90	1.71	4.50
TUR-SL	2025-09-19	Goztep	Besiktas	1.77	2.05	2.52	3.00	1.75	2.05	2.25	2.75
TUR-SL	2025-09-20	Antalyaspor	Kayserispor	1.93	1.98	2.45	3.20	1.83	1.98	2.45	2.82
TUR-SL	2025-09-20	Genclerbirligi	Eyupspor	2.05	1.83	2.45	3.25	1.98	1.83	2.30	2.70
TUR-SL	2025-09-20	Trabzonspor	Gaziantep	1.77	2.10	1.75	4.75	1.73	2.08	1.68	4.50
TUR-SL	2025-09-21	Buyuksehyr	Alanyaspor	2.00	1.91	1.97	4.33	2.00	1.80	1.81	4.00
TUR-SL	2025-09-21	Kasimpasa	Fenerbahce	1.62	2.35	9.00	1.40	1.57	2.35	8.50	1.30
TUR-SL	2025-09-21	Kocaelispor	Rizespor	1.93	1.90	2.88	2.55	1.93	1.88	2.85	2.35
TUR-SL	2025-09-21	Samsunspor	Karagumruk	1.93	1.90	1.78	4.80	1.90	1.90	1.76	4.50
TUR-SL	2025-09-22	Galatasaray	Konyaspor	1.35	3.40	1.25	11.50	1.33	3.40	1.17	11.00
TUR-SL	2025-09-24	Kayserispor	Besiktas	1.62	2.30	5.75	1.58	1.62	2.25	5.75	1.51
TUR-SL	2025-09-26	Alanyaspor	Galatasaray	1.54	2.70	7.00	1.48	1.53	2.40	6.50	1.42
TUR-SL	2025-09-27	Eyupspor	Goztep	2.15	1.75	3.40	2.30	2.15	1.67	3.20	2.25
TUR-SL	2025-09-27	Gaziantep	Samsunspor	2.10	1.75	2.68	2.80	2.08	1.73	2.55	2.70
TUR-SL	2025-09-27	Karagumruk	Trabzonspor	1.85	2.02	3.40	2.12	1.85	1.95	3.40	2.01
TUR-SL	2025-09-28	Fenerbahce	Antalyaspor	1.54	2.50	1.25	13.00	1.53	2.40	1.22	11.00
TUR-SL	2025-09-28	Kayserispor	Genclerbirligi	1.85	1.95	2.23	3.30	1.85	1.95	2.10	3.25
TUR-SL	2025-09-28	Konyaspor	Buyuksehyr	1.95	1.90	2.23	3.40	1.90	1.90	2.10	3.40
TUR-SL	2025-09-28	Rizespor	Kasimpasa	2.00	1.92	2.06	3.75	2.00	1.80	1.96	3.70
TUR-SL	2025-09-29	Besiktas	Kocaelispor	1.53	2.50	1.40	8.00	1.50	2.50	1.35	7.00
TUR-SL	2025-10-03	Antalyaspor	Rizespor	2.16	1.78	2.75	2.71	2.15	1.67	2.57	2.57
TUR-SL	2025-10-03	Trabzonspor	Kayserispor	1.60	2.38	1.44	7.60	1.57	2.35	1.35	7.50
TUR-SL	2025-10-04	Galatasaray	Besiktas	1.47	2.75	1.73	4.60	1.44	2.70	1.68	4.33
TUR-SL	2025-10-04	Genclerbirligi	Alanyaspor	2.05	1.81	3.40	2.23	2.05	1.75	3.20	2.15
TUR-SL	2025-10-04	Kocaelispor	Eyupspor	2.03	1.85	2.20	3.50	2.03	1.78	2.10	3.30
TUR-SL	2025-10-05	Goztep	Buyuksehyr	2.05	1.88	1.96	4.33	1.93	1.88	1.76	4.20
TUR-SL	2025-10-05	Karagumruk	Gaziantep	1.90	1.96	3.15	2.50	1.90	1.90	3.10	2.30
TUR-SL	2025-10-05	Kasimpasa	Konyaspor	2.00	1.87	2.75	2.80	1.95	1.85	2.70	2.45
TUR-SL	2025-10-05	Samsunspor	Fenerbahce	1.80	2.05	4.65	1.78	1.80	2.00	4.20	1.71
TUR-SL	2025-10-18	Besiktas	Genclerbirligi	1.48	2.65	1.27	12.00	1.48	2.60	1.19	12.00
TUR-SL	2025-10-18	Buyuksehyr	Galatasaray	1.52	2.55	4.90	1.70	1.50	2.50	4.20	1.57
TUR-SL	2025-10-18	Konyaspor	Kocaelispor	1.98	1.88	1.91	4.50	1.93	1.88	1.71	4.20
TUR-SL	2025-10-18	Rizespor	Trabzonspor	1.98	1.92	3.10	2.30	1.98	1.83	3.05	2.20
TUR-SL	2025-10-19	Alanyaspor	Goztep	2.25	1.65	2.85	2.75	2.20	1.65	2.57	2.70
TUR-SL	2025-10-19	Fenerbahce	Karagumruk	1.50	2.65	1.25	11.00	1.50	2.50	1.19	11.00
TUR-SL	2025-10-19	Gaziantep	Antalyaspor	1.85	2.00	1.83	4.60	1.80	2.00	1.79	4.20
TUR-SL	2025-10-19	Kayserispor	Samsunspor	1.85	2.00	3.00	2.32	1.85	1.95	2.85	2.30
TUR-SL	2025-10-20	Eyupspor	Kasimpasa	2.10	1.73	2.50	2.98	2.10	1.70	2.50	2.75
TUR-SL	2025-10-22	Konyaspor	Besiktas	1.75	2.08	3.10	2.30	1.73	2.08	2.85	2.25
TUR-SL	2025-10-22	Rizespor	Buyuksehyr	1.88	1.98	2.42	2.90	1.88	1.93	2.30	2.85
TUR-SL	2025-10-24	Karagumruk	Kayserispor	1.74	2.10	2.20	3.25	1.73	2.08	2.10	3.05
TUR-SL	2025-10-25	Kocaelispor	Alanyaspor	2.10	1.70	2.37	3.20	2.10	1.70	2.30	3.20
TUR-SL	2025-10-25	Trabzonspor	Eyupspor	1.75	2.15	1.65	5.20	1.67	2.15	1.57	4.50
TUR-SL	2025-10-26	Antalyaspor	Buyuksehyr	2.00	1.88	4.50	1.97	2.00	1.80	4.33	1.76
TUR-SL	2025-10-26	Galatasaray	Goztep	1.57	2.38	1.40	8.25	1.57	2.35	1.37	6.50
TUR-SL	2025-10-26	Genclerbirligi	Konyaspor	2.10	1.81	3.10	2.40	2.10	1.70	2.85	2.40
TUR-SL	2025-10-26	Kasimpasa	Besiktas	1.67	2.20	5.00	1.70	1.65	2.20	4.75	1.62
TUR-SL	2025-10-27	Gaziantep	Fenerbahce	1.73	2.32	5.40	1.65	1.73	2.08	5.00	1.62
TUR-SL	2025-10-27	Samsunspor	Rizespor	1.92	2.00	1.95	4.60	1.80	2.00	1.81	4.10
TUR-SL	2025-10-31	Buyuksehyr	Kocaelispor	2.05	1.80	2.10	4.00	2.05	1.75	2.01	3.50
TUR-SL	2025-11-01	Galatasaray	Trabzonspor	1.44	2.75	1.46	7.00	1.44	2.70	1.35	7.00
TUR-SL	2025-11-01	Goztep	Genclerbirligi	2.00	1.87	1.53	7.80	1.95	1.85	1.45	7.00
TUR-SL	2025-11-02	Besiktas	Fenerbahce	1.70	2.20	3.30	2.20	1.70	2.10	3.20	2.10
TUR-SL	2025-11-02	Kayserispor	Kasimpasa	1.80	2.10	2.28	3.50	1.75	2.05	2.01	3.40
TUR-SL	2025-11-02	Konyaspor	Samsunspor	2.00	1.86	2.60	2.90	1.98	1.83	2.57	2.65
TUR-SL	2025-11-03	Alanyaspor	Gaziantep	1.85	2.10	1.86	4.20	1.70	2.10	1.76	4.00
TUR-SL	2025-11-03	Eyupspor	Antalyaspor	1.86	2.05	1.75	5.00	1.75	2.05	1.66	4.50
TUR-SL	2025-11-03	Rizespor	Karagumruk	1.73	2.14	1.73	4.90	1.73	2.08	1.68	4.50
TUR-SL	2025-11-07	Genclerbirligi	Buyuksehyr	1.96	1.88	3.30	2.22	1.93	1.88	3.05	2.15
TUR-SL	2025-11-08	Antalyaspor	Besiktas	1.71	2.25	4.75	1.70	1.65	2.20	4.33	1.66
TUR-SL	2025-11-08	Gaziantep	Rizespor	1.84	2.08	2.25	3.25	1.73	2.08	2.20	2.95
TUR-SL	2025-11-08	Kasimpasa	Goztep	2.16	1.73	3.60	2.18	2.08	1.73	3.60	2.10
TUR-SL	2025-11-08	Trabzonspor	Alanyaspor	1.70	2.10	1.70	5.50	1.70	2.10	1.62	4.50
TUR-SL	2025-11-09	Fenerbahce	Kayserispor	1.37	3.10	1.20	13.00	1.36	3.10	1.13	13.00
TUR-SL	2025-11-09	Karagumruk	Konyaspor	1.83	2.00	2.80	2.72	1.80	2.00	2.45	2.57
TUR-SL	2025-11-09	Kocaelispor	Galatasaray	1.67	2.25	7.00	1.46	1.67	2.15	6.50	1.42
TUR-SL	2025-11-09	Samsunspor	Eyupspor	1.83	2.00	1.80	5.30	1.80	2.00	1.62	4.50
TUR-SL	2025-11-22	Eyupspor	Karagumruk	1.90	2.10	2.10	3.65	1.85	1.95	1.96	3.60
TUR-SL	2025-11-22	Galatasaray	Genclerbirligi	1.57	2.65	1.20	15.00	1.57	2.35	1.17	13.00
TUR-SL	2025-11-22	Kayserispor	Gaziantep	1.65	2.25	2.63	2.82	1.62	2.25	2.30	2.82
TUR-SL	2025-11-23	Alanyaspor	Kasimpasa	1.90	1.93	1.91	4.20	1.90	1.90	1.86	3.90
TUR-SL	2025-11-23	Besiktas	Samsunspor	1.70	2.20	2.00	3.80	1.70	2.10	1.91	3.75
TUR-SL	2025-11-23	Goztep	Kocaelispor	2.35	1.65	2.05	4.50	2.35	1.57	2.01	4.00
TUR-SL	2025-11-23	Rizespor	Fenerbahce	1.68	2.20	5.80	1.60	1.65	2.20	5.25	1.57
TUR-SL	2025-11-24	Buyuksehyr	Trabzonspor	1.83	2.00	2.50	2.95	1.80	2.00	2.25	2.95
TUR-SL	2025-11-24	Konyaspor	Antalyaspor	1.82	2.05	1.73	5.00	1.75	2.05	1.62	5.00
TUR-SL	2025-11-28	Kocaelispor	Genclerbirligi	2.10	1.75	1.81	5.90	2.05	1.75	1.62	5.00
TUR-SL	2025-11-29	Gaziantep	Eyupspor	1.74	2.20	2.00	3.95	1.65	2.20	1.91	3.60
TUR-SL	2025-11-29	Kasimpasa	Buyuksehyr	1.83	2.00	3.25	2.28	1.80	2.00	2.95	2.20
TUR-SL	2025-11-29	Rizespor	Kayserispor	1.63	2.35	1.92	4.00	1.57	2.35	1.81	3.70
TUR-SL	2025-11-29	Trabzonspor	Konyaspor	1.65	2.25	1.60	6.33	1.62	2.25	1.51	5.50
TUR-SL	2025-11-30	Antalyaspor	Goztep	2.15	1.67	4.20	1.97	2.15	1.67	4.00	1.86
TUR-SL	2025-11-30	Karagumruk	Besiktas	1.63	2.30	4.70	1.70	1.60	2.30	4.50	1.62
TUR-SL	2025-12-01	Fenerbahce	Galatasaray	1.70	2.15	2.28	3.20	1.67	2.15	2.20	2.95
TUR-SL	2025-12-01	Samsunspor	Alanyaspor	1.90	1.90	1.83	4.80	1.90	1.90	1.71	4.75
TUR-SL	2025-12-05	Galatasaray	Samsunspor	1.54	2.55	1.48	6.50	1.50	2.50	1.42	6.50
TUR-SL	2025-12-06	Buyuksehyr	Fenerbahce	1.70	2.20	4.50	1.90	1.70	2.10	3.90	1.86
TUR-SL	2025-12-06	Eyupspor	Kayserispor	1.83	2.00	2.10	3.75	1.83	1.98	1.96	3.60
TUR-SL	2025-12-06	Konyaspor	Rizespor	1.93	1.90	2.90	2.70	1.93	1.88	2.85	2.35
TUR-SL	2025-12-07	Genclerbirligi	Karagumruk	1.95	1.85	2.16	3.60	1.95	1.85	2.01	3.60
TUR-SL	2025-12-07	Goztep	Trabzonspor	2.00	1.80	2.20	3.60	2.00	1.80	2.01	3.60
TUR-SL	2025-12-07	Kocaelispor	Kasimpasa	2.20	1.75	1.77	5.66	2.08	1.73	1.62	5.25
TUR-SL	2025-12-08	Alanyaspor	Antalyaspor	1.98	1.86	1.75	4.85	1.98	1.83	1.68	4.75
TUR-SL	2025-12-08	Besiktas	Gaziantep	1.48	2.70	1.42	8.75	1.44	2.70	1.33	7.00
TUR-SL	2025-12-12	Kasimpasa	Genclerbirligi	1.97	1.85	2.62	2.90	1.95	1.85	2.55	2.57
TUR-SL	2025-12-13	Antalyaspor	Galatasaray	1.53	2.60	8.00	1.40	1.50	2.50	7.00	1.33
TUR-SL	2025-12-13	Kayserispor	Alanyaspor	2.00	1.91	2.80	2.64	2.00	1.80	2.65	2.50
TUR-SL	2025-12-13	Rizespor	Eyupspor	1.75	2.05	1.90	4.20	1.75	2.05	1.71	4.20
TUR-SL	2025-12-14	Gaziantep	Goztep	2.00	1.83	3.40	2.25	2.00	1.80	3.40	2.10
TUR-SL	2025-12-14	Karagumruk	Kocaelispor	2.40	1.67	3.75	2.30	2.40	1.53	3.75	2.05
TUR-SL	2025-12-14	Samsunspor	Buyuksehyr	1.83	2.05	2.15	3.60	1.80	2.00	1.96	3.60
TUR-SL	2025-12-14	Trabzonspor	Besiktas	1.70	2.20	2.75	2.55	1.70	2.10	2.75	2.40
TUR-SL	2025-12-15	Fenerbahce	Konyaspor	1.53	2.63	1.25	13.50	1.53	2.40	1.19	10.00
TUR-SL	2025-12-19	Kocaelispor	Antalyaspor	2.30	1.62	1.74	5.80	2.30	1.60	1.62	5.50
TUR-SL	2025-12-20	Besiktas	Rizespor	1.57	2.45	1.87	4.40	1.53	2.40	1.81	3.75
TUR-SL	2025-12-20	Eyupspor	Fenerbahce	1.65	2.30	8.00	1.42	1.65	2.20	6.25	1.42
TUR-SL	2025-12-20	Konyaspor	Kayserispor	1.70	2.10	2.05	3.95	1.70	2.10	2.01	3.30
TUR-SL	2025-12-21	Alanyaspor	Karagumruk	2.05	1.82	1.78	4.85	2.05	1.75	1.71	4.75
TUR-SL	2025-12-21	Galatasaray	Kasimpasa	1.35	3.40	1.25	13.50	1.33	3.40	1.19	9.00
TUR-SL	2025-12-21	Goztep	Samsunspor	2.70	1.50	2.30	3.70	2.70	1.44	2.20	3.60
TUR-SL	2025-12-22	Buyuksehyr	Gaziantep	1.65	2.30	1.65	5.25	1.62	2.25	1.61	5.00
TUR-SL	2025-12-22	Genclerbirligi	Trabzonspor	1.90	1.93	3.25	2.28	1.88	1.93	3.05	2.25
TUR-SL	2026-01-17	Buyuksehyr	Karagumruk	1.65	2.25	1.53	6.66	1.62	2.25	1.45	6.25
TUR-SL	2026-01-17	Galatasaray	Gaziantep	1.38	3.20	1.22	13.00	1.36	3.10	1.15	13.00
TUR-SL	2026-01-18	Alanyaspor	Fenerbahce	1.95	1.91	6.00	1.60	1.95	1.85	5.25	1.51
TUR-SL	2026-01-18	Genclerbirligi	Samsunspor	2.25	1.66	2.34	3.30	2.25	1.62	2.25	3.30
TUR-SL	2026-01-18	Kasimpasa	Antalyaspor	2.15	1.76	2.15	3.75	2.15	1.67	2.05	3.70
TUR-SL	2026-01-18	Kocaelispor	Trabzonspor	2.05	1.80	2.55	2.88	2.05	1.75	2.40	2.75
TUR-SL	2026-01-19	Besiktas	Kayserispor	1.44	2.88	1.40	7.00	1.40	2.88	1.37	6.50
TUR-SL	2026-01-19	Goztep	Rizespor	2.35	1.62	2.12	4.00	2.35	1.57	2.01	4.00
TUR-SL	2026-01-19	Konyaspor	Eyupspor	1.75	2.14	1.44	8.00	1.75	2.05	1.37	7.00
TUR-SL	2026-01-23	Trabzonspor	Kasimpasa	1.62	2.38	1.60	6.00	1.57	2.35	1.56	5.00
TUR-SL	2026-01-24	Karagumruk	Galatasaray	1.44	2.80	12.00	1.28	1.44	2.70	9.00	1.24
TUR-SL	2026-01-24	Kayserispor	Buyuksehyr	1.80	2.05	3.33	2.15	1.80	2.00	3.25	2.10
TUR-SL	2026-01-24	Samsunspor	Kocaelispor	2.75	1.48	2.40	3.70	2.70	1.44	2.35	3.20
TUR-SL	2026-01-25	Antalyaspor	Genclerbirligi	2.18	1.70	2.80	2.70	2.15	1.67	2.70	2.50
TUR-SL	2026-01-25	Fenerbahce	Goztep	1.82	2.08	1.44	7.60	1.73	2.08	1.41	7.00
TUR-SL	2026-01-25	Gaziantep	Konyaspor	1.80	2.05	2.25	3.15	1.75	2.05	2.15	3.10
TUR-SL	2026-01-25	Rizespor	Alanyaspor	2.10	1.78	1.95	4.50	2.03	1.78	1.86	4.10
TUR-SL	2026-01-26	Eyupspor	Besiktas	1.48	3.10	10.50	1.29	1.36	3.10	9.00	1.25
TUR-SL	2026-01-30	Antalyaspor	Trabzonspor	1.90	1.94	4.25	1.94	1.88	1.93	4.10	1.81
TUR-SL	2026-01-30	Kasimpasa	Samsunspor	2.10	1.76	3.50	2.25	2.08	1.73	3.40	2.20
TUR-SL	2026-01-31	Alanyaspor	Eyupspor	1.83	2.00	1.58	6.25	1.80	2.00	1.56	5.75
TUR-SL	2026-01-31	Besiktas	Konyaspor	1.50	2.55	1.52	6.66	1.50	2.50	1.45	6.25
TUR-SL	2026-01-31	Buyuksehyr	Rizespor	1.65	2.35	1.77	4.55	1.57	2.35	1.76	4.00
TUR-SL	2026-01-31	Goztep	Karagumruk	2.00	1.85	1.55	7.60	1.95	1.85	1.46	6.25
TUR-SL	2026-02-01	Galatasaray	Kayserispor	1.36	3.40	1.26	13.00	1.33	3.40	1.17	13.00
TUR-SL	2026-02-01	Genclerbirligi	Gaziantep	1.88	2.00	2.22	3.25	1.80	2.00	2.15	3.25
TUR-SL	2026-02-02	Kocaelispor	Fenerbahce	2.00	1.85	5.33	1.70	1.95	1.85	5.25	1.62
TUR-SL	2026-02-07	Karagumruk	Antalyaspor	2.25	1.66	2.40	3.25	2.25	1.62	2.30	3.20
TUR-SL	2026-02-07	Samsunspor	Trabzonspor	2.00	1.90	2.48	3.20	1.95	1.85	2.25	3.10
TUR-SL	2026-02-08	Besiktas	Alanyaspor	1.65	2.30	1.57	5.75	1.65	2.20	1.51	5.50
TUR-SL	2026-02-08	Eyupspor	Buyuksehyr	1.70	2.30	5.25	1.65	1.65	2.20	5.25	1.61
TUR-SL	2026-02-08	Konyaspor	Goztep	2.20	1.73	2.65	3.00	2.15	1.67	2.35	3.00
TUR-SL	2026-02-08	Rizespor	Galatasaray	1.58	2.55	5.80	1.60	1.50	2.50	4.50	1.57
TUR-SL	2026-02-09	Fenerbahce	Genclerbirligi	1.55	2.55	1.28	13.00	1.53	2.40	1.22	11.00
TUR-SL	2026-02-09	Gaziantep	Kasimpasa	1.90	1.98	2.15	3.50	1.83	1.98	2.10	3.30
TUR-SL	2026-02-09	Kayserispor	Kocaelispor	2.25	1.72	3.40	2.32	2.25	1.62	3.40	2.15
TUR-SL	2026-02-13	Antalyaspor	Samsunspor	2.20	1.68	3.90	2.10	2.15	1.67	3.60	2.05
TUR-SL	2026-02-13	Galatasaray	Eyupspor	1.30	3.60	1.15	17.50	1.30	3.50	1.11	17.00
TUR-SL	2026-02-14	Alanyaspor	Konyaspor	2.00	1.83	2.30	3.30	1.98	1.83	2.15	3.10
TUR-SL	2026-02-14	Genclerbirligi	Rizespor	2.05	1.80	2.50	3.00	2.05	1.75	2.45	2.82
TUR-SL	2026-02-14	Trabzonspor	Fenerbahce	1.83	2.08	3.55	2.12	1.83	1.98	3.40	2.05
TUR-SL	2026-02-15	Buyuksehyr	Besiktas	1.70	2.20	2.70	2.55	1.70	2.10	2.65	2.40
TUR-SL	2026-02-15	Goztep	Kayserispor	2.20	1.76	1.73	5.30	2.15	1.67	1.66	5.25
TUR-SL	2026-02-15	Kocaelispor	Gaziantep	2.10	1.77	1.93	4.20	2.08	1.73	1.81	4.20
TUR-SL	2026-02-16	Kasimpasa	Karagumruk	2.10	1.82	2.15	3.70	2.10	1.70	2.05	3.40
TUR-SL	2026-02-20	Rizespor	Kocaelispor	2.10	1.73	2.32	3.25	2.08	1.73	2.20	3.25
TUR-SL	2026-02-21	Alanyaspor	Buyuksehyr	1.83	2.00	3.00	2.40	1.83	1.98	2.85	2.35
TUR-SL	2026-02-21	Eyupspor	Genclerbirligi	1.90	2.00	3.05	2.30	1.80	2.00	3.00	2.20
TUR-SL	2026-02-21	Konyaspor	Galatasaray	1.71	2.20	5.75	1.67	1.65	2.20	5.25	1.53
TUR-SL	2026-02-22	Besiktas	Goztep	1.83	2.00	1.66	5.50	1.80	2.00	1.57	5.50
TUR-SL	2026-02-22	Gaziantep	Trabzonspor	1.73	2.12	4.00	1.98	1.70	2.10	3.90	1.81
TUR-SL	2026-02-22	Karagumruk	Samsunspor	2.20	1.68	3.20	2.68	2.20	1.65	2.85	2.45
TUR-SL	2026-02-22	Kayserispor	Antalyaspor	2.10	1.81	2.00	4.00	2.00	1.80	1.91	4.00
TUR-SL	2026-02-23	Fenerbahce	Kasimpasa	1.62	2.38	1.33	10.00	1.57	2.35	1.25	10.00
TUR-SL	2026-02-27	Buyuksehyr	Konyaspor	1.88	2.00	1.75	5.00	1.88	1.93	1.66	5.00
TUR-SL	2026-02-27	Trabzonspor	Karagumruk	1.70	2.20	1.50	7.50	1.70	2.10	1.45	6.00
TUR-SL	2026-02-28	Galatasaray	Alanyaspor	1.50	2.70	1.33	9.00	1.44	2.70	1.27	7.00
TUR-SL	2026-02-28	Goztep	Eyupspor	1.95	1.90	1.53	8.25	1.90	1.90	1.42	7.00
TUR-SL	2026-02-28	Kasimpasa	Rizespor	1.90	1.91	3.00	2.55	1.90	1.90	2.75	2.40
TUR-SL	2026-02-28	Kocaelispor	Besiktas	2.40	1.85	3.66	2.16	2.40	1.53	3.60	2.05
TUR-SL	2026-03-01	Antalyaspor	Fenerbahce	1.85	2.00	6.25	1.53	1.85	1.95	6.25	1.49
TUR-SL	2026-03-01	Genclerbirligi	Kayserispor	1.98	1.98	2.40	3.00	1.83	1.98	2.35	2.75
TUR-SL	2026-03-01	Samsunspor	Gaziantep	2.00	1.89	1.95	4.25	2.00	1.80	1.86	4.00
TUR-SL	2026-03-07	Besiktas	Galatasaray	1.70	2.45	2.55	2.66	1.70	2.10	2.35	2.65
TUR-SL	2026-03-07	Buyuksehyr	Goztep	2.00	1.85	1.91	4.30	2.00	1.80	1.86	4.20
TUR-SL	2026-03-08	Fenerbahce	Samsunspor	1.85	2.07	1.46	7.50	1.85	1.95	1.45	6.00
TUR-SL	2026-03-08	Gaziantep	Karagumruk	1.95	1.91	2.15	3.60	1.95	1.85	2.10	3.25
TUR-SL	2026-03-08	Konyaspor	Kasimpasa	2.10	1.77	1.90	4.75	2.10	1.70	1.81	4.75
TUR-SL	2026-03-08	Rizespor	Antalyaspor	1.83	2.00	1.60	6.25	1.80	2.00	1.51	5.75
TUR-SL	2026-03-09	Alanyaspor	Genclerbirligi	2.20	1.82	2.00	3.90	2.15	1.67	1.96	3.90
TUR-SL	2026-03-09	Eyupspor	Kocaelispor	2.35	1.65	3.75	2.15	2.30	1.60	3.60	2.05
TUR-SL	2026-03-09	Kayserispor	Trabzonspor	1.70	2.30	3.70	2.01	1.70	2.10	3.40	2.01
TUR-SL	2026-03-13	Antalyaspor	Gaziantep	2.00	1.85	2.45	3.10	1.98	1.83	2.20	3.10
TUR-SL	2026-03-13	Karagumruk	Fenerbahce	1.73	2.23	7.50	1.47	1.73	2.08	7.00	1.41
TUR-SL	2026-03-14	Galatasaray	Buyuksehyr	1.41	2.95	1.41	7.00	1.40	2.88	1.37	6.25
TUR-SL	2026-03-14	Goztep	Alanyaspor	2.25	1.64	2.20	3.70	2.25	1.62	2.10	3.50
TUR-SL	2026-03-14	Kocaelispor	Konyaspor	2.50	1.58	2.36	3.50	2.50	1.50	2.25	3.50
TUR-SL	2026-03-14	Trabzonspor	Rizespor	1.65	2.25	1.87	4.40	1.62	2.25	1.76	4.00
TUR-SL	2026-03-15	Genclerbirligi	Besiktas	1.70	2.12	5.40	1.64	1.70	2.10	5.25	1.56
TUR-SL	2026-03-15	Kasimpasa	Eyupspor	2.00	1.90	1.95	4.10	2.00	1.80	1.86	3.90
TUR-SL	2026-03-15	Samsunspor	Kayserispor	1.90	1.93	1.98	3.80	1.88	1.93	1.96	3.75
TUR-SL	2026-03-17	Fenerbahce	Gaziantep	1.48	2.88	1.31	9.50	1.44	2.70	1.24	7.00
TUR-SL	2026-03-18	Alanyaspor	Kocaelispor	2.25	1.70	2.07	4.20	2.20	1.65	1.91	4.00
TUR-SL	2026-03-18	Buyuksehyr	Antalyaspor	1.70	2.23	1.49	6.50	1.70	2.10	1.45	6.50
TUR-SL	2026-03-18	Eyupspor	Trabzonspor	1.73	2.10	5.50	1.60	1.70	2.10	5.50	1.53
TUR-SL	2026-03-19	Besiktas	Kasimpasa	1.57	2.45	1.36	9.00	1.57	2.35	1.30	8.50
TUR-SL	2026-03-19	Kayserispor	Karagumruk	2.00	1.90	2.15	3.65	1.90	1.90	2.05	3.30
TUR-SL	2026-03-19	Konyaspor	Genclerbirligi	2.05	1.84	1.76	4.80	2.05	1.75	1.71	4.75
TUR-SL	2026-04-04	Gaziantep	Alanyaspor	1.91	1.96	2.75	2.46	1.85	1.95	2.70	2.40
TUR-SL	2026-04-04	Genclerbirligi	Goztep	2.30	1.62	3.50	2.30	2.25	1.62	3.50	2.20
TUR-SL	2026-04-04	Kasimpasa	Kayserispor	2.00	1.91	2.23	3.33	2.00	1.80	2.10	3.30
TUR-SL	2026-04-04	Trabzonspor	Galatasaray	1.60	2.40	3.55	2.15	1.60	2.30	3.20	2.10
TUR-SL	2026-04-05	Antalyaspor	Eyupspor	2.25	1.73	2.10	4.20	2.15	1.67	2.01	4.20
TUR-SL	2026-04-05	Fenerbahce	Besiktas	1.73	2.20	1.92	3.95	1.70	2.10	1.79	3.70
TUR-SL	2026-04-05	Karagumruk	Rizespor	1.91	1.93	3.00	2.33	1.90	1.90	2.82	2.30
TUR-SL	2026-04-05	Samsunspor	Konyaspor	2.02	1.85	2.28	3.50	1.95	1.85	2.15	3.30
TUR-SL	2026-04-06	Kocaelispor	Buyuksehyr	2.00	1.83	3.30	2.32	1.98	1.83	3.30	2.10
TUR-SL	2026-04-08	Goztep	Galatasaray	1.91	1.95	4.50	1.81	1.90	1.90	4.50	1.76
TUR-SL	2026-04-09	Rizespor	Samsunspor	1.91	1.95	2.45	3.00	1.85	1.95	2.25	2.70
TUR-SL	2026-04-10	Besiktas	Antalyaspor	1.52	2.65	1.34	9.50	1.50	2.50	1.30	7.50
TUR-SL	2026-04-11	Alanyaspor	Trabzonspor	1.85	2.00	2.92	2.36	1.85	1.95	2.85	2.30
TUR-SL	2026-04-11	Buyuksehyr	Genclerbirligi	1.68	2.25	1.61	6.50	1.62	2.25	1.53	5.25
TUR-SL	2026-04-11	Kayserispor	Fenerbahce	1.62	2.30	6.50	1.51	1.60	2.30	5.75	1.45
TUR-SL	2026-04-12	Galatasaray	Kocaelispor	1.62	2.45	1.26	12.00	1.60	2.30	1.22	12.00
TUR-SL	2026-04-12	Goztep	Kasimpasa	2.40	1.66	1.91	4.50	2.40	1.53	1.86	4.33
TUR-SL	2026-04-12	Konyaspor	Karagumruk	2.05	1.80	1.83	5.00	2.05	1.75	1.79	4.33
TUR-SL	2026-04-13	Eyupspor	Samsunspor	2.05	1.83	4.33	1.90	2.05	1.75	4.33	1.81
TUR-SL	2026-04-13	Rizespor	Gaziantep	1.67	2.25	1.80	4.40	1.62	2.25	1.76	4.33
TUR-SL	2026-04-17	Antalyaspor	Konyaspor	2.02	1.91	2.90	2.65	1.95	1.85	2.55	2.65
TUR-SL	2026-04-17	Fenerbahce	Rizespor	1.48	2.80	1.35	9.00	1.44	2.70	1.30	8.00
TUR-SL	2026-04-18	Genclerbirligi	Galatasaray	1.62	2.40	7.50	1.41	1.57	2.35	7.50	1.37
TUR-SL	2026-04-18	Karagumruk	Eyupspor	2.10	1.78	1.95	5.50	2.10	1.70	1.66	5.25
TUR-SL	2026-04-18	Kocaelispor	Goztep	2.50	1.53	3.10	2.62	2.50	1.50	3.10	2.40
TUR-SL	2026-04-19	Kasimpasa	Alanyaspor	2.25	1.63	2.55	3.00	2.25	1.62	2.45	2.85
TUR-SL	2026-04-19	Samsunspor	Besiktas	1.64	2.40	3.45	2.16	1.60	2.30	2.82	2.05
TUR-SL	2026-04-19	Trabzonspor	Buyuksehyr	1.55	2.63	1.88	4.00	1.48	2.60	1.79	3.60
TUR-SL	2026-04-20	Gaziantep	Kayserispor	1.70	2.20	2.30	3.10	1.70	2.10	2.20	3.00
TUR-SL	2026-04-24	Buyuksehyr	Kasimpasa	1.81	2.10	1.73	4.75	1.73	2.08	1.66	4.75
TUR-SL	2026-04-25	Eyupspor	Gaziantep	1.81	2.15	2.66	2.63	1.67	2.15	2.55	2.50
TUR-SL	2026-04-25	Goztep	Antalyaspor	1.93	1.88	1.62	5.75	1.93	1.88	1.57	5.75
TUR-SL	2026-04-25	Kayserispor	Rizespor	1.80	2.12	2.30	3.00	1.80	2.00	2.30	2.82
TUR-SL	2026-04-26	Galatasaray	Fenerbahce	1.80	2.10	2.05	3.80	1.75	2.05	1.96	3.80
TUR-SL	2026-04-26	Genclerbirligi	Kocaelispor	2.25	1.62	2.62	2.88	2.25	1.62	2.50	2.75
TUR-SL	2026-04-27	Alanyaspor	Samsunspor	1.98	2.00	2.30	3.30	1.83	1.98	2.15	3.30
TUR-SL	2026-04-27	Besiktas	Karagumruk	1.53	2.50	1.40	8.50	1.53	2.40	1.37	6.50
TUR-SL	2026-04-27	Konyaspor	Trabzonspor	1.66	2.38	3.25	2.15	1.60	2.30	3.20	2.05
TUR-SL	2026-05-01	Gaziantep	Besiktas	1.67	2.38	3.00	2.28	1.67	2.15	3.00	2.20
TUR-SL	2026-05-01	Rizespor	Konyaspor	1.57	2.40	1.70	4.65	1.57	2.35	1.62	4.50
TUR-SL	2026-05-02	Fenerbahce	Buyuksehyr	1.55	2.63	1.73	4.70	1.53	2.40	1.68	4.10
TUR-SL	2026-05-02	Samsunspor	Galatasaray	1.58	2.40	4.80	1.70	1.57	2.35	4.33	1.62
TUR-SL	2026-05-02	Trabzonspor	Goztep	1.73	2.10	1.80	4.75	1.73	2.08	1.71	4.20
TUR-SL	2026-05-03	Antalyaspor	Alanyaspor	2.10	1.77	2.88	2.60	2.08	1.73	2.70	2.57
TUR-SL	2026-05-03	Karagumruk	Genclerbirligi	2.20	1.75	2.50	3.14	2.05	1.75	2.35	2.85
TUR-SL	2026-05-03	Kasimpasa	Kocaelispor	2.20	1.67	2.08	4.33	2.15	1.67	1.86	4.33
TUR-SL	2026-05-03	Kayserispor	Eyupspor	1.83	2.00	1.73	5.40	1.83	1.98	1.61	5.00
TUR-SL	2026-05-09	Alanyaspor	Kayserispor	1.80	2.00	2.62	2.70	1.80	2.00	2.50	2.50
TUR-SL	2026-05-09	Besiktas	Trabzonspor	1.38	3.40	1.73	4.20	1.33	3.40	1.68	3.80
TUR-SL	2026-05-09	Buyuksehyr	Samsunspor	1.60	2.40	1.80	4.30	1.57	2.35	1.76	4.00
TUR-SL	2026-05-09	Eyupspor	Rizespor	1.80	2.10	2.92	2.40	1.73	2.08	2.82	2.25
TUR-SL	2026-05-09	Galatasaray	Antalyaspor	1.30	3.60	1.13	21.00	1.29	3.60	1.08	19.00
TUR-SL	2026-05-09	Genclerbirligi	Kasimpasa	2.25	1.68	2.35	3.50	2.25	1.62	2.20	3.40
TUR-SL	2026-05-09	Goztep	Gaziantep	1.71	2.20	1.60	5.75	1.67	2.15	1.53	5.00
TUR-SL	2026-05-09	Kocaelispor	Karagumruk	2.10	1.78	2.12	3.66	2.03	1.78	2.05	3.50
TUR-SL	2026-05-09	Konyaspor	Fenerbahce	1.68	2.20	5.00	1.67	1.67	2.15	4.50	1.62
TUR-SL	2026-05-15	Rizespor	Besiktas	1.45	2.80	3.10	2.25	1.44	2.70	2.75	2.25
TUR-SL	2026-05-16	Gaziantep	Buyuksehyr	1.37	3.30	3.75	1.85	1.36	3.10	3.60	1.79
TUR-SL	2026-05-16	Karagumruk	Alanyaspor	1.89	2.00	3.20	2.35	1.80	2.00	3.20	2.15
TUR-SL	2026-05-16	Samsunspor	Goztep	1.73	2.15	3.25	2.24	1.67	2.15	3.10	2.15
TUR-SL	2026-05-17	Antalyaspor	Kocaelispor	1.95	1.91	1.80	5.30	1.93	1.88	1.71	4.20
TUR-SL	2026-05-17	Fenerbahce	Eyupspor	1.44	2.80	1.48	7.50	1.44	2.70	1.42	5.75
TUR-SL	2026-05-17	Kasimpasa	Galatasaray	1.62	2.35	3.25	2.22	1.60	2.30	3.00	2.15
TUR-SL	2026-05-17	Kayserispor	Konyaspor	1.60	2.40	1.85	4.20	1.57	2.35	1.71	4.10
TUR-SL	2026-05-17	Trabzonspor	Genclerbirligi	1.67	2.20	2.75	2.50	1.65	2.20	2.70	2.40
